"ServiceID","ToDate","FromDate","ID","AmtProdAudioBook","AmtLoanAudioBook","AmtPurchAuidoBook","AmtLoanEBook","AmtPurchEBook","AmtProdEBook","AmtSubscription","AmtSettleCatEBooks","AmtSettleUseAudioBook","AmtSettleUseEBooks","AmtSettleCatAudioBooks","OrderCampaignId","Author","Qty","Currency","TotalAmt","AmtPerPcs","IdentifyerCode","Product","TitleAndCode","Entity","invoiceSpecType","EBookAggregatedAmt","AudioBookAggregatedAmt","EBookUnitLicenseAmt","AudioBookUnitLicenseAmt","Format","AudioBookExtendedDistAmt","EBookExtendedDistAmt","Ebook20UsersAmt","Audio20UsersAmt","EbookLifelongAmt","AudioLifelongAmt","Ebook1YearAmt","Audio1YearAmt","AudioSchoolLoanAmt","EbookSchoolLoanAmt","EbookSchoolLoanQty","AudioSchoolLoanQty"
6993,"2025-06-30","2025-04-01","FS540917",".00","322.80","2607.30","306.60","7774.60",".00",".00",".00",".00",".00",".00"," ","Adamsson, Ulla","1","SEK","15.81","15.81","9789189539464","Häxeld","9789189539464 - Häxeld", Media 24 / Digibook S6993,"Leverantör","1250.88","2183.50",".00",".00","Ebook : Extended distribution","23154.81","4891.50",".00",".00",".00",".00",".00",".00",".00",".00","0","0"
6993,"2025-06-30","2025-04-01","FS540917",".00","322.80","2607.30","306.60","7774.60",".00",".00",".00",".00",".00",".00"," ","Ahunov, Pulatjan","1","SEK","47.70","47.70","9789189739307","Svensk-Uzbekisk ordbok","9789189739307 - Svensk-Uzbekisk ordbok", Media 24 / Digibook S6993,"Leverantör","1250.88","2183.50",".00",".00","Ebook : Agregated","23154.81","4891.50",".00",".00",".00",".00",".00",".00",".00",".00","0","0"
6993,"2025-06-30","2025-04-01","FS540917",".00","322.80","2607.30","306.60","7774.60",".00",".00",".00",".00",".00",".00"," ","Algvik, Karin","10","SEK","80.61","8.06","9789189857650","Emmy","9789189857650 - Emmy", Media 24 / Digibook S6993,"Leverantör","1250.88","2183.50",".00",".00","Audio Book : Extended distribution","23154.81","4891.50",".00",".00",".00",".00",".00",".00",".00",".00","0","0"
6993,"2025-06-30","2025-04-01","FS540917",".00","322.80","2607.30","306.60","7774.60",".00",".00",".00",".00",".00",".00"," ","Algvik, Karin","15","SEK","122.64","8.18","9789189857650","Emmy","9789189857650 - Emmy", Media 24 / Digibook S6993,"Leverantör","1250.88","2183.50",".00",".00","Audio Book : Extended distribution","23154.81","4891.50",".00",".00",".00",".00",".00",".00",".00",".00","0","0"
6993,"2025-06-30","2025-04-01","FS540917",".00","322.80","2607.30","306.60","7774.60",".00",".00",".00",".00",".00",".00"," ","Algvik, Karin","42","SEK","347.85","8.28","9789189857650","Emmy","9789189857650 - Emmy", Media 24 / Digibook S6993,"Leverantör","1250.88","2183.50",".00",".00","Audio Book : Extended distribution","23154.81","4891.50",".00",".00",".00",".00",".00",".00",".00",".00","0","0"
6993,"2025-06-30","2025-04-01","FS540917",".00","322.80","2607.30","306.60","7774.60",".00",".00",".00",".00",".00",".00"," ","Algvik, Karin","20","SEK","186.75","9.34","9789189857650","Emmy","9789189857650 - Emmy", Media 24 / Digibook S6993,"Leverantör","1250.88","2183.50",".00",".00","Audio Book : Extended distribution","23154.81","4891.50",".00",".00",".00",".00",".00",".00",".00",".00","0","0"
6993,"2025-06-30","2025-04-01","FS540917",".00","322.80","2607.30","306.60","7774.60",".00",".00",".00",".00",".00",".00"," ","Algvik, Karin","1","SEK","9.57","9.57","9789189857605","Emmy","9789189857605 - Emmy", Media 24 / Digibook S6993,"Leverantör","1250.88","2183.50",".00",".00","Ebook : Extended distribution","23154.81","4891.50",".00",".00",".00",".00",".00",".00",".00",".00","0","0"
6993,"2025-06-30","2025-04-01","FS540917",".00","322.80","2607.30","306.60","7774.60",".00",".00",".00",".00",".00",".00"," ","Algvik, Karin","1","SEK","9.71","9.71","9789189857605","Emmy","9789189857605 - Emmy", Media 24 / Digibook S6993,"Leverantör","1250.88","2183.50",".00",".00","Ebook : Extended distribution","23154.81","4891.50",".00",".00",".00",".00",".00",".00",".00",".00","0","0"
6993,"2025-06-30","2025-04-01","FS540917",".00","322.80","2607.30","306.60","7774.60",".00",".00",".00",".00",".00",".00"," ","Algvik, Karin","2","SEK","19.66","9.83","9789189857605","Emmy","9789189857605 - Emmy", Media 24 / Digibook S6993,"Leverantör","1250.88","2183.50",".00",".00","Ebook : Extended distribution","23154.81","4891.50",".00",".00",".00",".00",".00",".00",".00",".00","0","0"
6993,"2025-06-30","2025-04-01","FS540917",".00","322.80","2607.30","306.60","7774.60",".00",".00",".00",".00",".00",".00"," ","Algvik, Karin","1","SEK","10.29","10.29","9789189857605","Emmy","9789189857605 - Emmy", Media 24 / Digibook S6993,"Leverantör","1250.88","2183.50",".00",".00","Ebook : Extended distribution","23154.81","4891.50",".00",".00",".00",".00",".00",".00",".00",".00","0","0"
6993,"2025-06-30","2025-04-01","FS540917",".00","322.80","2607.30","306.60","7774.60",".00",".00",".00",".00",".00",".00"," ","Algvik, Karin","8","SEK","93.38","11.67","9789189857650","Emmy","9789189857650 - Emmy", Media 24 / Digibook S6993,"Leverantör","1250.88","2183.50",".00",".00","Audio Book : Extended distribution","23154.81","4891.50",".00",".00",".00",".00",".00",".00",".00",".00","0","0"
6993,"2025-06-30","2025-04-01","FS540917",".00","322.80","2607.30","306.60","7774.60",".00",".00",".00",".00",".00",".00"," ","Algvik, Karin","2","SEK","23.35","11.68","9789189857650","Emmy","9789189857650 - Emmy", Media 24 / Digibook S6993,"Leverantör","1250.88","2183.50",".00",".00","Audio Book : Extended distribution","23154.81","4891.50",".00",".00",".00",".00",".00",".00",".00",".00","0","0"
6993,"2025-06-30","2025-04-01","FS540917",".00","322.80","2607.30","306.60","7774.60",".00",".00",".00",".00",".00",".00"," ","Algvik, Karin","1","SEK","13.16","13.16","9789189857605","Emmy","9789189857605 - Emmy", Media 24 / Digibook S6993,"Leverantör","1250.88","2183.50",".00",".00","Ebook : Extended distribution","23154.81","4891.50",".00",".00",".00",".00",".00",".00",".00",".00","0","0"
6993,"2025-06-30","2025-04-01","FS540917",".00","322.80","2607.30","306.60","7774.60",".00",".00",".00",".00",".00",".00"," ","Algvik, Karin","2","SEK","36.00","18.00","9789189857650","Emmy","9789189857650 - Emmy", Media 24 / Digibook S6993,"Leverantör","1250.88","2183.50",".00",".00","Audio Book : Extended distribution","23154.81","4891.50",".00",".00",".00",".00",".00",".00",".00",".00","0","0"
6993,"2025-06-30","2025-04-01","FS540917",".00","322.80","2607.30","306.60","7774.60",".00",".00",".00",".00",".00",".00"," ","Algvik, Karin","2","SEK","77.40","38.70","9789189857605","Emmy","9789189857605 - Emmy", Media 24 / Digibook S6993,"Leverantör","1250.88","2183.50",".00",".00","Ebook : Buy","23154.81","4891.50",".00",".00",".00",".00",".00",".00",".00",".00","0","0"
6993,"2025-06-30","2025-04-01","FS540917",".00","322.80","2607.30","306.60","7774.60",".00",".00",".00",".00",".00",".00"," ","Andersen, Lexi","3","SEK","2.12",".71","9789189857124","Sommarflört del 2 - Njutning","9789189857124 - Sommarflört del 2 - Njutning", Media 24 / Digibook S6993,"Leverantör","1250.88","2183.50",".00",".00","Ebook : Extended distribution","23154.81","4891.50",".00",".00",".00",".00",".00",".00",".00",".00","0","0"
6993,"2025-06-30","2025-04-01","FS540917",".00","322.80","2607.30","306.60","7774.60",".00",".00",".00",".00",".00",".00"," ","Andersen, Lexi","3","SEK","3.28","1.09","9789189835276","Sommarflört del 1 - Midsommar","9789189835276 - Sommarflört del 1 - Midsommar", Media 24 / Digibook S6993,"Leverantör","1250.88","2183.50",".00",".00","Ebook : Extended distribution","23154.81","4891.50",".00",".00",".00",".00",".00",".00",".00",".00","0","0"
6993,"2025-06-30","2025-04-01","FS540917",".00","322.80","2607.30","306.60","7774.60",".00",".00",".00",".00",".00",".00"," ","Ankarberg, Doris","1","SEK","3.57","3.57","9789189539112","Healing - meditationer för djup avslappning","9789189539112 - Healing - meditationer för djup avslappning", Media 24 / Digibook S6993,"Leverantör","1250.88","2183.50",".00",".00","Audio Book : Extended distribution","23154.81","4891.50",".00",".00",".00",".00",".00",".00",".00",".00","0","0"
6993,"2025-06-30","2025-04-01","FS540917",".00","322.80","2607.30","306.60","7774.60",".00",".00",".00",".00",".00",".00"," ","Ankarberg, Doris","4","SEK","14.81","3.70","9789189539112","Healing - meditationer för djup avslappning","9789189539112 - Healing - meditationer för djup avslappning", Media 24 / Digibook S6993,"Leverantör","1250.88","2183.50",".00",".00","Audio Book : Extended distribution","23154.81","4891.50",".00",".00",".00",".00",".00",".00",".00",".00","0","0"
6993,"2025-06-30","2025-04-01","FS540917",".00","322.80","2607.30","306.60","7774.60",".00",".00",".00",".00",".00",".00"," ","Ankarberg, Doris","1","SEK","3.75","3.75","9789189539112","Healing - meditationer för djup avslappning","9789189539112 - Healing - meditationer för djup avslappning", Media 24 / Digibook S6993,"Leverantör","1250.88","2183.50",".00",".00","Audio Book : Extended distribution","23154.81","4891.50",".00",".00",".00",".00",".00",".00",".00",".00","0","0"
6993,"2025-06-30","2025-04-01","FS540917",".00","322.80","2607.30","306.60","7774.60",".00",".00",".00",".00",".00",".00"," ","Ankarberg, Doris","2","SEK","7.60","3.80","9789189539112","Healing - meditationer för djup avslappning","9789189539112 - Healing - meditationer för djup avslappning", Media 24 / Digibook S6993,"Leverantör","1250.88","2183.50",".00",".00","Audio Book : Extended distribution","23154.81","4891.50",".00",".00",".00",".00",".00",".00",".00",".00","0","0"
6993,"2025-06-30","2025-04-01","FS540917",".00","322.80","2607.30","306.60","7774.60",".00",".00",".00",".00",".00",".00"," ","Ankarberg, Doris","1","SEK","4.29","4.29","9789189539112","Healing - meditationer för djup avslappning","9789189539112 - Healing - meditationer för djup avslappning", Media 24 / Digibook S6993,"Leverantör","1250.88","2183.50",".00",".00","Audio Book : Extended distribution","23154.81","4891.50",".00",".00",".00",".00",".00",".00",".00",".00","0","0"
6993,"2025-06-30","2025-04-01","FS540917",".00","322.80","2607.30","306.60","7774.60",".00",".00",".00",".00",".00",".00"," ","Astronauter, Forntida","-1","SEK","-38.70","-38.70","9789189857049","Anunnaki - Gudarna Som Grundade Civilisationen","9789189857049 - Anunnaki - Gudarna Som Grundade Civilisationen", Media 24 / Digibook S6993,"Leverantör","1250.88","2183.50",".00",".00","Ebook : Buy","23154.81","4891.50",".00",".00",".00",".00",".00",".00",".00",".00","0","0"
6993,"2025-06-30","2025-04-01","FS540917",".00","322.80","2607.30","306.60","7774.60",".00",".00",".00",".00",".00",".00"," ","Astronauter, Forntida","3","SEK","1.23",".41","9789189857155","Jättarnas Bok - The Book of Giants","9789189857155 - Jättarnas Bok - The Book of Giants", Media 24 / Digibook S6993,"Leverantör","1250.88","2183.50",".00",".00","Audio Book : Extended distribution","23154.81","4891.50",".00",".00",".00",".00",".00",".00",".00",".00","0","0"
6993,"2025-06-30","2025-04-01","FS540917",".00","322.80","2607.30","306.60","7774.60",".00",".00",".00",".00",".00",".00"," ","Astronauter, Forntida","10","SEK","4.33",".43","9789189857155","Jättarnas Bok - The Book of Giants","9789189857155 - Jättarnas Bok - The Book of Giants", Media 24 / Digibook S6993,"Leverantör","1250.88","2183.50",".00",".00","Audio Book : Extended distribution","23154.81","4891.50",".00",".00",".00",".00",".00",".00",".00",".00","0","0"
6993,"2025-06-30","2025-04-01","FS540917",".00","322.80","2607.30","306.60","7774.60",".00",".00",".00",".00",".00",".00"," ","Astronauter, Forntida","5","SEK","2.20",".44","9789189857155","Jättarnas Bok - The Book of Giants","9789189857155 - Jättarnas Bok - The Book of Giants", Media 24 / Digibook S6993,"Leverantör","1250.88","2183.50",".00",".00","Audio Book : Extended distribution","23154.81","4891.50",".00",".00",".00",".00",".00",".00",".00",".00","0","0"
6993,"2025-06-30","2025-04-01","FS540917",".00","322.80","2607.30","306.60","7774.60",".00",".00",".00",".00",".00",".00"," ","Astronauter, Forntida","2","SEK",".98",".49","9789189857155","Jättarnas Bok - The Book of Giants","9789189857155 - Jättarnas Bok - The Book of Giants", Media 24 / Digibook S6993,"Leverantör","1250.88","2183.50",".00",".00","Audio Book : Extended distribution","23154.81","4891.50",".00",".00",".00",".00",".00",".00",".00",".00","0","0"
6993,"2025-06-30","2025-04-01","FS540917",".00","322.80","2607.30","306.60","7774.60",".00",".00",".00",".00",".00",".00"," ","Astronauter, Forntida","2","SEK","2.99","1.50","9789189857131","Enoks Bok - En Svensk Genomarbetad och Modern Översättning","9789189857131 - Enoks Bok - En Svensk Genomarbetad och Modern Översättning", Media 24 / Digibook S6993,"Leverantör","1250.88","2183.50",".00",".00","Ebook : Extended distribution","23154.81","4891.50",".00",".00",".00",".00",".00",".00",".00",".00","0","0"
6993,"2025-06-30","2025-04-01","FS540917",".00","322.80","2607.30","306.60","7774.60",".00",".00",".00",".00",".00",".00"," ","Astronauter, Forntida","3","SEK","5.03","1.68","9789189857131","Enoks Bok - En Svensk Genomarbetad och Modern Översättning","9789189857131 - Enoks Bok - En Svensk Genomarbetad och Modern Översättning", Media 24 / Digibook S6993,"Leverantör","1250.88","2183.50",".00",".00","Ebook : Extended distribution","23154.81","4891.50",".00",".00",".00",".00",".00",".00",".00",".00","0","0"
6993,"2025-06-30","2025-04-01","FS540917",".00","322.80","2607.30","306.60","7774.60",".00",".00",".00",".00",".00",".00"," ","Astronauter, Forntida","19","SEK","32.15","1.69","9789189857186","Enoks Bok - En Svensk Genomarbetad och Modern Översättning","9789189857186 - Enoks Bok - En Svensk Genomarbetad och Modern Översättning", Media 24 / Digibook S6993,"Leverantör","1250.88","2183.50",".00",".00","Audio Book : Extended distribution","23154.81","4891.50",".00",".00",".00",".00",".00",".00",".00",".00","0","0"
6993,"2025-06-30","2025-04-01","FS540917",".00","322.80","2607.30","306.60","7774.60",".00",".00",".00",".00",".00",".00"," ","Astronauter, Forntida","2","SEK","3.39","1.70","9789189857131","Enoks Bok - En Svensk Genomarbetad och Modern Översättning","9789189857131 - Enoks Bok - En Svensk Genomarbetad och Modern Översättning", Media 24 / Digibook S6993,"Leverantör","1250.88","2183.50",".00",".00","Ebook : Extended distribution","23154.81","4891.50",".00",".00",".00",".00",".00",".00",".00",".00","0","0"
6993,"2025-06-30","2025-04-01","FS540917",".00","322.80","2607.30","306.60","7774.60",".00",".00",".00",".00",".00",".00"," ","Astronauter, Forntida","25","SEK","43.84","1.75","9789189857186","Enoks Bok - En Svensk Genomarbetad och Modern Översättning","9789189857186 - Enoks Bok - En Svensk Genomarbetad och Modern Översättning", Media 24 / Digibook S6993,"Leverantör","1250.88","2183.50",".00",".00","Audio Book : Extended distribution","23154.81","4891.50",".00",".00",".00",".00",".00",".00",".00",".00","0","0"
6993,"2025-06-30","2025-04-01","FS540917",".00","322.80","2607.30","306.60","7774.60",".00",".00",".00",".00",".00",".00"," ","Astronauter, Forntida","43","SEK","76.47","1.78","9789189857186","Enoks Bok - En Svensk Genomarbetad och Modern Översättning","9789189857186 - Enoks Bok - En Svensk Genomarbetad och Modern Översättning", Media 24 / Digibook S6993,"Leverantör","1250.88","2183.50",".00",".00","Audio Book : Extended distribution","23154.81","4891.50",".00",".00",".00",".00",".00",".00",".00",".00","0","0"
6993,"2025-06-30","2025-04-01","FS540917",".00","322.80","2607.30","306.60","7774.60",".00",".00",".00",".00",".00",".00"," ","Astronauter, Forntida","31","SEK","55.84","1.80","9789189857186","Enoks Bok - En Svensk Genomarbetad och Modern Översättning","9789189857186 - Enoks Bok - En Svensk Genomarbetad och Modern Översättning", Media 24 / Digibook S6993,"Leverantör","1250.88","2183.50",".00",".00","Audio Book : Extended distribution","23154.81","4891.50",".00",".00",".00",".00",".00",".00",".00",".00","0","0"
6993,"2025-06-30","2025-04-01","FS540917",".00","322.80","2607.30","306.60","7774.60",".00",".00",".00",".00",".00",".00"," ","Astronauter, Forntida","13","SEK","26.41","2.03","9789189857186","Enoks Bok - En Svensk Genomarbetad och Modern Översättning","9789189857186 - Enoks Bok - En Svensk Genomarbetad och Modern Översättning", Media 24 / Digibook S6993,"Leverantör","1250.88","2183.50",".00",".00","Audio Book : Extended distribution","23154.81","4891.50",".00",".00",".00",".00",".00",".00",".00",".00","0","0"
6993,"2025-06-30","2025-04-01","FS540917",".00","322.80","2607.30","306.60","7774.60",".00",".00",".00",".00",".00",".00"," ","Astronauter, Forntida","4","SEK","8.39","2.10","9789189857049","Anunnaki - Gudarna Som Grundade Civilisationen","9789189857049 - Anunnaki - Gudarna Som Grundade Civilisationen", Media 24 / Digibook S6993,"Leverantör","1250.88","2183.50",".00",".00","Ebook : Extended distribution","23154.81","4891.50",".00",".00",".00",".00",".00",".00",".00",".00","0","0"
6993,"2025-06-30","2025-04-01","FS540917",".00","322.80","2607.30","306.60","7774.60",".00",".00",".00",".00",".00",".00"," ","Astronauter, Forntida","1","SEK","2.26","2.26","9789189857087","Enuma Elish","9789189857087 - Enuma Elish", Media 24 / Digibook S6993,"Leverantör","1250.88","2183.50",".00",".00","Ebook : Extended distribution","23154.81","4891.50",".00",".00",".00",".00",".00",".00",".00",".00","0","0"
6993,"2025-06-30","2025-04-01","FS540917",".00","322.80","2607.30","306.60","7774.60",".00",".00",".00",".00",".00",".00"," ","Astronauter, Forntida","1","SEK","2.30","2.30","9789189857049","Anunnaki - Gudarna Som Grundade Civilisationen","9789189857049 - Anunnaki - Gudarna Som Grundade Civilisationen", Media 24 / Digibook S6993,"Leverantör","1250.88","2183.50",".00",".00","Ebook : Extended distribution","23154.81","4891.50",".00",".00",".00",".00",".00",".00",".00",".00","0","0"
6993,"2025-06-30","2025-04-01","FS540917",".00","322.80","2607.30","306.60","7774.60",".00",".00",".00",".00",".00",".00"," ","Astronauter, Forntida","11","SEK","28.81","2.62","9789189857162","Anunnaki - Gudarna Som Grundade Civilisationen","9789189857162 - Anunnaki - Gudarna Som Grundade Civilisationen", Media 24 / Digibook S6993,"Leverantör","1250.88","2183.50",".00",".00","Audio Book : Extended distribution","23154.81","4891.50",".00",".00",".00",".00",".00",".00",".00",".00","0","0"
6993,"2025-06-30","2025-04-01","FS540917",".00","322.80","2607.30","306.60","7774.60",".00",".00",".00",".00",".00",".00"," ","Astronauter, Forntida","23","SEK","62.48","2.72","9789189857162","Anunnaki - Gudarna Som Grundade Civilisationen","9789189857162 - Anunnaki - Gudarna Som Grundade Civilisationen", Media 24 / Digibook S6993,"Leverantör","1250.88","2183.50",".00",".00","Audio Book : Extended distribution","23154.81","4891.50",".00",".00",".00",".00",".00",".00",".00",".00","0","0"
6993,"2025-06-30","2025-04-01","FS540917",".00","322.80","2607.30","306.60","7774.60",".00",".00",".00",".00",".00",".00"," ","Astronauter, Forntida","29","SEK","79.90","2.76","9789189857162","Anunnaki - Gudarna Som Grundade Civilisationen","9789189857162 - Anunnaki - Gudarna Som Grundade Civilisationen", Media 24 / Digibook S6993,"Leverantör","1250.88","2183.50",".00",".00","Audio Book : Extended distribution","23154.81","4891.50",".00",".00",".00",".00",".00",".00",".00",".00","0","0"
6993,"2025-06-30","2025-04-01","FS540917",".00","322.80","2607.30","306.60","7774.60",".00",".00",".00",".00",".00",".00"," ","Astronauter, Forntida","19","SEK","53.03","2.79","9789189857162","Anunnaki - Gudarna Som Grundade Civilisationen","9789189857162 - Anunnaki - Gudarna Som Grundade Civilisationen", Media 24 / Digibook S6993,"Leverantör","1250.88","2183.50",".00",".00","Audio Book : Extended distribution","23154.81","4891.50",".00",".00",".00",".00",".00",".00",".00",".00","0","0"
6993,"2025-06-30","2025-04-01","FS540917",".00","322.80","2607.30","306.60","7774.60",".00",".00",".00",".00",".00",".00"," ","Astronauter, Forntida","1","SEK","3.00","3.00","9789189857155","Jättarnas Bok - The Book of Giants","9789189857155 - Jättarnas Bok - The Book of Giants", Media 24 / Digibook S6993,"Leverantör","1250.88","2183.50",".00",".00","Audio Book : Agregated","23154.81","4891.50",".00",".00",".00",".00",".00",".00",".00",".00","0","0"
6993,"2025-06-30","2025-04-01","FS540917",".00","322.80","2607.30","306.60","7774.60",".00",".00",".00",".00",".00",".00"," ","Astronauter, Forntida","8","SEK","25.16","3.15","9789189857162","Anunnaki - Gudarna Som Grundade Civilisationen","9789189857162 - Anunnaki - Gudarna Som Grundade Civilisationen", Media 24 / Digibook S6993,"Leverantör","1250.88","2183.50",".00",".00","Audio Book : Extended distribution","23154.81","4891.50",".00",".00",".00",".00",".00",".00",".00",".00","0","0"
6993,"2025-06-30","2025-04-01","FS540917",".00","322.80","2607.30","306.60","7774.60",".00",".00",".00",".00",".00",".00"," ","Astronauter, Forntida","1","SEK","4.50","4.50","9789189857155","Jättarnas Bok - The Book of Giants","9789189857155 - Jättarnas Bok - The Book of Giants", Media 24 / Digibook S6993,"Leverantör","1250.88","2183.50",".00",".00","Audio Book : Extended distribution","23154.81","4891.50",".00",".00",".00",".00",".00",".00",".00",".00","0","0"
6993,"2025-06-30","2025-04-01","FS540917",".00","322.80","2607.30","306.60","7774.60",".00",".00",".00",".00",".00",".00"," ","Astronauter, Forntida","1","SEK","4.74","4.74","9789189857025","Gilgamesheposet","9789189857025 - Gilgamesheposet", Media 24 / Digibook S6993,"Leverantör","1250.88","2183.50",".00",".00","Ebook : Extended distribution","23154.81","4891.50",".00",".00",".00",".00",".00",".00",".00",".00","0","0"
6993,"2025-06-30","2025-04-01","FS540917",".00","322.80","2607.30","306.60","7774.60",".00",".00",".00",".00",".00",".00"," ","Astronauter, Forntida","8","SEK","44.00","5.50","9789189857186","Enoks Bok - En Svensk Genomarbetad och Modern Översättning","9789189857186 - Enoks Bok - En Svensk Genomarbetad och Modern Översättning", Media 24 / Digibook S6993,"Leverantör","1250.88","2183.50",".00",".00","Audio Book : Agregated","23154.81","4891.50",".00",".00",".00",".00",".00",".00",".00",".00","0","0"
6993,"2025-06-30","2025-04-01","FS540917",".00","322.80","2607.30","306.60","7774.60",".00",".00",".00",".00",".00",".00"," ","Astronauter, Forntida","2","SEK","12.20","6.10","9789189857063","Enoks Bok","9789189857063 - Enoks Bok", Media 24 / Digibook S6993,"Leverantör","1250.88","2183.50",".00",".00","Ebook : Extended distribution","23154.81","4891.50",".00",".00",".00",".00",".00",".00",".00",".00","0","0"
6993,"2025-06-30","2025-04-01","FS540917",".00","322.80","2607.30","306.60","7774.60",".00",".00",".00",".00",".00",".00"," ","Astronauter, Forntida","4","SEK","32.00","8.00","9789189857162","Anunnaki - Gudarna Som Grundade Civilisationen","9789189857162 - Anunnaki - Gudarna Som Grundade Civilisationen", Media 24 / Digibook S6993,"Leverantör","1250.88","2183.50",".00",".00","Audio Book : Agregated","23154.81","4891.50",".00",".00",".00",".00",".00",".00",".00",".00","0","0"
6993,"2025-06-30","2025-04-01","FS540917",".00","322.80","2607.30","306.60","7774.60",".00",".00",".00",".00",".00",".00"," ","Astronauter, Forntida","3","SEK","27.00","9.00","9789189857162","Anunnaki - Gudarna Som Grundade Civilisationen","9789189857162 - Anunnaki - Gudarna Som Grundade Civilisationen", Media 24 / Digibook S6993,"Leverantör","1250.88","2183.50",".00",".00","Audio Book : Extended distribution","23154.81","4891.50",".00",".00",".00",".00",".00",".00",".00",".00","0","0"
6993,"2025-06-30","2025-04-01","FS540917",".00","322.80","2607.30","306.60","7774.60",".00",".00",".00",".00",".00",".00"," ","Astronauter, Forntida","4","SEK","36.00","9.00","9789189857186","Enoks Bok - En Svensk Genomarbetad och Modern Översättning","9789189857186 - Enoks Bok - En Svensk Genomarbetad och Modern Översättning", Media 24 / Digibook S6993,"Leverantör","1250.88","2183.50",".00",".00","Audio Book : Extended distribution","23154.81","4891.50",".00",".00",".00",".00",".00",".00",".00",".00","0","0"
6993,"2025-06-30","2025-04-01","FS540917",".00","322.80","2607.30","306.60","7774.60",".00",".00",".00",".00",".00",".00"," ","Astronauter, Forntida","18","SEK","169.77","9.43","9789189835269","Forntida Astronauter - Gudarna Var Utomjordingar","9789189835269 - Forntida Astronauter - Gudarna Var Utomjordingar", Media 24 / Digibook S6993,"Leverantör","1250.88","2183.50",".00",".00","Audio Book : Extended distribution","23154.81","4891.50",".00",".00",".00",".00",".00",".00",".00",".00","0","0"
6993,"2025-06-30","2025-04-01","FS540917",".00","322.80","2607.30","306.60","7774.60",".00",".00",".00",".00",".00",".00"," ","Astronauter, Forntida","2","SEK","19.20","9.60","9789189857162","Anunnaki - Gudarna Som Grundade Civilisationen","9789189857162 - Anunnaki - Gudarna Som Grundade Civilisationen", Media 24 / Digibook S6993,"Leverantör","1250.88","2183.50",".00",".00","Audio Book : Access Loan","23154.81","4891.50",".00",".00",".00",".00",".00",".00",".00",".00","0","0"
6993,"2025-06-30","2025-04-01","FS540917",".00","322.80","2607.30","306.60","7774.60",".00",".00",".00",".00",".00",".00"," ","Astronauter, Forntida","20","SEK","195.39","9.77","9789189835269","Forntida Astronauter - Gudarna Var Utomjordingar","9789189835269 - Forntida Astronauter - Gudarna Var Utomjordingar", Media 24 / Digibook S6993,"Leverantör","1250.88","2183.50",".00",".00","Audio Book : Extended distribution","23154.81","4891.50",".00",".00",".00",".00",".00",".00",".00",".00","0","0"
6993,"2025-06-30","2025-04-01","FS540917",".00","322.80","2607.30","306.60","7774.60",".00",".00",".00",".00",".00",".00"," ","Astronauter, Forntida","21","SEK","208.09","9.91","9789189835269","Forntida Astronauter - Gudarna Var Utomjordingar","9789189835269 - Forntida Astronauter - Gudarna Var Utomjordingar", Media 24 / Digibook S6993,"Leverantör","1250.88","2183.50",".00",".00","Audio Book : Extended distribution","23154.81","4891.50",".00",".00",".00",".00",".00",".00",".00",".00","0","0"
6993,"2025-06-30","2025-04-01","FS540917",".00","322.80","2607.30","306.60","7774.60",".00",".00",".00",".00",".00",".00"," ","Astronauter, Forntida","18","SEK","180.68","10.04","9789189835269","Forntida Astronauter - Gudarna Var Utomjordingar","9789189835269 - Forntida Astronauter - Gudarna Var Utomjordingar", Media 24 / Digibook S6993,"Leverantör","1250.88","2183.50",".00",".00","Audio Book : Extended distribution","23154.81","4891.50",".00",".00",".00",".00",".00",".00",".00",".00","0","0"
6993,"2025-06-30","2025-04-01","FS540917",".00","322.80","2607.30","306.60","7774.60",".00",".00",".00",".00",".00",".00"," ","Astronauter, Forntida","1","SEK","11.31","11.31","9789189835269","Forntida Astronauter - Gudarna Var Utomjordingar","9789189835269 - Forntida Astronauter - Gudarna Var Utomjordingar", Media 24 / Digibook S6993,"Leverantör","1250.88","2183.50",".00",".00","Audio Book : Extended distribution","23154.81","4891.50",".00",".00",".00",".00",".00",".00",".00",".00","0","0"
6993,"2025-06-30","2025-04-01","FS540917",".00","322.80","2607.30","306.60","7774.60",".00",".00",".00",".00",".00",".00"," ","Astronauter, Forntida","10","SEK","113.16","11.32","9789189835269","Forntida Astronauter - Gudarna Var Utomjordingar","9789189835269 - Forntida Astronauter - Gudarna Var Utomjordingar", Media 24 / Digibook S6993,"Leverantör","1250.88","2183.50",".00",".00","Audio Book : Extended distribution","23154.81","4891.50",".00",".00",".00",".00",".00",".00",".00",".00","0","0"
6993,"2025-06-30","2025-04-01","FS540917",".00","322.80","2607.30","306.60","7774.60",".00",".00",".00",".00",".00",".00"," ","Astronauter, Forntida","2","SEK","25.60","12.80","9789189835269","Forntida Astronauter - Gudarna Var Utomjordingar","9789189835269 - Forntida Astronauter - Gudarna Var Utomjordingar", Media 24 / Digibook S6993,"Leverantör","1250.88","2183.50",".00",".00","Audio Book : Access Loan","23154.81","4891.50",".00",".00",".00",".00",".00",".00",".00",".00","0","0"
6993,"2025-06-30","2025-04-01","FS540917",".00","322.80","2607.30","306.60","7774.60",".00",".00",".00",".00",".00",".00"," ","Astronauter, Forntida","2","SEK","35.00","17.50","9789189857131","Enoks Bok - En Svensk Genomarbetad och Modern Översättning","9789189857131 - Enoks Bok - En Svensk Genomarbetad och Modern Översättning", Media 24 / Digibook S6993,"Leverantör","1250.88","2183.50",".00",".00","Ebook : Agregated","23154.81","4891.50",".00",".00",".00",".00",".00",".00",".00",".00","0","0"
6993,"2025-06-30","2025-04-01","FS540917",".00","322.80","2607.30","306.60","7774.60",".00",".00",".00",".00",".00",".00"," ","Astronauter, Forntida","1","SEK","18.00","18.00","9789189835269","Forntida Astronauter - Gudarna Var Utomjordingar","9789189835269 - Forntida Astronauter - Gudarna Var Utomjordingar", Media 24 / Digibook S6993,"Leverantör","1250.88","2183.50",".00",".00","Audio Book : Agregated","23154.81","4891.50",".00",".00",".00",".00",".00",".00",".00",".00","0","0"
6993,"2025-06-30","2025-04-01","FS540917",".00","322.80","2607.30","306.60","7774.60",".00",".00",".00",".00",".00",".00"," ","Astronauter, Forntida","2","SEK","36.00","18.00","9789189835269","Forntida Astronauter - Gudarna Var Utomjordingar","9789189835269 - Forntida Astronauter - Gudarna Var Utomjordingar", Media 24 / Digibook S6993,"Leverantör","1250.88","2183.50",".00",".00","Audio Book : Extended distribution","23154.81","4891.50",".00",".00",".00",".00",".00",".00",".00",".00","0","0"
6993,"2025-06-30","2025-04-01","FS540917",".00","322.80","2607.30","306.60","7774.60",".00",".00",".00",".00",".00",".00"," ","Astronauter, Forntida","1","SEK","18.00","18.00","9789189857025","Gilgamesheposet","9789189857025 - Gilgamesheposet", Media 24 / Digibook S6993,"Leverantör","1250.88","2183.50",".00",".00","Ebook : Extended distribution","23154.81","4891.50",".00",".00",".00",".00",".00",".00",".00",".00","0","0"
6993,"2025-06-30","2025-04-01","FS540917",".00","322.80","2607.30","306.60","7774.60",".00",".00",".00",".00",".00",".00"," ","Astronauter, Forntida","1","SEK","23.40","23.40","9789189857049","Anunnaki - Gudarna Som Grundade Civilisationen","9789189857049 - Anunnaki - Gudarna Som Grundade Civilisationen", Media 24 / Digibook S6993,"Leverantör","1250.88","2183.50",".00",".00","Ebook : Agregated","23154.81","4891.50",".00",".00",".00",".00",".00",".00",".00",".00","0","0"
6993,"2025-06-30","2025-04-01","FS540917",".00","322.80","2607.30","306.60","7774.60",".00",".00",".00",".00",".00",".00"," ","Astronauter, Forntida","3","SEK","91.80","30.60","9789189857155","Jättarnas Bok - The Book of Giants","9789189857155 - Jättarnas Bok - The Book of Giants", Media 24 / Digibook S6993,"Leverantör","1250.88","2183.50",".00",".00","Audio Book : Buy","23154.81","4891.50",".00",".00",".00",".00",".00",".00",".00",".00","0","0"
6993,"2025-06-30","2025-04-01","FS540917",".00","322.80","2607.30","306.60","7774.60",".00",".00",".00",".00",".00",".00"," ","Astronauter, Forntida","1","SEK","38.63","38.63","9789189857131","Enoks Bok - En Svensk Genomarbetad och Modern Översättning","9789189857131 - Enoks Bok - En Svensk Genomarbetad och Modern Översättning", Media 24 / Digibook S6993,"Leverantör","1250.88","2183.50",".00",".00","Ebook : Extended distribution","23154.81","4891.50",".00",".00",".00",".00",".00",".00",".00",".00","0","0"
6993,"2025-06-30","2025-04-01","FS540917",".00","322.80","2607.30","306.60","7774.60",".00",".00",".00",".00",".00",".00"," ","Astronauter, Forntida","1","SEK","38.70","38.70","9789189857049","Anunnaki - Gudarna Som Grundade Civilisationen","9789189857049 - Anunnaki - Gudarna Som Grundade Civilisationen", Media 24 / Digibook S6993,"Leverantör","1250.88","2183.50",".00",".00","Ebook : Buy","23154.81","4891.50",".00",".00",".00",".00",".00",".00",".00",".00","0","0"
6993,"2025-06-30","2025-04-01","FS540917",".00","322.80","2607.30","306.60","7774.60",".00",".00",".00",".00",".00",".00"," ","Astronauter, Forntida","2","SEK","77.40","38.70","9789189857131","Enoks Bok - En Svensk Genomarbetad och Modern Översättning","9789189857131 - Enoks Bok - En Svensk Genomarbetad och Modern Översättning", Media 24 / Digibook S6993,"Leverantör","1250.88","2183.50",".00",".00","Ebook : Buy","23154.81","4891.50",".00",".00",".00",".00",".00",".00",".00",".00","0","0"
6993,"2025-06-30","2025-04-01","FS540917",".00","322.80","2607.30","306.60","7774.60",".00",".00",".00",".00",".00",".00"," ","Astronauter, Forntida","2","SEK","77.40","38.70","9789189857162","Anunnaki - Gudarna Som Grundade Civilisationen","9789189857162 - Anunnaki - Gudarna Som Grundade Civilisationen", Media 24 / Digibook S6993,"Leverantör","1250.88","2183.50",".00",".00","Audio Book : Buy","23154.81","4891.50",".00",".00",".00",".00",".00",".00",".00",".00","0","0"
6993,"2025-06-30","2025-04-01","FS540917",".00","322.80","2607.30","306.60","7774.60",".00",".00",".00",".00",".00",".00"," ","Astronauter, Forntida","6","SEK","232.20","38.70","9789189857186","Enoks Bok - En Svensk Genomarbetad och Modern Översättning","9789189857186 - Enoks Bok - En Svensk Genomarbetad och Modern Översättning", Media 24 / Digibook S6993,"Leverantör","1250.88","2183.50",".00",".00","Audio Book : Buy","23154.81","4891.50",".00",".00",".00",".00",".00",".00",".00",".00","0","0"
6993,"2025-06-30","2025-04-01","FS540917",".00","322.80","2607.30","306.60","7774.60",".00",".00",".00",".00",".00",".00"," ","Astronauter, Forntida","1","SEK","58.50","58.50","9789189857063","Enoks Bok","9789189857063 - Enoks Bok", Media 24 / Digibook S6993,"Leverantör","1250.88","2183.50",".00",".00","Ebook : Agregated","23154.81","4891.50",".00",".00",".00",".00",".00",".00",".00",".00","0","0"
6993,"2025-06-30","2025-04-01","FS540917",".00","322.80","2607.30","306.60","7774.60",".00",".00",".00",".00",".00",".00"," ","Astronauter, Forntida","2","SEK","153.00","76.50","9789189835269","Forntida Astronauter - Gudarna Var Utomjordingar","9789189835269 - Forntida Astronauter - Gudarna Var Utomjordingar", Media 24 / Digibook S6993,"Leverantör","1250.88","2183.50",".00",".00","Audio Book : Buy","23154.81","4891.50",".00",".00",".00",".00",".00",".00",".00",".00","0","0"
6993,"2025-06-30","2025-04-01","FS540917",".00","322.80","2607.30","306.60","7774.60",".00",".00",".00",".00",".00",".00"," ","Barnett, Anna","1","SEK","63.00","63.00","9789189857810","Anna. Torvalds hustru. Mor till Bo.","9789189857810 - Anna. Torvalds hustru. Mor till Bo.", Media 24 / Digibook S6993,"Leverantör","1250.88","2183.50",".00",".00","Ebook : Agregated","23154.81","4891.50",".00",".00",".00",".00",".00",".00",".00",".00","0","0"
6993,"2025-06-30","2025-04-01","FS540917",".00","322.80","2607.30","306.60","7774.60",".00",".00",".00",".00",".00",".00"," ","Bergendahl, Anethe","2","SEK","42.92","21.46","9789189835771","Ensamma hjärtan och vilsna själar","9789189835771 - Ensamma hjärtan och vilsna själar", Media 24 / Digibook S6993,"Leverantör","1250.88","2183.50",".00",".00","Ebook : Extended distribution","23154.81","4891.50",".00",".00",".00",".00",".00",".00",".00",".00","0","0"
6993,"2025-06-30","2025-04-01","FS540917",".00","322.80","2607.30","306.60","7774.60",".00",".00",".00",".00",".00",".00"," ","Bergendahl, Anethe","1","SEK","27.00","27.00","9789189835771","Ensamma hjärtan och vilsna själar","9789189835771 - Ensamma hjärtan och vilsna själar", Media 24 / Digibook S6993,"Leverantör","1250.88","2183.50",".00",".00","Ebook : Extended distribution","23154.81","4891.50",".00",".00",".00",".00",".00",".00",".00",".00","0","0"
6993,"2025-06-30","2025-04-01","FS540917",".00","322.80","2607.30","306.60","7774.60",".00",".00",".00",".00",".00",".00"," ","Bergstad, Johan","2","SEK","3.94","1.97","9789189539082","Mindfulness steg för steg","9789189539082 - Mindfulness steg för steg", Media 24 / Digibook S6993,"Leverantör","1250.88","2183.50",".00",".00","Audio Book : Extended distribution","23154.81","4891.50",".00",".00",".00",".00",".00",".00",".00",".00","0","0"
6993,"2025-06-30","2025-04-01","FS540917",".00","322.80","2607.30","306.60","7774.60",".00",".00",".00",".00",".00",".00"," ","Bergstad, Johan","1","SEK","2.03","2.03","9789189539082","Mindfulness steg för steg","9789189539082 - Mindfulness steg för steg", Media 24 / Digibook S6993,"Leverantör","1250.88","2183.50",".00",".00","Audio Book : Extended distribution","23154.81","4891.50",".00",".00",".00",".00",".00",".00",".00",".00","0","0"
6993,"2025-06-30","2025-04-01","FS540917",".00","322.80","2607.30","306.60","7774.60",".00",".00",".00",".00",".00",".00"," ","Bergstad, Johan","2","SEK","4.13","2.07","9789189539082","Mindfulness steg för steg","9789189539082 - Mindfulness steg för steg", Media 24 / Digibook S6993,"Leverantör","1250.88","2183.50",".00",".00","Audio Book : Extended distribution","23154.81","4891.50",".00",".00",".00",".00",".00",".00",".00",".00","0","0"
6993,"2025-06-30","2025-04-01","FS540917",".00","322.80","2607.30","306.60","7774.60",".00",".00",".00",".00",".00",".00"," ","Bergstad, Johan","5","SEK","10.47","2.09","9789189539082","Mindfulness steg för steg","9789189539082 - Mindfulness steg för steg", Media 24 / Digibook S6993,"Leverantör","1250.88","2183.50",".00",".00","Audio Book : Extended distribution","23154.81","4891.50",".00",".00",".00",".00",".00",".00",".00",".00","0","0"
6993,"2025-06-30","2025-04-01","FS540917",".00","322.80","2607.30","306.60","7774.60",".00",".00",".00",".00",".00",".00"," ","Bergstad, Johan","1","SEK","2.37","2.37","9789189539082","Mindfulness steg för steg","9789189539082 - Mindfulness steg för steg", Media 24 / Digibook S6993,"Leverantör","1250.88","2183.50",".00",".00","Audio Book : Extended distribution","23154.81","4891.50",".00",".00",".00",".00",".00",".00",".00",".00","0","0"
6993,"2025-06-30","2025-04-01","FS540917",".00","322.80","2607.30","306.60","7774.60",".00",".00",".00",".00",".00",".00"," ","Bergstad, Johan","2","SEK","8.82","4.41","9789189539075","Mindfulness - Lugn och lycklig","9789189539075 - Mindfulness - Lugn och lycklig", Media 24 / Digibook S6993,"Leverantör","1250.88","2183.50",".00",".00","Audio Book : Extended distribution","23154.81","4891.50",".00",".00",".00",".00",".00",".00",".00",".00","0","0"
6993,"2025-06-30","2025-04-01","FS540917",".00","322.80","2607.30","306.60","7774.60",".00",".00",".00",".00",".00",".00"," ","Bergstad, Johan","6","SEK","27.42","4.57","9789189539075","Mindfulness - Lugn och lycklig","9789189539075 - Mindfulness - Lugn och lycklig", Media 24 / Digibook S6993,"Leverantör","1250.88","2183.50",".00",".00","Audio Book : Extended distribution","23154.81","4891.50",".00",".00",".00",".00",".00",".00",".00",".00","0","0"
6993,"2025-06-30","2025-04-01","FS540917",".00","322.80","2607.30","306.60","7774.60",".00",".00",".00",".00",".00",".00"," ","Bergstad, Johan","4","SEK","18.54","4.64","9789189539075","Mindfulness - Lugn och lycklig","9789189539075 - Mindfulness - Lugn och lycklig", Media 24 / Digibook S6993,"Leverantör","1250.88","2183.50",".00",".00","Audio Book : Extended distribution","23154.81","4891.50",".00",".00",".00",".00",".00",".00",".00",".00","0","0"
6993,"2025-06-30","2025-04-01","FS540917",".00","322.80","2607.30","306.60","7774.60",".00",".00",".00",".00",".00",".00"," ","Bergstad, Johan","4","SEK","18.78","4.70","9789189539075","Mindfulness - Lugn och lycklig","9789189539075 - Mindfulness - Lugn och lycklig", Media 24 / Digibook S6993,"Leverantör","1250.88","2183.50",".00",".00","Audio Book : Extended distribution","23154.81","4891.50",".00",".00",".00",".00",".00",".00",".00",".00","0","0"
6993,"2025-06-30","2025-04-01","FS540917",".00","322.80","2607.30","306.60","7774.60",".00",".00",".00",".00",".00",".00"," ","Bergstad, Johan","2","SEK","10.59","5.30","9789189539075","Mindfulness - Lugn och lycklig","9789189539075 - Mindfulness - Lugn och lycklig", Media 24 / Digibook S6993,"Leverantör","1250.88","2183.50",".00",".00","Audio Book : Extended distribution","23154.81","4891.50",".00",".00",".00",".00",".00",".00",".00",".00","0","0"
6993,"2025-06-30","2025-04-01","FS540917",".00","322.80","2607.30","306.60","7774.60",".00",".00",".00",".00",".00",".00"," ","Bergstad, Johan","1","SEK","8.00","8.00","9789189539075","Mindfulness - Lugn och lycklig","9789189539075 - Mindfulness - Lugn och lycklig", Media 24 / Digibook S6993,"Leverantör","1250.88","2183.50",".00",".00","Audio Book : Agregated","23154.81","4891.50",".00",".00",".00",".00",".00",".00",".00",".00","0","0"
6993,"2025-06-30","2025-04-01","FS540917",".00","322.80","2607.30","306.60","7774.60",".00",".00",".00",".00",".00",".00"," ","Bergstad, Johan","1","SEK","18.00","18.00","9789189539075","Mindfulness - Lugn och lycklig","9789189539075 - Mindfulness - Lugn och lycklig", Media 24 / Digibook S6993,"Leverantör","1250.88","2183.50",".00",".00","Audio Book : Extended distribution","23154.81","4891.50",".00",".00",".00",".00",".00",".00",".00",".00","0","0"
6993,"2025-06-30","2025-04-01","FS540917",".00","322.80","2607.30","306.60","7774.60",".00",".00",".00",".00",".00",".00"," ","Bergstad, Johan","1","SEK","71.10","71.10","9789189539075","Mindfulness - Lugn och lycklig","9789189539075 - Mindfulness - Lugn och lycklig", Media 24 / Digibook S6993,"Leverantör","1250.88","2183.50",".00",".00","Audio Book : Buy","23154.81","4891.50",".00",".00",".00",".00",".00",".00",".00",".00","0","0"
6993,"2025-06-30","2025-04-01","FS540917",".00","322.80","2607.30","306.60","7774.60",".00",".00",".00",".00",".00",".00"," ","Bergstad, Johan","1","SEK","76.50","76.50","9789189539082","Mindfulness steg för steg","9789189539082 - Mindfulness steg för steg", Media 24 / Digibook S6993,"Leverantör","1250.88","2183.50",".00",".00","Audio Book : Buy","23154.81","4891.50",".00",".00",".00",".00",".00",".00",".00",".00","0","0"
6993,"2025-06-30","2025-04-01","FS540917",".00","322.80","2607.30","306.60","7774.60",".00",".00",".00",".00",".00",".00"," ","Blixt, Jonas","1","SEK","4.50","4.50","9789189835658","Jätten Simeon","9789189835658 - Jätten Simeon", Media 24 / Digibook S6993,"Leverantör","1250.88","2183.50",".00",".00","Ebook : Extended distribution","23154.81","4891.50",".00",".00",".00",".00",".00",".00",".00",".00","0","0"
6993,"2025-06-30","2025-04-01","FS540917",".00","322.80","2607.30","306.60","7774.60",".00",".00",".00",".00",".00",".00"," ","Boris Karlsson, Johnny Boris Karlsson","1","SEK","1.09","1.09","9789189857926","Paraply","9789189857926 - Paraply", Media 24 / Digibook S6993,"Leverantör","1250.88","2183.50",".00",".00","Audio Book : Extended distribution","23154.81","4891.50",".00",".00",".00",".00",".00",".00",".00",".00","0","0"
6993,"2025-06-30","2025-04-01","FS540917",".00","322.80","2607.30","306.60","7774.60",".00",".00",".00",".00",".00",".00"," ","Brandt, Bobby","1","SEK",".29",".29","9789189739345","Delad hetta","9789189739345 - Delad hetta", Media 24 / Digibook S6993,"Leverantör","1250.88","2183.50",".00",".00","Ebook : Extended distribution","23154.81","4891.50",".00",".00",".00",".00",".00",".00",".00",".00","0","0"
6993,"2025-06-30","2025-04-01","FS540917",".00","322.80","2607.30","306.60","7774.60",".00",".00",".00",".00",".00",".00"," ","Brandt, Bobby","7","SEK","2.12",".30","9789189739345","Delad hetta","9789189739345 - Delad hetta", Media 24 / Digibook S6993,"Leverantör","1250.88","2183.50",".00",".00","Ebook : Extended distribution","23154.81","4891.50",".00",".00",".00",".00",".00",".00",".00",".00","0","0"
6993,"2025-06-30","2025-04-01","FS540917",".00","322.80","2607.30","306.60","7774.60",".00",".00",".00",".00",".00",".00"," ","Brandt, Bobby","1","SEK",".93",".93","9789189739994","Kladdiga trosor","9789189739994 - Kladdiga trosor", Media 24 / Digibook S6993,"Leverantör","1250.88","2183.50",".00",".00","Ebook : Extended distribution","23154.81","4891.50",".00",".00",".00",".00",".00",".00",".00",".00","0","0"
6993,"2025-06-30","2025-04-01","FS540917",".00","322.80","2607.30","306.60","7774.60",".00",".00",".00",".00",".00",".00"," ","Brandt, Bobby","9","SEK","8.84",".98","9789189739994","Kladdiga trosor","9789189739994 - Kladdiga trosor", Media 24 / Digibook S6993,"Leverantör","1250.88","2183.50",".00",".00","Ebook : Extended distribution","23154.81","4891.50",".00",".00",".00",".00",".00",".00",".00",".00","0","0"
6993,"2025-06-30","2025-04-01","FS540917",".00","322.80","2607.30","306.60","7774.60",".00",".00",".00",".00",".00",".00"," ","Brandt, Bobby","1","SEK","1.17","1.17","9789189835108","Kondomtestet","9789189835108 - Kondomtestet", Media 24 / Digibook S6993,"Leverantör","1250.88","2183.50",".00",".00","Ebook : Extended distribution","23154.81","4891.50",".00",".00",".00",".00",".00",".00",".00",".00","0","0"
6993,"2025-06-30","2025-04-01","FS540917",".00","322.80","2607.30","306.60","7774.60",".00",".00",".00",".00",".00",".00"," ","Brandt, Bobby","2","SEK","2.36","1.18","9789189835108","Kondomtestet","9789189835108 - Kondomtestet", Media 24 / Digibook S6993,"Leverantör","1250.88","2183.50",".00",".00","Ebook : Extended distribution","23154.81","4891.50",".00",".00",".00",".00",".00",".00",".00",".00","0","0"
6993,"2025-06-30","2025-04-01","FS540917",".00","322.80","2607.30","306.60","7774.60",".00",".00",".00",".00",".00",".00"," ","Brandt, Bobby","6","SEK","7.56","1.26","9789189835108","Kondomtestet","9789189835108 - Kondomtestet", Media 24 / Digibook S6993,"Leverantör","1250.88","2183.50",".00",".00","Ebook : Extended distribution","23154.81","4891.50",".00",".00",".00",".00",".00",".00",".00",".00","0","0"
6993,"2025-06-30","2025-04-01","FS540917",".00","322.80","2607.30","306.60","7774.60",".00",".00",".00",".00",".00",".00"," ","Brandt, Bobby","1","SEK","1.31","1.31","9789189835788","En väns förförelse","9789189835788 - En väns förförelse", Media 24 / Digibook S6993,"Leverantör","1250.88","2183.50",".00",".00","Ebook : Extended distribution","23154.81","4891.50",".00",".00",".00",".00",".00",".00",".00",".00","0","0"
6993,"2025-06-30","2025-04-01","FS540917",".00","322.80","2607.30","306.60","7774.60",".00",".00",".00",".00",".00",".00"," ","Brandt, Bobby","1","SEK","1.35","1.35","9789189835788","En väns förförelse","9789189835788 - En väns förförelse", Media 24 / Digibook S6993,"Leverantör","1250.88","2183.50",".00",".00","Ebook : Extended distribution","23154.81","4891.50",".00",".00",".00",".00",".00",".00",".00",".00","0","0"
6993,"2025-06-30","2025-04-01","FS540917",".00","322.80","2607.30","306.60","7774.60",".00",".00",".00",".00",".00",".00"," ","Brandt, Bobby","1","SEK","1.38","1.38","9789189739864","Bloggens första creampie","9789189739864 - Bloggens första creampie", Media 24 / Digibook S6993,"Leverantör","1250.88","2183.50",".00",".00","Ebook : Extended distribution","23154.81","4891.50",".00",".00",".00",".00",".00",".00",".00",".00","0","0"
6993,"2025-06-30","2025-04-01","FS540917",".00","322.80","2607.30","306.60","7774.60",".00",".00",".00",".00",".00",".00"," ","Brandt, Bobby","1","SEK","1.40","1.40","9789189739864","Bloggens första creampie","9789189739864 - Bloggens första creampie", Media 24 / Digibook S6993,"Leverantör","1250.88","2183.50",".00",".00","Ebook : Extended distribution","23154.81","4891.50",".00",".00",".00",".00",".00",".00",".00",".00","0","0"
6993,"2025-06-30","2025-04-01","FS540917",".00","322.80","2607.30","306.60","7774.60",".00",".00",".00",".00",".00",".00"," ","Brandt, Bobby","3","SEK","4.24","1.41","9789189739864","Bloggens första creampie","9789189739864 - Bloggens första creampie", Media 24 / Digibook S6993,"Leverantör","1250.88","2183.50",".00",".00","Ebook : Extended distribution","23154.81","4891.50",".00",".00",".00",".00",".00",".00",".00",".00","0","0"
6993,"2025-06-30","2025-04-01","FS540917",".00","322.80","2607.30","306.60","7774.60",".00",".00",".00",".00",".00",".00"," ","Brandt, Bobby","37","SEK","52.34","1.41","9789189835788","En väns förförelse","9789189835788 - En väns förförelse", Media 24 / Digibook S6993,"Leverantör","1250.88","2183.50",".00",".00","Ebook : Extended distribution","23154.81","4891.50",".00",".00",".00",".00",".00",".00",".00",".00","0","0"
6993,"2025-06-30","2025-04-01","FS540917",".00","322.80","2607.30","306.60","7774.60",".00",".00",".00",".00",".00",".00"," ","Brandt, Bobby","1","SEK","1.47","1.47","9789189835702","Bobby Brandt","9789189835702 - Bobby Brandt", Media 24 / Digibook S6993,"Leverantör","1250.88","2183.50",".00",".00","Ebook : Extended distribution","23154.81","4891.50",".00",".00",".00",".00",".00",".00",".00",".00","0","0"
6993,"2025-06-30","2025-04-01","FS540917",".00","322.80","2607.30","306.60","7774.60",".00",".00",".00",".00",".00",".00"," ","Brandt, Bobby","8","SEK","12.10","1.51","9789189739864","Bloggens första creampie","9789189739864 - Bloggens första creampie", Media 24 / Digibook S6993,"Leverantör","1250.88","2183.50",".00",".00","Ebook : Extended distribution","23154.81","4891.50",".00",".00",".00",".00",".00",".00",".00",".00","0","0"
6993,"2025-06-30","2025-04-01","FS540917",".00","322.80","2607.30","306.60","7774.60",".00",".00",".00",".00",".00",".00"," ","Brandt, Bobby","10","SEK","15.66","1.57","9789189835702","Bobby Brandt","9789189835702 - Bobby Brandt", Media 24 / Digibook S6993,"Leverantör","1250.88","2183.50",".00",".00","Ebook : Extended distribution","23154.81","4891.50",".00",".00",".00",".00",".00",".00",".00",".00","0","0"
6993,"2025-06-30","2025-04-01","FS540917",".00","322.80","2607.30","306.60","7774.60",".00",".00",".00",".00",".00",".00"," ","Brandt, Bobby","1","SEK","8.60","8.60","9789189739345","Delad hetta","9789189739345 - Delad hetta", Media 24 / Digibook S6993,"Leverantör","1250.88","2183.50",".00",".00","Ebook : Agregated","23154.81","4891.50",".00",".00",".00",".00",".00",".00",".00",".00","0","0"
6993,"2025-06-30","2025-04-01","FS540917",".00","322.80","2607.30","306.60","7774.60",".00",".00",".00",".00",".00",".00"," ","Brandt, Bobby","1","SEK","9.00","9.00","9789189835788","En väns förförelse","9789189835788 - En väns förförelse", Media 24 / Digibook S6993,"Leverantör","1250.88","2183.50",".00",".00","Ebook : Extended distribution","23154.81","4891.50",".00",".00",".00",".00",".00",".00",".00",".00","0","0"
6993,"2025-06-30","2025-04-01","FS540917",".00","322.80","2607.30","306.60","7774.60",".00",".00",".00",".00",".00",".00"," ","Carlind, Helene","2","SEK","12.54","6.27","9789189539655","Affirmationer för framgång och lycka - En enkel guide till hur du kan manifestera ett nytt liv på 21 dagar","9789189539655 - Affirmationer för framgång och lycka - En enkel guide till hur du kan manifestera ett nytt liv på 21 dagar", Media 24 / Digibook S6993,"Leverantör","1250.88","2183.50",".00",".00","Ebook : Extended distribution","23154.81","4891.50",".00",".00",".00",".00",".00",".00",".00",".00","0","0"
6993,"2025-06-30","2025-04-01","FS540917",".00","322.80","2607.30","306.60","7774.60",".00",".00",".00",".00",".00",".00"," ","Carlind, Helene","2","SEK","13.66","6.83","9789189539655","Affirmationer för framgång och lycka - En enkel guide till hur du kan manifestera ett nytt liv på 21 dagar","9789189539655 - Affirmationer för framgång och lycka - En enkel guide till hur du kan manifestera ett nytt liv på 21 dagar", Media 24 / Digibook S6993,"Leverantör","1250.88","2183.50",".00",".00","Ebook : Extended distribution","23154.81","4891.50",".00",".00",".00",".00",".00",".00",".00",".00","0","0"
6993,"2025-06-30","2025-04-01","FS540917",".00","322.80","2607.30","306.60","7774.60",".00",".00",".00",".00",".00",".00"," ","Carlind, Helene","3","SEK","21.06","7.02","9789189539655","Affirmationer för framgång och lycka - En enkel guide till hur du kan manifestera ett nytt liv på 21 dagar","9789189539655 - Affirmationer för framgång och lycka - En enkel guide till hur du kan manifestera ett nytt liv på 21 dagar", Media 24 / Digibook S6993,"Leverantör","1250.88","2183.50",".00",".00","Ebook : Extended distribution","23154.81","4891.50",".00",".00",".00",".00",".00",".00",".00",".00","0","0"
6993,"2025-06-30","2025-04-01","FS540917",".00","322.80","2607.30","306.60","7774.60",".00",".00",".00",".00",".00",".00"," ","Carlind, Helene","1","SEK","7.50","7.50","9789189539655","Affirmationer för framgång och lycka - En enkel guide till hur du kan manifestera ett nytt liv på 21 dagar","9789189539655 - Affirmationer för framgång och lycka - En enkel guide till hur du kan manifestera ett nytt liv på 21 dagar", Media 24 / Digibook S6993,"Leverantör","1250.88","2183.50",".00",".00","Ebook : Extended distribution","23154.81","4891.50",".00",".00",".00",".00",".00",".00",".00",".00","0","0"
6993,"2025-06-30","2025-04-01","FS540917",".00","322.80","2607.30","306.60","7774.60",".00",".00",".00",".00",".00",".00"," ","Carlind, Helene","1","SEK","18.00","18.00","9789189539655","Affirmationer för framgång och lycka - En enkel guide till hur du kan manifestera ett nytt liv på 21 dagar","9789189539655 - Affirmationer för framgång och lycka - En enkel guide till hur du kan manifestera ett nytt liv på 21 dagar", Media 24 / Digibook S6993,"Leverantör","1250.88","2183.50",".00",".00","Ebook : Extended distribution","23154.81","4891.50",".00",".00",".00",".00",".00",".00",".00",".00","0","0"
6993,"2025-06-30","2025-04-01","FS540917",".00","322.80","2607.30","306.60","7774.60",".00",".00",".00",".00",".00",".00"," ","Carlind, Helene","1","SEK","22.50","22.50","9789189539655","Affirmationer för framgång och lycka - En enkel guide till hur du kan manifestera ett nytt liv på 21 dagar","9789189539655 - Affirmationer för framgång och lycka - En enkel guide till hur du kan manifestera ett nytt liv på 21 dagar", Media 24 / Digibook S6993,"Leverantör","1250.88","2183.50",".00",".00","Ebook : Buy","23154.81","4891.50",".00",".00",".00",".00",".00",".00",".00",".00","0","0"
6993,"2025-06-30","2025-04-01","FS540917",".00","322.80","2607.30","306.60","7774.60",".00",".00",".00",".00",".00",".00"," ","Claesson, Hans","2","SEK","47.18","23.59","9789189739826","Nordsjödykaren - Roman om en yrkesresa från dröm till verklighet","9789189739826 - Nordsjödykaren - Roman om en yrkesresa från dröm till verklighet", Media 24 / Digibook S6993,"Leverantör","1250.88","2183.50",".00",".00","Audio Book : Extended distribution","23154.81","4891.50",".00",".00",".00",".00",".00",".00",".00",".00","0","0"
6993,"2025-06-30","2025-04-01","FS540917",".00","322.80","2607.30","306.60","7774.60",".00",".00",".00",".00",".00",".00"," ","Claesson, Hans","1","SEK","27.00","27.00","9789189739826","Nordsjödykaren - Roman om en yrkesresa från dröm till verklighet","9789189739826 - Nordsjödykaren - Roman om en yrkesresa från dröm till verklighet", Media 24 / Digibook S6993,"Leverantör","1250.88","2183.50",".00",".00","Audio Book : Extended distribution","23154.81","4891.50",".00",".00",".00",".00",".00",".00",".00",".00","0","0"
6993,"2025-06-30","2025-04-01","FS540917",".00","322.80","2607.30","306.60","7774.60",".00",".00",".00",".00",".00",".00"," ","Coy, Desirée","3","SEK","1.61",".54","9789189539549","Nattbad","9789189539549 - Nattbad", Media 24 / Digibook S6993,"Leverantör","1250.88","2183.50",".00",".00","Ebook : Extended distribution","23154.81","4891.50",".00",".00",".00",".00",".00",".00",".00",".00","0","0"
6993,"2025-06-30","2025-04-01","FS540917",".00","322.80","2607.30","306.60","7774.60",".00",".00",".00",".00",".00",".00"," ","Coy, Desirée","1","SEK",".55",".55","9789189539549","Nattbad","9789189539549 - Nattbad", Media 24 / Digibook S6993,"Leverantör","1250.88","2183.50",".00",".00","Ebook : Extended distribution","23154.81","4891.50",".00",".00",".00",".00",".00",".00",".00",".00","0","0"
6993,"2025-06-30","2025-04-01","FS540917",".00","322.80","2607.30","306.60","7774.60",".00",".00",".00",".00",".00",".00"," ","Coy, Desirée","1","SEK",".64",".64","9789189539778","Otrogen efter noter","9789189539778 - Otrogen efter noter", Media 24 / Digibook S6993,"Leverantör","1250.88","2183.50",".00",".00","Ebook : Extended distribution","23154.81","4891.50",".00",".00",".00",".00",".00",".00",".00",".00","0","0"
6993,"2025-06-30","2025-04-01","FS540917",".00","322.80","2607.30","306.60","7774.60",".00",".00",".00",".00",".00",".00"," ","Coy, Desirée","3","SEK","1.94",".65","9789189539778","Otrogen efter noter","9789189539778 - Otrogen efter noter", Media 24 / Digibook S6993,"Leverantör","1250.88","2183.50",".00",".00","Ebook : Extended distribution","23154.81","4891.50",".00",".00",".00",".00",".00",".00",".00",".00","0","0"
6993,"2025-06-30","2025-04-01","FS540917",".00","322.80","2607.30","306.60","7774.60",".00",".00",".00",".00",".00",".00"," ","Coy, Desirée","1","SEK",".66",".66","9789189539778","Otrogen efter noter","9789189539778 - Otrogen efter noter", Media 24 / Digibook S6993,"Leverantör","1250.88","2183.50",".00",".00","Ebook : Extended distribution","23154.81","4891.50",".00",".00",".00",".00",".00",".00",".00",".00","0","0"
6993,"2025-06-30","2025-04-01","FS540917",".00","322.80","2607.30","306.60","7774.60",".00",".00",".00",".00",".00",".00"," ","Coy, Desirée","1","SEK",".70",".70","9789189539778","Otrogen efter noter","9789189539778 - Otrogen efter noter", Media 24 / Digibook S6993,"Leverantör","1250.88","2183.50",".00",".00","Ebook : Extended distribution","23154.81","4891.50",".00",".00",".00",".00",".00",".00",".00",".00","0","0"
6993,"2025-06-30","2025-04-01","FS540917",".00","322.80","2607.30","306.60","7774.60",".00",".00",".00",".00",".00",".00"," ","Coy, Desirée","2","SEK","1.70",".85","9789189539617","En oplanerad midsommar","9789189539617 - En oplanerad midsommar", Media 24 / Digibook S6993,"Leverantör","1250.88","2183.50",".00",".00","Ebook : Extended distribution","23154.81","4891.50",".00",".00",".00",".00",".00",".00",".00",".00","0","0"
6993,"2025-06-30","2025-04-01","FS540917",".00","322.80","2607.30","306.60","7774.60",".00",".00",".00",".00",".00",".00"," ","Coy, Desirée","2","SEK","1.76",".88","9789189539761","Vågspel i Spanien","9789189539761 - Vågspel i Spanien", Media 24 / Digibook S6993,"Leverantör","1250.88","2183.50",".00",".00","Ebook : Extended distribution","23154.81","4891.50",".00",".00",".00",".00",".00",".00",".00",".00","0","0"
6993,"2025-06-30","2025-04-01","FS540917",".00","322.80","2607.30","306.60","7774.60",".00",".00",".00",".00",".00",".00"," ","Coy, Desirée","1","SEK","8.60","8.60","9789189539778","Otrogen efter noter","9789189539778 - Otrogen efter noter", Media 24 / Digibook S6993,"Leverantör","1250.88","2183.50",".00",".00","Ebook : Agregated","23154.81","4891.50",".00",".00",".00",".00",".00",".00",".00",".00","0","0"
6993,"2025-06-30","2025-04-01","FS540917",".00","322.80","2607.30","306.60","7774.60",".00",".00",".00",".00",".00",".00"," ","Cravelin, Kai","1","SEK","10.99","10.99","9789189835030","Fri från beroende och psykisk ohälsa: Nykterhet och välmående genom personlig utveckling","9789189835030 - Fri från beroende och psykisk ohälsa: Nykterhet och välmående genom personlig utveckling", Media 24 / Digibook S6993,"Leverantör","1250.88","2183.50",".00",".00","Ebook : Extended distribution","23154.81","4891.50",".00",".00",".00",".00",".00",".00",".00",".00","0","0"
6993,"2025-06-30","2025-04-01","FS540917",".00","322.80","2607.30","306.60","7774.60",".00",".00",".00",".00",".00",".00"," ","Cravelin, Kai","1","SEK","28.39","28.39","9789189835061","När festen är över: Stoisk kognitiv beteendeträning vid alkoholbrukssyndrom (SKBT)","9789189835061 - När festen är över: Stoisk kognitiv beteendeträning vid alkoholbrukssyndrom (SKBT)", Media 24 / Digibook S6993,"Leverantör","1250.88","2183.50",".00",".00","Ebook : Extended distribution","23154.81","4891.50",".00",".00",".00",".00",".00",".00",".00",".00","0","0"
6993,"2025-06-30","2025-04-01","FS540917",".00","322.80","2607.30","306.60","7774.60",".00",".00",".00",".00",".00",".00"," ","Dargle, Ryan","1","SEK","11.20","11.20","9789189857193","The Manichean Departure","9789189857193 - The Manichean Departure", Media 24 / Digibook S6993,"Leverantör","1250.88","2183.50",".00",".00","Ebook : Access Loan","23154.81","4891.50",".00",".00",".00",".00",".00",".00",".00",".00","0","0"
6993,"2025-06-30","2025-04-01","FS540917",".00","322.80","2607.30","306.60","7774.60",".00",".00",".00",".00",".00",".00"," ","Dargle, Ryan","1","SEK","48.21","48.21","9789189857193","The Manichean Departure","9789189857193 - The Manichean Departure", Media 24 / Digibook S6993,"Leverantör","1250.88","2183.50",".00",".00","Ebook : Extended distribution","23154.81","4891.50",".00",".00",".00",".00",".00",".00",".00",".00","0","0"
6993,"2025-06-30","2025-04-01","FS540917",".00","322.80","2607.30","306.60","7774.60",".00",".00",".00",".00",".00",".00"," ","Deinoff, Anna-Karin","4","SEK","58.00","14.50","9789189835795","Medarbetarskap, ledarskap och allt däremellan; Lifehacks för oss mitt i (arbets)livet","9789189835795 - Medarbetarskap, ledarskap och allt däremellan; Lifehacks för oss mitt i (arbets)livet", Media 24 / Digibook S6993,"Leverantör","1250.88","2183.50",".00",".00","Audio Book : Extended distribution","23154.81","4891.50",".00",".00",".00",".00",".00",".00",".00",".00","0","0"
6993,"2025-06-30","2025-04-01","FS540917",".00","322.80","2607.30","306.60","7774.60",".00",".00",".00",".00",".00",".00"," ","Deinoff, Anna-Karin","4","SEK","60.09","15.02","9789189835795","Medarbetarskap, ledarskap och allt däremellan; Lifehacks för oss mitt i (arbets)livet","9789189835795 - Medarbetarskap, ledarskap och allt däremellan; Lifehacks för oss mitt i (arbets)livet", Media 24 / Digibook S6993,"Leverantör","1250.88","2183.50",".00",".00","Audio Book : Extended distribution","23154.81","4891.50",".00",".00",".00",".00",".00",".00",".00",".00","0","0"
6993,"2025-06-30","2025-04-01","FS540917",".00","322.80","2607.30","306.60","7774.60",".00",".00",".00",".00",".00",".00"," ","Deinoff, Anna-Karin","2","SEK","30.47","15.24","9789189835795","Medarbetarskap, ledarskap och allt däremellan; Lifehacks för oss mitt i (arbets)livet","9789189835795 - Medarbetarskap, ledarskap och allt däremellan; Lifehacks för oss mitt i (arbets)livet", Media 24 / Digibook S6993,"Leverantör","1250.88","2183.50",".00",".00","Audio Book : Extended distribution","23154.81","4891.50",".00",".00",".00",".00",".00",".00",".00",".00","0","0"
6993,"2025-06-30","2025-04-01","FS540917",".00","322.80","2607.30","306.60","7774.60",".00",".00",".00",".00",".00",".00"," ","Deinoff, Anna-Karin","2","SEK","30.87","15.44","9789189835795","Medarbetarskap, ledarskap och allt däremellan; Lifehacks för oss mitt i (arbets)livet","9789189835795 - Medarbetarskap, ledarskap och allt däremellan; Lifehacks för oss mitt i (arbets)livet", Media 24 / Digibook S6993,"Leverantör","1250.88","2183.50",".00",".00","Audio Book : Extended distribution","23154.81","4891.50",".00",".00",".00",".00",".00",".00",".00",".00","0","0"
6993,"2025-06-30","2025-04-01","FS540917",".00","322.80","2607.30","306.60","7774.60",".00",".00",".00",".00",".00",".00"," ","Deinoff, Anna-Karin","1","SEK","18.00","18.00","9789189835795","Medarbetarskap, ledarskap och allt däremellan; Lifehacks för oss mitt i (arbets)livet","9789189835795 - Medarbetarskap, ledarskap och allt däremellan; Lifehacks för oss mitt i (arbets)livet", Media 24 / Digibook S6993,"Leverantör","1250.88","2183.50",".00",".00","Audio Book : Agregated","23154.81","4891.50",".00",".00",".00",".00",".00",".00",".00",".00","0","0"
6993,"2025-06-30","2025-04-01","FS540917",".00","322.80","2607.30","306.60","7774.60",".00",".00",".00",".00",".00",".00"," ","Dohle, Charlotte","9","SEK","8.67",".96","9789189835719","Dorbe ett troll inte som andra","9789189835719 - Dorbe ett troll inte som andra", Media 24 / Digibook S6993,"Leverantör","1250.88","2183.50",".00",".00","Audio Book : Extended distribution","23154.81","4891.50",".00",".00",".00",".00",".00",".00",".00",".00","0","0"
6993,"2025-06-30","2025-04-01","FS540917",".00","322.80","2607.30","306.60","7774.60",".00",".00",".00",".00",".00",".00"," ","Dohle, Charlotte","2","SEK","1.93",".97","9789189835719","Dorbe ett troll inte som andra","9789189835719 - Dorbe ett troll inte som andra", Media 24 / Digibook S6993,"Leverantör","1250.88","2183.50",".00",".00","Audio Book : Extended distribution","23154.81","4891.50",".00",".00",".00",".00",".00",".00",".00",".00","0","0"
6993,"2025-06-30","2025-04-01","FS540917",".00","322.80","2607.30","306.60","7774.60",".00",".00",".00",".00",".00",".00"," ","Dohle, Charlotte","8","SEK","8.01","1.00","9789189835719","Dorbe ett troll inte som andra","9789189835719 - Dorbe ett troll inte som andra", Media 24 / Digibook S6993,"Leverantör","1250.88","2183.50",".00",".00","Audio Book : Extended distribution","23154.81","4891.50",".00",".00",".00",".00",".00",".00",".00",".00","0","0"
6993,"2025-06-30","2025-04-01","FS540917",".00","322.80","2607.30","306.60","7774.60",".00",".00",".00",".00",".00",".00"," ","Dohle, Charlotte","14","SEK","14.21","1.02","9789189835719","Dorbe ett troll inte som andra","9789189835719 - Dorbe ett troll inte som andra", Media 24 / Digibook S6993,"Leverantör","1250.88","2183.50",".00",".00","Audio Book : Extended distribution","23154.81","4891.50",".00",".00",".00",".00",".00",".00",".00",".00","0","0"
6993,"2025-06-30","2025-04-01","FS540917",".00","322.80","2607.30","306.60","7774.60",".00",".00",".00",".00",".00",".00"," ","Dohle, Charlotte","27","SEK","27.77","1.03","9789189835719","Dorbe ett troll inte som andra","9789189835719 - Dorbe ett troll inte som andra", Media 24 / Digibook S6993,"Leverantör","1250.88","2183.50",".00",".00","Audio Book : Extended distribution","23154.81","4891.50",".00",".00",".00",".00",".00",".00",".00",".00","0","0"
6993,"2025-06-30","2025-04-01","FS540917",".00","322.80","2607.30","306.60","7774.60",".00",".00",".00",".00",".00",".00"," ","Dohle, Charlotte","15","SEK","17.38","1.16","9789189835719","Dorbe ett troll inte som andra","9789189835719 - Dorbe ett troll inte som andra", Media 24 / Digibook S6993,"Leverantör","1250.88","2183.50",".00",".00","Audio Book : Extended distribution","23154.81","4891.50",".00",".00",".00",".00",".00",".00",".00",".00","0","0"
6993,"2025-06-30","2025-04-01","FS540917",".00","322.80","2607.30","306.60","7774.60",".00",".00",".00",".00",".00",".00"," ","Dohle, Charlotte","1","SEK","3.04","3.04","9789189835665","Heart Diamond, kraften i dig","9789189835665 - Heart Diamond, kraften i dig", Media 24 / Digibook S6993,"Leverantör","1250.88","2183.50",".00",".00","Audio Book : Extended distribution","23154.81","4891.50",".00",".00",".00",".00",".00",".00",".00",".00","0","0"
6993,"2025-06-30","2025-04-01","FS540917",".00","322.80","2607.30","306.60","7774.60",".00",".00",".00",".00",".00",".00"," ","Dohle, Charlotte","2","SEK","6.31","3.16","9789189835665","Heart Diamond, kraften i dig","9789189835665 - Heart Diamond, kraften i dig", Media 24 / Digibook S6993,"Leverantör","1250.88","2183.50",".00",".00","Audio Book : Extended distribution","23154.81","4891.50",".00",".00",".00",".00",".00",".00",".00",".00","0","0"
6993,"2025-06-30","2025-04-01","FS540917",".00","322.80","2607.30","306.60","7774.60",".00",".00",".00",".00",".00",".00"," ","Dohle, Charlotte","6","SEK","19.20","3.20","9789189835665","Heart Diamond, kraften i dig","9789189835665 - Heart Diamond, kraften i dig", Media 24 / Digibook S6993,"Leverantör","1250.88","2183.50",".00",".00","Audio Book : Extended distribution","23154.81","4891.50",".00",".00",".00",".00",".00",".00",".00",".00","0","0"
6993,"2025-06-30","2025-04-01","FS540917",".00","322.80","2607.30","306.60","7774.60",".00",".00",".00",".00",".00",".00"," ","Dohle, Charlotte","2","SEK","6.48","3.24","9789189835665","Heart Diamond, kraften i dig","9789189835665 - Heart Diamond, kraften i dig", Media 24 / Digibook S6993,"Leverantör","1250.88","2183.50",".00",".00","Audio Book : Extended distribution","23154.81","4891.50",".00",".00",".00",".00",".00",".00",".00",".00","0","0"
6993,"2025-06-30","2025-04-01","FS540917",".00","322.80","2607.30","306.60","7774.60",".00",".00",".00",".00",".00",".00"," ","Dohle, Charlotte","2","SEK","7.30","3.65","9789189835665","Heart Diamond, kraften i dig","9789189835665 - Heart Diamond, kraften i dig", Media 24 / Digibook S6993,"Leverantör","1250.88","2183.50",".00",".00","Audio Book : Extended distribution","23154.81","4891.50",".00",".00",".00",".00",".00",".00",".00",".00","0","0"
6993,"2025-06-30","2025-04-01","FS540917",".00","322.80","2607.30","306.60","7774.60",".00",".00",".00",".00",".00",".00"," ","Dohle, Charlotte","1","SEK","4.00","4.00","9789189835719","Dorbe ett troll inte som andra","9789189835719 - Dorbe ett troll inte som andra", Media 24 / Digibook S6993,"Leverantör","1250.88","2183.50",".00",".00","Audio Book : Agregated","23154.81","4891.50",".00",".00",".00",".00",".00",".00",".00",".00","0","0"
6993,"2025-06-30","2025-04-01","FS540917",".00","322.80","2607.30","306.60","7774.60",".00",".00",".00",".00",".00",".00"," ","Dohle, Charlotte","1","SEK","5.50","5.50","9789189835719","Dorbe ett troll inte som andra","9789189835719 - Dorbe ett troll inte som andra", Media 24 / Digibook S6993,"Leverantör","1250.88","2183.50",".00",".00","Audio Book : Agregated","23154.81","4891.50",".00",".00",".00",".00",".00",".00",".00",".00","0","0"
6993,"2025-06-30","2025-04-01","FS540917",".00","322.80","2607.30","306.60","7774.60",".00",".00",".00",".00",".00",".00"," ","Dohle, Charlotte","4","SEK","36.00","9.00","9789189835665","Heart Diamond, kraften i dig","9789189835665 - Heart Diamond, kraften i dig", Media 24 / Digibook S6993,"Leverantör","1250.88","2183.50",".00",".00","Audio Book : Extended distribution","23154.81","4891.50",".00",".00",".00",".00",".00",".00",".00",".00","0","0"
6993,"2025-06-30","2025-04-01","FS540917",".00","322.80","2607.30","306.60","7774.60",".00",".00",".00",".00",".00",".00"," ","Dohle, Charlotte","1","SEK","38.70","38.70","9789189835719","Dorbe ett troll inte som andra","9789189835719 - Dorbe ett troll inte som andra", Media 24 / Digibook S6993,"Leverantör","1250.88","2183.50",".00",".00","Audio Book : Buy","23154.81","4891.50",".00",".00",".00",".00",".00",".00",".00",".00","0","0"
6993,"2025-06-30","2025-04-01","FS540917",".00","322.80","2607.30","306.60","7774.60",".00",".00",".00",".00",".00",".00"," ","Dohle, Charlotte","2","SEK","153.00","76.50","9789189835665","Heart Diamond, kraften i dig","9789189835665 - Heart Diamond, kraften i dig", Media 24 / Digibook S6993,"Leverantör","1250.88","2183.50",".00",".00","Audio Book : Buy","23154.81","4891.50",".00",".00",".00",".00",".00",".00",".00",".00","0","0"
6993,"2025-06-30","2025-04-01","FS540917",".00","322.80","2607.30","306.60","7774.60",".00",".00",".00",".00",".00",".00"," ","Eddeborn, Gunilla","1","SEK","38.70","38.70","9789189835153","Hjärtats sånger: En resa genom livet","9789189835153 - Hjärtats sånger: En resa genom livet", Media 24 / Digibook S6993,"Leverantör","1250.88","2183.50",".00",".00","Ebook : Buy","23154.81","4891.50",".00",".00",".00",".00",".00",".00",".00",".00","0","0"
6993,"2025-06-30","2025-04-01","FS540917",".00","322.80","2607.30","306.60","7774.60",".00",".00",".00",".00",".00",".00"," ","Edelholt, Jan","1","SEK","51.30","51.30","9789190071144","Mannen utan värde","9789190071144 - Mannen utan värde", Media 24 / Digibook S6993,"Leverantör","1250.88","2183.50",".00",".00","Ebook : Buy","23154.81","4891.50",".00",".00",".00",".00",".00",".00",".00",".00","0","0"
6993,"2025-06-30","2025-04-01","FS540917",".00","322.80","2607.30","306.60","7774.60",".00",".00",".00",".00",".00",".00"," ","Edelholt, Jan","1","SEK","52.88","52.88","9789190071144","Mannen utan värde","9789190071144 - Mannen utan värde", Media 24 / Digibook S6993,"Leverantör","1250.88","2183.50",".00",".00","Ebook : Extended distribution","23154.81","4891.50",".00",".00",".00",".00",".00",".00",".00",".00","0","0"
6993,"2025-06-30","2025-04-01","FS540917",".00","322.80","2607.30","306.60","7774.60",".00",".00",".00",".00",".00",".00"," ","Edelholt, Jan","1","SEK","52.88","52.88","9789190071151","Coco - Mellan två världar","9789190071151 - Coco - Mellan två världar", Media 24 / Digibook S6993,"Leverantör","1250.88","2183.50",".00",".00","Ebook : Extended distribution","23154.81","4891.50",".00",".00",".00",".00",".00",".00",".00",".00","0","0"
6993,"2025-06-30","2025-04-01","FS540917",".00","322.80","2607.30","306.60","7774.60",".00",".00",".00",".00",".00",".00"," ","Ek, Agnes","2","SEK",".98",".49","9789189739772","Bang bang - erotisk novell","9789189739772 - Bang bang - erotisk novell", Media 24 / Digibook S6993,"Leverantör","1250.88","2183.50",".00",".00","Audio Book : Extended distribution","23154.81","4891.50",".00",".00",".00",".00",".00",".00",".00",".00","0","0"
6993,"2025-06-30","2025-04-01","FS540917",".00","322.80","2607.30","306.60","7774.60",".00",".00",".00",".00",".00",".00"," ","Ek, Agnes","1","SEK",".51",".51","9789189739772","Bang bang - erotisk novell","9789189739772 - Bang bang - erotisk novell", Media 24 / Digibook S6993,"Leverantör","1250.88","2183.50",".00",".00","Audio Book : Extended distribution","23154.81","4891.50",".00",".00",".00",".00",".00",".00",".00",".00","0","0"
6993,"2025-06-30","2025-04-01","FS540917",".00","322.80","2607.30","306.60","7774.60",".00",".00",".00",".00",".00",".00"," ","Ek, Agnes","1","SEK",".52",".52","9789189739772","Bang bang - erotisk novell","9789189739772 - Bang bang - erotisk novell", Media 24 / Digibook S6993,"Leverantör","1250.88","2183.50",".00",".00","Audio Book : Extended distribution","23154.81","4891.50",".00",".00",".00",".00",".00",".00",".00",".00","0","0"
6993,"2025-06-30","2025-04-01","FS540917",".00","322.80","2607.30","306.60","7774.60",".00",".00",".00",".00",".00",".00"," ","Ek, Agnes","2","SEK","1.20",".60","9789189739772","Bang bang - erotisk novell","9789189739772 - Bang bang - erotisk novell", Media 24 / Digibook S6993,"Leverantör","1250.88","2183.50",".00",".00","Audio Book : Extended distribution","23154.81","4891.50",".00",".00",".00",".00",".00",".00",".00",".00","0","0"
6993,"2025-06-30","2025-04-01","FS540917",".00","322.80","2607.30","306.60","7774.60",".00",".00",".00",".00",".00",".00"," ","Ek, Agnes","2","SEK","1.82",".91","9789189835207","Hennes begär - erotisk novell","9789189835207 - Hennes begär - erotisk novell", Media 24 / Digibook S6993,"Leverantör","1250.88","2183.50",".00",".00","Ebook : Extended distribution","23154.81","4891.50",".00",".00",".00",".00",".00",".00",".00",".00","0","0"
6993,"2025-06-30","2025-04-01","FS540917",".00","322.80","2607.30","306.60","7774.60",".00",".00",".00",".00",".00",".00"," ","Ek, Agnes","2","SEK","1.85",".93","9789189739499","Kättja med kedja - erotisk novell","9789189739499 - Kättja med kedja - erotisk novell", Media 24 / Digibook S6993,"Leverantör","1250.88","2183.50",".00",".00","Ebook : Extended distribution","23154.81","4891.50",".00",".00",".00",".00",".00",".00",".00",".00","0","0"
6993,"2025-06-30","2025-04-01","FS540917",".00","322.80","2607.30","306.60","7774.60",".00",".00",".00",".00",".00",".00"," ","Ek, Agnes","2","SEK","1.88",".94","9789189739499","Kättja med kedja - erotisk novell","9789189739499 - Kättja med kedja - erotisk novell", Media 24 / Digibook S6993,"Leverantör","1250.88","2183.50",".00",".00","Ebook : Extended distribution","23154.81","4891.50",".00",".00",".00",".00",".00",".00",".00",".00","0","0"
6993,"2025-06-30","2025-04-01","FS540917",".00","322.80","2607.30","306.60","7774.60",".00",".00",".00",".00",".00",".00"," ","Ek, Agnes","5","SEK","4.76",".95","9789189739499","Kättja med kedja - erotisk novell","9789189739499 - Kättja med kedja - erotisk novell", Media 24 / Digibook S6993,"Leverantör","1250.88","2183.50",".00",".00","Ebook : Extended distribution","23154.81","4891.50",".00",".00",".00",".00",".00",".00",".00",".00","0","0"
6993,"2025-06-30","2025-04-01","FS540917",".00","322.80","2607.30","306.60","7774.60",".00",".00",".00",".00",".00",".00"," ","Ek, Agnes","2","SEK","1.99","1.00","9789189835207","Hennes begär - erotisk novell","9789189835207 - Hennes begär - erotisk novell", Media 24 / Digibook S6993,"Leverantör","1250.88","2183.50",".00",".00","Ebook : Extended distribution","23154.81","4891.50",".00",".00",".00",".00",".00",".00",".00",".00","0","0"
6993,"2025-06-30","2025-04-01","FS540917",".00","322.80","2607.30","306.60","7774.60",".00",".00",".00",".00",".00",".00"," ","Ek, Agnes","1","SEK","1.02","1.02","9789189739499","Kättja med kedja - erotisk novell","9789189739499 - Kättja med kedja - erotisk novell", Media 24 / Digibook S6993,"Leverantör","1250.88","2183.50",".00",".00","Ebook : Extended distribution","23154.81","4891.50",".00",".00",".00",".00",".00",".00",".00",".00","0","0"
6993,"2025-06-30","2025-04-01","FS540917",".00","322.80","2607.30","306.60","7774.60",".00",".00",".00",".00",".00",".00"," ","Ek, Agnes","3","SEK","3.06","1.02","9789189835207","Hennes begär - erotisk novell","9789189835207 - Hennes begär - erotisk novell", Media 24 / Digibook S6993,"Leverantör","1250.88","2183.50",".00",".00","Ebook : Extended distribution","23154.81","4891.50",".00",".00",".00",".00",".00",".00",".00",".00","0","0"
6993,"2025-06-30","2025-04-01","FS540917",".00","322.80","2607.30","306.60","7774.60",".00",".00",".00",".00",".00",".00"," ","Ek, Agnes","2","SEK","2.06","1.03","9789189739758","Kättja med kedja - erotisk novell","9789189739758 - Kättja med kedja - erotisk novell", Media 24 / Digibook S6993,"Leverantör","1250.88","2183.50",".00",".00","Audio Book : Extended distribution","23154.81","4891.50",".00",".00",".00",".00",".00",".00",".00",".00","0","0"
6993,"2025-06-30","2025-04-01","FS540917",".00","322.80","2607.30","306.60","7774.60",".00",".00",".00",".00",".00",".00"," ","Ek, Agnes","4","SEK","4.16","1.04","9789189739482","Passion vid havet - erotisk novell","9789189739482 - Passion vid havet - erotisk novell", Media 24 / Digibook S6993,"Leverantör","1250.88","2183.50",".00",".00","Ebook : Extended distribution","23154.81","4891.50",".00",".00",".00",".00",".00",".00",".00",".00","0","0"
6993,"2025-06-30","2025-04-01","FS540917",".00","322.80","2607.30","306.60","7774.60",".00",".00",".00",".00",".00",".00"," ","Ek, Agnes","2","SEK","2.08","1.04","9789189739680","En smak av vår - erotisk novell","9789189739680 - En smak av vår - erotisk novell", Media 24 / Digibook S6993,"Leverantör","1250.88","2183.50",".00",".00","Ebook : Extended distribution","23154.81","4891.50",".00",".00",".00",".00",".00",".00",".00",".00","0","0"
6993,"2025-06-30","2025-04-01","FS540917",".00","322.80","2607.30","306.60","7774.60",".00",".00",".00",".00",".00",".00"," ","Ek, Agnes","3","SEK","3.16","1.05","9789189739482","Passion vid havet - erotisk novell","9789189739482 - Passion vid havet - erotisk novell", Media 24 / Digibook S6993,"Leverantör","1250.88","2183.50",".00",".00","Ebook : Extended distribution","23154.81","4891.50",".00",".00",".00",".00",".00",".00",".00",".00","0","0"
6993,"2025-06-30","2025-04-01","FS540917",".00","322.80","2607.30","306.60","7774.60",".00",".00",".00",".00",".00",".00"," ","Ek, Agnes","1","SEK","1.06","1.06","9789189739758","Kättja med kedja - erotisk novell","9789189739758 - Kättja med kedja - erotisk novell", Media 24 / Digibook S6993,"Leverantör","1250.88","2183.50",".00",".00","Audio Book : Extended distribution","23154.81","4891.50",".00",".00",".00",".00",".00",".00",".00",".00","0","0"
6993,"2025-06-30","2025-04-01","FS540917",".00","322.80","2607.30","306.60","7774.60",".00",".00",".00",".00",".00",".00"," ","Ek, Agnes","2","SEK","2.13","1.07","9789189739680","En smak av vår - erotisk novell","9789189739680 - En smak av vår - erotisk novell", Media 24 / Digibook S6993,"Leverantör","1250.88","2183.50",".00",".00","Ebook : Extended distribution","23154.81","4891.50",".00",".00",".00",".00",".00",".00",".00",".00","0","0"
6993,"2025-06-30","2025-04-01","FS540917",".00","322.80","2607.30","306.60","7774.60",".00",".00",".00",".00",".00",".00"," ","Ek, Agnes","1","SEK","1.07","1.07","9789189739758","Kättja med kedja - erotisk novell","9789189739758 - Kättja med kedja - erotisk novell", Media 24 / Digibook S6993,"Leverantör","1250.88","2183.50",".00",".00","Audio Book : Extended distribution","23154.81","4891.50",".00",".00",".00",".00",".00",".00",".00",".00","0","0"
6993,"2025-06-30","2025-04-01","FS540917",".00","322.80","2607.30","306.60","7774.60",".00",".00",".00",".00",".00",".00"," ","Ek, Agnes","1","SEK","1.08","1.08","9789189835207","Hennes begär - erotisk novell","9789189835207 - Hennes begär - erotisk novell", Media 24 / Digibook S6993,"Leverantör","1250.88","2183.50",".00",".00","Ebook : Extended distribution","23154.81","4891.50",".00",".00",".00",".00",".00",".00",".00",".00","0","0"
6993,"2025-06-30","2025-04-01","FS540917",".00","322.80","2607.30","306.60","7774.60",".00",".00",".00",".00",".00",".00"," ","Ek, Agnes","1","SEK","1.09","1.09","9789189739758","Kättja med kedja - erotisk novell","9789189739758 - Kättja med kedja - erotisk novell", Media 24 / Digibook S6993,"Leverantör","1250.88","2183.50",".00",".00","Audio Book : Extended distribution","23154.81","4891.50",".00",".00",".00",".00",".00",".00",".00",".00","0","0"
6993,"2025-06-30","2025-04-01","FS540917",".00","322.80","2607.30","306.60","7774.60",".00",".00",".00",".00",".00",".00"," ","Ek, Agnes","2","SEK","2.17","1.09","9789189835207","Hennes begär - erotisk novell","9789189835207 - Hennes begär - erotisk novell", Media 24 / Digibook S6993,"Leverantör","1250.88","2183.50",".00",".00","Ebook : Extended distribution","23154.81","4891.50",".00",".00",".00",".00",".00",".00",".00",".00","0","0"
6993,"2025-06-30","2025-04-01","FS540917",".00","322.80","2607.30","306.60","7774.60",".00",".00",".00",".00",".00",".00"," ","Ek, Agnes","3","SEK","3.30","1.10","9789189739802","Het motion - erotisk novell","9789189739802 - Het motion - erotisk novell", Media 24 / Digibook S6993,"Leverantör","1250.88","2183.50",".00",".00","Audio Book : Extended distribution","23154.81","4891.50",".00",".00",".00",".00",".00",".00",".00",".00","0","0"
6993,"2025-06-30","2025-04-01","FS540917",".00","322.80","2607.30","306.60","7774.60",".00",".00",".00",".00",".00",".00"," ","Ek, Agnes","2","SEK","2.20","1.10","9789189835139","Hennes begär - erotisk novell","9789189835139 - Hennes begär - erotisk novell", Media 24 / Digibook S6993,"Leverantör","1250.88","2183.50",".00",".00","Audio Book : Extended distribution","23154.81","4891.50",".00",".00",".00",".00",".00",".00",".00",".00","0","0"
6993,"2025-06-30","2025-04-01","FS540917",".00","322.80","2607.30","306.60","7774.60",".00",".00",".00",".00",".00",".00"," ","Ek, Agnes","1","SEK","1.11","1.11","9789189835016","Sommarlust - erotisk novell","9789189835016 - Sommarlust - erotisk novell", Media 24 / Digibook S6993,"Leverantör","1250.88","2183.50",".00",".00","Audio Book : Extended distribution","23154.81","4891.50",".00",".00",".00",".00",".00",".00",".00",".00","0","0"
6993,"2025-06-30","2025-04-01","FS540917",".00","322.80","2607.30","306.60","7774.60",".00",".00",".00",".00",".00",".00"," ","Ek, Agnes","2","SEK","2.25","1.13","9789189835610","Passion vid havet - erotisk novell","9789189835610 - Passion vid havet - erotisk novell", Media 24 / Digibook S6993,"Leverantör","1250.88","2183.50",".00",".00","Audio Book : Extended distribution","23154.81","4891.50",".00",".00",".00",".00",".00",".00",".00",".00","0","0"
6993,"2025-06-30","2025-04-01","FS540917",".00","322.80","2607.30","306.60","7774.60",".00",".00",".00",".00",".00",".00"," ","Ek, Agnes","1","SEK","1.17","1.17","9789189739802","Het motion - erotisk novell","9789189739802 - Het motion - erotisk novell", Media 24 / Digibook S6993,"Leverantör","1250.88","2183.50",".00",".00","Audio Book : Extended distribution","23154.81","4891.50",".00",".00",".00",".00",".00",".00",".00",".00","0","0"
6993,"2025-06-30","2025-04-01","FS540917",".00","322.80","2607.30","306.60","7774.60",".00",".00",".00",".00",".00",".00"," ","Ek, Agnes","2","SEK","2.33","1.17","9789189835139","Hennes begär - erotisk novell","9789189835139 - Hennes begär - erotisk novell", Media 24 / Digibook S6993,"Leverantör","1250.88","2183.50",".00",".00","Audio Book : Extended distribution","23154.81","4891.50",".00",".00",".00",".00",".00",".00",".00",".00","0","0"
6993,"2025-06-30","2025-04-01","FS540917",".00","322.80","2607.30","306.60","7774.60",".00",".00",".00",".00",".00",".00"," ","Ek, Agnes","2","SEK","2.33","1.17","9789189835610","Passion vid havet - erotisk novell","9789189835610 - Passion vid havet - erotisk novell", Media 24 / Digibook S6993,"Leverantör","1250.88","2183.50",".00",".00","Audio Book : Extended distribution","23154.81","4891.50",".00",".00",".00",".00",".00",".00",".00",".00","0","0"
6993,"2025-06-30","2025-04-01","FS540917",".00","322.80","2607.30","306.60","7774.60",".00",".00",".00",".00",".00",".00"," ","Ek, Agnes","2","SEK","2.35","1.18","9789189835016","Sommarlust - erotisk novell","9789189835016 - Sommarlust - erotisk novell", Media 24 / Digibook S6993,"Leverantör","1250.88","2183.50",".00",".00","Audio Book : Extended distribution","23154.81","4891.50",".00",".00",".00",".00",".00",".00",".00",".00","0","0"
6993,"2025-06-30","2025-04-01","FS540917",".00","322.80","2607.30","306.60","7774.60",".00",".00",".00",".00",".00",".00"," ","Ek, Agnes","1","SEK","1.18","1.18","9789189835610","Passion vid havet - erotisk novell","9789189835610 - Passion vid havet - erotisk novell", Media 24 / Digibook S6993,"Leverantör","1250.88","2183.50",".00",".00","Audio Book : Extended distribution","23154.81","4891.50",".00",".00",".00",".00",".00",".00",".00",".00","0","0"
6993,"2025-06-30","2025-04-01","FS540917",".00","322.80","2607.30","306.60","7774.60",".00",".00",".00",".00",".00",".00"," ","Ek, Agnes","1","SEK","1.23","1.23","9789189739758","Kättja med kedja - erotisk novell","9789189739758 - Kättja med kedja - erotisk novell", Media 24 / Digibook S6993,"Leverantör","1250.88","2183.50",".00",".00","Audio Book : Extended distribution","23154.81","4891.50",".00",".00",".00",".00",".00",".00",".00",".00","0","0"
6993,"2025-06-30","2025-04-01","FS540917",".00","322.80","2607.30","306.60","7774.60",".00",".00",".00",".00",".00",".00"," ","Ek, Agnes","1","SEK","1.32","1.32","9789189739802","Het motion - erotisk novell","9789189739802 - Het motion - erotisk novell", Media 24 / Digibook S6993,"Leverantör","1250.88","2183.50",".00",".00","Audio Book : Extended distribution","23154.81","4891.50",".00",".00",".00",".00",".00",".00",".00",".00","0","0"
6993,"2025-06-30","2025-04-01","FS540917",".00","322.80","2607.30","306.60","7774.60",".00",".00",".00",".00",".00",".00"," ","Ek, Agnes","2","SEK","2.63","1.32","9789189835139","Hennes begär - erotisk novell","9789189835139 - Hennes begär - erotisk novell", Media 24 / Digibook S6993,"Leverantör","1250.88","2183.50",".00",".00","Audio Book : Extended distribution","23154.81","4891.50",".00",".00",".00",".00",".00",".00",".00",".00","0","0"
6993,"2025-06-30","2025-04-01","FS540917",".00","322.80","2607.30","306.60","7774.60",".00",".00",".00",".00",".00",".00"," ","Ek, Agnes","2","SEK","2.65","1.33","9789189739802","Het motion - erotisk novell","9789189739802 - Het motion - erotisk novell", Media 24 / Digibook S6993,"Leverantör","1250.88","2183.50",".00",".00","Audio Book : Extended distribution","23154.81","4891.50",".00",".00",".00",".00",".00",".00",".00",".00","0","0"
6993,"2025-06-30","2025-04-01","FS540917",".00","322.80","2607.30","306.60","7774.60",".00",".00",".00",".00",".00",".00"," ","Ek, Agnes","5","SEK","6.64","1.33","9789189835016","Sommarlust - erotisk novell","9789189835016 - Sommarlust - erotisk novell", Media 24 / Digibook S6993,"Leverantör","1250.88","2183.50",".00",".00","Audio Book : Extended distribution","23154.81","4891.50",".00",".00",".00",".00",".00",".00",".00",".00","0","0"
6993,"2025-06-30","2025-04-01","FS540917",".00","322.80","2607.30","306.60","7774.60",".00",".00",".00",".00",".00",".00"," ","Ek, Agnes","1","SEK","1.35","1.35","9789189835610","Passion vid havet - erotisk novell","9789189835610 - Passion vid havet - erotisk novell", Media 24 / Digibook S6993,"Leverantör","1250.88","2183.50",".00",".00","Audio Book : Extended distribution","23154.81","4891.50",".00",".00",".00",".00",".00",".00",".00",".00","0","0"
6993,"2025-06-30","2025-04-01","FS540917",".00","322.80","2607.30","306.60","7774.60",".00",".00",".00",".00",".00",".00"," ","Ek, Agnes","1","SEK","1.67","1.67","9789189835016","Sommarlust - erotisk novell","9789189835016 - Sommarlust - erotisk novell", Media 24 / Digibook S6993,"Leverantör","1250.88","2183.50",".00",".00","Audio Book : Extended distribution","23154.81","4891.50",".00",".00",".00",".00",".00",".00",".00",".00","0","0"
6993,"2025-06-30","2025-04-01","FS540917",".00","322.80","2607.30","306.60","7774.60",".00",".00",".00",".00",".00",".00"," ","Ek, Agnes","1","SEK","1.72","1.72","9789189835368","Svart lust - erotisk novell","9789189835368 - Svart lust - erotisk novell", Media 24 / Digibook S6993,"Leverantör","1250.88","2183.50",".00",".00","Ebook : Extended distribution","23154.81","4891.50",".00",".00",".00",".00",".00",".00",".00",".00","0","0"
6993,"2025-06-30","2025-04-01","FS540917",".00","322.80","2607.30","306.60","7774.60",".00",".00",".00",".00",".00",".00"," ","Ek, Agnes","1","SEK","1.84","1.84","9789189835375","Svart lust - erotisk novell","9789189835375 - Svart lust - erotisk novell", Media 24 / Digibook S6993,"Leverantör","1250.88","2183.50",".00",".00","Audio Book : Extended distribution","23154.81","4891.50",".00",".00",".00",".00",".00",".00",".00",".00","0","0"
6993,"2025-06-30","2025-04-01","FS540917",".00","322.80","2607.30","306.60","7774.60",".00",".00",".00",".00",".00",".00"," ","Ek, Agnes","1","SEK","1.90","1.90","9789189835375","Svart lust - erotisk novell","9789189835375 - Svart lust - erotisk novell", Media 24 / Digibook S6993,"Leverantör","1250.88","2183.50",".00",".00","Audio Book : Extended distribution","23154.81","4891.50",".00",".00",".00",".00",".00",".00",".00",".00","0","0"
6993,"2025-06-30","2025-04-01","FS540917",".00","322.80","2607.30","306.60","7774.60",".00",".00",".00",".00",".00",".00"," ","Ek, Agnes","2","SEK","3.86","1.93","9789189835368","Svart lust - erotisk novell","9789189835368 - Svart lust - erotisk novell", Media 24 / Digibook S6993,"Leverantör","1250.88","2183.50",".00",".00","Ebook : Extended distribution","23154.81","4891.50",".00",".00",".00",".00",".00",".00",".00",".00","0","0"
6993,"2025-06-30","2025-04-01","FS540917",".00","322.80","2607.30","306.60","7774.60",".00",".00",".00",".00",".00",".00"," ","Ek, Agnes","4","SEK","7.71","1.93","9789189835375","Svart lust - erotisk novell","9789189835375 - Svart lust - erotisk novell", Media 24 / Digibook S6993,"Leverantör","1250.88","2183.50",".00",".00","Audio Book : Extended distribution","23154.81","4891.50",".00",".00",".00",".00",".00",".00",".00",".00","0","0"
6993,"2025-06-30","2025-04-01","FS540917",".00","322.80","2607.30","306.60","7774.60",".00",".00",".00",".00",".00",".00"," ","Ek, Agnes","3","SEK","5.86","1.95","9789189835375","Svart lust - erotisk novell","9789189835375 - Svart lust - erotisk novell", Media 24 / Digibook S6993,"Leverantör","1250.88","2183.50",".00",".00","Audio Book : Extended distribution","23154.81","4891.50",".00",".00",".00",".00",".00",".00",".00",".00","0","0"
6993,"2025-06-30","2025-04-01","FS540917",".00","322.80","2607.30","306.60","7774.60",".00",".00",".00",".00",".00",".00"," ","Ek, Agnes","1","SEK","2.00","2.00","9789189739772","Bang bang - erotisk novell","9789189739772 - Bang bang - erotisk novell", Media 24 / Digibook S6993,"Leverantör","1250.88","2183.50",".00",".00","Audio Book : Agregated","23154.81","4891.50",".00",".00",".00",".00",".00",".00",".00",".00","0","0"
6993,"2025-06-30","2025-04-01","FS540917",".00","322.80","2607.30","306.60","7774.60",".00",".00",".00",".00",".00",".00"," ","Ek, Agnes","1","SEK","2.21","2.21","9789189835375","Svart lust - erotisk novell","9789189835375 - Svart lust - erotisk novell", Media 24 / Digibook S6993,"Leverantör","1250.88","2183.50",".00",".00","Audio Book : Extended distribution","23154.81","4891.50",".00",".00",".00",".00",".00",".00",".00",".00","0","0"
6993,"2025-06-30","2025-04-01","FS540917",".00","322.80","2607.30","306.60","7774.60",".00",".00",".00",".00",".00",".00"," ","Ek, Agnes","1","SEK","4.00","4.00","9789189739758","Kättja med kedja - erotisk novell","9789189739758 - Kättja med kedja - erotisk novell", Media 24 / Digibook S6993,"Leverantör","1250.88","2183.50",".00",".00","Audio Book : Agregated","23154.81","4891.50",".00",".00",".00",".00",".00",".00",".00",".00","0","0"
6993,"2025-06-30","2025-04-01","FS540917",".00","322.80","2607.30","306.60","7774.60",".00",".00",".00",".00",".00",".00"," ","Ek, Agnes","1","SEK","5.00","5.00","9789189739499","Kättja med kedja - erotisk novell","9789189739499 - Kättja med kedja - erotisk novell", Media 24 / Digibook S6993,"Leverantör","1250.88","2183.50",".00",".00","Ebook : Access Loan","23154.81","4891.50",".00",".00",".00",".00",".00",".00",".00",".00","0","0"
6993,"2025-06-30","2025-04-01","FS540917",".00","322.80","2607.30","306.60","7774.60",".00",".00",".00",".00",".00",".00"," ","Ek, Agnes","1","SEK","5.00","5.00","9789189835207","Hennes begär - erotisk novell","9789189835207 - Hennes begär - erotisk novell", Media 24 / Digibook S6993,"Leverantör","1250.88","2183.50",".00",".00","Ebook : Access Loan","23154.81","4891.50",".00",".00",".00",".00",".00",".00",".00",".00","0","0"
6993,"2025-06-30","2025-04-01","FS540917",".00","322.80","2607.30","306.60","7774.60",".00",".00",".00",".00",".00",".00"," ","Ek, Agnes","2","SEK","18.00","9.00","9789189835016","Sommarlust - erotisk novell","9789189835016 - Sommarlust - erotisk novell", Media 24 / Digibook S6993,"Leverantör","1250.88","2183.50",".00",".00","Audio Book : Extended distribution","23154.81","4891.50",".00",".00",".00",".00",".00",".00",".00",".00","0","0"
6993,"2025-06-30","2025-04-01","FS540917",".00","322.80","2607.30","306.60","7774.60",".00",".00",".00",".00",".00",".00"," ","Ek, Agnes","2","SEK","18.00","9.00","9789189835139","Hennes begär - erotisk novell","9789189835139 - Hennes begär - erotisk novell", Media 24 / Digibook S6993,"Leverantör","1250.88","2183.50",".00",".00","Audio Book : Extended distribution","23154.81","4891.50",".00",".00",".00",".00",".00",".00",".00",".00","0","0"
6993,"2025-06-30","2025-04-01","FS540917",".00","322.80","2607.30","306.60","7774.60",".00",".00",".00",".00",".00",".00"," ","Ek, Agnes","1","SEK","9.00","9.00","9789189835207","Hennes begär - erotisk novell","9789189835207 - Hennes begär - erotisk novell", Media 24 / Digibook S6993,"Leverantör","1250.88","2183.50",".00",".00","Ebook : Extended distribution","23154.81","4891.50",".00",".00",".00",".00",".00",".00",".00",".00","0","0"
6993,"2025-06-30","2025-04-01","FS540917",".00","322.80","2607.30","306.60","7774.60",".00",".00",".00",".00",".00",".00"," ","Ek, Agnes","1","SEK","9.00","9.00","9789189835375","Svart lust - erotisk novell","9789189835375 - Svart lust - erotisk novell", Media 24 / Digibook S6993,"Leverantör","1250.88","2183.50",".00",".00","Audio Book : Extended distribution","23154.81","4891.50",".00",".00",".00",".00",".00",".00",".00",".00","0","0"
6993,"2025-06-30","2025-04-01","FS540917",".00","322.80","2607.30","306.60","7774.60",".00",".00",".00",".00",".00",".00"," ","Ek, Agnes","1","SEK","9.60","9.60","9789189835368","Svart lust - erotisk novell","9789189835368 - Svart lust - erotisk novell", Media 24 / Digibook S6993,"Leverantör","1250.88","2183.50",".00",".00","Ebook : Access Loan","23154.81","4891.50",".00",".00",".00",".00",".00",".00",".00",".00","0","0"
6993,"2025-06-30","2025-04-01","FS540917",".00","322.80","2607.30","306.60","7774.60",".00",".00",".00",".00",".00",".00"," ","Ek, Agnes","1","SEK","13.90","13.90","9789189739680","En smak av vår - erotisk novell","9789189739680 - En smak av vår - erotisk novell", Media 24 / Digibook S6993,"Leverantör","1250.88","2183.50",".00",".00","Ebook : Agregated","23154.81","4891.50",".00",".00",".00",".00",".00",".00",".00",".00","0","0"
6993,"2025-06-30","2025-04-01","FS540917",".00","322.80","2607.30","306.60","7774.60",".00",".00",".00",".00",".00",".00"," ","Ek, Agnes","1","SEK","28.80","28.80","9789189835368","Svart lust - erotisk novell","9789189835368 - Svart lust - erotisk novell", Media 24 / Digibook S6993,"Leverantör","1250.88","2183.50",".00",".00","Ebook : Buy","23154.81","4891.50",".00",".00",".00",".00",".00",".00",".00",".00","0","0"
6993,"2025-06-30","2025-04-01","FS540917",".00","322.80","2607.30","306.60","7774.60",".00",".00",".00",".00",".00",".00"," ","Ek, Agnes","1","SEK","28.80","28.80","9789189835368","Svart lust - erotisk novell","9789189835368 - Svart lust - erotisk novell", Media 24 / Digibook S6993,"Leverantör","1250.88","2183.50",".00",".00","Ebook : Extended distribution","23154.81","4891.50",".00",".00",".00",".00",".00",".00",".00",".00","0","0"
6993,"2025-06-30","2025-04-01","FS540917",".00","322.80","2607.30","306.60","7774.60",".00",".00",".00",".00",".00",".00"," ","Ek, Agnes","7","SEK","201.60","28.80","9789189835375","Svart lust - erotisk novell","9789189835375 - Svart lust - erotisk novell", Media 24 / Digibook S6993,"Leverantör","1250.88","2183.50",".00",".00","Audio Book : Buy","23154.81","4891.50",".00",".00",".00",".00",".00",".00",".00",".00","0","0"
6993,"2025-06-30","2025-04-01","FS540917",".00","322.80","2607.30","306.60","7774.60",".00",".00",".00",".00",".00",".00"," ","Ekborg, Kjell","1","SEK","3.77","3.77","9789189739512","Radiumflickorna, en vandring på dödens stig","9789189739512 - Radiumflickorna, en vandring på dödens stig", Media 24 / Digibook S6993,"Leverantör","1250.88","2183.50",".00",".00","Ebook : Extended distribution","23154.81","4891.50",".00",".00",".00",".00",".00",".00",".00",".00","0","0"
6993,"2025-06-30","2025-04-01","FS540917",".00","322.80","2607.30","306.60","7774.60",".00",".00",".00",".00",".00",".00"," ","Ekborg, Kjell","1","SEK","18.00","18.00","9789189739512","Radiumflickorna, en vandring på dödens stig","9789189739512 - Radiumflickorna, en vandring på dödens stig", Media 24 / Digibook S6993,"Leverantör","1250.88","2183.50",".00",".00","Ebook : Extended distribution","23154.81","4891.50",".00",".00",".00",".00",".00",".00",".00",".00","0","0"
6993,"2025-06-30","2025-04-01","FS540917",".00","322.80","2607.30","306.60","7774.60",".00",".00",".00",".00",".00",".00"," ","Ekman, Cecilia","1","SEK","11.39","11.39","9789189539242","Det sanna ljuset i tillvaron - Om existentiell balans och välbefinnande","9789189539242 - Det sanna ljuset i tillvaron - Om existentiell balans och välbefinnande", Media 24 / Digibook S6993,"Leverantör","1250.88","2183.50",".00",".00","Audio Book : Extended distribution","23154.81","4891.50",".00",".00",".00",".00",".00",".00",".00",".00","0","0"
6993,"2025-06-30","2025-04-01","FS540917",".00","322.80","2607.30","306.60","7774.60",".00",".00",".00",".00",".00",".00"," ","Elffors Skogkär, Karin","1","SEK","7.00","7.00","9789189857735","Arbetsförnedringen och jag – Ett drama i tre faser","9789189857735 - Arbetsförnedringen och jag – Ett drama i tre faser", Media 24 / Digibook S6993,"Leverantör","1250.88","2183.50",".00",".00","Ebook : Access Loan","23154.81","4891.50",".00",".00",".00",".00",".00",".00",".00",".00","0","0"
6993,"2025-06-30","2025-04-01","FS540917",".00","322.80","2607.30","306.60","7774.60",".00",".00",".00",".00",".00",".00"," ","Elffors Skogkär, Karin","1","SEK","7.00","7.00","9789189857919","Arbetsförnedringen och jag – Ett drama i tre faser","9789189857919 - Arbetsförnedringen och jag – Ett drama i tre faser", Media 24 / Digibook S6993,"Leverantör","1250.88","2183.50",".00",".00","Audio Book : Access Loan","23154.81","4891.50",".00",".00",".00",".00",".00",".00",".00",".00","0","0"
6993,"2025-06-30","2025-04-01","FS540917",".00","322.80","2607.30","306.60","7774.60",".00",".00",".00",".00",".00",".00"," ","Elffors Skogkär, Karin","6","SEK","52.85","8.81","9789189857735","Arbetsförnedringen och jag – Ett drama i tre faser","9789189857735 - Arbetsförnedringen och jag – Ett drama i tre faser", Media 24 / Digibook S6993,"Leverantör","1250.88","2183.50",".00",".00","Ebook : Extended distribution","23154.81","4891.50",".00",".00",".00",".00",".00",".00",".00",".00","0","0"
6993,"2025-06-30","2025-04-01","FS540917",".00","322.80","2607.30","306.60","7774.60",".00",".00",".00",".00",".00",".00"," ","Elffors Skogkär, Karin","1","SEK","13.92","13.92","9789189857919","Arbetsförnedringen och jag – Ett drama i tre faser","9789189857919 - Arbetsförnedringen och jag – Ett drama i tre faser", Media 24 / Digibook S6993,"Leverantör","1250.88","2183.50",".00",".00","Audio Book : Extended distribution","23154.81","4891.50",".00",".00",".00",".00",".00",".00",".00",".00","0","0"
6993,"2025-06-30","2025-04-01","FS540917",".00","322.80","2607.30","306.60","7774.60",".00",".00",".00",".00",".00",".00"," ","Elffors Skogkär, Karin","17","SEK","240.04","14.12","9789189857919","Arbetsförnedringen och jag – Ett drama i tre faser","9789189857919 - Arbetsförnedringen och jag – Ett drama i tre faser", Media 24 / Digibook S6993,"Leverantör","1250.88","2183.50",".00",".00","Audio Book : Extended distribution","23154.81","4891.50",".00",".00",".00",".00",".00",".00",".00",".00","0","0"
6993,"2025-06-30","2025-04-01","FS540917",".00","322.80","2607.30","306.60","7774.60",".00",".00",".00",".00",".00",".00"," ","Elffors Skogkär, Karin","3","SEK","48.38","16.13","9789189857919","Arbetsförnedringen och jag – Ett drama i tre faser","9789189857919 - Arbetsförnedringen och jag – Ett drama i tre faser", Media 24 / Digibook S6993,"Leverantör","1250.88","2183.50",".00",".00","Audio Book : Extended distribution","23154.81","4891.50",".00",".00",".00",".00",".00",".00",".00",".00","0","0"
6993,"2025-06-30","2025-04-01","FS540917",".00","322.80","2607.30","306.60","7774.60",".00",".00",".00",".00",".00",".00"," ","Elffors Skogkär, Karin","4","SEK","122.40","30.60","9789189857735","Arbetsförnedringen och jag – Ett drama i tre faser","9789189857735 - Arbetsförnedringen och jag – Ett drama i tre faser", Media 24 / Digibook S6993,"Leverantör","1250.88","2183.50",".00",".00","Ebook : Buy","23154.81","4891.50",".00",".00",".00",".00",".00",".00",".00",".00","0","0"
6993,"2025-06-30","2025-04-01","FS540917",".00","322.80","2607.30","306.60","7774.60",".00",".00",".00",".00",".00",".00"," ","Elffors Skogkär, Karin","10","SEK","360.00","36.00","9789189857919","Arbetsförnedringen och jag – Ett drama i tre faser","9789189857919 - Arbetsförnedringen och jag – Ett drama i tre faser", Media 24 / Digibook S6993,"Leverantör","1250.88","2183.50",".00",".00","Audio Book : Agregated","23154.81","4891.50",".00",".00",".00",".00",".00",".00",".00",".00","0","0"
6993,"2025-06-30","2025-04-01","FS540917",".00","322.80","2607.30","306.60","7774.60",".00",".00",".00",".00",".00",".00"," ","Elffors Skogkär, Karin","3","SEK","189.00","63.00","9789189857735","Arbetsförnedringen och jag – Ett drama i tre faser","9789189857735 - Arbetsförnedringen och jag – Ett drama i tre faser", Media 24 / Digibook S6993,"Leverantör","1250.88","2183.50",".00",".00","Ebook : Agregated","23154.81","4891.50",".00",".00",".00",".00",".00",".00",".00",".00","0","0"
6993,"2025-06-30","2025-04-01","FS540917",".00","322.80","2607.30","306.60","7774.60",".00",".00",".00",".00",".00",".00"," ","Elmberg, Martin","1","SEK","21.81","21.81","9789189857520","Dödsblomman vid världens ände","9789189857520 - Dödsblomman vid världens ände", Media 24 / Digibook S6993,"Leverantör","1250.88","2183.50",".00",".00","Ebook : Extended distribution","23154.81","4891.50",".00",".00",".00",".00",".00",".00",".00",".00","0","0"
6993,"2025-06-30","2025-04-01","FS540917",".00","322.80","2607.30","306.60","7774.60",".00",".00",".00",".00",".00",".00"," ","Elmberg, Martin","2","SEK","48.35","24.18","9789189857346","Dödsblomman vid världens ände","9789189857346 - Dödsblomman vid världens ände", Media 24 / Digibook S6993,"Leverantör","1250.88","2183.50",".00",".00","Audio Book : Extended distribution","23154.81","4891.50",".00",".00",".00",".00",".00",".00",".00",".00","0","0"
6993,"2025-06-30","2025-04-01","FS540917",".00","322.80","2607.30","306.60","7774.60",".00",".00",".00",".00",".00",".00"," ","Elmberg, Martin","3","SEK","75.13","25.04","9789189857346","Dödsblomman vid världens ände","9789189857346 - Dödsblomman vid världens ände", Media 24 / Digibook S6993,"Leverantör","1250.88","2183.50",".00",".00","Audio Book : Extended distribution","23154.81","4891.50",".00",".00",".00",".00",".00",".00",".00",".00","0","0"
6993,"2025-06-30","2025-04-01","FS540917",".00","322.80","2607.30","306.60","7774.60",".00",".00",".00",".00",".00",".00"," ","Elmberg, Martin","3","SEK","76.20","25.40","9789189857346","Dödsblomman vid världens ände","9789189857346 - Dödsblomman vid världens ände", Media 24 / Digibook S6993,"Leverantör","1250.88","2183.50",".00",".00","Audio Book : Extended distribution","23154.81","4891.50",".00",".00",".00",".00",".00",".00",".00",".00","0","0"
6993,"2025-06-30","2025-04-01","FS540917",".00","322.80","2607.30","306.60","7774.60",".00",".00",".00",".00",".00",".00"," ","Elmberg, Martin","4","SEK","102.92","25.73","9789189857346","Dödsblomman vid världens ände","9789189857346 - Dödsblomman vid världens ände", Media 24 / Digibook S6993,"Leverantör","1250.88","2183.50",".00",".00","Audio Book : Extended distribution","23154.81","4891.50",".00",".00",".00",".00",".00",".00",".00",".00","0","0"
6993,"2025-06-30","2025-04-01","FS540917",".00","322.80","2607.30","306.60","7774.60",".00",".00",".00",".00",".00",".00"," ","Elmberg, Martin","1","SEK","25.89","25.89","9789189857513","Stormens Nemesis","9789189857513 - Stormens Nemesis", Media 24 / Digibook S6993,"Leverantör","1250.88","2183.50",".00",".00","Ebook : Extended distribution","23154.81","4891.50",".00",".00",".00",".00",".00",".00",".00",".00","0","0"
6993,"2025-06-30","2025-04-01","FS540917",".00","322.80","2607.30","306.60","7774.60",".00",".00",".00",".00",".00",".00"," ","Elmberg, Martin","1","SEK","27.00","27.00","9789189857513","Stormens Nemesis","9789189857513 - Stormens Nemesis", Media 24 / Digibook S6993,"Leverantör","1250.88","2183.50",".00",".00","Ebook : Extended distribution","23154.81","4891.50",".00",".00",".00",".00",".00",".00",".00",".00","0","0"
6993,"2025-06-30","2025-04-01","FS540917",".00","322.80","2607.30","306.60","7774.60",".00",".00",".00",".00",".00",".00"," ","Elmberg, Martin","1","SEK","28.69","28.69","9789189857506","Den tredje delningen","9789189857506 - Den tredje delningen", Media 24 / Digibook S6993,"Leverantör","1250.88","2183.50",".00",".00","Ebook : Extended distribution","23154.81","4891.50",".00",".00",".00",".00",".00",".00",".00",".00","0","0"
6993,"2025-06-30","2025-04-01","FS540917",".00","322.80","2607.30","306.60","7774.60",".00",".00",".00",".00",".00",".00"," ","Elmberg, Martin","3","SEK","86.43","28.81","9789189857209","Stormens Nemesis","9789189857209 - Stormens Nemesis", Media 24 / Digibook S6993,"Leverantör","1250.88","2183.50",".00",".00","Audio Book : Extended distribution","23154.81","4891.50",".00",".00",".00",".00",".00",".00",".00",".00","0","0"
6993,"2025-06-30","2025-04-01","FS540917",".00","322.80","2607.30","306.60","7774.60",".00",".00",".00",".00",".00",".00"," ","Elmberg, Martin","5","SEK","145.03","29.01","9789189857346","Dödsblomman vid världens ände","9789189857346 - Dödsblomman vid världens ände", Media 24 / Digibook S6993,"Leverantör","1250.88","2183.50",".00",".00","Audio Book : Extended distribution","23154.81","4891.50",".00",".00",".00",".00",".00",".00",".00",".00","0","0"
6993,"2025-06-30","2025-04-01","FS540917",".00","322.80","2607.30","306.60","7774.60",".00",".00",".00",".00",".00",".00"," ","Elmberg, Martin","1","SEK","30.18","30.18","9789189835504","Den tredje delningen","9789189835504 - Den tredje delningen", Media 24 / Digibook S6993,"Leverantör","1250.88","2183.50",".00",".00","Audio Book : Extended distribution","23154.81","4891.50",".00",".00",".00",".00",".00",".00",".00",".00","0","0"
6993,"2025-06-30","2025-04-01","FS540917",".00","322.80","2607.30","306.60","7774.60",".00",".00",".00",".00",".00",".00"," ","Elmberg, Martin","3","SEK","90.82","30.27","9789189857209","Stormens Nemesis","9789189857209 - Stormens Nemesis", Media 24 / Digibook S6993,"Leverantör","1250.88","2183.50",".00",".00","Audio Book : Extended distribution","23154.81","4891.50",".00",".00",".00",".00",".00",".00",".00",".00","0","0"
6993,"2025-06-30","2025-04-01","FS540917",".00","322.80","2607.30","306.60","7774.60",".00",".00",".00",".00",".00",".00"," ","Elmberg, Martin","3","SEK","92.00","30.67","9789189857209","Stormens Nemesis","9789189857209 - Stormens Nemesis", Media 24 / Digibook S6993,"Leverantör","1250.88","2183.50",".00",".00","Audio Book : Extended distribution","23154.81","4891.50",".00",".00",".00",".00",".00",".00",".00",".00","0","0"
6993,"2025-06-30","2025-04-01","FS540917",".00","322.80","2607.30","306.60","7774.60",".00",".00",".00",".00",".00",".00"," ","Elmberg, Martin","3","SEK","95.11","31.70","9789189835504","Den tredje delningen","9789189835504 - Den tredje delningen", Media 24 / Digibook S6993,"Leverantör","1250.88","2183.50",".00",".00","Audio Book : Extended distribution","23154.81","4891.50",".00",".00",".00",".00",".00",".00",".00",".00","0","0"
6993,"2025-06-30","2025-04-01","FS540917",".00","322.80","2607.30","306.60","7774.60",".00",".00",".00",".00",".00",".00"," ","Elmberg, Martin","1","SEK","32.12","32.12","9789189835504","Den tredje delningen","9789189835504 - Den tredje delningen", Media 24 / Digibook S6993,"Leverantör","1250.88","2183.50",".00",".00","Audio Book : Extended distribution","23154.81","4891.50",".00",".00",".00",".00",".00",".00",".00",".00","0","0"
6993,"2025-06-30","2025-04-01","FS540917",".00","322.80","2607.30","306.60","7774.60",".00",".00",".00",".00",".00",".00"," ","Elmberg, Martin","1","SEK","34.57","34.57","9789189857209","Stormens Nemesis","9789189857209 - Stormens Nemesis", Media 24 / Digibook S6993,"Leverantör","1250.88","2183.50",".00",".00","Audio Book : Extended distribution","23154.81","4891.50",".00",".00",".00",".00",".00",".00",".00",".00","0","0"
6993,"2025-06-30","2025-04-01","FS540917",".00","322.80","2607.30","306.60","7774.60",".00",".00",".00",".00",".00",".00"," ","Elmberg, Martin","2","SEK","69.15","34.58","9789189857209","Stormens Nemesis","9789189857209 - Stormens Nemesis", Media 24 / Digibook S6993,"Leverantör","1250.88","2183.50",".00",".00","Audio Book : Extended distribution","23154.81","4891.50",".00",".00",".00",".00",".00",".00",".00",".00","0","0"
6993,"2025-06-30","2025-04-01","FS540917",".00","322.80","2607.30","306.60","7774.60",".00",".00",".00",".00",".00",".00"," ","Elmberg, Martin","1","SEK","36.00","36.00","9789189835504","Den tredje delningen","9789189835504 - Den tredje delningen", Media 24 / Digibook S6993,"Leverantör","1250.88","2183.50",".00",".00","Audio Book : Extended distribution","23154.81","4891.50",".00",".00",".00",".00",".00",".00",".00",".00","0","0"
6993,"2025-06-30","2025-04-01","FS540917",".00","322.80","2607.30","306.60","7774.60",".00",".00",".00",".00",".00",".00"," ","Elmberg, Martin","1","SEK","36.00","36.00","9789189857209","Stormens Nemesis","9789189857209 - Stormens Nemesis", Media 24 / Digibook S6993,"Leverantör","1250.88","2183.50",".00",".00","Audio Book : Extended distribution","23154.81","4891.50",".00",".00",".00",".00",".00",".00",".00",".00","0","0"
6993,"2025-06-30","2025-04-01","FS540917",".00","322.80","2607.30","306.60","7774.60",".00",".00",".00",".00",".00",".00"," ","Elmberg, Martin","2","SEK","72.41","36.21","9789189835504","Den tredje delningen","9789189835504 - Den tredje delningen", Media 24 / Digibook S6993,"Leverantör","1250.88","2183.50",".00",".00","Audio Book : Extended distribution","23154.81","4891.50",".00",".00",".00",".00",".00",".00",".00",".00","0","0"
6993,"2025-06-30","2025-04-01","FS540917",".00","322.80","2607.30","306.60","7774.60",".00",".00",".00",".00",".00",".00"," ","Elmberg, Martin","3","SEK","108.78","36.26","9789189857346","Dödsblomman vid världens ände","9789189857346 - Dödsblomman vid världens ände", Media 24 / Digibook S6993,"Leverantör","1250.88","2183.50",".00",".00","Audio Book : Extended distribution","23154.81","4891.50",".00",".00",".00",".00",".00",".00",".00",".00","0","0"
6993,"2025-06-30","2025-04-01","FS540917",".00","322.80","2607.30","306.60","7774.60",".00",".00",".00",".00",".00",".00"," ","Elmberg, Martin","2","SEK","102.60","51.30","9789189857506","Den tredje delningen","9789189857506 - Den tredje delningen", Media 24 / Digibook S6993,"Leverantör","1250.88","2183.50",".00",".00","Ebook : Buy","23154.81","4891.50",".00",".00",".00",".00",".00",".00",".00",".00","0","0"
6993,"2025-06-30","2025-04-01","FS540917",".00","322.80","2607.30","306.60","7774.60",".00",".00",".00",".00",".00",".00"," ","Eriksson, Anna","2","SEK","189.00","94.50","9789190071205","Wave by Wave - From Citystress to Oceanic Freedom. A Memoir About Letting Go","9789190071205 - Wave by Wave - From Citystress to Oceanic Freedom. A Memoir About Letting Go", Media 24 / Digibook S6993,"Leverantör","1250.88","2183.50",".00",".00","Ebook : Buy","23154.81","4891.50",".00",".00",".00",".00",".00",".00",".00",".00","0","0"
6993,"2025-06-30","2025-04-01","FS540917",".00","322.80","2607.30","306.60","7774.60",".00",".00",".00",".00",".00",".00"," ","Eriksson, Anna","1","SEK","94.50","94.50","9789190071205","Wave by Wave - From Citystress to Oceanic Freedom. A Memoir About Letting Go","9789190071205 - Wave by Wave - From Citystress to Oceanic Freedom. A Memoir About Letting Go", Media 24 / Digibook S6993,"Leverantör","1250.88","2183.50",".00",".00","Ebook : Extended distribution","23154.81","4891.50",".00",".00",".00",".00",".00",".00",".00",".00","0","0"
6993,"2025-06-30","2025-04-01","FS540917",".00","322.80","2607.30","306.60","7774.60",".00",".00",".00",".00",".00",".00"," ","Eriksson, Peter","2","SEK","26.23","13.12","9789190071168","Skydda, hjälpa, ställa tillrätta","9789190071168 - Skydda, hjälpa, ställa tillrätta", Media 24 / Digibook S6993,"Leverantör","1250.88","2183.50",".00",".00","Ebook : Extended distribution","23154.81","4891.50",".00",".00",".00",".00",".00",".00",".00",".00","0","0"
6993,"2025-06-30","2025-04-01","FS540917",".00","322.80","2607.30","306.60","7774.60",".00",".00",".00",".00",".00",".00"," ","Eriksson, Peter","5","SEK","89.23","17.85","9789190071168","Skydda, hjälpa, ställa tillrätta","9789190071168 - Skydda, hjälpa, ställa tillrätta", Media 24 / Digibook S6993,"Leverantör","1250.88","2183.50",".00",".00","Ebook : Extended distribution","23154.81","4891.50",".00",".00",".00",".00",".00",".00",".00",".00","0","0"
6993,"2025-06-30","2025-04-01","FS540917",".00","322.80","2607.30","306.60","7774.60",".00",".00",".00",".00",".00",".00"," ","Eriksson, Peter","15","SEK","1147.50","76.50","9789190071168","Skydda, hjälpa, ställa tillrätta","9789190071168 - Skydda, hjälpa, ställa tillrätta", Media 24 / Digibook S6993,"Leverantör","1250.88","2183.50",".00",".00","Ebook : Buy","23154.81","4891.50",".00",".00",".00",".00",".00",".00",".00",".00","0","0"
6993,"2025-06-30","2025-04-01","FS540917",".00","322.80","2607.30","306.60","7774.60",".00",".00",".00",".00",".00",".00"," ","Evigh3t3n","2","SEK","3.57","1.79","9789189857094","Tvillingsjälar - Resan Mot Andlig Union","9789189857094 - Tvillingsjälar - Resan Mot Andlig Union", Media 24 / Digibook S6993,"Leverantör","1250.88","2183.50",".00",".00","Ebook : Extended distribution","23154.81","4891.50",".00",".00",".00",".00",".00",".00",".00",".00","0","0"
6993,"2025-06-30","2025-04-01","FS540917",".00","322.80","2607.30","306.60","7774.60",".00",".00",".00",".00",".00",".00"," ","Evigh3t3n","10","SEK","19.89","1.99","9789189857179","Tvillingsjälar - Resan Mot Andlig Union","9789189857179 - Tvillingsjälar - Resan Mot Andlig Union", Media 24 / Digibook S6993,"Leverantör","1250.88","2183.50",".00",".00","Audio Book : Extended distribution","23154.81","4891.50",".00",".00",".00",".00",".00",".00",".00",".00","0","0"
6993,"2025-06-30","2025-04-01","FS540917",".00","322.80","2607.30","306.60","7774.60",".00",".00",".00",".00",".00",".00"," ","Evigh3t3n","16","SEK","32.91","2.06","9789189857179","Tvillingsjälar - Resan Mot Andlig Union","9789189857179 - Tvillingsjälar - Resan Mot Andlig Union", Media 24 / Digibook S6993,"Leverantör","1250.88","2183.50",".00",".00","Audio Book : Extended distribution","23154.81","4891.50",".00",".00",".00",".00",".00",".00",".00",".00","0","0"
6993,"2025-06-30","2025-04-01","FS540917",".00","322.80","2607.30","306.60","7774.60",".00",".00",".00",".00",".00",".00"," ","Evigh3t3n","17","SEK","35.47","2.09","9789189857179","Tvillingsjälar - Resan Mot Andlig Union","9789189857179 - Tvillingsjälar - Resan Mot Andlig Union", Media 24 / Digibook S6993,"Leverantör","1250.88","2183.50",".00",".00","Audio Book : Extended distribution","23154.81","4891.50",".00",".00",".00",".00",".00",".00",".00",".00","0","0"
6993,"2025-06-30","2025-04-01","FS540917",".00","322.80","2607.30","306.60","7774.60",".00",".00",".00",".00",".00",".00"," ","Evigh3t3n","13","SEK","27.48","2.11","9789189857179","Tvillingsjälar - Resan Mot Andlig Union","9789189857179 - Tvillingsjälar - Resan Mot Andlig Union", Media 24 / Digibook S6993,"Leverantör","1250.88","2183.50",".00",".00","Audio Book : Extended distribution","23154.81","4891.50",".00",".00",".00",".00",".00",".00",".00",".00","0","0"
6993,"2025-06-30","2025-04-01","FS540917",".00","322.80","2607.30","306.60","7774.60",".00",".00",".00",".00",".00",".00"," ","Evigh3t3n","4","SEK","9.53","2.38","9789189857179","Tvillingsjälar - Resan Mot Andlig Union","9789189857179 - Tvillingsjälar - Resan Mot Andlig Union", Media 24 / Digibook S6993,"Leverantör","1250.88","2183.50",".00",".00","Audio Book : Extended distribution","23154.81","4891.50",".00",".00",".00",".00",".00",".00",".00",".00","0","0"
6993,"2025-06-30","2025-04-01","FS540917",".00","322.80","2607.30","306.60","7774.60",".00",".00",".00",".00",".00",".00"," ","Evigh3t3n","1","SEK","2.39","2.39","9789189857179","Tvillingsjälar - Resan Mot Andlig Union","9789189857179 - Tvillingsjälar - Resan Mot Andlig Union", Media 24 / Digibook S6993,"Leverantör","1250.88","2183.50",".00",".00","Audio Book : Extended distribution","23154.81","4891.50",".00",".00",".00",".00",".00",".00",".00",".00","0","0"
6993,"2025-06-30","2025-04-01","FS540917",".00","322.80","2607.30","306.60","7774.60",".00",".00",".00",".00",".00",".00"," ","Evigh3t3n","6","SEK","48.00","8.00","9789189857179","Tvillingsjälar - Resan Mot Andlig Union","9789189857179 - Tvillingsjälar - Resan Mot Andlig Union", Media 24 / Digibook S6993,"Leverantör","1250.88","2183.50",".00",".00","Audio Book : Agregated","23154.81","4891.50",".00",".00",".00",".00",".00",".00",".00",".00","0","0"
6993,"2025-06-30","2025-04-01","FS540917",".00","322.80","2607.30","306.60","7774.60",".00",".00",".00",".00",".00",".00"," ","Evigh3t3n","1","SEK","9.00","9.00","9789189857179","Tvillingsjälar - Resan Mot Andlig Union","9789189857179 - Tvillingsjälar - Resan Mot Andlig Union", Media 24 / Digibook S6993,"Leverantör","1250.88","2183.50",".00",".00","Audio Book : Extended distribution","23154.81","4891.50",".00",".00",".00",".00",".00",".00",".00",".00","0","0"
6993,"2025-06-30","2025-04-01","FS540917",".00","322.80","2607.30","306.60","7774.60",".00",".00",".00",".00",".00",".00"," ","Evigh3t3n","1","SEK","9.60","9.60","9789189857179","Tvillingsjälar - Resan Mot Andlig Union","9789189857179 - Tvillingsjälar - Resan Mot Andlig Union", Media 24 / Digibook S6993,"Leverantör","1250.88","2183.50",".00",".00","Audio Book : Access Loan","23154.81","4891.50",".00",".00",".00",".00",".00",".00",".00",".00","0","0"
6993,"2025-06-30","2025-04-01","FS540917",".00","322.80","2607.30","306.60","7774.60",".00",".00",".00",".00",".00",".00"," ","Evigh3t3n","12","SEK","175.40","14.62","9789189857896","Evigh3t3n","9789189857896 - Evigh3t3n", Media 24 / Digibook S6993,"Leverantör","1250.88","2183.50",".00",".00","Audio Book : Extended distribution","23154.81","4891.50",".00",".00",".00",".00",".00",".00",".00",".00","0","0"
6993,"2025-06-30","2025-04-01","FS540917",".00","322.80","2607.30","306.60","7774.60",".00",".00",".00",".00",".00",".00"," ","Evigh3t3n","9","SEK","133.43","14.83","9789189857896","Evigh3t3n","9789189857896 - Evigh3t3n", Media 24 / Digibook S6993,"Leverantör","1250.88","2183.50",".00",".00","Audio Book : Extended distribution","23154.81","4891.50",".00",".00",".00",".00",".00",".00",".00",".00","0","0"
6993,"2025-06-30","2025-04-01","FS540917",".00","322.80","2607.30","306.60","7774.60",".00",".00",".00",".00",".00",".00"," ","Evigh3t3n","1","SEK","15.20","15.20","9789189857896","Evigh3t3n","9789189857896 - Evigh3t3n", Media 24 / Digibook S6993,"Leverantör","1250.88","2183.50",".00",".00","Audio Book : Access Loan","23154.81","4891.50",".00",".00",".00",".00",".00",".00",".00",".00","0","0"
6993,"2025-06-30","2025-04-01","FS540917",".00","322.80","2607.30","306.60","7774.60",".00",".00",".00",".00",".00",".00"," ","Evigh3t3n","1","SEK","17.50","17.50","9789189857094","Tvillingsjälar - Resan Mot Andlig Union","9789189857094 - Tvillingsjälar - Resan Mot Andlig Union", Media 24 / Digibook S6993,"Leverantör","1250.88","2183.50",".00",".00","Ebook : Agregated","23154.81","4891.50",".00",".00",".00",".00",".00",".00",".00",".00","0","0"
6993,"2025-06-30","2025-04-01","FS540917",".00","322.80","2607.30","306.60","7774.60",".00",".00",".00",".00",".00",".00"," ","Evigh3t3n","1","SEK","21.16","21.16","9789189857896","Evigh3t3n","9789189857896 - Evigh3t3n", Media 24 / Digibook S6993,"Leverantör","1250.88","2183.50",".00",".00","Audio Book : Extended distribution","23154.81","4891.50",".00",".00",".00",".00",".00",".00",".00",".00","0","0"
6993,"2025-06-30","2025-04-01","FS540917",".00","322.80","2607.30","306.60","7774.60",".00",".00",".00",".00",".00",".00"," ","Evigh3t3n","2","SEK","72.00","36.00","9789189857896","Evigh3t3n","9789189857896 - Evigh3t3n", Media 24 / Digibook S6993,"Leverantör","1250.88","2183.50",".00",".00","Audio Book : Agregated","23154.81","4891.50",".00",".00",".00",".00",".00",".00",".00",".00","0","0"
6993,"2025-06-30","2025-04-01","FS540917",".00","322.80","2607.30","306.60","7774.60",".00",".00",".00",".00",".00",".00"," ","Evigh3t3n","2","SEK","77.40","38.70","9789189857179","Tvillingsjälar - Resan Mot Andlig Union","9789189857179 - Tvillingsjälar - Resan Mot Andlig Union", Media 24 / Digibook S6993,"Leverantör","1250.88","2183.50",".00",".00","Audio Book : Buy","23154.81","4891.50",".00",".00",".00",".00",".00",".00",".00",".00","0","0"
6993,"2025-06-30","2025-04-01","FS540917",".00","322.80","2607.30","306.60","7774.60",".00",".00",".00",".00",".00",".00"," ","Evigh3t3n","2","SEK","153.00","76.50","9789189857896","Evigh3t3n","9789189857896 - Evigh3t3n", Media 24 / Digibook S6993,"Leverantör","1250.88","2183.50",".00",".00","Audio Book : Buy","23154.81","4891.50",".00",".00",".00",".00",".00",".00",".00",".00","0","0"
6993,"2025-06-30","2025-04-01","FS540917",".00","322.80","2607.30","306.60","7774.60",".00",".00",".00",".00",".00",".00"," ","Evyson, J.M.","1","SEK","5.00","5.00","9789189539341","Elefanten i rummet och elva andra berättelser","9789189539341 - Elefanten i rummet och elva andra berättelser", Media 24 / Digibook S6993,"Leverantör","1250.88","2183.50",".00",".00","Audio Book : Access Loan","23154.81","4891.50",".00",".00",".00",".00",".00",".00",".00",".00","0","0"
6993,"2025-06-30","2025-04-01","FS540917",".00","322.80","2607.30","306.60","7774.60",".00",".00",".00",".00",".00",".00"," ","Evyson, J.M.","1","SEK","6.35","6.35","9789189857001","Nattreceptionisten och nio andra berättelser","9789189857001 - Nattreceptionisten och nio andra berättelser", Media 24 / Digibook S6993,"Leverantör","1250.88","2183.50",".00",".00","Audio Book : Extended distribution","23154.81","4891.50",".00",".00",".00",".00",".00",".00",".00",".00","0","0"
6993,"2025-06-30","2025-04-01","FS540917",".00","322.80","2607.30","306.60","7774.60",".00",".00",".00",".00",".00",".00"," ","Evyson, J.M.","1","SEK","6.58","6.58","9789189857001","Nattreceptionisten och nio andra berättelser","9789189857001 - Nattreceptionisten och nio andra berättelser", Media 24 / Digibook S6993,"Leverantör","1250.88","2183.50",".00",".00","Audio Book : Extended distribution","23154.81","4891.50",".00",".00",".00",".00",".00",".00",".00",".00","0","0"
6993,"2025-06-30","2025-04-01","FS540917",".00","322.80","2607.30","306.60","7774.60",".00",".00",".00",".00",".00",".00"," ","Evyson, J.M.","1","SEK","6.76","6.76","9789189857001","Nattreceptionisten och nio andra berättelser","9789189857001 - Nattreceptionisten och nio andra berättelser", Media 24 / Digibook S6993,"Leverantör","1250.88","2183.50",".00",".00","Audio Book : Extended distribution","23154.81","4891.50",".00",".00",".00",".00",".00",".00",".00",".00","0","0"
6993,"2025-06-30","2025-04-01","FS540917",".00","322.80","2607.30","306.60","7774.60",".00",".00",".00",".00",".00",".00"," ","Fagerberg, Signhild","1","SEK",".04",".04","9789189539280","Alla är enhörningar","9789189539280 - Alla är enhörningar", Media 24 / Digibook S6993,"Leverantör","1250.88","2183.50",".00",".00","Ebook : Extended distribution","23154.81","4891.50",".00",".00",".00",".00",".00",".00",".00",".00","0","0"
6993,"2025-06-30","2025-04-01","FS540917",".00","322.80","2607.30","306.60","7774.60",".00",".00",".00",".00",".00",".00"," ","Fagerberg, Signhild","5","SEK",".25",".05","9789189539280","Alla är enhörningar","9789189539280 - Alla är enhörningar", Media 24 / Digibook S6993,"Leverantör","1250.88","2183.50",".00",".00","Ebook : Extended distribution","23154.81","4891.50",".00",".00",".00",".00",".00",".00",".00",".00","0","0"
6993,"2025-06-30","2025-04-01","FS540917",".00","322.80","2607.30","306.60","7774.60",".00",".00",".00",".00",".00",".00"," ","Fagerberg, Signhild","2","SEK",".16",".08","9789189539280","Alla är enhörningar","9789189539280 - Alla är enhörningar", Media 24 / Digibook S6993,"Leverantör","1250.88","2183.50",".00",".00","Ebook : Extended distribution","23154.81","4891.50",".00",".00",".00",".00",".00",".00",".00",".00","0","0"
6993,"2025-06-30","2025-04-01","FS540917",".00","322.80","2607.30","306.60","7774.60",".00",".00",".00",".00",".00",".00"," ","Fagerberg, Signhild","1","SEK",".08",".08","9789189739147","Everyone is a Unicorn","9789189739147 - Everyone is a Unicorn", Media 24 / Digibook S6993,"Leverantör","1250.88","2183.50",".00",".00","Ebook : Extended distribution","23154.81","4891.50",".00",".00",".00",".00",".00",".00",".00",".00","0","0"
6993,"2025-06-30","2025-04-01","FS540917",".00","322.80","2607.30","306.60","7774.60",".00",".00",".00",".00",".00",".00"," ","Fagerberg, Signhild","1","SEK",".41",".41","9789189539280","Alla är enhörningar","9789189539280 - Alla är enhörningar", Media 24 / Digibook S6993,"Leverantör","1250.88","2183.50",".00",".00","Ebook : Extended distribution","23154.81","4891.50",".00",".00",".00",".00",".00",".00",".00",".00","0","0"
6993,"2025-06-30","2025-04-01","FS540917",".00","322.80","2607.30","306.60","7774.60",".00",".00",".00",".00",".00",".00"," ","Fagerberg, Signhild","1","SEK",".41",".41","9789189739147","Everyone is a Unicorn","9789189739147 - Everyone is a Unicorn", Media 24 / Digibook S6993,"Leverantör","1250.88","2183.50",".00",".00","Ebook : Extended distribution","23154.81","4891.50",".00",".00",".00",".00",".00",".00",".00",".00","0","0"
6993,"2025-06-30","2025-04-01","FS540917",".00","322.80","2607.30","306.60","7774.60",".00",".00",".00",".00",".00",".00"," ","Fallenkvist, Rebecka","1","SEK","11.30","11.30","9789189857551","Segerns pris","9789189857551 - Segerns pris", Media 24 / Digibook S6993,"Leverantör","1250.88","2183.50",".00",".00","Audio Book : Extended distribution","23154.81","4891.50",".00",".00",".00",".00",".00",".00",".00",".00","0","0"
6993,"2025-06-30","2025-04-01","FS540917",".00","322.80","2607.30","306.60","7774.60",".00",".00",".00",".00",".00",".00"," ","Fallenkvist, Rebecka","1","SEK","11.44","11.44","9789189857551","Segerns pris","9789189857551 - Segerns pris", Media 24 / Digibook S6993,"Leverantör","1250.88","2183.50",".00",".00","Audio Book : Extended distribution","23154.81","4891.50",".00",".00",".00",".00",".00",".00",".00",".00","0","0"
6993,"2025-06-30","2025-04-01","FS540917",".00","322.80","2607.30","306.60","7774.60",".00",".00",".00",".00",".00",".00"," ","Fallenkvist, Rebecka","5","SEK","64.48","12.90","9789189857551","Segerns pris","9789189857551 - Segerns pris", Media 24 / Digibook S6993,"Leverantör","1250.88","2183.50",".00",".00","Audio Book : Extended distribution","23154.81","4891.50",".00",".00",".00",".00",".00",".00",".00",".00","0","0"
6993,"2025-06-30","2025-04-01","FS540917",".00","322.80","2607.30","306.60","7774.60",".00",".00",".00",".00",".00",".00"," ","Fallenkvist, Rebecka","9","SEK","145.08","16.12","9789189857551","Segerns pris","9789189857551 - Segerns pris", Media 24 / Digibook S6993,"Leverantör","1250.88","2183.50",".00",".00","Audio Book : Extended distribution","23154.81","4891.50",".00",".00",".00",".00",".00",".00",".00",".00","0","0"
6993,"2025-06-30","2025-04-01","FS540917",".00","322.80","2607.30","306.60","7774.60",".00",".00",".00",".00",".00",".00"," ","Fallenkvist, Rebecka","3","SEK","54.00","18.00","9789189857551","Segerns pris","9789189857551 - Segerns pris", Media 24 / Digibook S6993,"Leverantör","1250.88","2183.50",".00",".00","Audio Book : Extended distribution","23154.81","4891.50",".00",".00",".00",".00",".00",".00",".00",".00","0","0"
6993,"2025-06-30","2025-04-01","FS540917",".00","322.80","2607.30","306.60","7774.60",".00",".00",".00",".00",".00",".00"," ","Forntida Astronauter","6","SEK","19.76","3.29","9789189835993","I Jättarnas Fotspår","9789189835993 - I Jättarnas Fotspår", Media 24 / Digibook S6993,"Leverantör","1250.88","2183.50",".00",".00","Audio Book : Extended distribution","23154.81","4891.50",".00",".00",".00",".00",".00",".00",".00",".00","0","0"
6993,"2025-06-30","2025-04-01","FS540917",".00","322.80","2607.30","306.60","7774.60",".00",".00",".00",".00",".00",".00"," ","Forntida Astronauter","4","SEK","13.18","3.30","9789189835993","I Jättarnas Fotspår","9789189835993 - I Jättarnas Fotspår", Media 24 / Digibook S6993,"Leverantör","1250.88","2183.50",".00",".00","Audio Book : Extended distribution","23154.81","4891.50",".00",".00",".00",".00",".00",".00",".00",".00","0","0"
6993,"2025-06-30","2025-04-01","FS540917",".00","322.80","2607.30","306.60","7774.60",".00",".00",".00",".00",".00",".00"," ","Forntida Astronauter","6","SEK","20.47","3.41","9789189835993","I Jättarnas Fotspår","9789189835993 - I Jättarnas Fotspår", Media 24 / Digibook S6993,"Leverantör","1250.88","2183.50",".00",".00","Audio Book : Extended distribution","23154.81","4891.50",".00",".00",".00",".00",".00",".00",".00",".00","0","0"
6993,"2025-06-30","2025-04-01","FS540917",".00","322.80","2607.30","306.60","7774.60",".00",".00",".00",".00",".00",".00"," ","Forntida Astronauter","14","SEK","48.46","3.46","9789189835993","I Jättarnas Fotspår","9789189835993 - I Jättarnas Fotspår", Media 24 / Digibook S6993,"Leverantör","1250.88","2183.50",".00",".00","Audio Book : Extended distribution","23154.81","4891.50",".00",".00",".00",".00",".00",".00",".00",".00","0","0"
6993,"2025-06-30","2025-04-01","FS540917",".00","322.80","2607.30","306.60","7774.60",".00",".00",".00",".00",".00",".00"," ","Forntida Astronauter","20","SEK","70.13","3.51","9789189835993","I Jättarnas Fotspår","9789189835993 - I Jättarnas Fotspår", Media 24 / Digibook S6993,"Leverantör","1250.88","2183.50",".00",".00","Audio Book : Extended distribution","23154.81","4891.50",".00",".00",".00",".00",".00",".00",".00",".00","0","0"
6993,"2025-06-30","2025-04-01","FS540917",".00","322.80","2607.30","306.60","7774.60",".00",".00",".00",".00",".00",".00"," ","Forntida Astronauter","1","SEK","3.95","3.95","9789189835993","I Jättarnas Fotspår","9789189835993 - I Jättarnas Fotspår", Media 24 / Digibook S6993,"Leverantör","1250.88","2183.50",".00",".00","Audio Book : Extended distribution","23154.81","4891.50",".00",".00",".00",".00",".00",".00",".00",".00","0","0"
6993,"2025-06-30","2025-04-01","FS540917",".00","322.80","2607.30","306.60","7774.60",".00",".00",".00",".00",".00",".00"," ","Forntida Astronauter","3","SEK","24.00","8.00","9789189835993","I Jättarnas Fotspår","9789189835993 - I Jättarnas Fotspår", Media 24 / Digibook S6993,"Leverantör","1250.88","2183.50",".00",".00","Audio Book : Agregated","23154.81","4891.50",".00",".00",".00",".00",".00",".00",".00",".00","0","0"
6993,"2025-06-30","2025-04-01","FS540917",".00","322.80","2607.30","306.60","7774.60",".00",".00",".00",".00",".00",".00"," ","Forntida Astronauter","1","SEK","9.60","9.60","9789189739550","Forntida Astronauter - Gudarna Måste Vara Tokiga","9789189739550 - Forntida Astronauter - Gudarna Måste Vara Tokiga", Media 24 / Digibook S6993,"Leverantör","1250.88","2183.50",".00",".00","Audio Book : Access Loan","23154.81","4891.50",".00",".00",".00",".00",".00",".00",".00",".00","0","0"
6993,"2025-06-30","2025-04-01","FS540917",".00","322.80","2607.30","306.60","7774.60",".00",".00",".00",".00",".00",".00"," ","Forntida Astronauter","33","SEK","401.84","12.18","9789189739550","Forntida Astronauter - Gudarna Måste Vara Tokiga","9789189739550 - Forntida Astronauter - Gudarna Måste Vara Tokiga", Media 24 / Digibook S6993,"Leverantör","1250.88","2183.50",".00",".00","Audio Book : Extended distribution","23154.81","4891.50",".00",".00",".00",".00",".00",".00",".00",".00","0","0"
6993,"2025-06-30","2025-04-01","FS540917",".00","322.80","2607.30","306.60","7774.60",".00",".00",".00",".00",".00",".00"," ","Forntida Astronauter","1","SEK","12.25","12.25","9789189739543","Forntida Astronauter - Gudarna Måste Vara Tokiga","9789189739543 - Forntida Astronauter - Gudarna Måste Vara Tokiga", Media 24 / Digibook S6993,"Leverantör","1250.88","2183.50",".00",".00","Ebook : Extended distribution","23154.81","4891.50",".00",".00",".00",".00",".00",".00",".00",".00","0","0"
6993,"2025-06-30","2025-04-01","FS540917",".00","322.80","2607.30","306.60","7774.60",".00",".00",".00",".00",".00",".00"," ","Forntida Astronauter","1","SEK","12.40","12.40","9789189739543","Forntida Astronauter - Gudarna Måste Vara Tokiga","9789189739543 - Forntida Astronauter - Gudarna Måste Vara Tokiga", Media 24 / Digibook S6993,"Leverantör","1250.88","2183.50",".00",".00","Ebook : Extended distribution","23154.81","4891.50",".00",".00",".00",".00",".00",".00",".00",".00","0","0"
6993,"2025-06-30","2025-04-01","FS540917",".00","322.80","2607.30","306.60","7774.60",".00",".00",".00",".00",".00",".00"," ","Forntida Astronauter","24","SEK","302.72","12.61","9789189739550","Forntida Astronauter - Gudarna Måste Vara Tokiga","9789189739550 - Forntida Astronauter - Gudarna Måste Vara Tokiga", Media 24 / Digibook S6993,"Leverantör","1250.88","2183.50",".00",".00","Audio Book : Extended distribution","23154.81","4891.50",".00",".00",".00",".00",".00",".00",".00",".00","0","0"
6993,"2025-06-30","2025-04-01","FS540917",".00","322.80","2607.30","306.60","7774.60",".00",".00",".00",".00",".00",".00"," ","Forntida Astronauter","23","SEK","294.25","12.79","9789189739550","Forntida Astronauter - Gudarna Måste Vara Tokiga","9789189739550 - Forntida Astronauter - Gudarna Måste Vara Tokiga", Media 24 / Digibook S6993,"Leverantör","1250.88","2183.50",".00",".00","Audio Book : Extended distribution","23154.81","4891.50",".00",".00",".00",".00",".00",".00",".00",".00","0","0"
6993,"2025-06-30","2025-04-01","FS540917",".00","322.80","2607.30","306.60","7774.60",".00",".00",".00",".00",".00",".00"," ","Forntida Astronauter","1","SEK","12.80","12.80","9789189835252","Forntida Astronauter - I Gudarnas Fotspår","9789189835252 - Forntida Astronauter - I Gudarnas Fotspår", Media 24 / Digibook S6993,"Leverantör","1250.88","2183.50",".00",".00","Audio Book : Access Loan","23154.81","4891.50",".00",".00",".00",".00",".00",".00",".00",".00","0","0"
6993,"2025-06-30","2025-04-01","FS540917",".00","322.80","2607.30","306.60","7774.60",".00",".00",".00",".00",".00",".00"," ","Forntida Astronauter","26","SEK","336.94","12.96","9789189739550","Forntida Astronauter - Gudarna Måste Vara Tokiga","9789189739550 - Forntida Astronauter - Gudarna Måste Vara Tokiga", Media 24 / Digibook S6993,"Leverantör","1250.88","2183.50",".00",".00","Audio Book : Extended distribution","23154.81","4891.50",".00",".00",".00",".00",".00",".00",".00",".00","0","0"
6993,"2025-06-30","2025-04-01","FS540917",".00","322.80","2607.30","306.60","7774.60",".00",".00",".00",".00",".00",".00"," ","Forntida Astronauter","14","SEK","204.57","14.61","9789189739550","Forntida Astronauter - Gudarna Måste Vara Tokiga","9789189739550 - Forntida Astronauter - Gudarna Måste Vara Tokiga", Media 24 / Digibook S6993,"Leverantör","1250.88","2183.50",".00",".00","Audio Book : Extended distribution","23154.81","4891.50",".00",".00",".00",".00",".00",".00",".00",".00","0","0"
6993,"2025-06-30","2025-04-01","FS540917",".00","322.80","2607.30","306.60","7774.60",".00",".00",".00",".00",".00",".00"," ","Forntida Astronauter","15","SEK","238.26","15.88","9789189835252","Forntida Astronauter - I Gudarnas Fotspår","9789189835252 - Forntida Astronauter - I Gudarnas Fotspår", Media 24 / Digibook S6993,"Leverantör","1250.88","2183.50",".00",".00","Audio Book : Extended distribution","23154.81","4891.50",".00",".00",".00",".00",".00",".00",".00",".00","0","0"
6993,"2025-06-30","2025-04-01","FS540917",".00","322.80","2607.30","306.60","7774.60",".00",".00",".00",".00",".00",".00"," ","Forntida Astronauter","4","SEK","63.54","15.89","9789189835252","Forntida Astronauter - I Gudarnas Fotspår","9789189835252 - Forntida Astronauter - I Gudarnas Fotspår", Media 24 / Digibook S6993,"Leverantör","1250.88","2183.50",".00",".00","Audio Book : Extended distribution","23154.81","4891.50",".00",".00",".00",".00",".00",".00",".00",".00","0","0"
6993,"2025-06-30","2025-04-01","FS540917",".00","322.80","2607.30","306.60","7774.60",".00",".00",".00",".00",".00",".00"," ","Forntida Astronauter","9","SEK","148.14","16.46","9789189835252","Forntida Astronauter - I Gudarnas Fotspår","9789189835252 - Forntida Astronauter - I Gudarnas Fotspår", Media 24 / Digibook S6993,"Leverantör","1250.88","2183.50",".00",".00","Audio Book : Extended distribution","23154.81","4891.50",".00",".00",".00",".00",".00",".00",".00",".00","0","0"
6993,"2025-06-30","2025-04-01","FS540917",".00","322.80","2607.30","306.60","7774.60",".00",".00",".00",".00",".00",".00"," ","Forntida Astronauter","20","SEK","333.89","16.69","9789189835252","Forntida Astronauter - I Gudarnas Fotspår","9789189835252 - Forntida Astronauter - I Gudarnas Fotspår", Media 24 / Digibook S6993,"Leverantör","1250.88","2183.50",".00",".00","Audio Book : Extended distribution","23154.81","4891.50",".00",".00",".00",".00",".00",".00",".00",".00","0","0"
6993,"2025-06-30","2025-04-01","FS540917",".00","322.80","2607.30","306.60","7774.60",".00",".00",".00",".00",".00",".00"," ","Forntida Astronauter","15","SEK","253.67","16.91","9789189835252","Forntida Astronauter - I Gudarnas Fotspår","9789189835252 - Forntida Astronauter - I Gudarnas Fotspår", Media 24 / Digibook S6993,"Leverantör","1250.88","2183.50",".00",".00","Audio Book : Extended distribution","23154.81","4891.50",".00",".00",".00",".00",".00",".00",".00",".00","0","0"
6993,"2025-06-30","2025-04-01","FS540917",".00","322.80","2607.30","306.60","7774.60",".00",".00",".00",".00",".00",".00"," ","Forntida Astronauter","1","SEK","18.00","18.00","9789189739550","Forntida Astronauter - Gudarna Måste Vara Tokiga","9789189739550 - Forntida Astronauter - Gudarna Måste Vara Tokiga", Media 24 / Digibook S6993,"Leverantör","1250.88","2183.50",".00",".00","Audio Book : Agregated","23154.81","4891.50",".00",".00",".00",".00",".00",".00",".00",".00","0","0"
6993,"2025-06-30","2025-04-01","FS540917",".00","322.80","2607.30","306.60","7774.60",".00",".00",".00",".00",".00",".00"," ","Forntida Astronauter","5","SEK","95.32","19.06","9789189835252","Forntida Astronauter - I Gudarnas Fotspår","9789189835252 - Forntida Astronauter - I Gudarnas Fotspår", Media 24 / Digibook S6993,"Leverantör","1250.88","2183.50",".00",".00","Audio Book : Extended distribution","23154.81","4891.50",".00",".00",".00",".00",".00",".00",".00",".00","0","0"
6993,"2025-06-30","2025-04-01","FS540917",".00","322.80","2607.30","306.60","7774.60",".00",".00",".00",".00",".00",".00"," ","Forntida Astronauter","3","SEK","57.20","19.07","9789189835252","Forntida Astronauter - I Gudarnas Fotspår","9789189835252 - Forntida Astronauter - I Gudarnas Fotspår", Media 24 / Digibook S6993,"Leverantör","1250.88","2183.50",".00",".00","Audio Book : Extended distribution","23154.81","4891.50",".00",".00",".00",".00",".00",".00",".00",".00","0","0"
6993,"2025-06-30","2025-04-01","FS540917",".00","322.80","2607.30","306.60","7774.60",".00",".00",".00",".00",".00",".00"," ","Forntida Astronauter","3","SEK","81.00","27.00","9789189739550","Forntida Astronauter - Gudarna Måste Vara Tokiga","9789189739550 - Forntida Astronauter - Gudarna Måste Vara Tokiga", Media 24 / Digibook S6993,"Leverantör","1250.88","2183.50",".00",".00","Audio Book : Extended distribution","23154.81","4891.50",".00",".00",".00",".00",".00",".00",".00",".00","0","0"
6993,"2025-06-30","2025-04-01","FS540917",".00","322.80","2607.30","306.60","7774.60",".00",".00",".00",".00",".00",".00"," ","Forntida Astronauter","2","SEK","54.00","27.00","9789189835252","Forntida Astronauter - I Gudarnas Fotspår","9789189835252 - Forntida Astronauter - I Gudarnas Fotspår", Media 24 / Digibook S6993,"Leverantör","1250.88","2183.50",".00",".00","Audio Book : Extended distribution","23154.81","4891.50",".00",".00",".00",".00",".00",".00",".00",".00","0","0"
6993,"2025-06-30","2025-04-01","FS540917",".00","322.80","2607.30","306.60","7774.60",".00",".00",".00",".00",".00",".00"," ","Forntida Astronauter","2","SEK","102.60","51.30","9789189739550","Forntida Astronauter - Gudarna Måste Vara Tokiga","9789189739550 - Forntida Astronauter - Gudarna Måste Vara Tokiga", Media 24 / Digibook S6993,"Leverantör","1250.88","2183.50",".00",".00","Audio Book : Buy","23154.81","4891.50",".00",".00",".00",".00",".00",".00",".00",".00","0","0"
6993,"2025-06-30","2025-04-01","FS540917",".00","322.80","2607.30","306.60","7774.60",".00",".00",".00",".00",".00",".00"," ","Forntida Astronauter","1","SEK","51.30","51.30","9789189835993","I Jättarnas Fotspår","9789189835993 - I Jättarnas Fotspår", Media 24 / Digibook S6993,"Leverantör","1250.88","2183.50",".00",".00","Audio Book : Buy","23154.81","4891.50",".00",".00",".00",".00",".00",".00",".00",".00","0","0"
6993,"2025-06-30","2025-04-01","FS540917",".00","322.80","2607.30","306.60","7774.60",".00",".00",".00",".00",".00",".00"," ","Forntida Astronauter","1","SEK","76.50","76.50","9789189835252","Forntida Astronauter - I Gudarnas Fotspår","9789189835252 - Forntida Astronauter - I Gudarnas Fotspår", Media 24 / Digibook S6993,"Leverantör","1250.88","2183.50",".00",".00","Audio Book : Buy","23154.81","4891.50",".00",".00",".00",".00",".00",".00",".00",".00","0","0"
6993,"2025-06-30","2025-04-01","FS540917",".00","322.80","2607.30","306.60","7774.60",".00",".00",".00",".00",".00",".00"," ","Freskgård, Staffan","1","SEK","18.00","18.00","9789189539402","Byns hjälte","9789189539402 - Byns hjälte", Media 24 / Digibook S6993,"Leverantör","1250.88","2183.50",".00",".00","Ebook : Extended distribution","23154.81","4891.50",".00",".00",".00",".00",".00",".00",".00",".00","0","0"
6993,"2025-06-30","2025-04-01","FS540917",".00","322.80","2607.30","306.60","7774.60",".00",".00",".00",".00",".00",".00"," ","Funck, Thomas","12","SEK","14.80","1.23","9789189857384","Thomas Funcks Kalle Stropp och Grodan Boll - På kalas och äventyr","9789189857384 - Thomas Funcks Kalle Stropp och Grodan Boll - På kalas och äventyr", Media 24 / Digibook S6993,"Leverantör","1250.88","2183.50",".00",".00","Audio Book : Extended distribution","23154.81","4891.50",".00",".00",".00",".00",".00",".00",".00",".00","0","0"
6993,"2025-06-30","2025-04-01","FS540917",".00","322.80","2607.30","306.60","7774.60",".00",".00",".00",".00",".00",".00"," ","Funck, Thomas","8","SEK","9.86","1.23","9789189857407","Thomas Funcks Kalle Stropp och Grodan Boll - Braxenpankan och den magiska fantastmaskinen","9789189857407 - Thomas Funcks Kalle Stropp och Grodan Boll - Braxenpankan och den magiska fantastmaskinen", Media 24 / Digibook S6993,"Leverantör","1250.88","2183.50",".00",".00","Audio Book : Extended distribution","23154.81","4891.50",".00",".00",".00",".00",".00",".00",".00",".00","0","0"
6993,"2025-06-30","2025-04-01","FS540917",".00","322.80","2607.30","306.60","7774.60",".00",".00",".00",".00",".00",".00"," ","Funck, Thomas","13","SEK","16.27","1.25","9789189857384","Thomas Funcks Kalle Stropp och Grodan Boll - På kalas och äventyr","9789189857384 - Thomas Funcks Kalle Stropp och Grodan Boll - På kalas och äventyr", Media 24 / Digibook S6993,"Leverantör","1250.88","2183.50",".00",".00","Audio Book : Extended distribution","23154.81","4891.50",".00",".00",".00",".00",".00",".00",".00",".00","0","0"
6993,"2025-06-30","2025-04-01","FS540917",".00","322.80","2607.30","306.60","7774.60",".00",".00",".00",".00",".00",".00"," ","Funck, Thomas","9","SEK","11.24","1.25","9789189857407","Thomas Funcks Kalle Stropp och Grodan Boll - Braxenpankan och den magiska fantastmaskinen","9789189857407 - Thomas Funcks Kalle Stropp och Grodan Boll - Braxenpankan och den magiska fantastmaskinen", Media 24 / Digibook S6993,"Leverantör","1250.88","2183.50",".00",".00","Audio Book : Extended distribution","23154.81","4891.50",".00",".00",".00",".00",".00",".00",".00",".00","0","0"
6993,"2025-06-30","2025-04-01","FS540917",".00","322.80","2607.30","306.60","7774.60",".00",".00",".00",".00",".00",".00"," ","Funck, Thomas","8","SEK","10.14","1.27","9789189857384","Thomas Funcks Kalle Stropp och Grodan Boll - På kalas och äventyr","9789189857384 - Thomas Funcks Kalle Stropp och Grodan Boll - På kalas och äventyr", Media 24 / Digibook S6993,"Leverantör","1250.88","2183.50",".00",".00","Audio Book : Extended distribution","23154.81","4891.50",".00",".00",".00",".00",".00",".00",".00",".00","0","0"
6993,"2025-06-30","2025-04-01","FS540917",".00","322.80","2607.30","306.60","7774.60",".00",".00",".00",".00",".00",".00"," ","Funck, Thomas","4","SEK","5.06","1.27","9789189857407","Thomas Funcks Kalle Stropp och Grodan Boll - Braxenpankan och den magiska fantastmaskinen","9789189857407 - Thomas Funcks Kalle Stropp och Grodan Boll - Braxenpankan och den magiska fantastmaskinen", Media 24 / Digibook S6993,"Leverantör","1250.88","2183.50",".00",".00","Audio Book : Extended distribution","23154.81","4891.50",".00",".00",".00",".00",".00",".00",".00",".00","0","0"
6993,"2025-06-30","2025-04-01","FS540917",".00","322.80","2607.30","306.60","7774.60",".00",".00",".00",".00",".00",".00"," ","Funck, Thomas","7","SEK","9.90","1.41","9789189857483","Thomas Funcks Kalle Stropp och Grodan Boll - På jullov och uppdrag","9789189857483 - Thomas Funcks Kalle Stropp och Grodan Boll - På jullov och uppdrag", Media 24 / Digibook S6993,"Leverantör","1250.88","2183.50",".00",".00","Audio Book : Extended distribution","23154.81","4891.50",".00",".00",".00",".00",".00",".00",".00",".00","0","0"
6993,"2025-06-30","2025-04-01","FS540917",".00","322.80","2607.30","306.60","7774.60",".00",".00",".00",".00",".00",".00"," ","Funck, Thomas","1","SEK","1.43","1.43","9789189857384","Thomas Funcks Kalle Stropp och Grodan Boll - På kalas och äventyr","9789189857384 - Thomas Funcks Kalle Stropp och Grodan Boll - På kalas och äventyr", Media 24 / Digibook S6993,"Leverantör","1250.88","2183.50",".00",".00","Audio Book : Extended distribution","23154.81","4891.50",".00",".00",".00",".00",".00",".00",".00",".00","0","0"
6993,"2025-06-30","2025-04-01","FS540917",".00","322.80","2607.30","306.60","7774.60",".00",".00",".00",".00",".00",".00"," ","Funck, Thomas","2","SEK","2.85","1.43","9789189857407","Thomas Funcks Kalle Stropp och Grodan Boll - Braxenpankan och den magiska fantastmaskinen","9789189857407 - Thomas Funcks Kalle Stropp och Grodan Boll - Braxenpankan och den magiska fantastmaskinen", Media 24 / Digibook S6993,"Leverantör","1250.88","2183.50",".00",".00","Audio Book : Extended distribution","23154.81","4891.50",".00",".00",".00",".00",".00",".00",".00",".00","0","0"
6993,"2025-06-30","2025-04-01","FS540917",".00","322.80","2607.30","306.60","7774.60",".00",".00",".00",".00",".00",".00"," ","Funck, Thomas","3","SEK","4.30","1.43","9789189857483","Thomas Funcks Kalle Stropp och Grodan Boll - På jullov och uppdrag","9789189857483 - Thomas Funcks Kalle Stropp och Grodan Boll - På jullov och uppdrag", Media 24 / Digibook S6993,"Leverantör","1250.88","2183.50",".00",".00","Audio Book : Extended distribution","23154.81","4891.50",".00",".00",".00",".00",".00",".00",".00",".00","0","0"
6993,"2025-06-30","2025-04-01","FS540917",".00","322.80","2607.30","306.60","7774.60",".00",".00",".00",".00",".00",".00"," ","Funck, Thomas","3","SEK","4.36","1.45","9789189857483","Thomas Funcks Kalle Stropp och Grodan Boll - På jullov och uppdrag","9789189857483 - Thomas Funcks Kalle Stropp och Grodan Boll - På jullov och uppdrag", Media 24 / Digibook S6993,"Leverantör","1250.88","2183.50",".00",".00","Audio Book : Extended distribution","23154.81","4891.50",".00",".00",".00",".00",".00",".00",".00",".00","0","0"
6993,"2025-06-30","2025-04-01","FS540917",".00","322.80","2607.30","306.60","7774.60",".00",".00",".00",".00",".00",".00"," ","Funck, Thomas","2","SEK","3.28","1.64","9789189857483","Thomas Funcks Kalle Stropp och Grodan Boll - På jullov och uppdrag","9789189857483 - Thomas Funcks Kalle Stropp och Grodan Boll - På jullov och uppdrag", Media 24 / Digibook S6993,"Leverantör","1250.88","2183.50",".00",".00","Audio Book : Extended distribution","23154.81","4891.50",".00",".00",".00",".00",".00",".00",".00",".00","0","0"
6993,"2025-06-30","2025-04-01","FS540917",".00","322.80","2607.30","306.60","7774.60",".00",".00",".00",".00",".00",".00"," ","Funck, Thomas","4","SEK","7.12","1.78","9789189857384","Thomas Funcks Kalle Stropp och Grodan Boll - På kalas och äventyr","9789189857384 - Thomas Funcks Kalle Stropp och Grodan Boll - På kalas och äventyr", Media 24 / Digibook S6993,"Leverantör","1250.88","2183.50",".00",".00","Audio Book : Extended distribution","23154.81","4891.50",".00",".00",".00",".00",".00",".00",".00",".00","0","0"
6993,"2025-06-30","2025-04-01","FS540917",".00","322.80","2607.30","306.60","7774.60",".00",".00",".00",".00",".00",".00"," ","Funck, Thomas","1","SEK","1.78","1.78","9789189857407","Thomas Funcks Kalle Stropp och Grodan Boll - Braxenpankan och den magiska fantastmaskinen","9789189857407 - Thomas Funcks Kalle Stropp och Grodan Boll - Braxenpankan och den magiska fantastmaskinen", Media 24 / Digibook S6993,"Leverantör","1250.88","2183.50",".00",".00","Audio Book : Extended distribution","23154.81","4891.50",".00",".00",".00",".00",".00",".00",".00",".00","0","0"
6993,"2025-06-30","2025-04-01","FS540917",".00","322.80","2607.30","306.60","7774.60",".00",".00",".00",".00",".00",".00"," ","Funck, Thomas","2","SEK","4.08","2.04","9789189857483","Thomas Funcks Kalle Stropp och Grodan Boll - På jullov och uppdrag","9789189857483 - Thomas Funcks Kalle Stropp och Grodan Boll - På jullov och uppdrag", Media 24 / Digibook S6993,"Leverantör","1250.88","2183.50",".00",".00","Audio Book : Extended distribution","23154.81","4891.50",".00",".00",".00",".00",".00",".00",".00",".00","0","0"
6993,"2025-06-30","2025-04-01","FS540917",".00","322.80","2607.30","306.60","7774.60",".00",".00",".00",".00",".00",".00"," ","Funck, Thomas","1","SEK","4.01","4.01","9789189857322","Thomas Funcks Kalle Stropp Grodan Boll - Upptäcktsresande Herr Stropp!","9789189857322 - Thomas Funcks Kalle Stropp Grodan Boll - Upptäcktsresande Herr Stropp!", Media 24 / Digibook S6993,"Leverantör","1250.88","2183.50",".00",".00","Audio Book : Extended distribution","23154.81","4891.50",".00",".00",".00",".00",".00",".00",".00",".00","0","0"
6993,"2025-06-30","2025-04-01","FS540917",".00","322.80","2607.30","306.60","7774.60",".00",".00",".00",".00",".00",".00"," ","Funck, Thomas","5","SEK","20.82","4.16","9789189857322","Thomas Funcks Kalle Stropp Grodan Boll - Upptäcktsresande Herr Stropp!","9789189857322 - Thomas Funcks Kalle Stropp Grodan Boll - Upptäcktsresande Herr Stropp!", Media 24 / Digibook S6993,"Leverantör","1250.88","2183.50",".00",".00","Audio Book : Extended distribution","23154.81","4891.50",".00",".00",".00",".00",".00",".00",".00",".00","0","0"
6993,"2025-06-30","2025-04-01","FS540917",".00","322.80","2607.30","306.60","7774.60",".00",".00",".00",".00",".00",".00"," ","Funck, Thomas","2","SEK","8.44","4.22","9789189857322","Thomas Funcks Kalle Stropp Grodan Boll - Upptäcktsresande Herr Stropp!","9789189857322 - Thomas Funcks Kalle Stropp Grodan Boll - Upptäcktsresande Herr Stropp!", Media 24 / Digibook S6993,"Leverantör","1250.88","2183.50",".00",".00","Audio Book : Extended distribution","23154.81","4891.50",".00",".00",".00",".00",".00",".00",".00",".00","0","0"
6993,"2025-06-30","2025-04-01","FS540917",".00","322.80","2607.30","306.60","7774.60",".00",".00",".00",".00",".00",".00"," ","Funck, Thomas","3","SEK","12.83","4.28","9789189857322","Thomas Funcks Kalle Stropp Grodan Boll - Upptäcktsresande Herr Stropp!","9789189857322 - Thomas Funcks Kalle Stropp Grodan Boll - Upptäcktsresande Herr Stropp!", Media 24 / Digibook S6993,"Leverantör","1250.88","2183.50",".00",".00","Audio Book : Extended distribution","23154.81","4891.50",".00",".00",".00",".00",".00",".00",".00",".00","0","0"
6993,"2025-06-30","2025-04-01","FS540917",".00","322.80","2607.30","306.60","7774.60",".00",".00",".00",".00",".00",".00"," ","Funck, Thomas","1","SEK","4.82","4.82","9789189857322","Thomas Funcks Kalle Stropp Grodan Boll - Upptäcktsresande Herr Stropp!","9789189857322 - Thomas Funcks Kalle Stropp Grodan Boll - Upptäcktsresande Herr Stropp!", Media 24 / Digibook S6993,"Leverantör","1250.88","2183.50",".00",".00","Audio Book : Extended distribution","23154.81","4891.50",".00",".00",".00",".00",".00",".00",".00",".00","0","0"
6993,"2025-06-30","2025-04-01","FS540917",".00","322.80","2607.30","306.60","7774.60",".00",".00",".00",".00",".00",".00"," ","Funck, Thomas","1","SEK","5.50","5.50","9789189857384","Thomas Funcks Kalle Stropp och Grodan Boll - På kalas och äventyr","9789189857384 - Thomas Funcks Kalle Stropp och Grodan Boll - På kalas och äventyr", Media 24 / Digibook S6993,"Leverantör","1250.88","2183.50",".00",".00","Audio Book : Agregated","23154.81","4891.50",".00",".00",".00",".00",".00",".00",".00",".00","0","0"
6993,"2025-06-30","2025-04-01","FS540917",".00","322.80","2607.30","306.60","7774.60",".00",".00",".00",".00",".00",".00"," ","Funck, Thomas","3","SEK","18.09","6.03","9789189857322","Thomas Funcks Kalle Stropp Grodan Boll - Upptäcktsresande Herr Stropp!","9789189857322 - Thomas Funcks Kalle Stropp Grodan Boll - Upptäcktsresande Herr Stropp!", Media 24 / Digibook S6993,"Leverantör","1250.88","2183.50",".00",".00","Audio Book : Extended distribution","23154.81","4891.50",".00",".00",".00",".00",".00",".00",".00",".00","0","0"
6993,"2025-06-30","2025-04-01","FS540917",".00","322.80","2607.30","306.60","7774.60",".00",".00",".00",".00",".00",".00"," ","Funck, Thomas","2","SEK","18.00","9.00","9789189857384","Thomas Funcks Kalle Stropp och Grodan Boll - På kalas och äventyr","9789189857384 - Thomas Funcks Kalle Stropp och Grodan Boll - På kalas och äventyr", Media 24 / Digibook S6993,"Leverantör","1250.88","2183.50",".00",".00","Audio Book : Extended distribution","23154.81","4891.50",".00",".00",".00",".00",".00",".00",".00",".00","0","0"
6993,"2025-06-30","2025-04-01","FS540917",".00","322.80","2607.30","306.60","7774.60",".00",".00",".00",".00",".00",".00"," ","Funck, Thomas","1","SEK","9.00","9.00","9789189857407","Thomas Funcks Kalle Stropp och Grodan Boll - Braxenpankan och den magiska fantastmaskinen","9789189857407 - Thomas Funcks Kalle Stropp och Grodan Boll - Braxenpankan och den magiska fantastmaskinen", Media 24 / Digibook S6993,"Leverantör","1250.88","2183.50",".00",".00","Audio Book : Extended distribution","23154.81","4891.50",".00",".00",".00",".00",".00",".00",".00",".00","0","0"
6993,"2025-06-30","2025-04-01","FS540917",".00","322.80","2607.30","306.60","7774.60",".00",".00",".00",".00",".00",".00"," ","Funck, Thomas","2","SEK","18.00","9.00","9789189857483","Thomas Funcks Kalle Stropp och Grodan Boll - På jullov och uppdrag","9789189857483 - Thomas Funcks Kalle Stropp och Grodan Boll - På jullov och uppdrag", Media 24 / Digibook S6993,"Leverantör","1250.88","2183.50",".00",".00","Audio Book : Extended distribution","23154.81","4891.50",".00",".00",".00",".00",".00",".00",".00",".00","0","0"
6993,"2025-06-30","2025-04-01","FS540917",".00","322.80","2607.30","306.60","7774.60",".00",".00",".00",".00",".00",".00"," ","Funck, Thomas","1","SEK","10.00","10.00","9789189857384","Thomas Funcks Kalle Stropp och Grodan Boll - På kalas och äventyr","9789189857384 - Thomas Funcks Kalle Stropp och Grodan Boll - På kalas och äventyr", Media 24 / Digibook S6993,"Leverantör","1250.88","2183.50",".00",".00","Audio Book : Agregated","23154.81","4891.50",".00",".00",".00",".00",".00",".00",".00",".00","0","0"
6993,"2025-06-30","2025-04-01","FS540917",".00","322.80","2607.30","306.60","7774.60",".00",".00",".00",".00",".00",".00"," ","Funck, Thomas","2","SEK","20.00","10.00","9789189857407","Thomas Funcks Kalle Stropp och Grodan Boll - Braxenpankan och den magiska fantastmaskinen","9789189857407 - Thomas Funcks Kalle Stropp och Grodan Boll - Braxenpankan och den magiska fantastmaskinen", Media 24 / Digibook S6993,"Leverantör","1250.88","2183.50",".00",".00","Audio Book : Agregated","23154.81","4891.50",".00",".00",".00",".00",".00",".00",".00",".00","0","0"
6993,"2025-06-30","2025-04-01","FS540917",".00","322.80","2607.30","306.60","7774.60",".00",".00",".00",".00",".00",".00"," ","Funck, Thomas","1","SEK","10.00","10.00","9789189857483","Thomas Funcks Kalle Stropp och Grodan Boll - På jullov och uppdrag","9789189857483 - Thomas Funcks Kalle Stropp och Grodan Boll - På jullov och uppdrag", Media 24 / Digibook S6993,"Leverantör","1250.88","2183.50",".00",".00","Audio Book : Agregated","23154.81","4891.50",".00",".00",".00",".00",".00",".00",".00",".00","0","0"
6993,"2025-06-30","2025-04-01","FS540917",".00","322.80","2607.30","306.60","7774.60",".00",".00",".00",".00",".00",".00"," ","Funck, Thomas","1","SEK","18.00","18.00","9789189857322","Thomas Funcks Kalle Stropp Grodan Boll - Upptäcktsresande Herr Stropp!","9789189857322 - Thomas Funcks Kalle Stropp Grodan Boll - Upptäcktsresande Herr Stropp!", Media 24 / Digibook S6993,"Leverantör","1250.88","2183.50",".00",".00","Audio Book : Extended distribution","23154.81","4891.50",".00",".00",".00",".00",".00",".00",".00",".00","0","0"
6993,"2025-06-30","2025-04-01","FS540917",".00","322.80","2607.30","306.60","7774.60",".00",".00",".00",".00",".00",".00"," ","Funck, Thomas Funck","6","SEK","7.97","1.33","9789189857391","Thomas Funcks Kalle Stropp och Grodan Boll - Får nya vänner och firar jul","9789189857391 - Thomas Funcks Kalle Stropp och Grodan Boll - Får nya vänner och firar jul", Media 24 / Digibook S6993,"Leverantör","1250.88","2183.50",".00",".00","Audio Book : Extended distribution","23154.81","4891.50",".00",".00",".00",".00",".00",".00",".00",".00","0","0"
6993,"2025-06-30","2025-04-01","FS540917",".00","322.80","2607.30","306.60","7774.60",".00",".00",".00",".00",".00",".00"," ","Funck, Thomas Funck","4","SEK","5.38","1.35","9789189857391","Thomas Funcks Kalle Stropp och Grodan Boll - Får nya vänner och firar jul","9789189857391 - Thomas Funcks Kalle Stropp och Grodan Boll - Får nya vänner och firar jul", Media 24 / Digibook S6993,"Leverantör","1250.88","2183.50",".00",".00","Audio Book : Extended distribution","23154.81","4891.50",".00",".00",".00",".00",".00",".00",".00",".00","0","0"
6993,"2025-06-30","2025-04-01","FS540917",".00","322.80","2607.30","306.60","7774.60",".00",".00",".00",".00",".00",".00"," ","Funck, Thomas Funck","4","SEK","5.45","1.36","9789189857391","Thomas Funcks Kalle Stropp och Grodan Boll - Får nya vänner och firar jul","9789189857391 - Thomas Funcks Kalle Stropp och Grodan Boll - Får nya vänner och firar jul", Media 24 / Digibook S6993,"Leverantör","1250.88","2183.50",".00",".00","Audio Book : Extended distribution","23154.81","4891.50",".00",".00",".00",".00",".00",".00",".00",".00","0","0"
6993,"2025-06-30","2025-04-01","FS540917",".00","322.80","2607.30","306.60","7774.60",".00",".00",".00",".00",".00",".00"," ","Funck, Thomas Funck","4","SEK","6.16","1.54","9789189857391","Thomas Funcks Kalle Stropp och Grodan Boll - Får nya vänner och firar jul","9789189857391 - Thomas Funcks Kalle Stropp och Grodan Boll - Får nya vänner och firar jul", Media 24 / Digibook S6993,"Leverantör","1250.88","2183.50",".00",".00","Audio Book : Extended distribution","23154.81","4891.50",".00",".00",".00",".00",".00",".00",".00",".00","0","0"
6993,"2025-06-30","2025-04-01","FS540917",".00","322.80","2607.30","306.60","7774.60",".00",".00",".00",".00",".00",".00"," ","Funck, Thomas Funck","1","SEK","4.29","4.29","9789189857377","Thomas Funcks Kalle Stropp och Grodan Boll - Resan åt alla håll","9789189857377 - Thomas Funcks Kalle Stropp och Grodan Boll - Resan åt alla håll", Media 24 / Digibook S6993,"Leverantör","1250.88","2183.50",".00",".00","Audio Book : Extended distribution","23154.81","4891.50",".00",".00",".00",".00",".00",".00",".00",".00","0","0"
6993,"2025-06-30","2025-04-01","FS540917",".00","322.80","2607.30","306.60","7774.60",".00",".00",".00",".00",".00",".00"," ","Funck, Thomas Funck","1","SEK","4.36","4.36","9789189857377","Thomas Funcks Kalle Stropp och Grodan Boll - Resan åt alla håll","9789189857377 - Thomas Funcks Kalle Stropp och Grodan Boll - Resan åt alla håll", Media 24 / Digibook S6993,"Leverantör","1250.88","2183.50",".00",".00","Audio Book : Extended distribution","23154.81","4891.50",".00",".00",".00",".00",".00",".00",".00",".00","0","0"
6993,"2025-06-30","2025-04-01","FS540917",".00","322.80","2607.30","306.60","7774.60",".00",".00",".00",".00",".00",".00"," ","Funck, Thomas Funck","2","SEK","8.83","4.42","9789189857377","Thomas Funcks Kalle Stropp och Grodan Boll - Resan åt alla håll","9789189857377 - Thomas Funcks Kalle Stropp och Grodan Boll - Resan åt alla håll", Media 24 / Digibook S6993,"Leverantör","1250.88","2183.50",".00",".00","Audio Book : Extended distribution","23154.81","4891.50",".00",".00",".00",".00",".00",".00",".00",".00","0","0"
6993,"2025-06-30","2025-04-01","FS540917",".00","322.80","2607.30","306.60","7774.60",".00",".00",".00",".00",".00",".00"," ","Funck, Thomas Funck","1","SEK","4.98","4.98","9789189857377","Thomas Funcks Kalle Stropp och Grodan Boll - Resan åt alla håll","9789189857377 - Thomas Funcks Kalle Stropp och Grodan Boll - Resan åt alla håll", Media 24 / Digibook S6993,"Leverantör","1250.88","2183.50",".00",".00","Audio Book : Extended distribution","23154.81","4891.50",".00",".00",".00",".00",".00",".00",".00",".00","0","0"
6993,"2025-06-30","2025-04-01","FS540917",".00","322.80","2607.30","306.60","7774.60",".00",".00",".00",".00",".00",".00"," ","Funck, Thomas Funck","1","SEK","6.22","6.22","9789189857377","Thomas Funcks Kalle Stropp och Grodan Boll - Resan åt alla håll","9789189857377 - Thomas Funcks Kalle Stropp och Grodan Boll - Resan åt alla håll", Media 24 / Digibook S6993,"Leverantör","1250.88","2183.50",".00",".00","Audio Book : Extended distribution","23154.81","4891.50",".00",".00",".00",".00",".00",".00",".00",".00","0","0"
6993,"2025-06-30","2025-04-01","FS540917",".00","322.80","2607.30","306.60","7774.60",".00",".00",".00",".00",".00",".00"," ","Funck, Thomas Funck","1","SEK","10.00","10.00","9789189857391","Thomas Funcks Kalle Stropp och Grodan Boll - Får nya vänner och firar jul","9789189857391 - Thomas Funcks Kalle Stropp och Grodan Boll - Får nya vänner och firar jul", Media 24 / Digibook S6993,"Leverantör","1250.88","2183.50",".00",".00","Audio Book : Agregated","23154.81","4891.50",".00",".00",".00",".00",".00",".00",".00",".00","0","0"
6993,"2025-06-30","2025-04-01","FS540917",".00","322.80","2607.30","306.60","7774.60",".00",".00",".00",".00",".00",".00"," ","Funck, Thomas Funck","1","SEK","18.00","18.00","9789189857377","Thomas Funcks Kalle Stropp och Grodan Boll - Resan åt alla håll","9789189857377 - Thomas Funcks Kalle Stropp och Grodan Boll - Resan åt alla håll", Media 24 / Digibook S6993,"Leverantör","1250.88","2183.50",".00",".00","Audio Book : Agregated","23154.81","4891.50",".00",".00",".00",".00",".00",".00",".00",".00","0","0"
6993,"2025-06-30","2025-04-01","FS540917",".00","322.80","2607.30","306.60","7774.60",".00",".00",".00",".00",".00",".00"," ","GN Lager, Christer","5","SEK","4.19",".84","9789189739161","Spanskspanarens spännande spaningar i Spanien Del 4","9789189739161 - Spanskspanarens spännande spaningar i Spanien Del 4", Media 24 / Digibook S6993,"Leverantör","1250.88","2183.50",".00",".00","Audio Book : Extended distribution","23154.81","4891.50",".00",".00",".00",".00",".00",".00",".00",".00","0","0"
6993,"2025-06-30","2025-04-01","FS540917",".00","322.80","2607.30","306.60","7774.60",".00",".00",".00",".00",".00",".00"," ","GN Lager, Christer","5","SEK","4.55",".91","9789189739369","Spanskspanarens spännande spaningar i Spanien del 5","9789189739369 - Spanskspanarens spännande spaningar i Spanien del 5", Media 24 / Digibook S6993,"Leverantör","1250.88","2183.50",".00",".00","Audio Book : Extended distribution","23154.81","4891.50",".00",".00",".00",".00",".00",".00",".00",".00","0","0"
6993,"2025-06-30","2025-04-01","FS540917",".00","322.80","2607.30","306.60","7774.60",".00",".00",".00",".00",".00",".00"," ","GN Lager, Christer","1","SEK",".94",".94","9789189739369","Spanskspanarens spännande spaningar i Spanien del 5","9789189739369 - Spanskspanarens spännande spaningar i Spanien del 5", Media 24 / Digibook S6993,"Leverantör","1250.88","2183.50",".00",".00","Audio Book : Extended distribution","23154.81","4891.50",".00",".00",".00",".00",".00",".00",".00",".00","0","0"
6993,"2025-06-30","2025-04-01","FS540917",".00","322.80","2607.30","306.60","7774.60",".00",".00",".00",".00",".00",".00"," ","GN Lager, Christer","4","SEK","4.00","1.00","9789189539884","Spanskspanarens spännande spaningar i Spanien Del 2","9789189539884 - Spanskspanarens spännande spaningar i Spanien Del 2", Media 24 / Digibook S6993,"Leverantör","1250.88","2183.50",".00",".00","Audio Book : Extended distribution","23154.81","4891.50",".00",".00",".00",".00",".00",".00",".00",".00","0","0"
6993,"2025-06-30","2025-04-01","FS540917",".00","322.80","2607.30","306.60","7774.60",".00",".00",".00",".00",".00",".00"," ","GN Lager, Christer","4","SEK","4.00","1.00","9789189739611","Spanskspanarens spännande spaningar i Spanien del 6","9789189739611 - Spanskspanarens spännande spaningar i Spanien del 6", Media 24 / Digibook S6993,"Leverantör","1250.88","2183.50",".00",".00","Audio Book : Extended distribution","23154.81","4891.50",".00",".00",".00",".00",".00",".00",".00",".00","0","0"
6993,"2025-06-30","2025-04-01","FS540917",".00","322.80","2607.30","306.60","7774.60",".00",".00",".00",".00",".00",".00"," ","GN Lager, Christer","6","SEK","6.20","1.03","9789189539792","Spanskspanarens spännande spaningar i Spanien, del 1","9789189539792 - Spanskspanarens spännande spaningar i Spanien, del 1", Media 24 / Digibook S6993,"Leverantör","1250.88","2183.50",".00",".00","Audio Book : Extended distribution","23154.81","4891.50",".00",".00",".00",".00",".00",".00",".00",".00","0","0"
6993,"2025-06-30","2025-04-01","FS540917",".00","322.80","2607.30","306.60","7774.60",".00",".00",".00",".00",".00",".00"," ","GN Lager, Christer","1","SEK","1.03","1.03","9789189539884","Spanskspanarens spännande spaningar i Spanien Del 2","9789189539884 - Spanskspanarens spännande spaningar i Spanien Del 2", Media 24 / Digibook S6993,"Leverantör","1250.88","2183.50",".00",".00","Audio Book : Extended distribution","23154.81","4891.50",".00",".00",".00",".00",".00",".00",".00",".00","0","0"
6993,"2025-06-30","2025-04-01","FS540917",".00","322.80","2607.30","306.60","7774.60",".00",".00",".00",".00",".00",".00"," ","GN Lager, Christer","2","SEK","2.07","1.04","9789189539792","Spanskspanarens spännande spaningar i Spanien, del 1","9789189539792 - Spanskspanarens spännande spaningar i Spanien, del 1", Media 24 / Digibook S6993,"Leverantör","1250.88","2183.50",".00",".00","Audio Book : Extended distribution","23154.81","4891.50",".00",".00",".00",".00",".00",".00",".00",".00","0","0"
6993,"2025-06-30","2025-04-01","FS540917",".00","322.80","2607.30","306.60","7774.60",".00",".00",".00",".00",".00",".00"," ","GN Lager, Christer","2","SEK","2.13","1.07","9789189539884","Spanskspanarens spännande spaningar i Spanien Del 2","9789189539884 - Spanskspanarens spännande spaningar i Spanien Del 2", Media 24 / Digibook S6993,"Leverantör","1250.88","2183.50",".00",".00","Audio Book : Extended distribution","23154.81","4891.50",".00",".00",".00",".00",".00",".00",".00",".00","0","0"
6993,"2025-06-30","2025-04-01","FS540917",".00","322.80","2607.30","306.60","7774.60",".00",".00",".00",".00",".00",".00"," ","GN Lager, Christer","1","SEK","1.08","1.08","9789189539792","Spanskspanarens spännande spaningar i Spanien, del 1","9789189539792 - Spanskspanarens spännande spaningar i Spanien, del 1", Media 24 / Digibook S6993,"Leverantör","1250.88","2183.50",".00",".00","Audio Book : Extended distribution","23154.81","4891.50",".00",".00",".00",".00",".00",".00",".00",".00","0","0"
6993,"2025-06-30","2025-04-01","FS540917",".00","322.80","2607.30","306.60","7774.60",".00",".00",".00",".00",".00",".00"," ","GN Lager, Christer","1","SEK","1.11","1.11","9789189539792","Spanskspanarens spännande spaningar i Spanien, del 1","9789189539792 - Spanskspanarens spännande spaningar i Spanien, del 1", Media 24 / Digibook S6993,"Leverantör","1250.88","2183.50",".00",".00","Audio Book : Extended distribution","23154.81","4891.50",".00",".00",".00",".00",".00",".00",".00",".00","0","0"
6993,"2025-06-30","2025-04-01","FS540917",".00","322.80","2607.30","306.60","7774.60",".00",".00",".00",".00",".00",".00"," ","GN Lager, Christer","1","SEK","1.21","1.21","9789189539884","Spanskspanarens spännande spaningar i Spanien Del 2","9789189539884 - Spanskspanarens spännande spaningar i Spanien Del 2", Media 24 / Digibook S6993,"Leverantör","1250.88","2183.50",".00",".00","Audio Book : Extended distribution","23154.81","4891.50",".00",".00",".00",".00",".00",".00",".00",".00","0","0"
6993,"2025-06-30","2025-04-01","FS540917",".00","322.80","2607.30","306.60","7774.60",".00",".00",".00",".00",".00",".00"," ","GN Lager, Christer","3","SEK","3.74","1.25","9789189539792","Spanskspanarens spännande spaningar i Spanien, del 1","9789189539792 - Spanskspanarens spännande spaningar i Spanien, del 1", Media 24 / Digibook S6993,"Leverantör","1250.88","2183.50",".00",".00","Audio Book : Extended distribution","23154.81","4891.50",".00",".00",".00",".00",".00",".00",".00",".00","0","0"
6993,"2025-06-30","2025-04-01","FS540917",".00","322.80","2607.30","306.60","7774.60",".00",".00",".00",".00",".00",".00"," ","GN Lager, Christer","5","SEK","6.39","1.28","9789189739079","Spanskspanarens spännande spaningar i Spanien Del 3","9789189739079 - Spanskspanarens spännande spaningar i Spanien Del 3", Media 24 / Digibook S6993,"Leverantör","1250.88","2183.50",".00",".00","Audio Book : Extended distribution","23154.81","4891.50",".00",".00",".00",".00",".00",".00",".00",".00","0","0"
6993,"2025-06-30","2025-04-01","FS540917",".00","322.80","2607.30","306.60","7774.60",".00",".00",".00",".00",".00",".00"," ","GN Lager, Christer","1","SEK","1.36","1.36","9789189739079","Spanskspanarens spännande spaningar i Spanien Del 3","9789189739079 - Spanskspanarens spännande spaningar i Spanien Del 3", Media 24 / Digibook S6993,"Leverantör","1250.88","2183.50",".00",".00","Audio Book : Extended distribution","23154.81","4891.50",".00",".00",".00",".00",".00",".00",".00",".00","0","0"
6993,"2025-06-30","2025-04-01","FS540917",".00","322.80","2607.30","306.60","7774.60",".00",".00",".00",".00",".00",".00"," ","Gadnell, Stefan","1","SEK","19.52","19.52","9789189857995","Fem Nedfrysta Pekineser","9789189857995 - Fem Nedfrysta Pekineser", Media 24 / Digibook S6993,"Leverantör","1250.88","2183.50",".00",".00","Audio Book : Extended distribution","23154.81","4891.50",".00",".00",".00",".00",".00",".00",".00",".00","0","0"
6993,"2025-06-30","2025-04-01","FS540917",".00","322.80","2607.30","306.60","7774.60",".00",".00",".00",".00",".00",".00"," ","Gadnell, Stefan","3","SEK","59.40","19.80","9789189857995","Fem Nedfrysta Pekineser","9789189857995 - Fem Nedfrysta Pekineser", Media 24 / Digibook S6993,"Leverantör","1250.88","2183.50",".00",".00","Audio Book : Extended distribution","23154.81","4891.50",".00",".00",".00",".00",".00",".00",".00",".00","0","0"
6993,"2025-06-30","2025-04-01","FS540917",".00","322.80","2607.30","306.60","7774.60",".00",".00",".00",".00",".00",".00"," ","Gadnell, Stefan","1","SEK","22.61","22.61","9789189857995","Fem Nedfrysta Pekineser","9789189857995 - Fem Nedfrysta Pekineser", Media 24 / Digibook S6993,"Leverantör","1250.88","2183.50",".00",".00","Audio Book : Extended distribution","23154.81","4891.50",".00",".00",".00",".00",".00",".00",".00",".00","0","0"
6993,"2025-06-30","2025-04-01","FS540917",".00","322.80","2607.30","306.60","7774.60",".00",".00",".00",".00",".00",".00"," ","Gadnell, Stefan","1","SEK","36.00","36.00","9789189857995","Fem Nedfrysta Pekineser","9789189857995 - Fem Nedfrysta Pekineser", Media 24 / Digibook S6993,"Leverantör","1250.88","2183.50",".00",".00","Audio Book : Agregated","23154.81","4891.50",".00",".00",".00",".00",".00",".00",".00",".00","0","0"
6993,"2025-06-30","2025-04-01","FS540917",".00","322.80","2607.30","306.60","7774.60",".00",".00",".00",".00",".00",".00"," ","Grahn, David","1","SEK","2.56","2.56","9789189835474","Vem vill Du vara","9789189835474 - Vem vill Du vara", Media 24 / Digibook S6993,"Leverantör","1250.88","2183.50",".00",".00","Ebook : Extended distribution","23154.81","4891.50",".00",".00",".00",".00",".00",".00",".00",".00","0","0"
6993,"2025-06-30","2025-04-01","FS540917",".00","322.80","2607.30","306.60","7774.60",".00",".00",".00",".00",".00",".00"," ","Grahn, David","1","SEK","2.86","2.86","9789189835474","Vem vill Du vara","9789189835474 - Vem vill Du vara", Media 24 / Digibook S6993,"Leverantör","1250.88","2183.50",".00",".00","Ebook : Extended distribution","23154.81","4891.50",".00",".00",".00",".00",".00",".00",".00",".00","0","0"
6993,"2025-06-30","2025-04-01","FS540917",".00","322.80","2607.30","306.60","7774.60",".00",".00",".00",".00",".00",".00"," ","Hagberg, Albin","1","SEK","12.55","12.55","9789189857223","Drömsamlaren","9789189857223 - Drömsamlaren", Media 24 / Digibook S6993,"Leverantör","1250.88","2183.50",".00",".00","Audio Book : Extended distribution","23154.81","4891.50",".00",".00",".00",".00",".00",".00",".00",".00","0","0"
6993,"2025-06-30","2025-04-01","FS540917",".00","322.80","2607.30","306.60","7774.60",".00",".00",".00",".00",".00",".00"," ","Hagberg, Albin","1","SEK","13.36","13.36","9789189857223","Drömsamlaren","9789189857223 - Drömsamlaren", Media 24 / Digibook S6993,"Leverantör","1250.88","2183.50",".00",".00","Audio Book : Extended distribution","23154.81","4891.50",".00",".00",".00",".00",".00",".00",".00",".00","0","0"
6993,"2025-06-30","2025-04-01","FS540917",".00","322.80","2607.30","306.60","7774.60",".00",".00",".00",".00",".00",".00"," ","Hansen, Thomas","2","SEK","28.12","14.06","9789189835627","Dödslyktan","9789189835627 - Dödslyktan", Media 24 / Digibook S6993,"Leverantör","1250.88","2183.50",".00",".00","Audio Book : Extended distribution","23154.81","4891.50",".00",".00",".00",".00",".00",".00",".00",".00","0","0"
6993,"2025-06-30","2025-04-01","FS540917",".00","322.80","2607.30","306.60","7774.60",".00",".00",".00",".00",".00",".00"," ","Hansen, Thomas","2","SEK","29.13","14.57","9789189835627","Dödslyktan","9789189835627 - Dödslyktan", Media 24 / Digibook S6993,"Leverantör","1250.88","2183.50",".00",".00","Audio Book : Extended distribution","23154.81","4891.50",".00",".00",".00",".00",".00",".00",".00",".00","0","0"
6993,"2025-06-30","2025-04-01","FS540917",".00","322.80","2607.30","306.60","7774.60",".00",".00",".00",".00",".00",".00"," ","Hansen, Thomas","2","SEK","29.55","14.78","9789189835627","Dödslyktan","9789189835627 - Dödslyktan", Media 24 / Digibook S6993,"Leverantör","1250.88","2183.50",".00",".00","Audio Book : Extended distribution","23154.81","4891.50",".00",".00",".00",".00",".00",".00",".00",".00","0","0"
6993,"2025-06-30","2025-04-01","FS540917",".00","322.80","2607.30","306.60","7774.60",".00",".00",".00",".00",".00",".00"," ","Hansen, Thomas","3","SEK","44.90","14.97","9789189835627","Dödslyktan","9789189835627 - Dödslyktan", Media 24 / Digibook S6993,"Leverantör","1250.88","2183.50",".00",".00","Audio Book : Extended distribution","23154.81","4891.50",".00",".00",".00",".00",".00",".00",".00",".00","0","0"
6993,"2025-06-30","2025-04-01","FS540917",".00","322.80","2607.30","306.60","7774.60",".00",".00",".00",".00",".00",".00"," ","Hansen, Thomas","2","SEK","30.16","15.08","9789189857476","Tunnelbanemorden","9789189857476 - Tunnelbanemorden", Media 24 / Digibook S6993,"Leverantör","1250.88","2183.50",".00",".00","Audio Book : Extended distribution","23154.81","4891.50",".00",".00",".00",".00",".00",".00",".00",".00","0","0"
6993,"2025-06-30","2025-04-01","FS540917",".00","322.80","2607.30","306.60","7774.60",".00",".00",".00",".00",".00",".00"," ","Hansen, Thomas","3","SEK","45.82","15.27","9789189857476","Tunnelbanemorden","9789189857476 - Tunnelbanemorden", Media 24 / Digibook S6993,"Leverantör","1250.88","2183.50",".00",".00","Audio Book : Extended distribution","23154.81","4891.50",".00",".00",".00",".00",".00",".00",".00",".00","0","0"
6993,"2025-06-30","2025-04-01","FS540917",".00","322.80","2607.30","306.60","7774.60",".00",".00",".00",".00",".00",".00"," ","Hansen, Thomas","12","SEK","202.48","16.87","9789189835627","Dödslyktan","9789189835627 - Dödslyktan", Media 24 / Digibook S6993,"Leverantör","1250.88","2183.50",".00",".00","Audio Book : Extended distribution","23154.81","4891.50",".00",".00",".00",".00",".00",".00",".00",".00","0","0"
6993,"2025-06-30","2025-04-01","FS540917",".00","322.80","2607.30","306.60","7774.60",".00",".00",".00",".00",".00",".00"," ","Hansen, Thomas","11","SEK","189.42","17.22","9789189857476","Tunnelbanemorden","9789189857476 - Tunnelbanemorden", Media 24 / Digibook S6993,"Leverantör","1250.88","2183.50",".00",".00","Audio Book : Extended distribution","23154.81","4891.50",".00",".00",".00",".00",".00",".00",".00",".00","0","0"
6993,"2025-06-30","2025-04-01","FS540917",".00","322.80","2607.30","306.60","7774.60",".00",".00",".00",".00",".00",".00"," ","Hansen, Thomas","1","SEK","18.00","18.00","9789189835627","Dödslyktan","9789189835627 - Dödslyktan", Media 24 / Digibook S6993,"Leverantör","1250.88","2183.50",".00",".00","Audio Book : Agregated","23154.81","4891.50",".00",".00",".00",".00",".00",".00",".00",".00","0","0"
6993,"2025-06-30","2025-04-01","FS540917",".00","322.80","2607.30","306.60","7774.60",".00",".00",".00",".00",".00",".00"," ","Hansen, Thomas","5","SEK","107.64","21.53","9789189857476","Tunnelbanemorden","9789189857476 - Tunnelbanemorden", Media 24 / Digibook S6993,"Leverantör","1250.88","2183.50",".00",".00","Audio Book : Extended distribution","23154.81","4891.50",".00",".00",".00",".00",".00",".00",".00",".00","0","0"
6993,"2025-06-30","2025-04-01","FS540917",".00","322.80","2607.30","306.60","7774.60",".00",".00",".00",".00",".00",".00"," ","Hansen, Thomas","2","SEK","72.00","36.00","9789189857476","Tunnelbanemorden","9789189857476 - Tunnelbanemorden", Media 24 / Digibook S6993,"Leverantör","1250.88","2183.50",".00",".00","Audio Book : Agregated","23154.81","4891.50",".00",".00",".00",".00",".00",".00",".00",".00","0","0"
6993,"2025-06-30","2025-04-01","FS540917",".00","322.80","2607.30","306.60","7774.60",".00",".00",".00",".00",".00",".00"," ","Hansson, Jenny","1","SEK","11.20","11.20","9789189857841","Salta havsvindar och brustna hjärtan","9789189857841 - Salta havsvindar och brustna hjärtan", Media 24 / Digibook S6993,"Leverantör","1250.88","2183.50",".00",".00","Ebook : Access Loan","23154.81","4891.50",".00",".00",".00",".00",".00",".00",".00",".00","0","0"
6993,"2025-06-30","2025-04-01","FS540917",".00","322.80","2607.30","306.60","7774.60",".00",".00",".00",".00",".00",".00"," ","Hansson, Jenny","5","SEK","78.39","15.68","9789189857841","Salta havsvindar och brustna hjärtan","9789189857841 - Salta havsvindar och brustna hjärtan", Media 24 / Digibook S6993,"Leverantör","1250.88","2183.50",".00",".00","Ebook : Extended distribution","23154.81","4891.50",".00",".00",".00",".00",".00",".00",".00",".00","0","0"
6993,"2025-06-30","2025-04-01","FS540917",".00","322.80","2607.30","306.60","7774.60",".00",".00",".00",".00",".00",".00"," ","Hansson, Jenny","16","SEK","254.42","15.90","9789189857841","Salta havsvindar och brustna hjärtan","9789189857841 - Salta havsvindar och brustna hjärtan", Media 24 / Digibook S6993,"Leverantör","1250.88","2183.50",".00",".00","Ebook : Extended distribution","23154.81","4891.50",".00",".00",".00",".00",".00",".00",".00",".00","0","0"
6993,"2025-06-30","2025-04-01","FS540917",".00","322.80","2607.30","306.60","7774.60",".00",".00",".00",".00",".00",".00"," ","Hansson, Jenny","1","SEK","16.11","16.11","9789189857841","Salta havsvindar och brustna hjärtan","9789189857841 - Salta havsvindar och brustna hjärtan", Media 24 / Digibook S6993,"Leverantör","1250.88","2183.50",".00",".00","Ebook : Extended distribution","23154.81","4891.50",".00",".00",".00",".00",".00",".00",".00",".00","0","0"
6993,"2025-06-30","2025-04-01","FS540917",".00","322.80","2607.30","306.60","7774.60",".00",".00",".00",".00",".00",".00"," ","Hansson, Jenny","11","SEK","185.41","16.86","9789189857841","Salta havsvindar och brustna hjärtan","9789189857841 - Salta havsvindar och brustna hjärtan", Media 24 / Digibook S6993,"Leverantör","1250.88","2183.50",".00",".00","Ebook : Extended distribution","23154.81","4891.50",".00",".00",".00",".00",".00",".00",".00",".00","0","0"
6993,"2025-06-30","2025-04-01","FS540917",".00","322.80","2607.30","306.60","7774.60",".00",".00",".00",".00",".00",".00"," ","Hansson, Jenny","1","SEK","21.71","21.71","9789189857841","Salta havsvindar och brustna hjärtan","9789189857841 - Salta havsvindar och brustna hjärtan", Media 24 / Digibook S6993,"Leverantör","1250.88","2183.50",".00",".00","Ebook : Extended distribution","23154.81","4891.50",".00",".00",".00",".00",".00",".00",".00",".00","0","0"
6993,"2025-06-30","2025-04-01","FS540917",".00","322.80","2607.30","306.60","7774.60",".00",".00",".00",".00",".00",".00"," ","Hansson, Jenny","4","SEK","252.00","63.00","9789189857841","Salta havsvindar och brustna hjärtan","9789189857841 - Salta havsvindar och brustna hjärtan", Media 24 / Digibook S6993,"Leverantör","1250.88","2183.50",".00",".00","Ebook : Agregated","23154.81","4891.50",".00",".00",".00",".00",".00",".00",".00",".00","0","0"
6993,"2025-06-30","2025-04-01","FS540917",".00","322.80","2607.30","306.60","7774.60",".00",".00",".00",".00",".00",".00"," ","Hayek, Pierre","1","SEK","18.63","18.63","9789189739673","Sjusovaren i Paris","9789189739673 - Sjusovaren i Paris", Media 24 / Digibook S6993,"Leverantör","1250.88","2183.50",".00",".00","Audio Book : Extended distribution","23154.81","4891.50",".00",".00",".00",".00",".00",".00",".00",".00","0","0"
6993,"2025-06-30","2025-04-01","FS540917",".00","322.80","2607.30","306.60","7774.60",".00",".00",".00",".00",".00",".00"," ","Hayek, Pierre","1","SEK","19.14","19.14","9789189739673","Sjusovaren i Paris","9789189739673 - Sjusovaren i Paris", Media 24 / Digibook S6993,"Leverantör","1250.88","2183.50",".00",".00","Audio Book : Extended distribution","23154.81","4891.50",".00",".00",".00",".00",".00",".00",".00",".00","0","0"
6993,"2025-06-30","2025-04-01","FS540917",".00","322.80","2607.30","306.60","7774.60",".00",".00",".00",".00",".00",".00"," ","Hayek, Pierre","2","SEK","102.60","51.30","9789189739673","Sjusovaren i Paris","9789189739673 - Sjusovaren i Paris", Media 24 / Digibook S6993,"Leverantör","1250.88","2183.50",".00",".00","Audio Book : Buy","23154.81","4891.50",".00",".00",".00",".00",".00",".00",".00",".00","0","0"
6993,"2025-06-30","2025-04-01","FS540917",".00","322.80","2607.30","306.60","7774.60",".00",".00",".00",".00",".00",".00"," ","Hayek, Pierre","1","SEK","51.30","51.30","9789190071236","Trioene","9789190071236 - Trioene", Media 24 / Digibook S6993,"Leverantör","1250.88","2183.50",".00",".00","Ebook : Buy","23154.81","4891.50",".00",".00",".00",".00",".00",".00",".00",".00","0","0"
6993,"2025-06-30","2025-04-01","FS540917",".00","322.80","2607.30","306.60","7774.60",".00",".00",".00",".00",".00",".00"," ","Hersoug, Ellef","1","SEK","1.34","1.34","9789189857247","Tidstjuvar","9789189857247 - Tidstjuvar", Media 24 / Digibook S6993,"Leverantör","1250.88","2183.50",".00",".00","Ebook : Extended distribution","23154.81","4891.50",".00",".00",".00",".00",".00",".00",".00",".00","0","0"
6993,"2025-06-30","2025-04-01","FS540917",".00","322.80","2607.30","306.60","7774.60",".00",".00",".00",".00",".00",".00"," ","Hersoug, Ellef","1","SEK","11.00","11.00","9789189857247","Tidstjuvar","9789189857247 - Tidstjuvar", Media 24 / Digibook S6993,"Leverantör","1250.88","2183.50",".00",".00","Ebook : Buy","23154.81","4891.50",".00",".00",".00",".00",".00",".00",".00",".00","0","0"
6993,"2025-06-30","2025-04-01","FS540917",".00","322.80","2607.30","306.60","7774.60",".00",".00",".00",".00",".00",".00"," ","Hulth Wallgren, David","3","SEK","22.87","7.62","9789189857353","SPANIEN UNDER YTAN från A till Z: en annorlunda guide","9789189857353 - SPANIEN UNDER YTAN från A till Z: en annorlunda guide", Media 24 / Digibook S6993,"Leverantör","1250.88","2183.50",".00",".00","Ebook : Extended distribution","23154.81","4891.50",".00",".00",".00",".00",".00",".00",".00",".00","0","0"
6993,"2025-06-30","2025-04-01","FS540917",".00","322.80","2607.30","306.60","7774.60",".00",".00",".00",".00",".00",".00"," ","Hulth Wallgren, David","8","SEK","61.85","7.73","9789189857353","SPANIEN UNDER YTAN från A till Z: en annorlunda guide","9789189857353 - SPANIEN UNDER YTAN från A till Z: en annorlunda guide", Media 24 / Digibook S6993,"Leverantör","1250.88","2183.50",".00",".00","Ebook : Extended distribution","23154.81","4891.50",".00",".00",".00",".00",".00",".00",".00",".00","0","0"
6993,"2025-06-30","2025-04-01","FS540917",".00","322.80","2607.30","306.60","7774.60",".00",".00",".00",".00",".00",".00"," ","Hulth Wallgren, David","10","SEK","78.31","7.83","9789189857353","SPANIEN UNDER YTAN från A till Z: en annorlunda guide","9789189857353 - SPANIEN UNDER YTAN från A till Z: en annorlunda guide", Media 24 / Digibook S6993,"Leverantör","1250.88","2183.50",".00",".00","Ebook : Extended distribution","23154.81","4891.50",".00",".00",".00",".00",".00",".00",".00",".00","0","0"
6993,"2025-06-30","2025-04-01","FS540917",".00","322.80","2607.30","306.60","7774.60",".00",".00",".00",".00",".00",".00"," ","Hulth Wallgren, David","4","SEK","42.33","10.58","9789189857353","SPANIEN UNDER YTAN från A till Z: en annorlunda guide","9789189857353 - SPANIEN UNDER YTAN från A till Z: en annorlunda guide", Media 24 / Digibook S6993,"Leverantör","1250.88","2183.50",".00",".00","Ebook : Extended distribution","23154.81","4891.50",".00",".00",".00",".00",".00",".00",".00",".00","0","0"
6993,"2025-06-30","2025-04-01","FS540917",".00","322.80","2607.30","306.60","7774.60",".00",".00",".00",".00",".00",".00"," ","Hulth Wallgren, David","2","SEK","21.17","10.59","9789189857353","SPANIEN UNDER YTAN från A till Z: en annorlunda guide","9789189857353 - SPANIEN UNDER YTAN från A till Z: en annorlunda guide", Media 24 / Digibook S6993,"Leverantör","1250.88","2183.50",".00",".00","Ebook : Extended distribution","23154.81","4891.50",".00",".00",".00",".00",".00",".00",".00",".00","0","0"
6993,"2025-06-30","2025-04-01","FS540917",".00","322.80","2607.30","306.60","7774.60",".00",".00",".00",".00",".00",".00"," ","Hulth Wallgren, David","1","SEK","51.30","51.30","9789189857353","SPANIEN UNDER YTAN från A till Z: en annorlunda guide","9789189857353 - SPANIEN UNDER YTAN från A till Z: en annorlunda guide", Media 24 / Digibook S6993,"Leverantör","1250.88","2183.50",".00",".00","Ebook : Buy","23154.81","4891.50",".00",".00",".00",".00",".00",".00",".00",".00","0","0"
6993,"2025-06-30","2025-04-01","FS540917",".00","322.80","2607.30","306.60","7774.60",".00",".00",".00",".00",".00",".00"," ","Hulth Wallgren, David","2","SEK","102.60","51.30","9789190071250","Grattis älskling","9789190071250 - Grattis älskling", Media 24 / Digibook S6993,"Leverantör","1250.88","2183.50",".00",".00","Ebook : Buy","23154.81","4891.50",".00",".00",".00",".00",".00",".00",".00",".00","0","0"
6993,"2025-06-30","2025-04-01","FS540917",".00","322.80","2607.30","306.60","7774.60",".00",".00",".00",".00",".00",".00"," ","Hågensen, Lisa","2","SEK","25.21","12.61","9789189739208","Defcon Europa #1: Spöket Agenten & En Femme Fatale","9789189739208 - Defcon Europa #1: Spöket Agenten & En Femme Fatale", Media 24 / Digibook S6993,"Leverantör","1250.88","2183.50",".00",".00","Audio Book : Extended distribution","23154.81","4891.50",".00",".00",".00",".00",".00",".00",".00",".00","0","0"
6993,"2025-06-30","2025-04-01","FS540917",".00","322.80","2607.30","306.60","7774.60",".00",".00",".00",".00",".00",".00"," ","Håkan","20","SEK","507.65","25.38","9789190071106","Rättvisan blev en fars. Falska anklagelser och kampen för sanningen.","9789190071106 - Rättvisan blev en fars. Falska anklagelser och kampen för sanningen.", Media 24 / Digibook S6993,"Leverantör","1250.88","2183.50",".00",".00","Audio Book : Extended distribution","23154.81","4891.50",".00",".00",".00",".00",".00",".00",".00",".00","0","0"
6993,"2025-06-30","2025-04-01","FS540917",".00","322.80","2607.30","306.60","7774.60",".00",".00",".00",".00",".00",".00"," ","Håkan","4","SEK","112.21","28.05","9789189857940","Rättvisan blev en fars. Falska anklagelser och kampen för sanningen.","9789189857940 - Rättvisan blev en fars. Falska anklagelser och kampen för sanningen.", Media 24 / Digibook S6993,"Leverantör","1250.88","2183.50",".00",".00","Ebook : Extended distribution","23154.81","4891.50",".00",".00",".00",".00",".00",".00",".00",".00","0","0"
6993,"2025-06-30","2025-04-01","FS540917",".00","322.80","2607.30","306.60","7774.60",".00",".00",".00",".00",".00",".00"," ","Håkan","2","SEK","56.11","28.06","9789189857940","Rättvisan blev en fars. Falska anklagelser och kampen för sanningen.","9789189857940 - Rättvisan blev en fars. Falska anklagelser och kampen för sanningen.", Media 24 / Digibook S6993,"Leverantör","1250.88","2183.50",".00",".00","Ebook : Extended distribution","23154.81","4891.50",".00",".00",".00",".00",".00",".00",".00",".00","0","0"
6993,"2025-06-30","2025-04-01","FS540917",".00","322.80","2607.30","306.60","7774.60",".00",".00",".00",".00",".00",".00"," ","Håkan","15","SEK","426.77","28.45","9789189857940","Rättvisan blev en fars. Falska anklagelser och kampen för sanningen.","9789189857940 - Rättvisan blev en fars. Falska anklagelser och kampen för sanningen.", Media 24 / Digibook S6993,"Leverantör","1250.88","2183.50",".00",".00","Ebook : Extended distribution","23154.81","4891.50",".00",".00",".00",".00",".00",".00",".00",".00","0","0"
6993,"2025-06-30","2025-04-01","FS540917",".00","322.80","2607.30","306.60","7774.60",".00",".00",".00",".00",".00",".00"," ","Håkan","6","SEK","182.22","30.37","9789189857940","Rättvisan blev en fars. Falska anklagelser och kampen för sanningen.","9789189857940 - Rättvisan blev en fars. Falska anklagelser och kampen för sanningen.", Media 24 / Digibook S6993,"Leverantör","1250.88","2183.50",".00",".00","Ebook : Extended distribution","23154.81","4891.50",".00",".00",".00",".00",".00",".00",".00",".00","0","0"
6993,"2025-06-30","2025-04-01","FS540917",".00","322.80","2607.30","306.60","7774.60",".00",".00",".00",".00",".00",".00"," ","Håkan","2","SEK","72.00","36.00","9789190071106","Rättvisan blev en fars. Falska anklagelser och kampen för sanningen.","9789190071106 - Rättvisan blev en fars. Falska anklagelser och kampen för sanningen.", Media 24 / Digibook S6993,"Leverantör","1250.88","2183.50",".00",".00","Audio Book : Agregated","23154.81","4891.50",".00",".00",".00",".00",".00",".00",".00",".00","0","0"
6993,"2025-06-30","2025-04-01","FS540917",".00","322.80","2607.30","306.60","7774.60",".00",".00",".00",".00",".00",".00"," ","Håkan","7","SEK","257.23","36.75","9789190071106","Rättvisan blev en fars. Falska anklagelser och kampen för sanningen.","9789190071106 - Rättvisan blev en fars. Falska anklagelser och kampen för sanningen.", Media 24 / Digibook S6993,"Leverantör","1250.88","2183.50",".00",".00","Audio Book : Extended distribution","23154.81","4891.50",".00",".00",".00",".00",".00",".00",".00",".00","0","0"
6993,"2025-06-30","2025-04-01","FS540917",".00","322.80","2607.30","306.60","7774.60",".00",".00",".00",".00",".00",".00"," ","Håkan","5","SEK","190.71","38.14","9789189857940","Rättvisan blev en fars. Falska anklagelser och kampen för sanningen.","9789189857940 - Rättvisan blev en fars. Falska anklagelser och kampen för sanningen.", Media 24 / Digibook S6993,"Leverantör","1250.88","2183.50",".00",".00","Ebook : Extended distribution","23154.81","4891.50",".00",".00",".00",".00",".00",".00",".00",".00","0","0"
6993,"2025-06-30","2025-04-01","FS540917",".00","322.80","2607.30","306.60","7774.60",".00",".00",".00",".00",".00",".00"," ","Håkan","1","SEK","63.00","63.00","9789189857940","Rättvisan blev en fars. Falska anklagelser och kampen för sanningen.","9789189857940 - Rättvisan blev en fars. Falska anklagelser och kampen för sanningen.", Media 24 / Digibook S6993,"Leverantör","1250.88","2183.50",".00",".00","Ebook : Agregated","23154.81","4891.50",".00",".00",".00",".00",".00",".00",".00",".00","0","0"
6993,"2025-06-30","2025-04-01","FS540917",".00","322.80","2607.30","306.60","7774.60",".00",".00",".00",".00",".00",".00"," ","Håkan","3","SEK","364.50","121.50","9789189857940","Rättvisan blev en fars. Falska anklagelser och kampen för sanningen.","9789189857940 - Rättvisan blev en fars. Falska anklagelser och kampen för sanningen.", Media 24 / Digibook S6993,"Leverantör","1250.88","2183.50",".00",".00","Ebook : Buy","23154.81","4891.50",".00",".00",".00",".00",".00",".00",".00",".00","0","0"
6993,"2025-06-30","2025-04-01","FS540917",".00","322.80","2607.30","306.60","7774.60",".00",".00",".00",".00",".00",".00"," ","Håkan","2","SEK","243.00","121.50","9789190071106","Rättvisan blev en fars. Falska anklagelser och kampen för sanningen.","9789190071106 - Rättvisan blev en fars. Falska anklagelser och kampen för sanningen.", Media 24 / Digibook S6993,"Leverantör","1250.88","2183.50",".00",".00","Audio Book : Buy","23154.81","4891.50",".00",".00",".00",".00",".00",".00",".00",".00","0","0"
6993,"2025-06-30","2025-04-01","FS540917",".00","322.80","2607.30","306.60","7774.60",".00",".00",".00",".00",".00",".00"," ","Höök, Anna","1","SEK",".66",".66","9789189739529","Havet, sanden, kärleken - Det eviga","9789189739529 - Havet, sanden, kärleken - Det eviga", Media 24 / Digibook S6993,"Leverantör","1250.88","2183.50",".00",".00","Audio Book : Extended distribution","23154.81","4891.50",".00",".00",".00",".00",".00",".00",".00",".00","0","0"
6993,"2025-06-30","2025-04-01","FS540917",".00","322.80","2607.30","306.60","7774.60",".00",".00",".00",".00",".00",".00"," ","Jansson, Dan","1","SEK","12.42","12.42","9789189739376","Krigets långa skugga - En skröna från Malmö","9789189739376 - Krigets långa skugga - En skröna från Malmö", Media 24 / Digibook S6993,"Leverantör","1250.88","2183.50",".00",".00","Ebook : Extended distribution","23154.81","4891.50",".00",".00",".00",".00",".00",".00",".00",".00","0","0"
6993,"2025-06-30","2025-04-01","FS540917",".00","322.80","2607.30","306.60","7774.60",".00",".00",".00",".00",".00",".00"," ","Johansson, Alice","2","SEK","38.70","19.35","9789189857292","Viskaren","9789189857292 - Viskaren", Media 24 / Digibook S6993,"Leverantör","1250.88","2183.50",".00",".00","Audio Book : Extended distribution","23154.81","4891.50",".00",".00",".00",".00",".00",".00",".00",".00","0","0"
6993,"2025-06-30","2025-04-01","FS540917",".00","322.80","2607.30","306.60","7774.60",".00",".00",".00",".00",".00",".00"," ","Johansson, Alice","2","SEK","40.10","20.05","9789189857292","Viskaren","9789189857292 - Viskaren", Media 24 / Digibook S6993,"Leverantör","1250.88","2183.50",".00",".00","Audio Book : Extended distribution","23154.81","4891.50",".00",".00",".00",".00",".00",".00",".00",".00","0","0"
6993,"2025-06-30","2025-04-01","FS540917",".00","322.80","2607.30","306.60","7774.60",".00",".00",".00",".00",".00",".00"," ","Johansson, Alice","6","SEK","121.99","20.33","9789189857292","Viskaren","9789189857292 - Viskaren", Media 24 / Digibook S6993,"Leverantör","1250.88","2183.50",".00",".00","Audio Book : Extended distribution","23154.81","4891.50",".00",".00",".00",".00",".00",".00",".00",".00","0","0"
6993,"2025-06-30","2025-04-01","FS540917",".00","322.80","2607.30","306.60","7774.60",".00",".00",".00",".00",".00",".00"," ","Johansson, Alice","5","SEK","102.98","20.60","9789189857292","Viskaren","9789189857292 - Viskaren", Media 24 / Digibook S6993,"Leverantör","1250.88","2183.50",".00",".00","Audio Book : Extended distribution","23154.81","4891.50",".00",".00",".00",".00",".00",".00",".00",".00","0","0"
6993,"2025-06-30","2025-04-01","FS540917",".00","322.80","2607.30","306.60","7774.60",".00",".00",".00",".00",".00",".00"," ","Johansson, Alice","2","SEK","45.00","22.50","9789189857292","Viskaren","9789189857292 - Viskaren", Media 24 / Digibook S6993,"Leverantör","1250.88","2183.50",".00",".00","Audio Book : Agregated","23154.81","4891.50",".00",".00",".00",".00",".00",".00",".00",".00","0","0"
6993,"2025-06-30","2025-04-01","FS540917",".00","322.80","2607.30","306.60","7774.60",".00",".00",".00",".00",".00",".00"," ","Johansson, Alice","9","SEK","208.98","23.22","9789189857292","Viskaren","9789189857292 - Viskaren", Media 24 / Digibook S6993,"Leverantör","1250.88","2183.50",".00",".00","Audio Book : Extended distribution","23154.81","4891.50",".00",".00",".00",".00",".00",".00",".00",".00","0","0"
6993,"2025-06-30","2025-04-01","FS540917",".00","322.80","2607.30","306.60","7774.60",".00",".00",".00",".00",".00",".00"," ","Johansson, Alice","4","SEK","100.09","25.02","9789189857933","Spåraren","9789189857933 - Spåraren", Media 24 / Digibook S6993,"Leverantör","1250.88","2183.50",".00",".00","Audio Book : Extended distribution","23154.81","4891.50",".00",".00",".00",".00",".00",".00",".00",".00","0","0"
6993,"2025-06-30","2025-04-01","FS540917",".00","322.80","2607.30","306.60","7774.60",".00",".00",".00",".00",".00",".00"," ","Johansson, Alice","12","SEK","304.54","25.38","9789189857933","Spåraren","9789189857933 - Spåraren", Media 24 / Digibook S6993,"Leverantör","1250.88","2183.50",".00",".00","Audio Book : Extended distribution","23154.81","4891.50",".00",".00",".00",".00",".00",".00",".00",".00","0","0"
6993,"2025-06-30","2025-04-01","FS540917",".00","322.80","2607.30","306.60","7774.60",".00",".00",".00",".00",".00",".00"," ","Johansson, Alice","2","SEK","54.00","27.00","9789189857292","Viskaren","9789189857292 - Viskaren", Media 24 / Digibook S6993,"Leverantör","1250.88","2183.50",".00",".00","Audio Book : Extended distribution","23154.81","4891.50",".00",".00",".00",".00",".00",".00",".00",".00","0","0"
6993,"2025-06-30","2025-04-01","FS540917",".00","322.80","2607.30","306.60","7774.60",".00",".00",".00",".00",".00",".00"," ","Johansson, Alice","8","SEK","231.86","28.98","9789189857933","Spåraren","9789189857933 - Spåraren", Media 24 / Digibook S6993,"Leverantör","1250.88","2183.50",".00",".00","Audio Book : Extended distribution","23154.81","4891.50",".00",".00",".00",".00",".00",".00",".00",".00","0","0"
6993,"2025-06-30","2025-04-01","FS540917",".00","322.80","2607.30","306.60","7774.60",".00",".00",".00",".00",".00",".00"," ","Johansson, Alice","1","SEK","36.00","36.00","9789189857292","Viskaren","9789189857292 - Viskaren", Media 24 / Digibook S6993,"Leverantör","1250.88","2183.50",".00",".00","Audio Book : Agregated","23154.81","4891.50",".00",".00",".00",".00",".00",".00",".00",".00","0","0"
6993,"2025-06-30","2025-04-01","FS540917",".00","322.80","2607.30","306.60","7774.60",".00",".00",".00",".00",".00",".00"," ","Johansson, Alice","1","SEK","36.00","36.00","9789189857933","Spåraren","9789189857933 - Spåraren", Media 24 / Digibook S6993,"Leverantör","1250.88","2183.50",".00",".00","Audio Book : Agregated","23154.81","4891.50",".00",".00",".00",".00",".00",".00",".00",".00","0","0"
6993,"2025-06-30","2025-04-01","FS540917",".00","322.80","2607.30","306.60","7774.60",".00",".00",".00",".00",".00",".00"," ","Johansson, Alice","1","SEK","36.22","36.22","9789189857933","Spåraren","9789189857933 - Spåraren", Media 24 / Digibook S6993,"Leverantör","1250.88","2183.50",".00",".00","Audio Book : Extended distribution","23154.81","4891.50",".00",".00",".00",".00",".00",".00",".00",".00","0","0"
6993,"2025-06-30","2025-04-01","FS540917",".00","322.80","2607.30","306.60","7774.60",".00",".00",".00",".00",".00",".00"," ","Kare, Gunilla","15","SEK","100.84","6.72","9789189739963","Tränaren","9789189739963 - Tränaren", Media 24 / Digibook S6993,"Leverantör","1250.88","2183.50",".00",".00","Audio Book : Extended distribution","23154.81","4891.50",".00",".00",".00",".00",".00",".00",".00",".00","0","0"
6993,"2025-06-30","2025-04-01","FS540917",".00","322.80","2607.30","306.60","7774.60",".00",".00",".00",".00",".00",".00"," ","Kare, Gunilla","16","SEK","111.47","6.97","9789189739963","Tränaren","9789189739963 - Tränaren", Media 24 / Digibook S6993,"Leverantör","1250.88","2183.50",".00",".00","Audio Book : Extended distribution","23154.81","4891.50",".00",".00",".00",".00",".00",".00",".00",".00","0","0"
6993,"2025-06-30","2025-04-01","FS540917",".00","322.80","2607.30","306.60","7774.60",".00",".00",".00",".00",".00",".00"," ","Kare, Gunilla","12","SEK","84.80","7.07","9789189739963","Tränaren","9789189739963 - Tränaren", Media 24 / Digibook S6993,"Leverantör","1250.88","2183.50",".00",".00","Audio Book : Extended distribution","23154.81","4891.50",".00",".00",".00",".00",".00",".00",".00",".00","0","0"
6993,"2025-06-30","2025-04-01","FS540917",".00","322.80","2607.30","306.60","7774.60",".00",".00",".00",".00",".00",".00"," ","Kare, Gunilla","42","SEK","300.65","7.16","9789189739963","Tränaren","9789189739963 - Tränaren", Media 24 / Digibook S6993,"Leverantör","1250.88","2183.50",".00",".00","Audio Book : Extended distribution","23154.81","4891.50",".00",".00",".00",".00",".00",".00",".00",".00","0","0"
6993,"2025-06-30","2025-04-01","FS540917",".00","322.80","2607.30","306.60","7774.60",".00",".00",".00",".00",".00",".00"," ","Kare, Gunilla","23","SEK","185.63","8.07","9789189739963","Tränaren","9789189739963 - Tränaren", Media 24 / Digibook S6993,"Leverantör","1250.88","2183.50",".00",".00","Audio Book : Extended distribution","23154.81","4891.50",".00",".00",".00",".00",".00",".00",".00",".00","0","0"
6993,"2025-06-30","2025-04-01","FS540917",".00","322.80","2607.30","306.60","7774.60",".00",".00",".00",".00",".00",".00"," ","Kare, Gunilla","1","SEK","12.51","12.51","9789189539327","Roar och oroar - en lärares dagbok","9789189539327 - Roar och oroar - en lärares dagbok", Media 24 / Digibook S6993,"Leverantör","1250.88","2183.50",".00",".00","Audio Book : Extended distribution","23154.81","4891.50",".00",".00",".00",".00",".00",".00",".00",".00","0","0"
6993,"2025-06-30","2025-04-01","FS540917",".00","322.80","2607.30","306.60","7774.60",".00",".00",".00",".00",".00",".00"," ","Kare, Gunilla","6","SEK","108.00","18.00","9789189739963","Tränaren","9789189739963 - Tränaren", Media 24 / Digibook S6993,"Leverantör","1250.88","2183.50",".00",".00","Audio Book : Extended distribution","23154.81","4891.50",".00",".00",".00",".00",".00",".00",".00",".00","0","0"
6993,"2025-06-30","2025-04-01","FS540917",".00","322.80","2607.30","306.60","7774.60",".00",".00",".00",".00",".00",".00"," ","Karlsson, Anders","1","SEK",".78",".78","9789189857902","100 tips för bättre bilder med din mobil","9789189857902 - 100 tips för bättre bilder med din mobil", Media 24 / Digibook S6993,"Leverantör","1250.88","2183.50",".00",".00","Ebook : Extended distribution","23154.81","4891.50",".00",".00",".00",".00",".00",".00",".00",".00","0","0"
6993,"2025-06-30","2025-04-01","FS540917",".00","322.80","2607.30","306.60","7774.60",".00",".00",".00",".00",".00",".00"," ","Karlsson, Anders","3","SEK","36.00","12.00","9789189857902","100 tips för bättre bilder med din mobil","9789189857902 - 100 tips för bättre bilder med din mobil", Media 24 / Digibook S6993,"Leverantör","1250.88","2183.50",".00",".00","Ebook : Agregated","23154.81","4891.50",".00",".00",".00",".00",".00",".00",".00",".00","0","0"
6993,"2025-06-30","2025-04-01","FS540917",".00","322.80","2607.30","306.60","7774.60",".00",".00",".00",".00",".00",".00"," ","Karlsson, Anders","1","SEK","51.30","51.30","9789189857902","100 tips för bättre bilder med din mobil","9789189857902 - 100 tips för bättre bilder med din mobil", Media 24 / Digibook S6993,"Leverantör","1250.88","2183.50",".00",".00","Ebook : Buy","23154.81","4891.50",".00",".00",".00",".00",".00",".00",".00",".00","0","0"
6993,"2025-06-30","2025-04-01","FS540917",".00","322.80","2607.30","306.60","7774.60",".00",".00",".00",".00",".00",".00"," ","Kentell, Catarina","3","SEK","12.00","4.00","9789189539716","Feedback (r)Evolutionen","9789189539716 - Feedback (r)Evolutionen", Media 24 / Digibook S6993,"Leverantör","1250.88","2183.50",".00",".00","Audio Book : Extended distribution","23154.81","4891.50",".00",".00",".00",".00",".00",".00",".00",".00","0","0"
6993,"2025-06-30","2025-04-01","FS540917",".00","322.80","2607.30","306.60","7774.60",".00",".00",".00",".00",".00",".00"," ","Kentell, Catarina","1","SEK","4.15","4.15","9789189539716","Feedback (r)Evolutionen","9789189539716 - Feedback (r)Evolutionen", Media 24 / Digibook S6993,"Leverantör","1250.88","2183.50",".00",".00","Audio Book : Extended distribution","23154.81","4891.50",".00",".00",".00",".00",".00",".00",".00",".00","0","0"
6993,"2025-06-30","2025-04-01","FS540917",".00","322.80","2607.30","306.60","7774.60",".00",".00",".00",".00",".00",".00"," ","Kentell, Catarina","5","SEK","21.05","4.21","9789189539716","Feedback (r)Evolutionen","9789189539716 - Feedback (r)Evolutionen", Media 24 / Digibook S6993,"Leverantör","1250.88","2183.50",".00",".00","Audio Book : Extended distribution","23154.81","4891.50",".00",".00",".00",".00",".00",".00",".00",".00","0","0"
6993,"2025-06-30","2025-04-01","FS540917",".00","322.80","2607.30","306.60","7774.60",".00",".00",".00",".00",".00",".00"," ","Kentell, Catarina","8","SEK","34.12","4.27","9789189539716","Feedback (r)Evolutionen","9789189539716 - Feedback (r)Evolutionen", Media 24 / Digibook S6993,"Leverantör","1250.88","2183.50",".00",".00","Audio Book : Extended distribution","23154.81","4891.50",".00",".00",".00",".00",".00",".00",".00",".00","0","0"
6993,"2025-06-30","2025-04-01","FS540917",".00","322.80","2607.30","306.60","7774.60",".00",".00",".00",".00",".00",".00"," ","Kentell, Catarina","1","SEK","4.81","4.81","9789189539716","Feedback (r)Evolutionen","9789189539716 - Feedback (r)Evolutionen", Media 24 / Digibook S6993,"Leverantör","1250.88","2183.50",".00",".00","Audio Book : Extended distribution","23154.81","4891.50",".00",".00",".00",".00",".00",".00",".00",".00","0","0"
6993,"2025-06-30","2025-04-01","FS540917",".00","322.80","2607.30","306.60","7774.60",".00",".00",".00",".00",".00",".00"," ","Kentell, Catarina","2","SEK","36.00","18.00","9789189539716","Feedback (r)Evolutionen","9789189539716 - Feedback (r)Evolutionen", Media 24 / Digibook S6993,"Leverantör","1250.88","2183.50",".00",".00","Audio Book : Extended distribution","23154.81","4891.50",".00",".00",".00",".00",".00",".00",".00",".00","0","0"
6993,"2025-06-30","2025-04-01","FS540917",".00","322.80","2607.30","306.60","7774.60",".00",".00",".00",".00",".00",".00"," ","Klang, Lisbeth","1","SEK","76.50","76.50","9789189857285","Axel vid axel","9789189857285 - Axel vid axel", Media 24 / Digibook S6993,"Leverantör","1250.88","2183.50",".00",".00","Ebook : Buy","23154.81","4891.50",".00",".00",".00",".00",".00",".00",".00",".00","0","0"
6993,"2025-06-30","2025-04-01","FS540917",".00","322.80","2607.30","306.60","7774.60",".00",".00",".00",".00",".00",".00"," ","Knutsdotter, Ulrika","1","SEK","3.01","3.01","9789189857315","Det sitter en elefant på min rygg - en liten bok om sorg","9789189857315 - Det sitter en elefant på min rygg - en liten bok om sorg", Media 24 / Digibook S6993,"Leverantör","1250.88","2183.50",".00",".00","Audio Book : Extended distribution","23154.81","4891.50",".00",".00",".00",".00",".00",".00",".00",".00","0","0"
6993,"2025-06-30","2025-04-01","FS540917",".00","322.80","2607.30","306.60","7774.60",".00",".00",".00",".00",".00",".00"," ","Knutsdotter, Ulrika","2","SEK","8.62","4.31","9789189857315","Det sitter en elefant på min rygg - en liten bok om sorg","9789189857315 - Det sitter en elefant på min rygg - en liten bok om sorg", Media 24 / Digibook S6993,"Leverantör","1250.88","2183.50",".00",".00","Audio Book : Extended distribution","23154.81","4891.50",".00",".00",".00",".00",".00",".00",".00",".00","0","0"
6993,"2025-06-30","2025-04-01","FS540917",".00","322.80","2607.30","306.60","7774.60",".00",".00",".00",".00",".00",".00"," ","Kocon, Fredrik","3","SEK","8.01","2.67","9789189857452","Självledarskap 6.0","9789189857452 - Självledarskap 6.0", Media 24 / Digibook S6993,"Leverantör","1250.88","2183.50",".00",".00","Audio Book : Extended distribution","23154.81","4891.50",".00",".00",".00",".00",".00",".00",".00",".00","0","0"
6993,"2025-06-30","2025-04-01","FS540917",".00","322.80","2607.30","306.60","7774.60",".00",".00",".00",".00",".00",".00"," ","Kocon, Fredrik","6","SEK","16.23","2.71","9789189857452","Självledarskap 6.0","9789189857452 - Självledarskap 6.0", Media 24 / Digibook S6993,"Leverantör","1250.88","2183.50",".00",".00","Audio Book : Extended distribution","23154.81","4891.50",".00",".00",".00",".00",".00",".00",".00",".00","0","0"
6993,"2025-06-30","2025-04-01","FS540917",".00","322.80","2607.30","306.60","7774.60",".00",".00",".00",".00",".00",".00"," ","Kocon, Fredrik","3","SEK","9.14","3.05","9789189857452","Självledarskap 6.0","9789189857452 - Självledarskap 6.0", Media 24 / Digibook S6993,"Leverantör","1250.88","2183.50",".00",".00","Audio Book : Extended distribution","23154.81","4891.50",".00",".00",".00",".00",".00",".00",".00",".00","0","0"
6993,"2025-06-30","2025-04-01","FS540917",".00","322.80","2607.30","306.60","7774.60",".00",".00",".00",".00",".00",".00"," ","Kocon, Fredrik","4","SEK","15.23","3.81","9789189857452","Självledarskap 6.0","9789189857452 - Självledarskap 6.0", Media 24 / Digibook S6993,"Leverantör","1250.88","2183.50",".00",".00","Audio Book : Extended distribution","23154.81","4891.50",".00",".00",".00",".00",".00",".00",".00",".00","0","0"
6993,"2025-06-30","2025-04-01","FS540917",".00","322.80","2607.30","306.60","7774.60",".00",".00",".00",".00",".00",".00"," ","Kocon, Fredrik","2","SEK","18.00","9.00","9789189857452","Självledarskap 6.0","9789189857452 - Självledarskap 6.0", Media 24 / Digibook S6993,"Leverantör","1250.88","2183.50",".00",".00","Audio Book : Extended distribution","23154.81","4891.50",".00",".00",".00",".00",".00",".00",".00",".00","0","0"
6993,"2025-06-30","2025-04-01","FS540917",".00","322.80","2607.30","306.60","7774.60",".00",".00",".00",".00",".00",".00"," ","Kocon, Fredrik","1","SEK","11.20","11.20","9789189857452","Självledarskap 6.0","9789189857452 - Självledarskap 6.0", Media 24 / Digibook S6993,"Leverantör","1250.88","2183.50",".00",".00","Audio Book : Access Loan","23154.81","4891.50",".00",".00",".00",".00",".00",".00",".00",".00","0","0"
6993,"2025-06-30","2025-04-01","FS540917",".00","322.80","2607.30","306.60","7774.60",".00",".00",".00",".00",".00",".00"," ","Kocon, Fredrik","1","SEK","14.00","14.00","9789189857452","Självledarskap 6.0","9789189857452 - Självledarskap 6.0", Media 24 / Digibook S6993,"Leverantör","1250.88","2183.50",".00",".00","Audio Book : Agregated","23154.81","4891.50",".00",".00",".00",".00",".00",".00",".00",".00","0","0"
6993,"2025-06-30","2025-04-01","FS540917",".00","322.80","2607.30","306.60","7774.60",".00",".00",".00",".00",".00",".00"," ","Kosmisk kunskap","1","SEK","8.58","8.58","9789189857414","Dimensionella medium - Esoteriska rådgivare - Änglamedium - 2024","9789189857414 - Dimensionella medium - Esoteriska rådgivare - Änglamedium - 2024", Media 24 / Digibook S6993,"Leverantör","1250.88","2183.50",".00",".00","Ebook : Extended distribution","23154.81","4891.50",".00",".00",".00",".00",".00",".00",".00",".00","0","0"
6993,"2025-06-30","2025-04-01","FS540917",".00","322.80","2607.30","306.60","7774.60",".00",".00",".00",".00",".00",".00"," ","Kosmiskkunskap, Profiiler","1","SEK","5.69","5.69","9789189835542","Dimensionsmedium, esoteriska rådgivare och änglamedium","9789189835542 - Dimensionsmedium, esoteriska rådgivare och änglamedium", Media 24 / Digibook S6993,"Leverantör","1250.88","2183.50",".00",".00","Ebook : Extended distribution","23154.81","4891.50",".00",".00",".00",".00",".00",".00",".00",".00","0","0"
6993,"2025-06-30","2025-04-01","FS540917",".00","322.80","2607.30","306.60","7774.60",".00",".00",".00",".00",".00",".00"," ","Kraaft, Katarina","2","SEK","3.19","1.60","9789189539136","Mental avslappning","9789189539136 - Mental avslappning", Media 24 / Digibook S6993,"Leverantör","1250.88","2183.50",".00",".00","Audio Book : Extended distribution","23154.81","4891.50",".00",".00",".00",".00",".00",".00",".00",".00","0","0"
6993,"2025-06-30","2025-04-01","FS540917",".00","322.80","2607.30","306.60","7774.60",".00",".00",".00",".00",".00",".00"," ","Kraaft, Katarina","1","SEK","1.78","1.78","9789189539136","Mental avslappning","9789189539136 - Mental avslappning", Media 24 / Digibook S6993,"Leverantör","1250.88","2183.50",".00",".00","Audio Book : Extended distribution","23154.81","4891.50",".00",".00",".00",".00",".00",".00",".00",".00","0","0"
6993,"2025-06-30","2025-04-01","FS540917",".00","322.80","2607.30","306.60","7774.60",".00",".00",".00",".00",".00",".00"," ","Kraaft, Katarina","21","SEK","38.72","1.84","9789189539136","Mental avslappning","9789189539136 - Mental avslappning", Media 24 / Digibook S6993,"Leverantör","1250.88","2183.50",".00",".00","Audio Book : Extended distribution","23154.81","4891.50",".00",".00",".00",".00",".00",".00",".00",".00","0","0"
6993,"2025-06-30","2025-04-01","FS540917",".00","322.80","2607.30","306.60","7774.60",".00",".00",".00",".00",".00",".00"," ","Kraaft, Katarina","14","SEK","26.18","1.87","9789189539136","Mental avslappning","9789189539136 - Mental avslappning", Media 24 / Digibook S6993,"Leverantör","1250.88","2183.50",".00",".00","Audio Book : Extended distribution","23154.81","4891.50",".00",".00",".00",".00",".00",".00",".00",".00","0","0"
6993,"2025-06-30","2025-04-01","FS540917",".00","322.80","2607.30","306.60","7774.60",".00",".00",".00",".00",".00",".00"," ","Kraaft, Katarina","23","SEK","43.57","1.89","9789189539136","Mental avslappning","9789189539136 - Mental avslappning", Media 24 / Digibook S6993,"Leverantör","1250.88","2183.50",".00",".00","Audio Book : Extended distribution","23154.81","4891.50",".00",".00",".00",".00",".00",".00",".00",".00","0","0"
6993,"2025-06-30","2025-04-01","FS540917",".00","322.80","2607.30","306.60","7774.60",".00",".00",".00",".00",".00",".00"," ","Kraaft, Katarina","1","SEK","67.50","67.50","9789189539136","Mental avslappning","9789189539136 - Mental avslappning", Media 24 / Digibook S6993,"Leverantör","1250.88","2183.50",".00",".00","Audio Book : Buy","23154.81","4891.50",".00",".00",".00",".00",".00",".00",".00",".00","0","0"
6993,"2025-06-30","2025-04-01","FS540917",".00","322.80","2607.30","306.60","7774.60",".00",".00",".00",".00",".00",".00"," ","Kuusela, Kirsti","1","SEK","2.28","2.28","9789189835931","Berättelser från Kalevala","9789189835931 - Berättelser från Kalevala", Media 24 / Digibook S6993,"Leverantör","1250.88","2183.50",".00",".00","Ebook : Extended distribution","23154.81","4891.50",".00",".00",".00",".00",".00",".00",".00",".00","0","0"
6993,"2025-06-30","2025-04-01","FS540917",".00","322.80","2607.30","306.60","7774.60",".00",".00",".00",".00",".00",".00"," ","Kuusela, Kirsti","1","SEK","2.30","2.30","9789189835931","Berättelser från Kalevala","9789189835931 - Berättelser från Kalevala", Media 24 / Digibook S6993,"Leverantör","1250.88","2183.50",".00",".00","Ebook : Extended distribution","23154.81","4891.50",".00",".00",".00",".00",".00",".00",".00",".00","0","0"
6993,"2025-06-30","2025-04-01","FS540917",".00","322.80","2607.30","306.60","7774.60",".00",".00",".00",".00",".00",".00"," ","Kvickrot, Lovisa","2","SEK","22.70","11.35","9789189539259","Garizimoff i Sankt Petersburg - Del 1 av 3, E-bok","9789189539259 - Garizimoff i Sankt Petersburg - Del 1 av 3, E-bok", Media 24 / Digibook S6993,"Leverantör","1250.88","2183.50",".00",".00","Ebook : Extended distribution","23154.81","4891.50",".00",".00",".00",".00",".00",".00",".00",".00","0","0"
6993,"2025-06-30","2025-04-01","FS540917",".00","322.80","2607.30","306.60","7774.60",".00",".00",".00",".00",".00",".00"," ","Kvickrot, Lovisa","1","SEK","76.50","76.50","9789189539259","Garizimoff i Sankt Petersburg - Del 1 av 3, E-bok","9789189539259 - Garizimoff i Sankt Petersburg - Del 1 av 3, E-bok", Media 24 / Digibook S6993,"Leverantör","1250.88","2183.50",".00",".00","Ebook : Buy","23154.81","4891.50",".00",".00",".00",".00",".00",".00",".00",".00","0","0"
6993,"2025-06-30","2025-04-01","FS540917",".00","322.80","2607.30","306.60","7774.60",".00",".00",".00",".00",".00",".00"," ","Kvickrot, Lovisa","1","SEK","76.50","76.50","9789189539266","Garizimoff - Ryssen som förnyar Rysslands regementen men flyr till Sverige - Del 2 av 3","9789189539266 - Garizimoff - Ryssen som förnyar Rysslands regementen men flyr till Sverige - Del 2 av 3", Media 24 / Digibook S6993,"Leverantör","1250.88","2183.50",".00",".00","Ebook : Buy","23154.81","4891.50",".00",".00",".00",".00",".00",".00",".00",".00","0","0"
6993,"2025-06-30","2025-04-01","FS540917",".00","322.80","2607.30","306.60","7774.60",".00",".00",".00",".00",".00",".00"," ","Kvickrot, Lovisa","2","SEK","153.00","76.50","9789189857797","Garizimoff i Sverige - Del 3 av 3, E-bok","9789189857797 - Garizimoff i Sverige - Del 3 av 3, E-bok", Media 24 / Digibook S6993,"Leverantör","1250.88","2183.50",".00",".00","Ebook : Buy","23154.81","4891.50",".00",".00",".00",".00",".00",".00",".00",".00","0","0"
6993,"2025-06-30","2025-04-01","FS540917",".00","322.80","2607.30","306.60","7774.60",".00",".00",".00",".00",".00",".00"," ","Lagerstrand, Sandra","3","SEK","17.77","5.92","9789189835009","Att slåss mot livet","9789189835009 - Att slåss mot livet", Media 24 / Digibook S6993,"Leverantör","1250.88","2183.50",".00",".00","Audio Book : Extended distribution","23154.81","4891.50",".00",".00",".00",".00",".00",".00",".00",".00","0","0"
6993,"2025-06-30","2025-04-01","FS540917",".00","322.80","2607.30","306.60","7774.60",".00",".00",".00",".00",".00",".00"," ","Lagerstrand, Sandra","7","SEK","46.74","6.68","9789189835009","Att slåss mot livet","9789189835009 - Att slåss mot livet", Media 24 / Digibook S6993,"Leverantör","1250.88","2183.50",".00",".00","Audio Book : Extended distribution","23154.81","4891.50",".00",".00",".00",".00",".00",".00",".00",".00","0","0"
6993,"2025-06-30","2025-04-01","FS540917",".00","322.80","2607.30","306.60","7774.60",".00",".00",".00",".00",".00",".00"," ","Lagerstrand, Sandra","1","SEK","18.00","18.00","9789189835009","Att slåss mot livet","9789189835009 - Att slåss mot livet", Media 24 / Digibook S6993,"Leverantör","1250.88","2183.50",".00",".00","Audio Book : Extended distribution","23154.81","4891.50",".00",".00",".00",".00",".00",".00",".00",".00","0","0"
6993,"2025-06-30","2025-04-01","FS540917",".00","322.80","2607.30","306.60","7774.60",".00",".00",".00",".00",".00",".00"," ","Landahl, Hanna","2","SEK","1.22",".61","9789189835764","Elvis, kom hem!","9789189835764 - Elvis, kom hem!", Media 24 / Digibook S6993,"Leverantör","1250.88","2183.50",".00",".00","Audio Book : Extended distribution","23154.81","4891.50",".00",".00",".00",".00",".00",".00",".00",".00","0","0"
6993,"2025-06-30","2025-04-01","FS540917",".00","322.80","2607.30","306.60","7774.60",".00",".00",".00",".00",".00",".00"," ","Landahl, Hanna","1","SEK",".63",".63","9789189835764","Elvis, kom hem!","9789189835764 - Elvis, kom hem!", Media 24 / Digibook S6993,"Leverantör","1250.88","2183.50",".00",".00","Audio Book : Extended distribution","23154.81","4891.50",".00",".00",".00",".00",".00",".00",".00",".00","0","0"
6993,"2025-06-30","2025-04-01","FS540917",".00","322.80","2607.30","306.60","7774.60",".00",".00",".00",".00",".00",".00"," ","Landahl, Hanna","1","SEK",".64",".64","9789189835764","Elvis, kom hem!","9789189835764 - Elvis, kom hem!", Media 24 / Digibook S6993,"Leverantör","1250.88","2183.50",".00",".00","Audio Book : Extended distribution","23154.81","4891.50",".00",".00",".00",".00",".00",".00",".00",".00","0","0"
6993,"2025-06-30","2025-04-01","FS540917",".00","322.80","2607.30","306.60","7774.60",".00",".00",".00",".00",".00",".00"," ","Landahl, Hanna","6","SEK","4.38",".73","9789189835764","Elvis, kom hem!","9789189835764 - Elvis, kom hem!", Media 24 / Digibook S6993,"Leverantör","1250.88","2183.50",".00",".00","Audio Book : Extended distribution","23154.81","4891.50",".00",".00",".00",".00",".00",".00",".00",".00","0","0"
6993,"2025-06-30","2025-04-01","FS540917",".00","322.80","2607.30","306.60","7774.60",".00",".00",".00",".00",".00",".00"," ","Landahl, Hanna","1","SEK","4.50","4.50","9789189835764","Elvis, kom hem!","9789189835764 - Elvis, kom hem!", Media 24 / Digibook S6993,"Leverantör","1250.88","2183.50",".00",".00","Audio Book : Extended distribution","23154.81","4891.50",".00",".00",".00",".00",".00",".00",".00",".00","0","0"
6993,"2025-06-30","2025-04-01","FS540917",".00","322.80","2607.30","306.60","7774.60",".00",".00",".00",".00",".00",".00"," ","Langlé, Annika","1","SEK","10.09","10.09","9789189539204","Numerologi i vår tid - en esoterisk kunskapsväg","9789189539204 - Numerologi i vår tid - en esoterisk kunskapsväg", Media 24 / Digibook S6993,"Leverantör","1250.88","2183.50",".00",".00","Ebook : Extended distribution","23154.81","4891.50",".00",".00",".00",".00",".00",".00",".00",".00","0","0"
6993,"2025-06-30","2025-04-01","FS540917",".00","322.80","2607.30","306.60","7774.60",".00",".00",".00",".00",".00",".00"," ","Langlé, Annika","1","SEK","11.14","11.14","9789189539204","Numerologi i vår tid - en esoterisk kunskapsväg","9789189539204 - Numerologi i vår tid - en esoterisk kunskapsväg", Media 24 / Digibook S6993,"Leverantör","1250.88","2183.50",".00",".00","Ebook : Extended distribution","23154.81","4891.50",".00",".00",".00",".00",".00",".00",".00",".00","0","0"
6993,"2025-06-30","2025-04-01","FS540917",".00","322.80","2607.30","306.60","7774.60",".00",".00",".00",".00",".00",".00"," ","Langlé, Annika","1","SEK","11.29","11.29","9789189539204","Numerologi i vår tid - en esoterisk kunskapsväg","9789189539204 - Numerologi i vår tid - en esoterisk kunskapsväg", Media 24 / Digibook S6993,"Leverantör","1250.88","2183.50",".00",".00","Ebook : Extended distribution","23154.81","4891.50",".00",".00",".00",".00",".00",".00",".00",".00","0","0"
6993,"2025-06-30","2025-04-01","FS540917",".00","322.80","2607.30","306.60","7774.60",".00",".00",".00",".00",".00",".00"," ","Langlé, Annika","1","SEK","72.00","72.00","9789189539204","Numerologi i vår tid - en esoterisk kunskapsväg","9789189539204 - Numerologi i vår tid - en esoterisk kunskapsväg", Media 24 / Digibook S6993,"Leverantör","1250.88","2183.50",".00",".00","Ebook : Buy","23154.81","4891.50",".00",".00",".00",".00",".00",".00",".00",".00","0","0"
6993,"2025-06-30","2025-04-01","FS540917",".00","322.80","2607.30","306.60","7774.60",".00",".00",".00",".00",".00",".00"," ","Larson, Anders","1","SEK","12.88","12.88","9789189739956","Psykosocial spilltid - ett sätt att mäta effektivitet i organisationer","9789189739956 - Psykosocial spilltid - ett sätt att mäta effektivitet i organisationer", Media 24 / Digibook S6993,"Leverantör","1250.88","2183.50",".00",".00","Ebook : Extended distribution","23154.81","4891.50",".00",".00",".00",".00",".00",".00",".00",".00","0","0"
6993,"2025-06-30","2025-04-01","FS540917",".00","322.80","2607.30","306.60","7774.60",".00",".00",".00",".00",".00",".00"," ","Larsson, Svante","1","SEK","2.31","2.31","9789189539198","Smärtlindring …","9789189539198 - Smärtlindring …", Media 24 / Digibook S6993,"Leverantör","1250.88","2183.50",".00",".00","Audio Book : Extended distribution","23154.81","4891.50",".00",".00",".00",".00",".00",".00",".00",".00","0","0"
6993,"2025-06-30","2025-04-01","FS540917",".00","322.80","2607.30","306.60","7774.60",".00",".00",".00",".00",".00",".00"," ","Lieng, Kristoffer","24","SEK","246.48","10.27","9789190071069","Sill i päls - 20 år i Putins skugga","9789190071069 - Sill i päls - 20 år i Putins skugga", Media 24 / Digibook S6993,"Leverantör","1250.88","2183.50",".00",".00","Audio Book : Extended distribution","23154.81","4891.50",".00",".00",".00",".00",".00",".00",".00",".00","0","0"
6993,"2025-06-30","2025-04-01","FS540917",".00","322.80","2607.30","306.60","7774.60",".00",".00",".00",".00",".00",".00"," ","Lieng, Kristoffer","5","SEK","59.48","11.90","9789190071069","Sill i päls - 20 år i Putins skugga","9789190071069 - Sill i päls - 20 år i Putins skugga", Media 24 / Digibook S6993,"Leverantör","1250.88","2183.50",".00",".00","Audio Book : Extended distribution","23154.81","4891.50",".00",".00",".00",".00",".00",".00",".00",".00","0","0"
6993,"2025-06-30","2025-04-01","FS540917",".00","322.80","2607.30","306.60","7774.60",".00",".00",".00",".00",".00",".00"," ","Lieng, Kristoffer","2","SEK","29.74","14.87","9789190071069","Sill i päls - 20 år i Putins skugga","9789190071069 - Sill i päls - 20 år i Putins skugga", Media 24 / Digibook S6993,"Leverantör","1250.88","2183.50",".00",".00","Audio Book : Extended distribution","23154.81","4891.50",".00",".00",".00",".00",".00",".00",".00",".00","0","0"
6993,"2025-06-30","2025-04-01","FS540917",".00","322.80","2607.30","306.60","7774.60",".00",".00",".00",".00",".00",".00"," ","Lieng, Kristoffer","1","SEK","15.20","15.20","9789190071069","Sill i päls - 20 år i Putins skugga","9789190071069 - Sill i päls - 20 år i Putins skugga", Media 24 / Digibook S6993,"Leverantör","1250.88","2183.50",".00",".00","Audio Book : Access Loan","23154.81","4891.50",".00",".00",".00",".00",".00",".00",".00",".00","0","0"
6993,"2025-06-30","2025-04-01","FS540917",".00","322.80","2607.30","306.60","7774.60",".00",".00",".00",".00",".00",".00"," ","Lieng, Kristoffer","7","SEK","252.00","36.00","9789190071069","Sill i päls - 20 år i Putins skugga","9789190071069 - Sill i päls - 20 år i Putins skugga", Media 24 / Digibook S6993,"Leverantör","1250.88","2183.50",".00",".00","Audio Book : Agregated","23154.81","4891.50",".00",".00",".00",".00",".00",".00",".00",".00","0","0"
6993,"2025-06-30","2025-04-01","FS540917",".00","322.80","2607.30","306.60","7774.60",".00",".00",".00",".00",".00",".00"," ","Lind, Amanda","1","SEK","11.20","11.20","9789189857599","Ett oskrivet kapitel","9789189857599 - Ett oskrivet kapitel", Media 24 / Digibook S6993,"Leverantör","1250.88","2183.50",".00",".00","Ebook : Access Loan","23154.81","4891.50",".00",".00",".00",".00",".00",".00",".00",".00","0","0"
6993,"2025-06-30","2025-04-01","FS540917",".00","322.80","2607.30","306.60","7774.60",".00",".00",".00",".00",".00",".00"," ","Lind, Amanda","1","SEK","51.30","51.30","9789189857599","Ett oskrivet kapitel","9789189857599 - Ett oskrivet kapitel", Media 24 / Digibook S6993,"Leverantör","1250.88","2183.50",".00",".00","Ebook : Buy","23154.81","4891.50",".00",".00",".00",".00",".00",".00",".00",".00","0","0"
6993,"2025-06-30","2025-04-01","FS540917",".00","322.80","2607.30","306.60","7774.60",".00",".00",".00",".00",".00",".00"," ","Lind, Carola","5","SEK","7.33","1.47","9789189539020","Djurkommunikation","9789189539020 - Djurkommunikation", Media 24 / Digibook S6993,"Leverantör","1250.88","2183.50",".00",".00","Audio Book : Extended distribution","23154.81","4891.50",".00",".00",".00",".00",".00",".00",".00",".00","0","0"
6993,"2025-06-30","2025-04-01","FS540917",".00","322.80","2607.30","306.60","7774.60",".00",".00",".00",".00",".00",".00"," ","Lind, Carola","2","SEK","3.03","1.52","9789189539020","Djurkommunikation","9789189539020 - Djurkommunikation", Media 24 / Digibook S6993,"Leverantör","1250.88","2183.50",".00",".00","Audio Book : Extended distribution","23154.81","4891.50",".00",".00",".00",".00",".00",".00",".00",".00","0","0"
6993,"2025-06-30","2025-04-01","FS540917",".00","322.80","2607.30","306.60","7774.60",".00",".00",".00",".00",".00",".00"," ","Lind, Carola","2","SEK","3.08","1.54","9789189539020","Djurkommunikation","9789189539020 - Djurkommunikation", Media 24 / Digibook S6993,"Leverantör","1250.88","2183.50",".00",".00","Audio Book : Extended distribution","23154.81","4891.50",".00",".00",".00",".00",".00",".00",".00",".00","0","0"
6993,"2025-06-30","2025-04-01","FS540917",".00","322.80","2607.30","306.60","7774.60",".00",".00",".00",".00",".00",".00"," ","Lind, Carola","6","SEK","9.34","1.56","9789189539020","Djurkommunikation","9789189539020 - Djurkommunikation", Media 24 / Digibook S6993,"Leverantör","1250.88","2183.50",".00",".00","Audio Book : Extended distribution","23154.81","4891.50",".00",".00",".00",".00",".00",".00",".00",".00","0","0"
6993,"2025-06-30","2025-04-01","FS540917",".00","322.80","2607.30","306.60","7774.60",".00",".00",".00",".00",".00",".00"," ","Lind, Carola","1","SEK","9.00","9.00","9789189539020","Djurkommunikation","9789189539020 - Djurkommunikation", Media 24 / Digibook S6993,"Leverantör","1250.88","2183.50",".00",".00","Audio Book : Extended distribution","23154.81","4891.50",".00",".00",".00",".00",".00",".00",".00",".00","0","0"
6993,"2025-06-30","2025-04-01","FS540917",".00","322.80","2607.30","306.60","7774.60",".00",".00",".00",".00",".00",".00"," ","Lindéh, Beatrice","2","SEK","28.24","14.12","9789189539297","Vill du ha stryk? En bok om BDSM för nyfikna, utövare och alla andra","9789189539297 - Vill du ha stryk? En bok om BDSM för nyfikna, utövare och alla andra", Media 24 / Digibook S6993,"Leverantör","1250.88","2183.50",".00",".00","Ebook : Extended distribution","23154.81","4891.50",".00",".00",".00",".00",".00",".00",".00",".00","0","0"
6993,"2025-06-30","2025-04-01","FS540917",".00","322.80","2607.30","306.60","7774.60",".00",".00",".00",".00",".00",".00"," ","Lindéh, Beatrice","1","SEK","27.00","27.00","9789189539297","Vill du ha stryk? En bok om BDSM för nyfikna, utövare och alla andra","9789189539297 - Vill du ha stryk? En bok om BDSM för nyfikna, utövare och alla andra", Media 24 / Digibook S6993,"Leverantör","1250.88","2183.50",".00",".00","Ebook : Extended distribution","23154.81","4891.50",".00",".00",".00",".00",".00",".00",".00",".00","0","0"
6993,"2025-06-30","2025-04-01","FS540917",".00","322.80","2607.30","306.60","7774.60",".00",".00",".00",".00",".00",".00"," ","Lindéh, Beatrice","1","SEK","47.70","47.70","9789189539297","Vill du ha stryk? En bok om BDSM för nyfikna, utövare och alla andra","9789189539297 - Vill du ha stryk? En bok om BDSM för nyfikna, utövare och alla andra", Media 24 / Digibook S6993,"Leverantör","1250.88","2183.50",".00",".00","Ebook : Agregated","23154.81","4891.50",".00",".00",".00",".00",".00",".00",".00",".00","0","0"
6993,"2025-06-30","2025-04-01","FS540917",".00","322.80","2607.30","306.60","7774.60",".00",".00",".00",".00",".00",".00"," ","Lindéh, Beatrice","1","SEK","76.50","76.50","9789189539297","Vill du ha stryk? En bok om BDSM för nyfikna, utövare och alla andra","9789189539297 - Vill du ha stryk? En bok om BDSM för nyfikna, utövare och alla andra", Media 24 / Digibook S6993,"Leverantör","1250.88","2183.50",".00",".00","Ebook : Buy","23154.81","4891.50",".00",".00",".00",".00",".00",".00",".00",".00","0","0"
6993,"2025-06-30","2025-04-01","FS540917",".00","322.80","2607.30","306.60","7774.60",".00",".00",".00",".00",".00",".00"," ","Lumme, Krister","1","SEK","8.00","8.00","9789189539976","Guds lilla barnaskara","9789189539976 - Guds lilla barnaskara", Media 24 / Digibook S6993,"Leverantör","1250.88","2183.50",".00",".00","Ebook : Access Loan","23154.81","4891.50",".00",".00",".00",".00",".00",".00",".00",".00","0","0"
6993,"2025-06-30","2025-04-01","FS540917",".00","322.80","2607.30","306.60","7774.60",".00",".00",".00",".00",".00",".00"," ","Lundin, Elisa","1","SEK","25.20","25.20","9789189857728","Train Trips: Semester med tåg i Sverige, Norge, Finland & Danmark","9789189857728 - Train Trips: Semester med tåg i Sverige, Norge, Finland & Danmark", Media 24 / Digibook S6993,"Leverantör","1250.88","2183.50",".00",".00","Ebook : Agregated","23154.81","4891.50",".00",".00",".00",".00",".00",".00",".00",".00","0","0"
6993,"2025-06-30","2025-04-01","FS540917",".00","322.80","2607.30","306.60","7774.60",".00",".00",".00",".00",".00",".00"," ","Lundin, Elisa","3","SEK","153.90","51.30","9789189857728","Train Trips: Semester med tåg i Sverige, Norge, Finland & Danmark","9789189857728 - Train Trips: Semester med tåg i Sverige, Norge, Finland & Danmark", Media 24 / Digibook S6993,"Leverantör","1250.88","2183.50",".00",".00","Ebook : Buy","23154.81","4891.50",".00",".00",".00",".00",".00",".00",".00",".00","0","0"
6993,"2025-06-30","2025-04-01","FS540917",".00","322.80","2607.30","306.60","7774.60",".00",".00",".00",".00",".00",".00"," ","Lövstedt, Solinda","1","SEK","5.27","5.27","9789189835344","Med Hjärta i Vården","9789189835344 - Med Hjärta i Vården", Media 24 / Digibook S6993,"Leverantör","1250.88","2183.50",".00",".00","Audio Book : Extended distribution","23154.81","4891.50",".00",".00",".00",".00",".00",".00",".00",".00","0","0"
6993,"2025-06-30","2025-04-01","FS540917",".00","322.80","2607.30","306.60","7774.60",".00",".00",".00",".00",".00",".00"," ","Mahlén-Selenius, Alexandra","1","SEK",".35",".35","9789190071014","Bekännelsen","9789190071014 - Bekännelsen", Media 24 / Digibook S6993,"Leverantör","1250.88","2183.50",".00",".00","Ebook : Extended distribution","23154.81","4891.50",".00",".00",".00",".00",".00",".00",".00",".00","0","0"
6993,"2025-06-30","2025-04-01","FS540917",".00","322.80","2607.30","306.60","7774.60",".00",".00",".00",".00",".00",".00"," ","Mahlén-Selenius, Alexandra","13","SEK","5.69",".44","9789190071021","Bekännelsen","9789190071021 - Bekännelsen", Media 24 / Digibook S6993,"Leverantör","1250.88","2183.50",".00",".00","Audio Book : Extended distribution","23154.81","4891.50",".00",".00",".00",".00",".00",".00",".00",".00","0","0"
6993,"2025-06-30","2025-04-01","FS540917",".00","322.80","2607.30","306.60","7774.60",".00",".00",".00",".00",".00",".00"," ","Mahlén-Selenius, Alexandra","2","SEK","12.00","6.00","9789190071021","Bekännelsen","9789190071021 - Bekännelsen", Media 24 / Digibook S6993,"Leverantör","1250.88","2183.50",".00",".00","Audio Book : Agregated","23154.81","4891.50",".00",".00",".00",".00",".00",".00",".00",".00","0","0"
6993,"2025-06-30","2025-04-01","FS540917",".00","322.80","2607.30","306.60","7774.60",".00",".00",".00",".00",".00",".00"," ","Mahlén-Selenius, Alexandra","1","SEK","11.00","11.00","9789190071014","Bekännelsen","9789190071014 - Bekännelsen", Media 24 / Digibook S6993,"Leverantör","1250.88","2183.50",".00",".00","Ebook : Buy","23154.81","4891.50",".00",".00",".00",".00",".00",".00",".00",".00","0","0"
6993,"2025-06-30","2025-04-01","FS540917",".00","322.80","2607.30","306.60","7774.60",".00",".00",".00",".00",".00",".00"," ","Malmqvist, Jenny","2","SEK","4.01","2.01","9789189835740","Skapa vackra rabatter i kallt klimat","9789189835740 - Skapa vackra rabatter i kallt klimat", Media 24 / Digibook S6993,"Leverantör","1250.88","2183.50",".00",".00","Ebook : Extended distribution","23154.81","4891.50",".00",".00",".00",".00",".00",".00",".00",".00","0","0"
6993,"2025-06-30","2025-04-01","FS540917",".00","322.80","2607.30","306.60","7774.60",".00",".00",".00",".00",".00",".00"," ","Meldrum, Ewa","1","SEK","1.18","1.18","9789189835986","Allt är så jävla bra","9789189835986 - Allt är så jävla bra", Media 24 / Digibook S6993,"Leverantör","1250.88","2183.50",".00",".00","Ebook : Extended distribution","23154.81","4891.50",".00",".00",".00",".00",".00",".00",".00",".00","0","0"
6993,"2025-06-30","2025-04-01","FS540917",".00","322.80","2607.30","306.60","7774.60",".00",".00",".00",".00",".00",".00"," ","Milton, Jörgen","2","SEK","10.00","5.00","9789189539600","I Tigerns Käftar","9789189539600 - I Tigerns Käftar", Media 24 / Digibook S6993,"Leverantör","1250.88","2183.50",".00",".00","Audio Book : Access Loan","23154.81","4891.50",".00",".00",".00",".00",".00",".00",".00",".00","0","0"
6993,"2025-06-30","2025-04-01","FS540917",".00","322.80","2607.30","306.60","7774.60",".00",".00",".00",".00",".00",".00"," ","Neander, E-L","2","SEK","37.85","18.93","9789189835566","Midvinterblot","9789189835566 - Midvinterblot", Media 24 / Digibook S6993,"Leverantör","1250.88","2183.50",".00",".00","Ebook : Extended distribution","23154.81","4891.50",".00",".00",".00",".00",".00",".00",".00",".00","0","0"
6993,"2025-06-30","2025-04-01","FS540917",".00","322.80","2607.30","306.60","7774.60",".00",".00",".00",".00",".00",".00"," ","Neander, E-L","8","SEK","250.56","31.32","9789189857360","Särling","9789189857360 - Särling", Media 24 / Digibook S6993,"Leverantör","1250.88","2183.50",".00",".00","Audio Book : Extended distribution","23154.81","4891.50",".00",".00",".00",".00",".00",".00",".00",".00","0","0"
6993,"2025-06-30","2025-04-01","FS540917",".00","322.80","2607.30","306.60","7774.60",".00",".00",".00",".00",".00",".00"," ","Neander, E-L","1","SEK","36.00","36.00","9789189857360","Särling","9789189857360 - Särling", Media 24 / Digibook S6993,"Leverantör","1250.88","2183.50",".00",".00","Audio Book : Agregated","23154.81","4891.50",".00",".00",".00",".00",".00",".00",".00",".00","0","0"
6993,"2025-06-30","2025-04-01","FS540917",".00","322.80","2607.30","306.60","7774.60",".00",".00",".00",".00",".00",".00"," ","Nicklasson, Birger","18","SEK","186.70","10.37","9789189857698","Svårigheten att förhindra mord på direktör Hansson","9789189857698 - Svårigheten att förhindra mord på direktör Hansson", Media 24 / Digibook S6993,"Leverantör","1250.88","2183.50",".00",".00","Audio Book : Extended distribution","23154.81","4891.50",".00",".00",".00",".00",".00",".00",".00",".00","0","0"
6993,"2025-06-30","2025-04-01","FS540917",".00","322.80","2607.30","306.60","7774.60",".00",".00",".00",".00",".00",".00"," ","Nicklasson, Birger","17","SEK","178.84","10.52","9789189857698","Svårigheten att förhindra mord på direktör Hansson","9789189857698 - Svårigheten att förhindra mord på direktör Hansson", Media 24 / Digibook S6993,"Leverantör","1250.88","2183.50",".00",".00","Audio Book : Extended distribution","23154.81","4891.50",".00",".00",".00",".00",".00",".00",".00",".00","0","0"
6993,"2025-06-30","2025-04-01","FS540917",".00","322.80","2607.30","306.60","7774.60",".00",".00",".00",".00",".00",".00"," ","Nicklasson, Birger","34","SEK","362.32","10.66","9789189857698","Svårigheten att förhindra mord på direktör Hansson","9789189857698 - Svårigheten att förhindra mord på direktör Hansson", Media 24 / Digibook S6993,"Leverantör","1250.88","2183.50",".00",".00","Audio Book : Extended distribution","23154.81","4891.50",".00",".00",".00",".00",".00",".00",".00",".00","0","0"
6993,"2025-06-30","2025-04-01","FS540917",".00","322.80","2607.30","306.60","7774.60",".00",".00",".00",".00",".00",".00"," ","Nicklasson, Birger","2","SEK","22.35","11.18","9789189857612","Svårigheten att förhindra mord på direktör Hansson","9789189857612 - Svårigheten att förhindra mord på direktör Hansson", Media 24 / Digibook S6993,"Leverantör","1250.88","2183.50",".00",".00","Ebook : Extended distribution","23154.81","4891.50",".00",".00",".00",".00",".00",".00",".00",".00","0","0"
6993,"2025-06-30","2025-04-01","FS540917",".00","322.80","2607.30","306.60","7774.60",".00",".00",".00",".00",".00",".00"," ","Nicklasson, Birger","2","SEK","22.66","11.33","9789189857612","Svårigheten att förhindra mord på direktör Hansson","9789189857612 - Svårigheten att förhindra mord på direktör Hansson", Media 24 / Digibook S6993,"Leverantör","1250.88","2183.50",".00",".00","Ebook : Extended distribution","23154.81","4891.50",".00",".00",".00",".00",".00",".00",".00",".00","0","0"
6993,"2025-06-30","2025-04-01","FS540917",".00","322.80","2607.30","306.60","7774.60",".00",".00",".00",".00",".00",".00"," ","Nicklasson, Birger","4","SEK","45.92","11.48","9789189857612","Svårigheten att förhindra mord på direktör Hansson","9789189857612 - Svårigheten att förhindra mord på direktör Hansson", Media 24 / Digibook S6993,"Leverantör","1250.88","2183.50",".00",".00","Ebook : Extended distribution","23154.81","4891.50",".00",".00",".00",".00",".00",".00",".00",".00","0","0"
6993,"2025-06-30","2025-04-01","FS540917",".00","322.80","2607.30","306.60","7774.60",".00",".00",".00",".00",".00",".00"," ","Nicklasson, Birger","13","SEK","156.18","12.01","9789189857698","Svårigheten att förhindra mord på direktör Hansson","9789189857698 - Svårigheten att förhindra mord på direktör Hansson", Media 24 / Digibook S6993,"Leverantör","1250.88","2183.50",".00",".00","Audio Book : Extended distribution","23154.81","4891.50",".00",".00",".00",".00",".00",".00",".00",".00","0","0"
6993,"2025-06-30","2025-04-01","FS540917",".00","322.80","2607.30","306.60","7774.60",".00",".00",".00",".00",".00",".00"," ","Nicklasson, Birger","1","SEK","15.02","15.02","9789189857698","Svårigheten att förhindra mord på direktör Hansson","9789189857698 - Svårigheten att förhindra mord på direktör Hansson", Media 24 / Digibook S6993,"Leverantör","1250.88","2183.50",".00",".00","Audio Book : Extended distribution","23154.81","4891.50",".00",".00",".00",".00",".00",".00",".00",".00","0","0"
6993,"2025-06-30","2025-04-01","FS540917",".00","322.80","2607.30","306.60","7774.60",".00",".00",".00",".00",".00",".00"," ","Nicklasson, Birger","1","SEK","15.89","15.89","9789189857698","Svårigheten att förhindra mord på direktör Hansson","9789189857698 - Svårigheten att förhindra mord på direktör Hansson", Media 24 / Digibook S6993,"Leverantör","1250.88","2183.50",".00",".00","Audio Book : Extended distribution","23154.81","4891.50",".00",".00",".00",".00",".00",".00",".00",".00","0","0"
6993,"2025-06-30","2025-04-01","FS540917",".00","322.80","2607.30","306.60","7774.60",".00",".00",".00",".00",".00",".00"," ","Nicklasson, Birger","1","SEK","18.00","18.00","9789189857698","Svårigheten att förhindra mord på direktör Hansson","9789189857698 - Svårigheten att förhindra mord på direktör Hansson", Media 24 / Digibook S6993,"Leverantör","1250.88","2183.50",".00",".00","Audio Book : Extended distribution","23154.81","4891.50",".00",".00",".00",".00",".00",".00",".00",".00","0","0"
6993,"2025-06-30","2025-04-01","FS540917",".00","322.80","2607.30","306.60","7774.60",".00",".00",".00",".00",".00",".00"," ","Nicklasson, Birger","1","SEK","35.43","35.43","9789189835245","Exterminii - Återuppbyggnaden","9789189835245 - Exterminii - Återuppbyggnaden", Media 24 / Digibook S6993,"Leverantör","1250.88","2183.50",".00",".00","Audio Book : Extended distribution","23154.81","4891.50",".00",".00",".00",".00",".00",".00",".00",".00","0","0"
6993,"2025-06-30","2025-04-01","FS540917",".00","322.80","2607.30","306.60","7774.60",".00",".00",".00",".00",".00",".00"," ","Nicklasson, Birger","2","SEK","70.87","35.44","9789189835245","Exterminii - Återuppbyggnaden","9789189835245 - Exterminii - Återuppbyggnaden", Media 24 / Digibook S6993,"Leverantör","1250.88","2183.50",".00",".00","Audio Book : Extended distribution","23154.81","4891.50",".00",".00",".00",".00",".00",".00",".00",".00","0","0"
6993,"2025-06-30","2025-04-01","FS540917",".00","322.80","2607.30","306.60","7774.60",".00",".00",".00",".00",".00",".00"," ","Nicklasson, Birger","2","SEK","71.01","35.51","9789189835689","Exterminii - Genom blod och eld","9789189835689 - Exterminii - Genom blod och eld", Media 24 / Digibook S6993,"Leverantör","1250.88","2183.50",".00",".00","Audio Book : Extended distribution","23154.81","4891.50",".00",".00",".00",".00",".00",".00",".00",".00","0","0"
6993,"2025-06-30","2025-04-01","FS540917",".00","322.80","2607.30","306.60","7774.60",".00",".00",".00",".00",".00",".00"," ","Nicklasson, Birger","2","SEK","71.08","35.54","9789189835412","Exterminii - Återuppbyggnaden","9789189835412 - Exterminii - Återuppbyggnaden", Media 24 / Digibook S6993,"Leverantör","1250.88","2183.50",".00",".00","Ebook : Extended distribution","23154.81","4891.50",".00",".00",".00",".00",".00",".00",".00",".00","0","0"
6993,"2025-06-30","2025-04-01","FS540917",".00","322.80","2607.30","306.60","7774.60",".00",".00",".00",".00",".00",".00"," ","Nicklasson, Birger","1","SEK","36.00","36.00","9789189835467","Exterminii - Terror","9789189835467 - Exterminii - Terror", Media 24 / Digibook S6993,"Leverantör","1250.88","2183.50",".00",".00","Audio Book : Extended distribution","23154.81","4891.50",".00",".00",".00",".00",".00",".00",".00",".00","0","0"
6993,"2025-06-30","2025-04-01","FS540917",".00","322.80","2607.30","306.60","7774.60",".00",".00",".00",".00",".00",".00"," ","Nicklasson, Birger","1","SEK","36.00","36.00","9789189835689","Exterminii - Genom blod och eld","9789189835689 - Exterminii - Genom blod och eld", Media 24 / Digibook S6993,"Leverantör","1250.88","2183.50",".00",".00","Audio Book : Extended distribution","23154.81","4891.50",".00",".00",".00",".00",".00",".00",".00",".00","0","0"
6993,"2025-06-30","2025-04-01","FS540917",".00","322.80","2607.30","306.60","7774.60",".00",".00",".00",".00",".00",".00"," ","Nicklasson, Birger","3","SEK","108.00","36.00","9789189835849","Exterminii - Flykt","9789189835849 - Exterminii - Flykt", Media 24 / Digibook S6993,"Leverantör","1250.88","2183.50",".00",".00","Audio Book : Extended distribution","23154.81","4891.50",".00",".00",".00",".00",".00",".00",".00",".00","0","0"
6993,"2025-06-30","2025-04-01","FS540917",".00","322.80","2607.30","306.60","7774.60",".00",".00",".00",".00",".00",".00"," ","Nicklasson, Birger","1","SEK","36.57","36.57","9789189835429","Exterminii - Terror","9789189835429 - Exterminii - Terror", Media 24 / Digibook S6993,"Leverantör","1250.88","2183.50",".00",".00","Ebook : Extended distribution","23154.81","4891.50",".00",".00",".00",".00",".00",".00",".00",".00","0","0"
6993,"2025-06-30","2025-04-01","FS540917",".00","322.80","2607.30","306.60","7774.60",".00",".00",".00",".00",".00",".00"," ","Nicklasson, Birger","2","SEK","73.26","36.63","9789189835467","Exterminii - Terror","9789189835467 - Exterminii - Terror", Media 24 / Digibook S6993,"Leverantör","1250.88","2183.50",".00",".00","Audio Book : Extended distribution","23154.81","4891.50",".00",".00",".00",".00",".00",".00",".00",".00","0","0"
6993,"2025-06-30","2025-04-01","FS540917",".00","322.80","2607.30","306.60","7774.60",".00",".00",".00",".00",".00",".00"," ","Nicklasson, Birger","3","SEK","110.12","36.71","9789189835245","Exterminii - Återuppbyggnaden","9789189835245 - Exterminii - Återuppbyggnaden", Media 24 / Digibook S6993,"Leverantör","1250.88","2183.50",".00",".00","Audio Book : Extended distribution","23154.81","4891.50",".00",".00",".00",".00",".00",".00",".00",".00","0","0"
6993,"2025-06-30","2025-04-01","FS540917",".00","322.80","2607.30","306.60","7774.60",".00",".00",".00",".00",".00",".00"," ","Nicklasson, Birger","1","SEK","36.78","36.78","9789189835689","Exterminii - Genom blod och eld","9789189835689 - Exterminii - Genom blod och eld", Media 24 / Digibook S6993,"Leverantör","1250.88","2183.50",".00",".00","Audio Book : Extended distribution","23154.81","4891.50",".00",".00",".00",".00",".00",".00",".00",".00","0","0"
6993,"2025-06-30","2025-04-01","FS540917",".00","322.80","2607.30","306.60","7774.60",".00",".00",".00",".00",".00",".00"," ","Nicklasson, Birger","3","SEK","111.69","37.23","9789189835245","Exterminii - Återuppbyggnaden","9789189835245 - Exterminii - Återuppbyggnaden", Media 24 / Digibook S6993,"Leverantör","1250.88","2183.50",".00",".00","Audio Book : Extended distribution","23154.81","4891.50",".00",".00",".00",".00",".00",".00",".00",".00","0","0"
6993,"2025-06-30","2025-04-01","FS540917",".00","322.80","2607.30","306.60","7774.60",".00",".00",".00",".00",".00",".00"," ","Nicklasson, Birger","6","SEK","223.87","37.31","9789189835689","Exterminii - Genom blod och eld","9789189835689 - Exterminii - Genom blod och eld", Media 24 / Digibook S6993,"Leverantör","1250.88","2183.50",".00",".00","Audio Book : Extended distribution","23154.81","4891.50",".00",".00",".00",".00",".00",".00",".00",".00","0","0"
6993,"2025-06-30","2025-04-01","FS540917",".00","322.80","2607.30","306.60","7774.60",".00",".00",".00",".00",".00",".00"," ","Nicklasson, Birger","11","SEK","414.86","37.71","9789189835245","Exterminii - Återuppbyggnaden","9789189835245 - Exterminii - Återuppbyggnaden", Media 24 / Digibook S6993,"Leverantör","1250.88","2183.50",".00",".00","Audio Book : Extended distribution","23154.81","4891.50",".00",".00",".00",".00",".00",".00",".00",".00","0","0"
6993,"2025-06-30","2025-04-01","FS540917",".00","322.80","2607.30","306.60","7774.60",".00",".00",".00",".00",".00",".00"," ","Nicklasson, Birger","5","SEK","188.97","37.79","9789189835689","Exterminii - Genom blod och eld","9789189835689 - Exterminii - Genom blod och eld", Media 24 / Digibook S6993,"Leverantör","1250.88","2183.50",".00",".00","Audio Book : Extended distribution","23154.81","4891.50",".00",".00",".00",".00",".00",".00",".00",".00","0","0"
6993,"2025-06-30","2025-04-01","FS540917",".00","322.80","2607.30","306.60","7774.60",".00",".00",".00",".00",".00",".00"," ","Nicklasson, Birger","2","SEK","75.90","37.95","9789189835467","Exterminii - Terror","9789189835467 - Exterminii - Terror", Media 24 / Digibook S6993,"Leverantör","1250.88","2183.50",".00",".00","Audio Book : Extended distribution","23154.81","4891.50",".00",".00",".00",".00",".00",".00",".00",".00","0","0"
6993,"2025-06-30","2025-04-01","FS540917",".00","322.80","2607.30","306.60","7774.60",".00",".00",".00",".00",".00",".00"," ","Nicklasson, Birger","4","SEK","153.95","38.49","9789189835467","Exterminii - Terror","9789189835467 - Exterminii - Terror", Media 24 / Digibook S6993,"Leverantör","1250.88","2183.50",".00",".00","Audio Book : Extended distribution","23154.81","4891.50",".00",".00",".00",".00",".00",".00",".00",".00","0","0"
6993,"2025-06-30","2025-04-01","FS540917",".00","322.80","2607.30","306.60","7774.60",".00",".00",".00",".00",".00",".00"," ","Nicklasson, Birger","8","SEK","311.89","38.99","9789189835467","Exterminii - Terror","9789189835467 - Exterminii - Terror", Media 24 / Digibook S6993,"Leverantör","1250.88","2183.50",".00",".00","Audio Book : Extended distribution","23154.81","4891.50",".00",".00",".00",".00",".00",".00",".00",".00","0","0"
6993,"2025-06-30","2025-04-01","FS540917",".00","322.80","2607.30","306.60","7774.60",".00",".00",".00",".00",".00",".00"," ","Nicklasson, Birger","1","SEK","39.31","39.31","9789189835412","Exterminii - Återuppbyggnaden","9789189835412 - Exterminii - Återuppbyggnaden", Media 24 / Digibook S6993,"Leverantör","1250.88","2183.50",".00",".00","Ebook : Extended distribution","23154.81","4891.50",".00",".00",".00",".00",".00",".00",".00",".00","0","0"
6993,"2025-06-30","2025-04-01","FS540917",".00","322.80","2607.30","306.60","7774.60",".00",".00",".00",".00",".00",".00"," ","Nicklasson, Birger","1","SEK","39.83","39.83","9789189835412","Exterminii - Återuppbyggnaden","9789189835412 - Exterminii - Återuppbyggnaden", Media 24 / Digibook S6993,"Leverantör","1250.88","2183.50",".00",".00","Ebook : Extended distribution","23154.81","4891.50",".00",".00",".00",".00",".00",".00",".00",".00","0","0"
6993,"2025-06-30","2025-04-01","FS540917",".00","322.80","2607.30","306.60","7774.60",".00",".00",".00",".00",".00",".00"," ","Nicklasson, Birger","2","SEK","80.93","40.47","9789189835429","Exterminii - Terror","9789189835429 - Exterminii - Terror", Media 24 / Digibook S6993,"Leverantör","1250.88","2183.50",".00",".00","Ebook : Extended distribution","23154.81","4891.50",".00",".00",".00",".00",".00",".00",".00",".00","0","0"
6993,"2025-06-30","2025-04-01","FS540917",".00","322.80","2607.30","306.60","7774.60",".00",".00",".00",".00",".00",".00"," ","Nicklasson, Birger","2","SEK","85.04","42.52","9789189835245","Exterminii - Återuppbyggnaden","9789189835245 - Exterminii - Återuppbyggnaden", Media 24 / Digibook S6993,"Leverantör","1250.88","2183.50",".00",".00","Audio Book : Extended distribution","23154.81","4891.50",".00",".00",".00",".00",".00",".00",".00",".00","0","0"
6993,"2025-06-30","2025-04-01","FS540917",".00","322.80","2607.30","306.60","7774.60",".00",".00",".00",".00",".00",".00"," ","Nicklasson, Birger","2","SEK","85.22","42.61","9789189835689","Exterminii - Genom blod och eld","9789189835689 - Exterminii - Genom blod och eld", Media 24 / Digibook S6993,"Leverantör","1250.88","2183.50",".00",".00","Audio Book : Extended distribution","23154.81","4891.50",".00",".00",".00",".00",".00",".00",".00",".00","0","0"
6993,"2025-06-30","2025-04-01","FS540917",".00","322.80","2607.30","306.60","7774.60",".00",".00",".00",".00",".00",".00"," ","Nicklasson, Birger","1","SEK","42.63","42.63","9789189835412","Exterminii - Återuppbyggnaden","9789189835412 - Exterminii - Återuppbyggnaden", Media 24 / Digibook S6993,"Leverantör","1250.88","2183.50",".00",".00","Ebook : Extended distribution","23154.81","4891.50",".00",".00",".00",".00",".00",".00",".00",".00","0","0"
6993,"2025-06-30","2025-04-01","FS540917",".00","322.80","2607.30","306.60","7774.60",".00",".00",".00",".00",".00",".00"," ","Nicklasson, Birger","2","SEK","87.66","43.83","9789189835849","Exterminii - Flykt","9789189835849 - Exterminii - Flykt", Media 24 / Digibook S6993,"Leverantör","1250.88","2183.50",".00",".00","Audio Book : Extended distribution","23154.81","4891.50",".00",".00",".00",".00",".00",".00",".00",".00","0","0"
6993,"2025-06-30","2025-04-01","FS540917",".00","322.80","2607.30","306.60","7774.60",".00",".00",".00",".00",".00",".00"," ","Nicklasson, Birger","3","SEK","131.86","43.95","9789189835467","Exterminii - Terror","9789189835467 - Exterminii - Terror", Media 24 / Digibook S6993,"Leverantör","1250.88","2183.50",".00",".00","Audio Book : Extended distribution","23154.81","4891.50",".00",".00",".00",".00",".00",".00",".00",".00","0","0"
6993,"2025-06-30","2025-04-01","FS540917",".00","322.80","2607.30","306.60","7774.60",".00",".00",".00",".00",".00",".00"," ","Nicklasson, Birger","2","SEK","90.81","45.41","9789189835849","Exterminii - Flykt","9789189835849 - Exterminii - Flykt", Media 24 / Digibook S6993,"Leverantör","1250.88","2183.50",".00",".00","Audio Book : Extended distribution","23154.81","4891.50",".00",".00",".00",".00",".00",".00",".00",".00","0","0"
6993,"2025-06-30","2025-04-01","FS540917",".00","322.80","2607.30","306.60","7774.60",".00",".00",".00",".00",".00",".00"," ","Nicklasson, Birger","5","SEK","230.27","46.05","9789189835849","Exterminii - Flykt","9789189835849 - Exterminii - Flykt", Media 24 / Digibook S6993,"Leverantör","1250.88","2183.50",".00",".00","Audio Book : Extended distribution","23154.81","4891.50",".00",".00",".00",".00",".00",".00",".00",".00","0","0"
6993,"2025-06-30","2025-04-01","FS540917",".00","322.80","2607.30","306.60","7774.60",".00",".00",".00",".00",".00",".00"," ","Nicklasson, Birger","4","SEK","186.60","46.65","9789189835849","Exterminii - Flykt","9789189835849 - Exterminii - Flykt", Media 24 / Digibook S6993,"Leverantör","1250.88","2183.50",".00",".00","Audio Book : Extended distribution","23154.81","4891.50",".00",".00",".00",".00",".00",".00",".00",".00","0","0"
6993,"2025-06-30","2025-04-01","FS540917",".00","322.80","2607.30","306.60","7774.60",".00",".00",".00",".00",".00",".00"," ","Nicklasson, Birger","2","SEK","105.18","52.59","9789189835849","Exterminii - Flykt","9789189835849 - Exterminii - Flykt", Media 24 / Digibook S6993,"Leverantör","1250.88","2183.50",".00",".00","Audio Book : Extended distribution","23154.81","4891.50",".00",".00",".00",".00",".00",".00",".00",".00","0","0"
6993,"2025-06-30","2025-04-01","FS540917",".00","322.80","2607.30","306.60","7774.60",".00",".00",".00",".00",".00",".00"," ","Nilsson, Rebecca","1","SEK","11.70","11.70","9789189835382","Fångad av narcissisten","9789189835382 - Fångad av narcissisten", Media 24 / Digibook S6993,"Leverantör","1250.88","2183.50",".00",".00","Ebook : Extended distribution","23154.81","4891.50",".00",".00",".00",".00",".00",".00",".00",".00","0","0"
6993,"2025-06-30","2025-04-01","FS540917",".00","322.80","2607.30","306.60","7774.60",".00",".00",".00",".00",".00",".00"," ","Nygren, Per","1","SEK","14.62","14.62","9789189539211","Lasse & Lenin -En bok om Lasse Diding som hotellägare, kommunist, alkoholist, samlare, miljonär, boknörd, varbergsbo, frankofil, kubafrälst, retsticka och klosterägare","9789189539211 - Lasse & Lenin -En bok om Lasse Diding som hotellägare, kommunist, alkoholist, samlare, miljonär, boknörd, varbergsbo, frankofil, kubafrälst, retsticka och klosterägare", Media 24 / Digibook S6993,"Leverantör","1250.88","2183.50",".00",".00","Ebook : Extended distribution","23154.81","4891.50",".00",".00",".00",".00",".00",".00",".00",".00","0","0"
6993,"2025-06-30","2025-04-01","FS540917",".00","322.80","2607.30","306.60","7774.60",".00",".00",".00",".00",".00",".00"," ","Nygren, Per","3","SEK","45.30","15.10","9789189539143","Lasse & Lenin -En bok om Lasse Diding som hotellägare, kommunist, alkoholist, samlare, miljonär, boknörd, varbergsbo, frankofil, kubafrälst, retsticka och klosterägare","9789189539143 - Lasse & Lenin -En bok om Lasse Diding som hotellägare, kommunist, alkoholist, samlare, miljonär, boknörd, varbergsbo, frankofil, kubafrälst, retsticka och klosterägare", Media 24 / Digibook S6993,"Leverantör","1250.88","2183.50",".00",".00","Audio Book : Extended distribution","23154.81","4891.50",".00",".00",".00",".00",".00",".00",".00",".00","0","0"
6993,"2025-06-30","2025-04-01","FS540917",".00","322.80","2607.30","306.60","7774.60",".00",".00",".00",".00",".00",".00"," ","Nygren, Per","1","SEK","15.64","15.64","9789189539143","Lasse & Lenin -En bok om Lasse Diding som hotellägare, kommunist, alkoholist, samlare, miljonär, boknörd, varbergsbo, frankofil, kubafrälst, retsticka och klosterägare","9789189539143 - Lasse & Lenin -En bok om Lasse Diding som hotellägare, kommunist, alkoholist, samlare, miljonär, boknörd, varbergsbo, frankofil, kubafrälst, retsticka och klosterägare", Media 24 / Digibook S6993,"Leverantör","1250.88","2183.50",".00",".00","Audio Book : Extended distribution","23154.81","4891.50",".00",".00",".00",".00",".00",".00",".00",".00","0","0"
6993,"2025-06-30","2025-04-01","FS540917",".00","322.80","2607.30","306.60","7774.60",".00",".00",".00",".00",".00",".00"," ","Nygren, Per","1","SEK","15.87","15.87","9789189539143","Lasse & Lenin -En bok om Lasse Diding som hotellägare, kommunist, alkoholist, samlare, miljonär, boknörd, varbergsbo, frankofil, kubafrälst, retsticka och klosterägare","9789189539143 - Lasse & Lenin -En bok om Lasse Diding som hotellägare, kommunist, alkoholist, samlare, miljonär, boknörd, varbergsbo, frankofil, kubafrälst, retsticka och klosterägare", Media 24 / Digibook S6993,"Leverantör","1250.88","2183.50",".00",".00","Audio Book : Extended distribution","23154.81","4891.50",".00",".00",".00",".00",".00",".00",".00",".00","0","0"
6993,"2025-06-30","2025-04-01","FS540917",".00","322.80","2607.30","306.60","7774.60",".00",".00",".00",".00",".00",".00"," ","Nygren, Per","4","SEK","64.29","16.07","9789189539143","Lasse & Lenin -En bok om Lasse Diding som hotellägare, kommunist, alkoholist, samlare, miljonär, boknörd, varbergsbo, frankofil, kubafrälst, retsticka och klosterägare","9789189539143 - Lasse & Lenin -En bok om Lasse Diding som hotellägare, kommunist, alkoholist, samlare, miljonär, boknörd, varbergsbo, frankofil, kubafrälst, retsticka och klosterägare", Media 24 / Digibook S6993,"Leverantör","1250.88","2183.50",".00",".00","Audio Book : Extended distribution","23154.81","4891.50",".00",".00",".00",".00",".00",".00",".00",".00","0","0"
6993,"2025-06-30","2025-04-01","FS540917",".00","322.80","2607.30","306.60","7774.60",".00",".00",".00",".00",".00",".00"," ","Nygren, Per","1","SEK","18.12","18.12","9789189539143","Lasse & Lenin -En bok om Lasse Diding som hotellägare, kommunist, alkoholist, samlare, miljonär, boknörd, varbergsbo, frankofil, kubafrälst, retsticka och klosterägare","9789189539143 - Lasse & Lenin -En bok om Lasse Diding som hotellägare, kommunist, alkoholist, samlare, miljonär, boknörd, varbergsbo, frankofil, kubafrälst, retsticka och klosterägare", Media 24 / Digibook S6993,"Leverantör","1250.88","2183.50",".00",".00","Audio Book : Extended distribution","23154.81","4891.50",".00",".00",".00",".00",".00",".00",".00",".00","0","0"
6993,"2025-06-30","2025-04-01","FS540917",".00","322.80","2607.30","306.60","7774.60",".00",".00",".00",".00",".00",".00"," ","Nygren, Per","1","SEK","27.00","27.00","9789189539143","Lasse & Lenin -En bok om Lasse Diding som hotellägare, kommunist, alkoholist, samlare, miljonär, boknörd, varbergsbo, frankofil, kubafrälst, retsticka och klosterägare","9789189539143 - Lasse & Lenin -En bok om Lasse Diding som hotellägare, kommunist, alkoholist, samlare, miljonär, boknörd, varbergsbo, frankofil, kubafrälst, retsticka och klosterägare", Media 24 / Digibook S6993,"Leverantör","1250.88","2183.50",".00",".00","Audio Book : Extended distribution","23154.81","4891.50",".00",".00",".00",".00",".00",".00",".00",".00","0","0"
6993,"2025-06-30","2025-04-01","FS540917",".00","322.80","2607.30","306.60","7774.60",".00",".00",".00",".00",".00",".00"," ","Nährström, Ralf","3","SEK","50.06","16.69","9789189857629","Yxsjön Från roten av ondska","9789189857629 - Yxsjön Från roten av ondska", Media 24 / Digibook S6993,"Leverantör","1250.88","2183.50",".00",".00","Ebook : Extended distribution","23154.81","4891.50",".00",".00",".00",".00",".00",".00",".00",".00","0","0"
6993,"2025-06-30","2025-04-01","FS540917",".00","322.80","2607.30","306.60","7774.60",".00",".00",".00",".00",".00",".00"," ","Nährström, Ralf","2","SEK","33.69","16.85","9789189857636","Yxsjön Från roten av ondska","9789189857636 - Yxsjön Från roten av ondska", Media 24 / Digibook S6993,"Leverantör","1250.88","2183.50",".00",".00","Audio Book : Extended distribution","23154.81","4891.50",".00",".00",".00",".00",".00",".00",".00",".00","0","0"
6993,"2025-06-30","2025-04-01","FS540917",".00","322.80","2607.30","306.60","7774.60",".00",".00",".00",".00",".00",".00"," ","Nährström, Ralf","15","SEK","255.95","17.06","9789189857636","Yxsjön Från roten av ondska","9789189857636 - Yxsjön Från roten av ondska", Media 24 / Digibook S6993,"Leverantör","1250.88","2183.50",".00",".00","Audio Book : Extended distribution","23154.81","4891.50",".00",".00",".00",".00",".00",".00",".00",".00","0","0"
6993,"2025-06-30","2025-04-01","FS540917",".00","322.80","2607.30","306.60","7774.60",".00",".00",".00",".00",".00",".00"," ","Nährström, Ralf","1","SEK","24.05","24.05","9789189857636","Yxsjön Från roten av ondska","9789189857636 - Yxsjön Från roten av ondska", Media 24 / Digibook S6993,"Leverantör","1250.88","2183.50",".00",".00","Audio Book : Extended distribution","23154.81","4891.50",".00",".00",".00",".00",".00",".00",".00",".00","0","0"
6993,"2025-06-30","2025-04-01","FS540917",".00","322.80","2607.30","306.60","7774.60",".00",".00",".00",".00",".00",".00"," ","Nährström, Ralf","1","SEK","51.30","51.30","9789189857629","Yxsjön Från roten av ondska","9789189857629 - Yxsjön Från roten av ondska", Media 24 / Digibook S6993,"Leverantör","1250.88","2183.50",".00",".00","Ebook : Buy","23154.81","4891.50",".00",".00",".00",".00",".00",".00",".00",".00","0","0"
6993,"2025-06-30","2025-04-01","FS540917",".00","322.80","2607.30","306.60","7774.60",".00",".00",".00",".00",".00",".00"," ","Olsson, Sophie","1","SEK","20.30","20.30","9789190071090","Gaia - Vanadisens hemlighet","9789190071090 - Gaia - Vanadisens hemlighet", Media 24 / Digibook S6993,"Leverantör","1250.88","2183.50",".00",".00","Audio Book : Extended distribution","23154.81","4891.50",".00",".00",".00",".00",".00",".00",".00",".00","0","0"
6993,"2025-06-30","2025-04-01","FS540917",".00","322.80","2607.30","306.60","7774.60",".00",".00",".00",".00",".00",".00"," ","Olsson, Sophie","1","SEK","36.00","36.00","9789190071090","Gaia - Vanadisens hemlighet","9789190071090 - Gaia - Vanadisens hemlighet", Media 24 / Digibook S6993,"Leverantör","1250.88","2183.50",".00",".00","Audio Book : Agregated","23154.81","4891.50",".00",".00",".00",".00",".00",".00",".00",".00","0","0"
6993,"2025-06-30","2025-04-01","FS540917",".00","322.80","2607.30","306.60","7774.60",".00",".00",".00",".00",".00",".00"," ","Oreheim, Hans","6","SEK","38.02","6.34","9789189857278","Tempelriddare John Lionheart och den heliga blodslinjen","9789189857278 - Tempelriddare John Lionheart och den heliga blodslinjen", Media 24 / Digibook S6993,"Leverantör","1250.88","2183.50",".00",".00","Audio Book : Extended distribution","23154.81","4891.50",".00",".00",".00",".00",".00",".00",".00",".00","0","0"
6993,"2025-06-30","2025-04-01","FS540917",".00","322.80","2607.30","306.60","7774.60",".00",".00",".00",".00",".00",".00"," ","Oreheim, Hans","10","SEK","65.68","6.57","9789189857278","Tempelriddare John Lionheart och den heliga blodslinjen","9789189857278 - Tempelriddare John Lionheart och den heliga blodslinjen", Media 24 / Digibook S6993,"Leverantör","1250.88","2183.50",".00",".00","Audio Book : Extended distribution","23154.81","4891.50",".00",".00",".00",".00",".00",".00",".00",".00","0","0"
6993,"2025-06-30","2025-04-01","FS540917",".00","322.80","2607.30","306.60","7774.60",".00",".00",".00",".00",".00",".00"," ","Oreheim, Hans","6","SEK","39.97","6.66","9789189857278","Tempelriddare John Lionheart och den heliga blodslinjen","9789189857278 - Tempelriddare John Lionheart och den heliga blodslinjen", Media 24 / Digibook S6993,"Leverantör","1250.88","2183.50",".00",".00","Audio Book : Extended distribution","23154.81","4891.50",".00",".00",".00",".00",".00",".00",".00",".00","0","0"
6993,"2025-06-30","2025-04-01","FS540917",".00","322.80","2607.30","306.60","7774.60",".00",".00",".00",".00",".00",".00"," ","Oreheim, Hans","11","SEK","74.22","6.75","9789189857278","Tempelriddare John Lionheart och den heliga blodslinjen","9789189857278 - Tempelriddare John Lionheart och den heliga blodslinjen", Media 24 / Digibook S6993,"Leverantör","1250.88","2183.50",".00",".00","Audio Book : Extended distribution","23154.81","4891.50",".00",".00",".00",".00",".00",".00",".00",".00","0","0"
6993,"2025-06-30","2025-04-01","FS540917",".00","322.80","2607.30","306.60","7774.60",".00",".00",".00",".00",".00",".00"," ","Oreheim, Hans","6","SEK","45.65","7.61","9789189857278","Tempelriddare John Lionheart och den heliga blodslinjen","9789189857278 - Tempelriddare John Lionheart och den heliga blodslinjen", Media 24 / Digibook S6993,"Leverantör","1250.88","2183.50",".00",".00","Audio Book : Extended distribution","23154.81","4891.50",".00",".00",".00",".00",".00",".00",".00",".00","0","0"
6993,"2025-06-30","2025-04-01","FS540917",".00","322.80","2607.30","306.60","7774.60",".00",".00",".00",".00",".00",".00"," ","Oreheim, Hans","7","SEK","56.83","8.12","9789189739062","Den Fördolda Kunskapen","9789189739062 - Den Fördolda Kunskapen", Media 24 / Digibook S6993,"Leverantör","1250.88","2183.50",".00",".00","Audio Book : Extended distribution","23154.81","4891.50",".00",".00",".00",".00",".00",".00",".00",".00","0","0"
6993,"2025-06-30","2025-04-01","FS540917",".00","322.80","2607.30","306.60","7774.60",".00",".00",".00",".00",".00",".00"," ","Oreheim, Hans","11","SEK","92.53","8.41","9789189739062","Den Fördolda Kunskapen","9789189739062 - Den Fördolda Kunskapen", Media 24 / Digibook S6993,"Leverantör","1250.88","2183.50",".00",".00","Audio Book : Extended distribution","23154.81","4891.50",".00",".00",".00",".00",".00",".00",".00",".00","0","0"
6993,"2025-06-30","2025-04-01","FS540917",".00","322.80","2607.30","306.60","7774.60",".00",".00",".00",".00",".00",".00"," ","Oreheim, Hans","3","SEK","25.60","8.53","9789189739062","Den Fördolda Kunskapen","9789189739062 - Den Fördolda Kunskapen", Media 24 / Digibook S6993,"Leverantör","1250.88","2183.50",".00",".00","Audio Book : Extended distribution","23154.81","4891.50",".00",".00",".00",".00",".00",".00",".00",".00","0","0"
6993,"2025-06-30","2025-04-01","FS540917",".00","322.80","2607.30","306.60","7774.60",".00",".00",".00",".00",".00",".00"," ","Oreheim, Hans","13","SEK","112.35","8.64","9789189739062","Den Fördolda Kunskapen","9789189739062 - Den Fördolda Kunskapen", Media 24 / Digibook S6993,"Leverantör","1250.88","2183.50",".00",".00","Audio Book : Extended distribution","23154.81","4891.50",".00",".00",".00",".00",".00",".00",".00",".00","0","0"
6993,"2025-06-30","2025-04-01","FS540917",".00","322.80","2607.30","306.60","7774.60",".00",".00",".00",".00",".00",".00"," ","Oreheim, Hans","14","SEK","133.18","9.51","9789189857278","Tempelriddare John Lionheart och den heliga blodslinjen","9789189857278 - Tempelriddare John Lionheart och den heliga blodslinjen", Media 24 / Digibook S6993,"Leverantör","1250.88","2183.50",".00",".00","Audio Book : Extended distribution","23154.81","4891.50",".00",".00",".00",".00",".00",".00",".00",".00","0","0"
6993,"2025-06-30","2025-04-01","FS540917",".00","322.80","2607.30","306.60","7774.60",".00",".00",".00",".00",".00",".00"," ","Oreheim, Hans","4","SEK","38.96","9.74","9789189739062","Den Fördolda Kunskapen","9789189739062 - Den Fördolda Kunskapen", Media 24 / Digibook S6993,"Leverantör","1250.88","2183.50",".00",".00","Audio Book : Extended distribution","23154.81","4891.50",".00",".00",".00",".00",".00",".00",".00",".00","0","0"
6993,"2025-06-30","2025-04-01","FS540917",".00","322.80","2607.30","306.60","7774.60",".00",".00",".00",".00",".00",".00"," ","Oreheim, Hans","21","SEK","228.69","10.89","9789189739895","DEN FÖRBJUDNA KUNSKAPEN","9789189739895 - DEN FÖRBJUDNA KUNSKAPEN", Media 24 / Digibook S6993,"Leverantör","1250.88","2183.50",".00",".00","Audio Book : Extended distribution","23154.81","4891.50",".00",".00",".00",".00",".00",".00",".00",".00","0","0"
6993,"2025-06-30","2025-04-01","FS540917",".00","322.80","2607.30","306.60","7774.60",".00",".00",".00",".00",".00",".00"," ","Oreheim, Hans","5","SEK","55.25","11.05","9789189739932","DEN FÖRLORADE KUNSKAPEN","9789189739932 - DEN FÖRLORADE KUNSKAPEN", Media 24 / Digibook S6993,"Leverantör","1250.88","2183.50",".00",".00","Audio Book : Extended distribution","23154.81","4891.50",".00",".00",".00",".00",".00",".00",".00",".00","0","0"
6993,"2025-06-30","2025-04-01","FS540917",".00","322.80","2607.30","306.60","7774.60",".00",".00",".00",".00",".00",".00"," ","Oreheim, Hans","2","SEK","22.40","11.20","9789189857278","Tempelriddare John Lionheart och den heliga blodslinjen","9789189857278 - Tempelriddare John Lionheart och den heliga blodslinjen", Media 24 / Digibook S6993,"Leverantör","1250.88","2183.50",".00",".00","Audio Book : Access Loan","23154.81","4891.50",".00",".00",".00",".00",".00",".00",".00",".00","0","0"
6993,"2025-06-30","2025-04-01","FS540917",".00","322.80","2607.30","306.60","7774.60",".00",".00",".00",".00",".00",".00"," ","Oreheim, Hans","18","SEK","203.14","11.29","9789189739895","DEN FÖRBJUDNA KUNSKAPEN","9789189739895 - DEN FÖRBJUDNA KUNSKAPEN", Media 24 / Digibook S6993,"Leverantör","1250.88","2183.50",".00",".00","Audio Book : Extended distribution","23154.81","4891.50",".00",".00",".00",".00",".00",".00",".00",".00","0","0"
6993,"2025-06-30","2025-04-01","FS540917",".00","322.80","2607.30","306.60","7774.60",".00",".00",".00",".00",".00",".00"," ","Oreheim, Hans","17","SEK","194.59","11.45","9789189739895","DEN FÖRBJUDNA KUNSKAPEN","9789189739895 - DEN FÖRBJUDNA KUNSKAPEN", Media 24 / Digibook S6993,"Leverantör","1250.88","2183.50",".00",".00","Audio Book : Extended distribution","23154.81","4891.50",".00",".00",".00",".00",".00",".00",".00",".00","0","0"
6993,"2025-06-30","2025-04-01","FS540917",".00","322.80","2607.30","306.60","7774.60",".00",".00",".00",".00",".00",".00"," ","Oreheim, Hans","9","SEK","103.01","11.45","9789189739932","DEN FÖRLORADE KUNSKAPEN","9789189739932 - DEN FÖRLORADE KUNSKAPEN", Media 24 / Digibook S6993,"Leverantör","1250.88","2183.50",".00",".00","Audio Book : Extended distribution","23154.81","4891.50",".00",".00",".00",".00",".00",".00",".00",".00","0","0"
6993,"2025-06-30","2025-04-01","FS540917",".00","322.80","2607.30","306.60","7774.60",".00",".00",".00",".00",".00",".00"," ","Oreheim, Hans","18","SEK","208.70","11.59","9789189739895","DEN FÖRBJUDNA KUNSKAPEN","9789189739895 - DEN FÖRBJUDNA KUNSKAPEN", Media 24 / Digibook S6993,"Leverantör","1250.88","2183.50",".00",".00","Audio Book : Extended distribution","23154.81","4891.50",".00",".00",".00",".00",".00",".00",".00",".00","0","0"
6993,"2025-06-30","2025-04-01","FS540917",".00","322.80","2607.30","306.60","7774.60",".00",".00",".00",".00",".00",".00"," ","Oreheim, Hans","6","SEK","69.65","11.61","9789189739932","DEN FÖRLORADE KUNSKAPEN","9789189739932 - DEN FÖRLORADE KUNSKAPEN", Media 24 / Digibook S6993,"Leverantör","1250.88","2183.50",".00",".00","Audio Book : Extended distribution","23154.81","4891.50",".00",".00",".00",".00",".00",".00",".00",".00","0","0"
6993,"2025-06-30","2025-04-01","FS540917",".00","322.80","2607.30","306.60","7774.60",".00",".00",".00",".00",".00",".00"," ","Oreheim, Hans","12","SEK","141.12","11.76","9789189739932","DEN FÖRLORADE KUNSKAPEN","9789189739932 - DEN FÖRLORADE KUNSKAPEN", Media 24 / Digibook S6993,"Leverantör","1250.88","2183.50",".00",".00","Audio Book : Extended distribution","23154.81","4891.50",".00",".00",".00",".00",".00",".00",".00",".00","0","0"
6993,"2025-06-30","2025-04-01","FS540917",".00","322.80","2607.30","306.60","7774.60",".00",".00",".00",".00",".00",".00"," ","Oreheim, Hans","13","SEK","169.94","13.07","9789189739895","DEN FÖRBJUDNA KUNSKAPEN","9789189739895 - DEN FÖRBJUDNA KUNSKAPEN", Media 24 / Digibook S6993,"Leverantör","1250.88","2183.50",".00",".00","Audio Book : Extended distribution","23154.81","4891.50",".00",".00",".00",".00",".00",".00",".00",".00","0","0"
6993,"2025-06-30","2025-04-01","FS540917",".00","322.80","2607.30","306.60","7774.60",".00",".00",".00",".00",".00",".00"," ","Oreheim, Hans","9","SEK","119.34","13.26","9789189739932","DEN FÖRLORADE KUNSKAPEN","9789189739932 - DEN FÖRLORADE KUNSKAPEN", Media 24 / Digibook S6993,"Leverantör","1250.88","2183.50",".00",".00","Audio Book : Extended distribution","23154.81","4891.50",".00",".00",".00",".00",".00",".00",".00",".00","0","0"
6993,"2025-06-30","2025-04-01","FS540917",".00","322.80","2607.30","306.60","7774.60",".00",".00",".00",".00",".00",".00"," ","Oreheim, Hans","1","SEK","14.40","14.40","9789189739062","Den Fördolda Kunskapen","9789189739062 - Den Fördolda Kunskapen", Media 24 / Digibook S6993,"Leverantör","1250.88","2183.50",".00",".00","Audio Book : Access Loan","23154.81","4891.50",".00",".00",".00",".00",".00",".00",".00",".00","0","0"
6993,"2025-06-30","2025-04-01","FS540917",".00","322.80","2607.30","306.60","7774.60",".00",".00",".00",".00",".00",".00"," ","Oreheim, Hans","2","SEK","28.80","14.40","9789189739895","DEN FÖRBJUDNA KUNSKAPEN","9789189739895 - DEN FÖRBJUDNA KUNSKAPEN", Media 24 / Digibook S6993,"Leverantör","1250.88","2183.50",".00",".00","Audio Book : Access Loan","23154.81","4891.50",".00",".00",".00",".00",".00",".00",".00",".00","0","0"
6993,"2025-06-30","2025-04-01","FS540917",".00","322.80","2607.30","306.60","7774.60",".00",".00",".00",".00",".00",".00"," ","Oreheim, Hans","2","SEK","28.80","14.40","9789189739932","DEN FÖRLORADE KUNSKAPEN","9789189739932 - DEN FÖRLORADE KUNSKAPEN", Media 24 / Digibook S6993,"Leverantör","1250.88","2183.50",".00",".00","Audio Book : Access Loan","23154.81","4891.50",".00",".00",".00",".00",".00",".00",".00",".00","0","0"
6993,"2025-06-30","2025-04-01","FS540917",".00","322.80","2607.30","306.60","7774.60",".00",".00",".00",".00",".00",".00"," ","Oreheim, Hans","2","SEK","36.00","18.00","9789189739062","Den Fördolda Kunskapen","9789189739062 - Den Fördolda Kunskapen", Media 24 / Digibook S6993,"Leverantör","1250.88","2183.50",".00",".00","Audio Book : Agregated","23154.81","4891.50",".00",".00",".00",".00",".00",".00",".00",".00","0","0"
6993,"2025-06-30","2025-04-01","FS540917",".00","322.80","2607.30","306.60","7774.60",".00",".00",".00",".00",".00",".00"," ","Oreheim, Hans","3","SEK","54.00","18.00","9789189739895","DEN FÖRBJUDNA KUNSKAPEN","9789189739895 - DEN FÖRBJUDNA KUNSKAPEN", Media 24 / Digibook S6993,"Leverantör","1250.88","2183.50",".00",".00","Audio Book : Agregated","23154.81","4891.50",".00",".00",".00",".00",".00",".00",".00",".00","0","0"
6993,"2025-06-30","2025-04-01","FS540917",".00","322.80","2607.30","306.60","7774.60",".00",".00",".00",".00",".00",".00"," ","Oreheim, Hans","2","SEK","36.00","18.00","9789189739932","DEN FÖRLORADE KUNSKAPEN","9789189739932 - DEN FÖRLORADE KUNSKAPEN", Media 24 / Digibook S6993,"Leverantör","1250.88","2183.50",".00",".00","Audio Book : Agregated","23154.81","4891.50",".00",".00",".00",".00",".00",".00",".00",".00","0","0"
6993,"2025-06-30","2025-04-01","FS540917",".00","322.80","2607.30","306.60","7774.60",".00",".00",".00",".00",".00",".00"," ","Oreheim, Hans","1","SEK","18.00","18.00","9789189857278","Tempelriddare John Lionheart och den heliga blodslinjen","9789189857278 - Tempelriddare John Lionheart och den heliga blodslinjen", Media 24 / Digibook S6993,"Leverantör","1250.88","2183.50",".00",".00","Audio Book : Extended distribution","23154.81","4891.50",".00",".00",".00",".00",".00",".00",".00",".00","0","0"
6993,"2025-06-30","2025-04-01","FS540917",".00","322.80","2607.30","306.60","7774.60",".00",".00",".00",".00",".00",".00"," ","Oreheim, Hans","3","SEK","81.00","27.00","9789189739895","DEN FÖRBJUDNA KUNSKAPEN","9789189739895 - DEN FÖRBJUDNA KUNSKAPEN", Media 24 / Digibook S6993,"Leverantör","1250.88","2183.50",".00",".00","Audio Book : Extended distribution","23154.81","4891.50",".00",".00",".00",".00",".00",".00",".00",".00","0","0"
6993,"2025-06-30","2025-04-01","FS540917",".00","322.80","2607.30","306.60","7774.60",".00",".00",".00",".00",".00",".00"," ","Oreheim, Hans","4","SEK","144.00","36.00","9789189857278","Tempelriddare John Lionheart och den heliga blodslinjen","9789189857278 - Tempelriddare John Lionheart och den heliga blodslinjen", Media 24 / Digibook S6993,"Leverantör","1250.88","2183.50",".00",".00","Audio Book : Agregated","23154.81","4891.50",".00",".00",".00",".00",".00",".00",".00",".00","0","0"
6993,"2025-06-30","2025-04-01","FS540917",".00","322.80","2607.30","306.60","7774.60",".00",".00",".00",".00",".00",".00"," ","Oreheim, Hans","2","SEK","102.60","51.30","9789189857278","Tempelriddare John Lionheart och den heliga blodslinjen","9789189857278 - Tempelriddare John Lionheart och den heliga blodslinjen", Media 24 / Digibook S6993,"Leverantör","1250.88","2183.50",".00",".00","Audio Book : Buy","23154.81","4891.50",".00",".00",".00",".00",".00",".00",".00",".00","0","0"
6993,"2025-06-30","2025-04-01","FS540917",".00","322.80","2607.30","306.60","7774.60",".00",".00",".00",".00",".00",".00"," ","Oreheim, Hans","1","SEK","76.50","76.50","9789189739062","Den Fördolda Kunskapen","9789189739062 - Den Fördolda Kunskapen", Media 24 / Digibook S6993,"Leverantör","1250.88","2183.50",".00",".00","Audio Book : Buy","23154.81","4891.50",".00",".00",".00",".00",".00",".00",".00",".00","0","0"
6993,"2025-06-30","2025-04-01","FS540917",".00","322.80","2607.30","306.60","7774.60",".00",".00",".00",".00",".00",".00"," ","Oreheim, Hans","1","SEK","76.50","76.50","9789189739895","DEN FÖRBJUDNA KUNSKAPEN","9789189739895 - DEN FÖRBJUDNA KUNSKAPEN", Media 24 / Digibook S6993,"Leverantör","1250.88","2183.50",".00",".00","Audio Book : Buy","23154.81","4891.50",".00",".00",".00",".00",".00",".00",".00",".00","0","0"
6993,"2025-06-30","2025-04-01","FS540917",".00","322.80","2607.30","306.60","7774.60",".00",".00",".00",".00",".00",".00"," ","Oreheim, Hans","1","SEK","76.50","76.50","9789189739932","DEN FÖRLORADE KUNSKAPEN","9789189739932 - DEN FÖRLORADE KUNSKAPEN", Media 24 / Digibook S6993,"Leverantör","1250.88","2183.50",".00",".00","Audio Book : Buy","23154.81","4891.50",".00",".00",".00",".00",".00",".00",".00",".00","0","0"
6993,"2025-06-30","2025-04-01","FS540917",".00","322.80","2607.30","306.60","7774.60",".00",".00",".00",".00",".00",".00"," ","Rockström, Pia","1","SEK","8.49","8.49","9789189835801","Högsensitiva berättar","9789189835801 - Högsensitiva berättar", Media 24 / Digibook S6993,"Leverantör","1250.88","2183.50",".00",".00","Audio Book : Extended distribution","23154.81","4891.50",".00",".00",".00",".00",".00",".00",".00",".00","0","0"
6993,"2025-06-30","2025-04-01","FS540917",".00","322.80","2607.30","306.60","7774.60",".00",".00",".00",".00",".00",".00"," ","Rockström, Pia","1","SEK","8.91","8.91","9789189835801","Högsensitiva berättar","9789189835801 - Högsensitiva berättar", Media 24 / Digibook S6993,"Leverantör","1250.88","2183.50",".00",".00","Audio Book : Extended distribution","23154.81","4891.50",".00",".00",".00",".00",".00",".00",".00",".00","0","0"
6993,"2025-06-30","2025-04-01","FS540917",".00","322.80","2607.30","306.60","7774.60",".00",".00",".00",".00",".00",".00"," ","Rockström, Pia","2","SEK","18.48","9.24","9789190071212","Sensitivt ledarskap","9789190071212 - Sensitivt ledarskap", Media 24 / Digibook S6993,"Leverantör","1250.88","2183.50",".00",".00","Audio Book : Extended distribution","23154.81","4891.50",".00",".00",".00",".00",".00",".00",".00",".00","0","0"
6993,"2025-06-30","2025-04-01","FS540917",".00","322.80","2607.30","306.60","7774.60",".00",".00",".00",".00",".00",".00"," ","Rockström, Pia","1","SEK","11.29","11.29","9789189539396","Leva för två - tvillingar som förlorat sin tvilling berättar","9789189539396 - Leva för två - tvillingar som förlorat sin tvilling berättar", Media 24 / Digibook S6993,"Leverantör","1250.88","2183.50",".00",".00","Audio Book : Extended distribution","23154.81","4891.50",".00",".00",".00",".00",".00",".00",".00",".00","0","0"
6993,"2025-06-30","2025-04-01","FS540917",".00","322.80","2607.30","306.60","7774.60",".00",".00",".00",".00",".00",".00"," ","Rockström, Pia","1","SEK","18.00","18.00","9789189539396","Leva för två - tvillingar som förlorat sin tvilling berättar","9789189539396 - Leva för två - tvillingar som förlorat sin tvilling berättar", Media 24 / Digibook S6993,"Leverantör","1250.88","2183.50",".00",".00","Audio Book : Extended distribution","23154.81","4891.50",".00",".00",".00",".00",".00",".00",".00",".00","0","0"
6993,"2025-06-30","2025-04-01","FS540917",".00","322.80","2607.30","306.60","7774.60",".00",".00",".00",".00",".00",".00"," ","Rockström, Pia","1","SEK","18.00","18.00","9789189835801","Högsensitiva berättar","9789189835801 - Högsensitiva berättar", Media 24 / Digibook S6993,"Leverantör","1250.88","2183.50",".00",".00","Audio Book : Extended distribution","23154.81","4891.50",".00",".00",".00",".00",".00",".00",".00",".00","0","0"
6993,"2025-06-30","2025-04-01","FS540917",".00","322.80","2607.30","306.60","7774.60",".00",".00",".00",".00",".00",".00"," ","Rockström, Pia","1","SEK","36.00","36.00","9789190071212","Sensitivt ledarskap","9789190071212 - Sensitivt ledarskap", Media 24 / Digibook S6993,"Leverantör","1250.88","2183.50",".00",".00","Audio Book : Agregated","23154.81","4891.50",".00",".00",".00",".00",".00",".00",".00",".00","0","0"
6993,"2025-06-30","2025-04-01","FS540917",".00","322.80","2607.30","306.60","7774.60",".00",".00",".00",".00",".00",".00"," ","Roxfelt, Susanna","2","SEK","102.60","51.30","9789189857957","Allt det jag sökte fann jag hos dig","9789189857957 - Allt det jag sökte fann jag hos dig", Media 24 / Digibook S6993,"Leverantör","1250.88","2183.50",".00",".00","Ebook : Buy","23154.81","4891.50",".00",".00",".00",".00",".00",".00",".00",".00","0","0"
6993,"2025-06-30","2025-04-01","FS540917",".00","322.80","2607.30","306.60","7774.60",".00",".00",".00",".00",".00",".00"," ","Roxfelt, Susanna","1","SEK","63.00","63.00","9789189857957","Allt det jag sökte fann jag hos dig","9789189857957 - Allt det jag sökte fann jag hos dig", Media 24 / Digibook S6993,"Leverantör","1250.88","2183.50",".00",".00","Ebook : Agregated","23154.81","4891.50",".00",".00",".00",".00",".00",".00",".00",".00","0","0"
6993,"2025-06-30","2025-04-01","FS540917",".00","322.80","2607.30","306.60","7774.60",".00",".00",".00",".00",".00",".00"," ","Rydberg, Ulf","1","SEK","76.50","76.50","9789189857643","Gudarna ger och Djävulen tar","9789189857643 - Gudarna ger och Djävulen tar", Media 24 / Digibook S6993,"Leverantör","1250.88","2183.50",".00",".00","Ebook : Buy","23154.81","4891.50",".00",".00",".00",".00",".00",".00",".00",".00","0","0"
6993,"2025-06-30","2025-04-01","FS540917",".00","322.80","2607.30","306.60","7774.60",".00",".00",".00",".00",".00",".00"," ","S, Ella","1","SEK",".70",".70","9789189835092","Naket äventyr - Att låna en fru","9789189835092 - Naket äventyr - Att låna en fru", Media 24 / Digibook S6993,"Leverantör","1250.88","2183.50",".00",".00","Ebook : Extended distribution","23154.81","4891.50",".00",".00",".00",".00",".00",".00",".00",".00","0","0"
6993,"2025-06-30","2025-04-01","FS540917",".00","322.80","2607.30","306.60","7774.60",".00",".00",".00",".00",".00",".00"," ","S, Ella","13","SEK","9.23",".71","9789189835337","Naket äventyr - Att låna en fru","9789189835337 - Naket äventyr - Att låna en fru", Media 24 / Digibook S6993,"Leverantör","1250.88","2183.50",".00",".00","Audio Book : Extended distribution","23154.81","4891.50",".00",".00",".00",".00",".00",".00",".00",".00","0","0"
6993,"2025-06-30","2025-04-01","FS540917",".00","322.80","2607.30","306.60","7774.60",".00",".00",".00",".00",".00",".00"," ","S, Ella","2","SEK","1.51",".76","9789189835337","Naket äventyr - Att låna en fru","9789189835337 - Naket äventyr - Att låna en fru", Media 24 / Digibook S6993,"Leverantör","1250.88","2183.50",".00",".00","Audio Book : Extended distribution","23154.81","4891.50",".00",".00",".00",".00",".00",".00",".00",".00","0","0"
6993,"2025-06-30","2025-04-01","FS540917",".00","322.80","2607.30","306.60","7774.60",".00",".00",".00",".00",".00",".00"," ","S, Ella","3","SEK","2.37",".79","9789189739987","Naket äventyr - Att låna en man","9789189739987 - Naket äventyr - Att låna en man", Media 24 / Digibook S6993,"Leverantör","1250.88","2183.50",".00",".00","Ebook : Extended distribution","23154.81","4891.50",".00",".00",".00",".00",".00",".00",".00",".00","0","0"
6993,"2025-06-30","2025-04-01","FS540917",".00","322.80","2607.30","306.60","7774.60",".00",".00",".00",".00",".00",".00"," ","S, Ella","1","SEK",".79",".79","9789189835092","Naket äventyr - Att låna en fru","9789189835092 - Naket äventyr - Att låna en fru", Media 24 / Digibook S6993,"Leverantör","1250.88","2183.50",".00",".00","Ebook : Extended distribution","23154.81","4891.50",".00",".00",".00",".00",".00",".00",".00",".00","0","0"
6993,"2025-06-30","2025-04-01","FS540917",".00","322.80","2607.30","306.60","7774.60",".00",".00",".00",".00",".00",".00"," ","S, Ella","15","SEK","12.55",".84","9789189835320","Naket äventyr - Att låna en man","9789189835320 - Naket äventyr - Att låna en man", Media 24 / Digibook S6993,"Leverantör","1250.88","2183.50",".00",".00","Audio Book : Extended distribution","23154.81","4891.50",".00",".00",".00",".00",".00",".00",".00",".00","0","0"
6993,"2025-06-30","2025-04-01","FS540917",".00","322.80","2607.30","306.60","7774.60",".00",".00",".00",".00",".00",".00"," ","S, Ella","3","SEK","2.59",".86","9789189835320","Naket äventyr - Att låna en man","9789189835320 - Naket äventyr - Att låna en man", Media 24 / Digibook S6993,"Leverantör","1250.88","2183.50",".00",".00","Audio Book : Extended distribution","23154.81","4891.50",".00",".00",".00",".00",".00",".00",".00",".00","0","0"
6993,"2025-06-30","2025-04-01","FS540917",".00","322.80","2607.30","306.60","7774.60",".00",".00",".00",".00",".00",".00"," ","S, Ella","2","SEK","1.73",".87","9789189739987","Naket äventyr - Att låna en man","9789189739987 - Naket äventyr - Att låna en man", Media 24 / Digibook S6993,"Leverantör","1250.88","2183.50",".00",".00","Ebook : Extended distribution","23154.81","4891.50",".00",".00",".00",".00",".00",".00",".00",".00","0","0"
6993,"2025-06-30","2025-04-01","FS540917",".00","322.80","2607.30","306.60","7774.60",".00",".00",".00",".00",".00",".00"," ","S, Ella","2","SEK","1.75",".88","9789189739987","Naket äventyr - Att låna en man","9789189739987 - Naket äventyr - Att låna en man", Media 24 / Digibook S6993,"Leverantör","1250.88","2183.50",".00",".00","Ebook : Extended distribution","23154.81","4891.50",".00",".00",".00",".00",".00",".00",".00",".00","0","0"
6993,"2025-06-30","2025-04-01","FS540917",".00","322.80","2607.30","306.60","7774.60",".00",".00",".00",".00",".00",".00"," ","S, Ella","2","SEK","1.76",".88","9789189835320","Naket äventyr - Att låna en man","9789189835320 - Naket äventyr - Att låna en man", Media 24 / Digibook S6993,"Leverantör","1250.88","2183.50",".00",".00","Audio Book : Extended distribution","23154.81","4891.50",".00",".00",".00",".00",".00",".00",".00",".00","0","0"
6993,"2025-06-30","2025-04-01","FS540917",".00","322.80","2607.30","306.60","7774.60",".00",".00",".00",".00",".00",".00"," ","S, Ella","2","SEK","1.77",".89","9789189739987","Naket äventyr - Att låna en man","9789189739987 - Naket äventyr - Att låna en man", Media 24 / Digibook S6993,"Leverantör","1250.88","2183.50",".00",".00","Ebook : Extended distribution","23154.81","4891.50",".00",".00",".00",".00",".00",".00",".00",".00","0","0"
6993,"2025-06-30","2025-04-01","FS540917",".00","322.80","2607.30","306.60","7774.60",".00",".00",".00",".00",".00",".00"," ","S, Ella","4","SEK","3.55",".89","9789189835320","Naket äventyr - Att låna en man","9789189835320 - Naket äventyr - Att låna en man", Media 24 / Digibook S6993,"Leverantör","1250.88","2183.50",".00",".00","Audio Book : Extended distribution","23154.81","4891.50",".00",".00",".00",".00",".00",".00",".00",".00","0","0"
6993,"2025-06-30","2025-04-01","FS540917",".00","322.80","2607.30","306.60","7774.60",".00",".00",".00",".00",".00",".00"," ","S, Ella","1","SEK","2.00","2.00","9789189835320","Naket äventyr - Att låna en man","9789189835320 - Naket äventyr - Att låna en man", Media 24 / Digibook S6993,"Leverantör","1250.88","2183.50",".00",".00","Audio Book : Agregated","23154.81","4891.50",".00",".00",".00",".00",".00",".00",".00",".00","0","0"
6993,"2025-06-30","2025-04-01","FS540917",".00","322.80","2607.30","306.60","7774.60",".00",".00",".00",".00",".00",".00"," ","S, Ella","1","SEK","2.00","2.00","9789189835337","Naket äventyr - Att låna en fru","9789189835337 - Naket äventyr - Att låna en fru", Media 24 / Digibook S6993,"Leverantör","1250.88","2183.50",".00",".00","Audio Book : Agregated","23154.81","4891.50",".00",".00",".00",".00",".00",".00",".00",".00","0","0"
6993,"2025-06-30","2025-04-01","FS540917",".00","322.80","2607.30","306.60","7774.60",".00",".00",".00",".00",".00",".00"," ","S, Ella","2","SEK","8.00","4.00","9789189739987","Naket äventyr - Att låna en man","9789189739987 - Naket äventyr - Att låna en man", Media 24 / Digibook S6993,"Leverantör","1250.88","2183.50",".00",".00","Ebook : Access Loan","23154.81","4891.50",".00",".00",".00",".00",".00",".00",".00",".00","0","0"
6993,"2025-06-30","2025-04-01","FS540917",".00","322.80","2607.30","306.60","7774.60",".00",".00",".00",".00",".00",".00"," ","S, Ella","2","SEK","8.00","4.00","9789189835092","Naket äventyr - Att låna en fru","9789189835092 - Naket äventyr - Att låna en fru", Media 24 / Digibook S6993,"Leverantör","1250.88","2183.50",".00",".00","Ebook : Access Loan","23154.81","4891.50",".00",".00",".00",".00",".00",".00",".00",".00","0","0"
6993,"2025-06-30","2025-04-01","FS540917",".00","322.80","2607.30","306.60","7774.60",".00",".00",".00",".00",".00",".00"," ","S, Ella","1","SEK","4.50","4.50","9789189835337","Naket äventyr - Att låna en fru","9789189835337 - Naket äventyr - Att låna en fru", Media 24 / Digibook S6993,"Leverantör","1250.88","2183.50",".00",".00","Audio Book : Extended distribution","23154.81","4891.50",".00",".00",".00",".00",".00",".00",".00",".00","0","0"
6993,"2025-06-30","2025-04-01","FS540917",".00","322.80","2607.30","306.60","7774.60",".00",".00",".00",".00",".00",".00"," ","Salo, Sanna","4","SEK","6.44","1.61","9789189835214","Skimrande pärlor","9789189835214 - Skimrande pärlor", Media 24 / Digibook S6993,"Leverantör","1250.88","2183.50",".00",".00","Audio Book : Extended distribution","23154.81","4891.50",".00",".00",".00",".00",".00",".00",".00",".00","0","0"
6993,"2025-06-30","2025-04-01","FS540917",".00","322.80","2607.30","306.60","7774.60",".00",".00",".00",".00",".00",".00"," ","Salo, Sanna","7","SEK","11.66","1.67","9789189835214","Skimrande pärlor","9789189835214 - Skimrande pärlor", Media 24 / Digibook S6993,"Leverantör","1250.88","2183.50",".00",".00","Audio Book : Extended distribution","23154.81","4891.50",".00",".00",".00",".00",".00",".00",".00",".00","0","0"
6993,"2025-06-30","2025-04-01","FS540917",".00","322.80","2607.30","306.60","7774.60",".00",".00",".00",".00",".00",".00"," ","Salo, Sanna","6","SEK","10.13","1.69","9789189835214","Skimrande pärlor","9789189835214 - Skimrande pärlor", Media 24 / Digibook S6993,"Leverantör","1250.88","2183.50",".00",".00","Audio Book : Extended distribution","23154.81","4891.50",".00",".00",".00",".00",".00",".00",".00",".00","0","0"
6993,"2025-06-30","2025-04-01","FS540917",".00","322.80","2607.30","306.60","7774.60",".00",".00",".00",".00",".00",".00"," ","Salo, Sanna","10","SEK","17.11","1.71","9789189835214","Skimrande pärlor","9789189835214 - Skimrande pärlor", Media 24 / Digibook S6993,"Leverantör","1250.88","2183.50",".00",".00","Audio Book : Extended distribution","23154.81","4891.50",".00",".00",".00",".00",".00",".00",".00",".00","0","0"
6993,"2025-06-30","2025-04-01","FS540917",".00","322.80","2607.30","306.60","7774.60",".00",".00",".00",".00",".00",".00"," ","Salo, Sanna","8","SEK","13.96","1.75","9789189835085","Skimrande pärlor","9789189835085 - Skimrande pärlor", Media 24 / Digibook S6993,"Leverantör","1250.88","2183.50",".00",".00","Ebook : Extended distribution","23154.81","4891.50",".00",".00",".00",".00",".00",".00",".00",".00","0","0"
6993,"2025-06-30","2025-04-01","FS540917",".00","322.80","2607.30","306.60","7774.60",".00",".00",".00",".00",".00",".00"," ","Salo, Sanna","9","SEK","15.93","1.77","9789189835085","Skimrande pärlor","9789189835085 - Skimrande pärlor", Media 24 / Digibook S6993,"Leverantör","1250.88","2183.50",".00",".00","Ebook : Extended distribution","23154.81","4891.50",".00",".00",".00",".00",".00",".00",".00",".00","0","0"
6993,"2025-06-30","2025-04-01","FS540917",".00","322.80","2607.30","306.60","7774.60",".00",".00",".00",".00",".00",".00"," ","Salo, Sanna","12","SEK","21.51","1.79","9789189835085","Skimrande pärlor","9789189835085 - Skimrande pärlor", Media 24 / Digibook S6993,"Leverantör","1250.88","2183.50",".00",".00","Ebook : Extended distribution","23154.81","4891.50",".00",".00",".00",".00",".00",".00",".00",".00","0","0"
6993,"2025-06-30","2025-04-01","FS540917",".00","322.80","2607.30","306.60","7774.60",".00",".00",".00",".00",".00",".00"," ","Salo, Sanna","2","SEK","3.82","1.91","9789189835085","Skimrande pärlor","9789189835085 - Skimrande pärlor", Media 24 / Digibook S6993,"Leverantör","1250.88","2183.50",".00",".00","Ebook : Extended distribution","23154.81","4891.50",".00",".00",".00",".00",".00",".00",".00",".00","0","0"
6993,"2025-06-30","2025-04-01","FS540917",".00","322.80","2607.30","306.60","7774.60",".00",".00",".00",".00",".00",".00"," ","Salo, Sanna","1","SEK","9.00","9.00","9789189835085","Skimrande pärlor","9789189835085 - Skimrande pärlor", Media 24 / Digibook S6993,"Leverantör","1250.88","2183.50",".00",".00","Ebook : Extended distribution","23154.81","4891.50",".00",".00",".00",".00",".00",".00",".00",".00","0","0"
6993,"2025-06-30","2025-04-01","FS540917",".00","322.80","2607.30","306.60","7774.60",".00",".00",".00",".00",".00",".00"," ","Salo, Sanna","3","SEK","27.00","9.00","9789189835214","Skimrande pärlor","9789189835214 - Skimrande pärlor", Media 24 / Digibook S6993,"Leverantör","1250.88","2183.50",".00",".00","Audio Book : Extended distribution","23154.81","4891.50",".00",".00",".00",".00",".00",".00",".00",".00","0","0"
6993,"2025-06-30","2025-04-01","FS540917",".00","322.80","2607.30","306.60","7774.60",".00",".00",".00",".00",".00",".00"," ","Salo, Sanna","1","SEK","19.08","19.08","9789189835085","Skimrande pärlor","9789189835085 - Skimrande pärlor", Media 24 / Digibook S6993,"Leverantör","1250.88","2183.50",".00",".00","Ebook : Agregated","23154.81","4891.50",".00",".00",".00",".00",".00",".00",".00",".00","0","0"
6993,"2025-06-30","2025-04-01","FS540917",".00","322.80","2607.30","306.60","7774.60",".00",".00",".00",".00",".00",".00"," ","Simonsson, Stig","1","SEK","9.71","9.71","9789189739635","Myglaren","9789189739635 - Myglaren", Media 24 / Digibook S6993,"Leverantör","1250.88","2183.50",".00",".00","Ebook : Extended distribution","23154.81","4891.50",".00",".00",".00",".00",".00",".00",".00",".00","0","0"
6993,"2025-06-30","2025-04-01","FS540917",".00","322.80","2607.30","306.60","7774.60",".00",".00",".00",".00",".00",".00"," ","Simonsson, Stig","1","SEK","9.91","9.91","9789189835900","Viagonal","9789189835900 - Viagonal", Media 24 / Digibook S6993,"Leverantör","1250.88","2183.50",".00",".00","Audio Book : Extended distribution","23154.81","4891.50",".00",".00",".00",".00",".00",".00",".00",".00","0","0"
6993,"2025-06-30","2025-04-01","FS540917",".00","322.80","2607.30","306.60","7774.60",".00",".00",".00",".00",".00",".00"," ","Simonsson, Stig","1","SEK","10.41","10.41","9789189835900","Viagonal","9789189835900 - Viagonal", Media 24 / Digibook S6993,"Leverantör","1250.88","2183.50",".00",".00","Audio Book : Extended distribution","23154.81","4891.50",".00",".00",".00",".00",".00",".00",".00",".00","0","0"
6993,"2025-06-30","2025-04-01","FS540917",".00","322.80","2607.30","306.60","7774.60",".00",".00",".00",".00",".00",".00"," ","Simonsson, Stig","1","SEK","11.10","11.10","9789189857445","Myglaren","9789189857445 - Myglaren", Media 24 / Digibook S6993,"Leverantör","1250.88","2183.50",".00",".00","Audio Book : Extended distribution","23154.81","4891.50",".00",".00",".00",".00",".00",".00",".00",".00","0","0"
6993,"2025-06-30","2025-04-01","FS540917",".00","322.80","2607.30","306.60","7774.60",".00",".00",".00",".00",".00",".00"," ","Simonsson, Stig","1","SEK","11.20","11.20","9789190071007","Valrossen","9789190071007 - Valrossen", Media 24 / Digibook S6993,"Leverantör","1250.88","2183.50",".00",".00","Audio Book : Access Loan","23154.81","4891.50",".00",".00",".00",".00",".00",".00",".00",".00","0","0"
6993,"2025-06-30","2025-04-01","FS540917",".00","322.80","2607.30","306.60","7774.60",".00",".00",".00",".00",".00",".00"," ","Simonsson, Stig","2","SEK","22.50","11.25","9789190071007","Valrossen","9789190071007 - Valrossen", Media 24 / Digibook S6993,"Leverantör","1250.88","2183.50",".00",".00","Audio Book : Extended distribution","23154.81","4891.50",".00",".00",".00",".00",".00",".00",".00",".00","0","0"
6993,"2025-06-30","2025-04-01","FS540917",".00","322.80","2607.30","306.60","7774.60",".00",".00",".00",".00",".00",".00"," ","Simonsson, Stig","1","SEK","11.38","11.38","9789189835498","Mannens ädlaste ägodel","9789189835498 - Mannens ädlaste ägodel", Media 24 / Digibook S6993,"Leverantör","1250.88","2183.50",".00",".00","Audio Book : Extended distribution","23154.81","4891.50",".00",".00",".00",".00",".00",".00",".00",".00","0","0"
6993,"2025-06-30","2025-04-01","FS540917",".00","322.80","2607.30","306.60","7774.60",".00",".00",".00",".00",".00",".00"," ","Simonsson, Stig","3","SEK","34.23","11.41","9789190071007","Valrossen","9789190071007 - Valrossen", Media 24 / Digibook S6993,"Leverantör","1250.88","2183.50",".00",".00","Audio Book : Extended distribution","23154.81","4891.50",".00",".00",".00",".00",".00",".00",".00",".00","0","0"
6993,"2025-06-30","2025-04-01","FS540917",".00","322.80","2607.30","306.60","7774.60",".00",".00",".00",".00",".00",".00"," ","Simonsson, Stig","1","SEK","11.89","11.89","9789189835900","Viagonal","9789189835900 - Viagonal", Media 24 / Digibook S6993,"Leverantör","1250.88","2183.50",".00",".00","Audio Book : Extended distribution","23154.81","4891.50",".00",".00",".00",".00",".00",".00",".00",".00","0","0"
6993,"2025-06-30","2025-04-01","FS540917",".00","322.80","2607.30","306.60","7774.60",".00",".00",".00",".00",".00",".00"," ","Simonsson, Stig","1","SEK","12.83","12.83","9789189857438","TorZ","9789189857438 - TorZ", Media 24 / Digibook S6993,"Leverantör","1250.88","2183.50",".00",".00","Audio Book : Extended distribution","23154.81","4891.50",".00",".00",".00",".00",".00",".00",".00",".00","0","0"
6993,"2025-06-30","2025-04-01","FS540917",".00","322.80","2607.30","306.60","7774.60",".00",".00",".00",".00",".00",".00"," ","Simonsson, Stig","1","SEK","36.00","36.00","9789190071007","Valrossen","9789190071007 - Valrossen", Media 24 / Digibook S6993,"Leverantör","1250.88","2183.50",".00",".00","Audio Book : Agregated","23154.81","4891.50",".00",".00",".00",".00",".00",".00",".00",".00","0","0"
6993,"2025-06-30","2025-04-01","FS540917",".00","322.80","2607.30","306.60","7774.60",".00",".00",".00",".00",".00",".00"," ","Simonsson, Stig","1","SEK","51.30","51.30","9789189835894","Viagonal","9789189835894 - Viagonal", Media 24 / Digibook S6993,"Leverantör","1250.88","2183.50",".00",".00","Ebook : Buy","23154.81","4891.50",".00",".00",".00",".00",".00",".00",".00",".00","0","0"
6993,"2025-06-30","2025-04-01","FS540917",".00","322.80","2607.30","306.60","7774.60",".00",".00",".00",".00",".00",".00"," ","Simonsson, Stig","1","SEK","51.30","51.30","9789189857971","Valrossen","9789189857971 - Valrossen", Media 24 / Digibook S6993,"Leverantör","1250.88","2183.50",".00",".00","Ebook : Buy","23154.81","4891.50",".00",".00",".00",".00",".00",".00",".00",".00","0","0"
6993,"2025-06-30","2025-04-01","FS540917",".00","322.80","2607.30","306.60","7774.60",".00",".00",".00",".00",".00",".00"," ","Slätt, Andreas","1","SEK","76.50","76.50","9789189835726","Honken Biografi "Stolparna var mina bästa vänner"","9789189835726 - Honken Biografi "Stolparna var mina bästa vänner"", Media 24 / Digibook S6993,"Leverantör","1250.88","2183.50",".00",".00","Ebook : Buy","23154.81","4891.50",".00",".00",".00",".00",".00",".00",".00",".00","0","0"
6993,"2025-06-30","2025-04-01","FS540917",".00","322.80","2607.30","306.60","7774.60",".00",".00",".00",".00",".00",".00"," ","Solkarina","1","SEK",".77",".77","9789189539938","Korta Reiki-meditationer med Solkarina","9789189539938 - Korta Reiki-meditationer med Solkarina", Media 24 / Digibook S6993,"Leverantör","1250.88","2183.50",".00",".00","Audio Book : Extended distribution","23154.81","4891.50",".00",".00",".00",".00",".00",".00",".00",".00","0","0"
6993,"2025-06-30","2025-04-01","FS540917",".00","322.80","2607.30","306.60","7774.60",".00",".00",".00",".00",".00",".00"," ","Solkarina","3","SEK","2.37",".79","9789189539938","Korta Reiki-meditationer med Solkarina","9789189539938 - Korta Reiki-meditationer med Solkarina", Media 24 / Digibook S6993,"Leverantör","1250.88","2183.50",".00",".00","Audio Book : Extended distribution","23154.81","4891.50",".00",".00",".00",".00",".00",".00",".00",".00","0","0"
6993,"2025-06-30","2025-04-01","FS540917",".00","322.80","2607.30","306.60","7774.60",".00",".00",".00",".00",".00",".00"," ","Solkarina","1","SEK",".80",".80","9789189539938","Korta Reiki-meditationer med Solkarina","9789189539938 - Korta Reiki-meditationer med Solkarina", Media 24 / Digibook S6993,"Leverantör","1250.88","2183.50",".00",".00","Audio Book : Extended distribution","23154.81","4891.50",".00",".00",".00",".00",".00",".00",".00",".00","0","0"
6993,"2025-06-30","2025-04-01","FS540917",".00","322.80","2607.30","306.60","7774.60",".00",".00",".00",".00",".00",".00"," ","Solkarina","4","SEK","6.52","1.63","9789189539921","Reiki - meditationer för andlig och personlig utveckling","9789189539921 - Reiki - meditationer för andlig och personlig utveckling", Media 24 / Digibook S6993,"Leverantör","1250.88","2183.50",".00",".00","Audio Book : Extended distribution","23154.81","4891.50",".00",".00",".00",".00",".00",".00",".00",".00","0","0"
6993,"2025-06-30","2025-04-01","FS540917",".00","322.80","2607.30","306.60","7774.60",".00",".00",".00",".00",".00",".00"," ","Solkarina","2","SEK","3.38","1.69","9789189539921","Reiki - meditationer för andlig och personlig utveckling","9789189539921 - Reiki - meditationer för andlig och personlig utveckling", Media 24 / Digibook S6993,"Leverantör","1250.88","2183.50",".00",".00","Audio Book : Extended distribution","23154.81","4891.50",".00",".00",".00",".00",".00",".00",".00",".00","0","0"
6993,"2025-06-30","2025-04-01","FS540917",".00","322.80","2607.30","306.60","7774.60",".00",".00",".00",".00",".00",".00"," ","Solkarina","7","SEK","12.00","1.71","9789189539921","Reiki - meditationer för andlig och personlig utveckling","9789189539921 - Reiki - meditationer för andlig och personlig utveckling", Media 24 / Digibook S6993,"Leverantör","1250.88","2183.50",".00",".00","Audio Book : Extended distribution","23154.81","4891.50",".00",".00",".00",".00",".00",".00",".00",".00","0","0"
6993,"2025-06-30","2025-04-01","FS540917",".00","322.80","2607.30","306.60","7774.60",".00",".00",".00",".00",".00",".00"," ","Solkarina","5","SEK","8.68","1.74","9789189539921","Reiki - meditationer för andlig och personlig utveckling","9789189539921 - Reiki - meditationer för andlig och personlig utveckling", Media 24 / Digibook S6993,"Leverantör","1250.88","2183.50",".00",".00","Audio Book : Extended distribution","23154.81","4891.50",".00",".00",".00",".00",".00",".00",".00",".00","0","0"
6993,"2025-06-30","2025-04-01","FS540917",".00","322.80","2607.30","306.60","7774.60",".00",".00",".00",".00",".00",".00"," ","Solkarina","3","SEK","5.88","1.96","9789189539914","Ljusmeditationer för högre kunskap","9789189539914 - Ljusmeditationer för högre kunskap", Media 24 / Digibook S6993,"Leverantör","1250.88","2183.50",".00",".00","Audio Book : Extended distribution","23154.81","4891.50",".00",".00",".00",".00",".00",".00",".00",".00","0","0"
6993,"2025-06-30","2025-04-01","FS540917",".00","322.80","2607.30","306.60","7774.60",".00",".00",".00",".00",".00",".00"," ","Solkarina","1","SEK","1.96","1.96","9789189539921","Reiki - meditationer för andlig och personlig utveckling","9789189539921 - Reiki - meditationer för andlig och personlig utveckling", Media 24 / Digibook S6993,"Leverantör","1250.88","2183.50",".00",".00","Audio Book : Extended distribution","23154.81","4891.50",".00",".00",".00",".00",".00",".00",".00",".00","0","0"
6993,"2025-06-30","2025-04-01","FS540917",".00","322.80","2607.30","306.60","7774.60",".00",".00",".00",".00",".00",".00"," ","Solkarina","1","SEK","2.00","2.00","9789189539938","Korta Reiki-meditationer med Solkarina","9789189539938 - Korta Reiki-meditationer med Solkarina", Media 24 / Digibook S6993,"Leverantör","1250.88","2183.50",".00",".00","Audio Book : Agregated","23154.81","4891.50",".00",".00",".00",".00",".00",".00",".00",".00","0","0"
6993,"2025-06-30","2025-04-01","FS540917",".00","322.80","2607.30","306.60","7774.60",".00",".00",".00",".00",".00",".00"," ","Solkarina","1","SEK","2.03","2.03","9789189539914","Ljusmeditationer för högre kunskap","9789189539914 - Ljusmeditationer för högre kunskap", Media 24 / Digibook S6993,"Leverantör","1250.88","2183.50",".00",".00","Audio Book : Extended distribution","23154.81","4891.50",".00",".00",".00",".00",".00",".00",".00",".00","0","0"
6993,"2025-06-30","2025-04-01","FS540917",".00","322.80","2607.30","306.60","7774.60",".00",".00",".00",".00",".00",".00"," ","Solkarina","3","SEK","6.17","2.06","9789189539914","Ljusmeditationer för högre kunskap","9789189539914 - Ljusmeditationer för högre kunskap", Media 24 / Digibook S6993,"Leverantör","1250.88","2183.50",".00",".00","Audio Book : Extended distribution","23154.81","4891.50",".00",".00",".00",".00",".00",".00",".00",".00","0","0"
6993,"2025-06-30","2025-04-01","FS540917",".00","322.80","2607.30","306.60","7774.60",".00",".00",".00",".00",".00",".00"," ","Solkarina","7","SEK","14.60","2.09","9789189539914","Ljusmeditationer för högre kunskap","9789189539914 - Ljusmeditationer för högre kunskap", Media 24 / Digibook S6993,"Leverantör","1250.88","2183.50",".00",".00","Audio Book : Extended distribution","23154.81","4891.50",".00",".00",".00",".00",".00",".00",".00",".00","0","0"
6993,"2025-06-30","2025-04-01","FS540917",".00","322.80","2607.30","306.60","7774.60",".00",".00",".00",".00",".00",".00"," ","Solkarina","1","SEK","2.35","2.35","9789189539914","Ljusmeditationer för högre kunskap","9789189539914 - Ljusmeditationer för högre kunskap", Media 24 / Digibook S6993,"Leverantör","1250.88","2183.50",".00",".00","Audio Book : Extended distribution","23154.81","4891.50",".00",".00",".00",".00",".00",".00",".00",".00","0","0"
6993,"2025-06-30","2025-04-01","FS540917",".00","322.80","2607.30","306.60","7774.60",".00",".00",".00",".00",".00",".00"," ","Solkarina","1","SEK","4.00","4.00","9789189539921","Reiki - meditationer för andlig och personlig utveckling","9789189539921 - Reiki - meditationer för andlig och personlig utveckling", Media 24 / Digibook S6993,"Leverantör","1250.88","2183.50",".00",".00","Audio Book : Agregated","23154.81","4891.50",".00",".00",".00",".00",".00",".00",".00",".00","0","0"
6993,"2025-06-30","2025-04-01","FS540917",".00","322.80","2607.30","306.60","7774.60",".00",".00",".00",".00",".00",".00"," ","Solkarina","3","SEK","15.63","5.21","9789189539662","Lär dig läsa i Akasha-biblioteket","9789189539662 - Lär dig läsa i Akasha-biblioteket", Media 24 / Digibook S6993,"Leverantör","1250.88","2183.50",".00",".00","Ebook : Extended distribution","23154.81","4891.50",".00",".00",".00",".00",".00",".00",".00",".00","0","0"
6993,"2025-06-30","2025-04-01","FS540917",".00","322.80","2607.30","306.60","7774.60",".00",".00",".00",".00",".00",".00"," ","Solkarina","1","SEK","5.56","5.56","9789189739093","En dold verklighet, demoners närvaro och agenda","9789189739093 - En dold verklighet, demoners närvaro och agenda", Media 24 / Digibook S6993,"Leverantör","1250.88","2183.50",".00",".00","Ebook : Extended distribution","23154.81","4891.50",".00",".00",".00",".00",".00",".00",".00",".00","0","0"
6993,"2025-06-30","2025-04-01","FS540917",".00","322.80","2607.30","306.60","7774.60",".00",".00",".00",".00",".00",".00"," ","Solkarina","2","SEK","11.46","5.73","9789189539662","Lär dig läsa i Akasha-biblioteket","9789189539662 - Lär dig läsa i Akasha-biblioteket", Media 24 / Digibook S6993,"Leverantör","1250.88","2183.50",".00",".00","Ebook : Extended distribution","23154.81","4891.50",".00",".00",".00",".00",".00",".00",".00",".00","0","0"
6993,"2025-06-30","2025-04-01","FS540917",".00","322.80","2607.30","306.60","7774.60",".00",".00",".00",".00",".00",".00"," ","Solkarina","3","SEK","17.41","5.80","9789189539662","Lär dig läsa i Akasha-biblioteket","9789189539662 - Lär dig läsa i Akasha-biblioteket", Media 24 / Digibook S6993,"Leverantör","1250.88","2183.50",".00",".00","Ebook : Extended distribution","23154.81","4891.50",".00",".00",".00",".00",".00",".00",".00",".00","0","0"
6993,"2025-06-30","2025-04-01","FS540917",".00","322.80","2607.30","306.60","7774.60",".00",".00",".00",".00",".00",".00"," ","Solkarina","1","SEK","5.99","5.99","9789189539907","Allt om änglar","9789189539907 - Allt om änglar", Media 24 / Digibook S6993,"Leverantör","1250.88","2183.50",".00",".00","Audio Book : Extended distribution","23154.81","4891.50",".00",".00",".00",".00",".00",".00",".00",".00","0","0"
6993,"2025-06-30","2025-04-01","FS540917",".00","322.80","2607.30","306.60","7774.60",".00",".00",".00",".00",".00",".00"," ","Solkarina","4","SEK","23.98","6.00","9789189539907","Allt om änglar","9789189539907 - Allt om änglar", Media 24 / Digibook S6993,"Leverantör","1250.88","2183.50",".00",".00","Audio Book : Extended distribution","23154.81","4891.50",".00",".00",".00",".00",".00",".00",".00",".00","0","0"
6993,"2025-06-30","2025-04-01","FS540917",".00","322.80","2607.30","306.60","7774.60",".00",".00",".00",".00",".00",".00"," ","Solkarina","1","SEK","6.00","6.00","9789189539914","Ljusmeditationer för högre kunskap","9789189539914 - Ljusmeditationer för högre kunskap", Media 24 / Digibook S6993,"Leverantör","1250.88","2183.50",".00",".00","Audio Book : Agregated","23154.81","4891.50",".00",".00",".00",".00",".00",".00",".00",".00","0","0"
6993,"2025-06-30","2025-04-01","FS540917",".00","322.80","2607.30","306.60","7774.60",".00",".00",".00",".00",".00",".00"," ","Solkarina","1","SEK","6.17","6.17","9789189739093","En dold verklighet, demoners närvaro och agenda","9789189739093 - En dold verklighet, demoners närvaro och agenda", Media 24 / Digibook S6993,"Leverantör","1250.88","2183.50",".00",".00","Ebook : Extended distribution","23154.81","4891.50",".00",".00",".00",".00",".00",".00",".00",".00","0","0"
6993,"2025-06-30","2025-04-01","FS540917",".00","322.80","2607.30","306.60","7774.60",".00",".00",".00",".00",".00",".00"," ","Solkarina","1","SEK","6.21","6.21","9789189539662","Lär dig läsa i Akasha-biblioteket","9789189539662 - Lär dig läsa i Akasha-biblioteket", Media 24 / Digibook S6993,"Leverantör","1250.88","2183.50",".00",".00","Ebook : Extended distribution","23154.81","4891.50",".00",".00",".00",".00",".00",".00",".00",".00","0","0"
6993,"2025-06-30","2025-04-01","FS540917",".00","322.80","2607.30","306.60","7774.60",".00",".00",".00",".00",".00",".00"," ","Solkarina","11","SEK","68.29","6.21","9789189539907","Allt om änglar","9789189539907 - Allt om änglar", Media 24 / Digibook S6993,"Leverantör","1250.88","2183.50",".00",".00","Audio Book : Extended distribution","23154.81","4891.50",".00",".00",".00",".00",".00",".00",".00",".00","0","0"
6993,"2025-06-30","2025-04-01","FS540917",".00","322.80","2607.30","306.60","7774.60",".00",".00",".00",".00",".00",".00"," ","Solkarina","1","SEK","6.25","6.25","9789189739093","En dold verklighet, demoners närvaro och agenda","9789189739093 - En dold verklighet, demoners närvaro och agenda", Media 24 / Digibook S6993,"Leverantör","1250.88","2183.50",".00",".00","Ebook : Extended distribution","23154.81","4891.50",".00",".00",".00",".00",".00",".00",".00",".00","0","0"
6993,"2025-06-30","2025-04-01","FS540917",".00","322.80","2607.30","306.60","7774.60",".00",".00",".00",".00",".00",".00"," ","Solkarina","8","SEK","50.37","6.30","9789189539907","Allt om änglar","9789189539907 - Allt om änglar", Media 24 / Digibook S6993,"Leverantör","1250.88","2183.50",".00",".00","Audio Book : Extended distribution","23154.81","4891.50",".00",".00",".00",".00",".00",".00",".00",".00","0","0"
6993,"2025-06-30","2025-04-01","FS540917",".00","322.80","2607.30","306.60","7774.60",".00",".00",".00",".00",".00",".00"," ","Solkarina","6","SEK","38.27","6.38","9789189539907","Allt om änglar","9789189539907 - Allt om änglar", Media 24 / Digibook S6993,"Leverantör","1250.88","2183.50",".00",".00","Audio Book : Extended distribution","23154.81","4891.50",".00",".00",".00",".00",".00",".00",".00",".00","0","0"
6993,"2025-06-30","2025-04-01","FS540917",".00","322.80","2607.30","306.60","7774.60",".00",".00",".00",".00",".00",".00"," ","Solkarina","2","SEK","14.38","7.19","9789189539907","Allt om änglar","9789189539907 - Allt om änglar", Media 24 / Digibook S6993,"Leverantör","1250.88","2183.50",".00",".00","Audio Book : Extended distribution","23154.81","4891.50",".00",".00",".00",".00",".00",".00",".00",".00","0","0"
6993,"2025-06-30","2025-04-01","FS540917",".00","322.80","2607.30","306.60","7774.60",".00",".00",".00",".00",".00",".00"," ","Solkarina","1","SEK","7.26","7.26","9789189739413","26 Reikilärare delar sin erfarenhet med Reiki","9789189739413 - 26 Reikilärare delar sin erfarenhet med Reiki", Media 24 / Digibook S6993,"Leverantör","1250.88","2183.50",".00",".00","Ebook : Extended distribution","23154.81","4891.50",".00",".00",".00",".00",".00",".00",".00",".00","0","0"
6993,"2025-06-30","2025-04-01","FS540917",".00","322.80","2607.30","306.60","7774.60",".00",".00",".00",".00",".00",".00"," ","Solkarina","1","SEK","7.35","7.35","9789189739413","26 Reikilärare delar sin erfarenhet med Reiki","9789189739413 - 26 Reikilärare delar sin erfarenhet med Reiki", Media 24 / Digibook S6993,"Leverantör","1250.88","2183.50",".00",".00","Ebook : Extended distribution","23154.81","4891.50",".00",".00",".00",".00",".00",".00",".00",".00","0","0"
6993,"2025-06-30","2025-04-01","FS540917",".00","322.80","2607.30","306.60","7774.60",".00",".00",".00",".00",".00",".00"," ","Solkarina","1","SEK","9.00","9.00","9789189539914","Ljusmeditationer för högre kunskap","9789189539914 - Ljusmeditationer för högre kunskap", Media 24 / Digibook S6993,"Leverantör","1250.88","2183.50",".00",".00","Audio Book : Extended distribution","23154.81","4891.50",".00",".00",".00",".00",".00",".00",".00",".00","0","0"
6993,"2025-06-30","2025-04-01","FS540917",".00","322.80","2607.30","306.60","7774.60",".00",".00",".00",".00",".00",".00"," ","Solkarina","1","SEK","9.07","9.07","9789189539907","Allt om änglar","9789189539907 - Allt om änglar", Media 24 / Digibook S6993,"Leverantör","1250.88","2183.50",".00",".00","Audio Book : Extended distribution","23154.81","4891.50",".00",".00",".00",".00",".00",".00",".00",".00","0","0"
6993,"2025-06-30","2025-04-01","FS540917",".00","322.80","2607.30","306.60","7774.60",".00",".00",".00",".00",".00",".00"," ","Solkarina","1","SEK","12.08","12.08","9789189739086","Psykometri och energiavläsningar, medial utveckling steg 1","9789189739086 - Psykometri och energiavläsningar, medial utveckling steg 1", Media 24 / Digibook S6993,"Leverantör","1250.88","2183.50",".00",".00","Ebook : Extended distribution","23154.81","4891.50",".00",".00",".00",".00",".00",".00",".00",".00","0","0"
6993,"2025-06-30","2025-04-01","FS540917",".00","322.80","2607.30","306.60","7774.60",".00",".00",".00",".00",".00",".00"," ","Solkarina","1","SEK","12.19","12.19","9789189539846","Reiki naturligt helande och mjuk beröring","9789189539846 - Reiki naturligt helande och mjuk beröring", Media 24 / Digibook S6993,"Leverantör","1250.88","2183.50",".00",".00","Ebook : Extended distribution","23154.81","4891.50",".00",".00",".00",".00",".00",".00",".00",".00","0","0"
6993,"2025-06-30","2025-04-01","FS540917",".00","322.80","2607.30","306.60","7774.60",".00",".00",".00",".00",".00",".00"," ","Solkarina","2","SEK","24.81","12.41","9789189739086","Psykometri och energiavläsningar, medial utveckling steg 1","9789189739086 - Psykometri och energiavläsningar, medial utveckling steg 1", Media 24 / Digibook S6993,"Leverantör","1250.88","2183.50",".00",".00","Ebook : Extended distribution","23154.81","4891.50",".00",".00",".00",".00",".00",".00",".00",".00","0","0"
6993,"2025-06-30","2025-04-01","FS540917",".00","322.80","2607.30","306.60","7774.60",".00",".00",".00",".00",".00",".00"," ","Solkarina","1","SEK","12.80","12.80","9789189539662","Lär dig läsa i Akasha-biblioteket","9789189539662 - Lär dig läsa i Akasha-biblioteket", Media 24 / Digibook S6993,"Leverantör","1250.88","2183.50",".00",".00","Ebook : Access Loan","23154.81","4891.50",".00",".00",".00",".00",".00",".00",".00",".00","0","0"
6993,"2025-06-30","2025-04-01","FS540917",".00","322.80","2607.30","306.60","7774.60",".00",".00",".00",".00",".00",".00"," ","Solkarina","2","SEK","26.70","13.35","9789189539846","Reiki naturligt helande och mjuk beröring","9789189539846 - Reiki naturligt helande och mjuk beröring", Media 24 / Digibook S6993,"Leverantör","1250.88","2183.50",".00",".00","Ebook : Extended distribution","23154.81","4891.50",".00",".00",".00",".00",".00",".00",".00",".00","0","0"
6993,"2025-06-30","2025-04-01","FS540917",".00","322.80","2607.30","306.60","7774.60",".00",".00",".00",".00",".00",".00"," ","Solkarina","1","SEK","13.54","13.54","9789189539846","Reiki naturligt helande och mjuk beröring","9789189539846 - Reiki naturligt helande och mjuk beröring", Media 24 / Digibook S6993,"Leverantör","1250.88","2183.50",".00",".00","Ebook : Extended distribution","23154.81","4891.50",".00",".00",".00",".00",".00",".00",".00",".00","0","0"
6993,"2025-06-30","2025-04-01","FS540917",".00","322.80","2607.30","306.60","7774.60",".00",".00",".00",".00",".00",".00"," ","Solkarina","1","SEK","13.72","13.72","9789189539846","Reiki naturligt helande och mjuk beröring","9789189539846 - Reiki naturligt helande och mjuk beröring", Media 24 / Digibook S6993,"Leverantör","1250.88","2183.50",".00",".00","Ebook : Extended distribution","23154.81","4891.50",".00",".00",".00",".00",".00",".00",".00",".00","0","0"
6993,"2025-06-30","2025-04-01","FS540917",".00","322.80","2607.30","306.60","7774.60",".00",".00",".00",".00",".00",".00"," ","Solkarina","1","SEK","18.00","18.00","9789189539662","Lär dig läsa i Akasha-biblioteket","9789189539662 - Lär dig läsa i Akasha-biblioteket", Media 24 / Digibook S6993,"Leverantör","1250.88","2183.50",".00",".00","Ebook : Extended distribution","23154.81","4891.50",".00",".00",".00",".00",".00",".00",".00",".00","0","0"
6993,"2025-06-30","2025-04-01","FS540917",".00","322.80","2607.30","306.60","7774.60",".00",".00",".00",".00",".00",".00"," ","Solkarina","2","SEK","36.00","18.00","9789189539907","Allt om änglar","9789189539907 - Allt om änglar", Media 24 / Digibook S6993,"Leverantör","1250.88","2183.50",".00",".00","Audio Book : Agregated","23154.81","4891.50",".00",".00",".00",".00",".00",".00",".00",".00","0","0"
6993,"2025-06-30","2025-04-01","FS540917",".00","322.80","2607.30","306.60","7774.60",".00",".00",".00",".00",".00",".00"," ","Solkarina","2","SEK","36.00","18.00","9789189539907","Allt om änglar","9789189539907 - Allt om änglar", Media 24 / Digibook S6993,"Leverantör","1250.88","2183.50",".00",".00","Audio Book : Extended distribution","23154.81","4891.50",".00",".00",".00",".00",".00",".00",".00",".00","0","0"
6993,"2025-06-30","2025-04-01","FS540917",".00","322.80","2607.30","306.60","7774.60",".00",".00",".00",".00",".00",".00"," ","Solkarina","1","SEK","27.00","27.00","9789189539846","Reiki naturligt helande och mjuk beröring","9789189539846 - Reiki naturligt helande och mjuk beröring", Media 24 / Digibook S6993,"Leverantör","1250.88","2183.50",".00",".00","Ebook : Extended distribution","23154.81","4891.50",".00",".00",".00",".00",".00",".00",".00",".00","0","0"
6993,"2025-06-30","2025-04-01","FS540917",".00","322.80","2607.30","306.60","7774.60",".00",".00",".00",".00",".00",".00"," ","Solkarina","1","SEK","27.00","27.00","9789189739086","Psykometri och energiavläsningar, medial utveckling steg 1","9789189739086 - Psykometri och energiavläsningar, medial utveckling steg 1", Media 24 / Digibook S6993,"Leverantör","1250.88","2183.50",".00",".00","Ebook : Extended distribution","23154.81","4891.50",".00",".00",".00",".00",".00",".00",".00",".00","0","0"
6993,"2025-06-30","2025-04-01","FS540917",".00","322.80","2607.30","306.60","7774.60",".00",".00",".00",".00",".00",".00"," ","Solkarina","1","SEK","47.70","47.70","9789189739093","En dold verklighet, demoners närvaro och agenda","9789189739093 - En dold verklighet, demoners närvaro och agenda", Media 24 / Digibook S6993,"Leverantör","1250.88","2183.50",".00",".00","Ebook : Agregated","23154.81","4891.50",".00",".00",".00",".00",".00",".00",".00",".00","0","0"
6993,"2025-06-30","2025-04-01","FS540917",".00","322.80","2607.30","306.60","7774.60",".00",".00",".00",".00",".00",".00"," ","Solkarina","1","SEK","119.70","119.70","9789189539662","Lär dig läsa i Akasha-biblioteket","9789189539662 - Lär dig läsa i Akasha-biblioteket", Media 24 / Digibook S6993,"Leverantör","1250.88","2183.50",".00",".00","Ebook : Buy","23154.81","4891.50",".00",".00",".00",".00",".00",".00",".00",".00","0","0"
6993,"2025-06-30","2025-04-01","FS540917",".00","322.80","2607.30","306.60","7774.60",".00",".00",".00",".00",".00",".00"," ","Solkarina","1","SEK","119.70","119.70","9789189539846","Reiki naturligt helande och mjuk beröring","9789189539846 - Reiki naturligt helande och mjuk beröring", Media 24 / Digibook S6993,"Leverantör","1250.88","2183.50",".00",".00","Ebook : Buy","23154.81","4891.50",".00",".00",".00",".00",".00",".00",".00",".00","0","0"
6993,"2025-06-30","2025-04-01","FS540917",".00","322.80","2607.30","306.60","7774.60",".00",".00",".00",".00",".00",".00"," ","Solkarina","1","SEK","125.10","125.10","9789189739420","Hybrider och utomjordisk kontakt","9789189739420 - Hybrider och utomjordisk kontakt", Media 24 / Digibook S6993,"Leverantör","1250.88","2183.50",".00",".00","Ebook : Buy","23154.81","4891.50",".00",".00",".00",".00",".00",".00",".00",".00","0","0"
6993,"2025-06-30","2025-04-01","FS540917",".00","322.80","2607.30","306.60","7774.60",".00",".00",".00",".00",".00",".00"," ","Sourander, Julia","3","SEK","6.89","2.30","9789190071175","Försenade brev - Sanningen om min narcissistiska syster","9789190071175 - Försenade brev - Sanningen om min narcissistiska syster", Media 24 / Digibook S6993,"Leverantör","1250.88","2183.50",".00",".00","Ebook : Extended distribution","23154.81","4891.50",".00",".00",".00",".00",".00",".00",".00",".00","0","0"
6993,"2025-06-30","2025-04-01","FS540917",".00","322.80","2607.30","306.60","7774.60",".00",".00",".00",".00",".00",".00"," ","Sourander, Julia","1","SEK","3.16","3.16","9789190071175","Försenade brev - Sanningen om min narcissistiska syster","9789190071175 - Försenade brev - Sanningen om min narcissistiska syster", Media 24 / Digibook S6993,"Leverantör","1250.88","2183.50",".00",".00","Ebook : Extended distribution","23154.81","4891.50",".00",".00",".00",".00",".00",".00",".00",".00","0","0"
6993,"2025-06-30","2025-04-01","FS540917",".00","322.80","2607.30","306.60","7774.60",".00",".00",".00",".00",".00",".00"," ","Sourander, Julia","8","SEK","244.80","30.60","9789190071175","Försenade brev - Sanningen om min narcissistiska syster","9789190071175 - Försenade brev - Sanningen om min narcissistiska syster", Media 24 / Digibook S6993,"Leverantör","1250.88","2183.50",".00",".00","Ebook : Buy","23154.81","4891.50",".00",".00",".00",".00",".00",".00",".00",".00","0","0"
6993,"2025-06-30","2025-04-01","FS540917",".00","322.80","2607.30","306.60","7774.60",".00",".00",".00",".00",".00",".00"," ","Stefors, Jan","1","SEK","21.30","21.30","9789189857803","Ledarskap med Hjärta och Mod","9789189857803 - Ledarskap med Hjärta och Mod", Media 24 / Digibook S6993,"Leverantör","1250.88","2183.50",".00",".00","Ebook : Extended distribution","23154.81","4891.50",".00",".00",".00",".00",".00",".00",".00",".00","0","0"
6993,"2025-06-30","2025-04-01","FS540917",".00","322.80","2607.30","306.60","7774.60",".00",".00",".00",".00",".00",".00"," ","Stefors, Jan","2","SEK","43.21","21.61","9789189857803","Ledarskap med Hjärta och Mod","9789189857803 - Ledarskap med Hjärta och Mod", Media 24 / Digibook S6993,"Leverantör","1250.88","2183.50",".00",".00","Ebook : Extended distribution","23154.81","4891.50",".00",".00",".00",".00",".00",".00",".00",".00","0","0"
6993,"2025-06-30","2025-04-01","FS540917",".00","322.80","2607.30","306.60","7774.60",".00",".00",".00",".00",".00",".00"," ","Stefors, Jan","2","SEK","45.67","22.84","9789189857803","Ledarskap med Hjärta och Mod","9789189857803 - Ledarskap med Hjärta och Mod", Media 24 / Digibook S6993,"Leverantör","1250.88","2183.50",".00",".00","Ebook : Extended distribution","23154.81","4891.50",".00",".00",".00",".00",".00",".00",".00",".00","0","0"
6993,"2025-06-30","2025-04-01","FS540917",".00","322.80","2607.30","306.60","7774.60",".00",".00",".00",".00",".00",".00"," ","Stefors, Jan","2","SEK","59.08","29.54","9789189857803","Ledarskap med Hjärta och Mod","9789189857803 - Ledarskap med Hjärta och Mod", Media 24 / Digibook S6993,"Leverantör","1250.88","2183.50",".00",".00","Ebook : Extended distribution","23154.81","4891.50",".00",".00",".00",".00",".00",".00",".00",".00","0","0"
6993,"2025-06-30","2025-04-01","FS540917",".00","322.80","2607.30","306.60","7774.60",".00",".00",".00",".00",".00",".00"," ","Stefors, Jan","3","SEK","189.00","63.00","9789189857803","Ledarskap med Hjärta och Mod","9789189857803 - Ledarskap med Hjärta och Mod", Media 24 / Digibook S6993,"Leverantör","1250.88","2183.50",".00",".00","Ebook : Agregated","23154.81","4891.50",".00",".00",".00",".00",".00",".00",".00",".00","0","0"
6993,"2025-06-30","2025-04-01","FS540917",".00","322.80","2607.30","306.60","7774.60",".00",".00",".00",".00",".00",".00"," ","Stefors, Jan","46","SEK","3519.00","76.50","9789189857803","Ledarskap med Hjärta och Mod","9789189857803 - Ledarskap med Hjärta och Mod", Media 24 / Digibook S6993,"Leverantör","1250.88","2183.50",".00",".00","Ebook : Buy","23154.81","4891.50",".00",".00",".00",".00",".00",".00",".00",".00","0","0"
6993,"2025-06-30","2025-04-01","FS540917",".00","322.80","2607.30","306.60","7774.60",".00",".00",".00",".00",".00",".00"," ","Stefors, Jan","1","SEK","76.50","76.50","9789189857803","Ledarskap med Hjärta och Mod","9789189857803 - Ledarskap med Hjärta och Mod", Media 24 / Digibook S6993,"Leverantör","1250.88","2183.50",".00",".00","Ebook : Extended distribution","23154.81","4891.50",".00",".00",".00",".00",".00",".00",".00",".00","0","0"
6993,"2025-06-30","2025-04-01","FS540917",".00","322.80","2607.30","306.60","7774.60",".00",".00",".00",".00",".00",".00"," ","Stefors, Jan","2","SEK","153.32","76.66","9789189857803","Ledarskap med Hjärta och Mod","9789189857803 - Ledarskap med Hjärta och Mod", Media 24 / Digibook S6993,"Leverantör","1250.88","2183.50",".00",".00","Ebook : Extended distribution","23154.81","4891.50",".00",".00",".00",".00",".00",".00",".00",".00","0","0"
6993,"2025-06-30","2025-04-01","FS540917",".00","322.80","2607.30","306.60","7774.60",".00",".00",".00",".00",".00",".00"," ","Strandberg, Nina","1","SEK","4.39","4.39","9789189835962","Ninas receptsamling","9789189835962 - Ninas receptsamling", Media 24 / Digibook S6993,"Leverantör","1250.88","2183.50",".00",".00","Ebook : Extended distribution","23154.81","4891.50",".00",".00",".00",".00",".00",".00",".00",".00","0","0"
6993,"2025-06-30","2025-04-01","FS540917",".00","322.80","2607.30","306.60","7774.60",".00",".00",".00",".00",".00",".00"," ","Strandberg, Nina","1","SEK","4.48","4.48","9789189835962","Ninas receptsamling","9789189835962 - Ninas receptsamling", Media 24 / Digibook S6993,"Leverantör","1250.88","2183.50",".00",".00","Ebook : Extended distribution","23154.81","4891.50",".00",".00",".00",".00",".00",".00",".00",".00","0","0"
6993,"2025-06-30","2025-04-01","FS540917",".00","322.80","2607.30","306.60","7774.60",".00",".00",".00",".00",".00",".00"," ","Ström, Gun-Christine","2","SEK","3.20","1.60","9789189739642","Rapport från Paradiset","9789189739642 - Rapport från Paradiset", Media 24 / Digibook S6993,"Leverantör","1250.88","2183.50",".00",".00","Ebook : Extended distribution","23154.81","4891.50",".00",".00",".00",".00",".00",".00",".00",".00","0","0"
6993,"2025-06-30","2025-04-01","FS540917",".00","322.80","2607.30","306.60","7774.60",".00",".00",".00",".00",".00",".00"," ","Ström, Gunki","2","SEK","3.69","1.85","9789189857544","Rapport från Paradiset 3","9789189857544 - Rapport från Paradiset 3", Media 24 / Digibook S6993,"Leverantör","1250.88","2183.50",".00",".00","Ebook : Extended distribution","23154.81","4891.50",".00",".00",".00",".00",".00",".00",".00",".00","0","0"
6993,"2025-06-30","2025-04-01","FS540917",".00","322.80","2607.30","306.60","7774.60",".00",".00",".00",".00",".00",".00"," ","Ström, Gunki","1","SEK","1.86","1.86","9789189857544","Rapport från Paradiset 3","9789189857544 - Rapport från Paradiset 3", Media 24 / Digibook S6993,"Leverantör","1250.88","2183.50",".00",".00","Ebook : Extended distribution","23154.81","4891.50",".00",".00",".00",".00",".00",".00",".00",".00","0","0"
6993,"2025-06-30","2025-04-01","FS540917",".00","322.80","2607.30","306.60","7774.60",".00",".00",".00",".00",".00",".00"," ","Ström, Gunki","1","SEK","11.70","11.70","9789189857544","Rapport från Paradiset 3","9789189857544 - Rapport från Paradiset 3", Media 24 / Digibook S6993,"Leverantör","1250.88","2183.50",".00",".00","Ebook : Extended distribution","23154.81","4891.50",".00",".00",".00",".00",".00",".00",".00",".00","0","0"
6993,"2025-06-30","2025-04-01","FS540917",".00","322.80","2607.30","306.60","7774.60",".00",".00",".00",".00",".00",".00"," ","Sundlöf, Tina","1","SEK","2.15","2.15","9789189835887","Fastighetsrevolutionen","9789189835887 - Fastighetsrevolutionen", Media 24 / Digibook S6993,"Leverantör","1250.88","2183.50",".00",".00","Ebook : Extended distribution","23154.81","4891.50",".00",".00",".00",".00",".00",".00",".00",".00","0","0"
6993,"2025-06-30","2025-04-01","FS540917",".00","322.80","2607.30","306.60","7774.60",".00",".00",".00",".00",".00",".00"," ","Svensson, Bo Göran","1","SEK","21.31","21.31","9789190071045","Marängbottnar","9789190071045 - Marängbottnar", Media 24 / Digibook S6993,"Leverantör","1250.88","2183.50",".00",".00","Audio Book : Extended distribution","23154.81","4891.50",".00",".00",".00",".00",".00",".00",".00",".00","0","0"
6993,"2025-06-30","2025-04-01","FS540917",".00","322.80","2607.30","306.60","7774.60",".00",".00",".00",".00",".00",".00"," ","Svensson, Bo Göran","7","SEK","151.32","21.62","9789190071045","Marängbottnar","9789190071045 - Marängbottnar", Media 24 / Digibook S6993,"Leverantör","1250.88","2183.50",".00",".00","Audio Book : Extended distribution","23154.81","4891.50",".00",".00",".00",".00",".00",".00",".00",".00","0","0"
6993,"2025-06-30","2025-04-01","FS540917",".00","322.80","2607.30","306.60","7774.60",".00",".00",".00",".00",".00",".00"," ","Svensson, Bo Göran","1","SEK","36.00","36.00","9789190071045","Marängbottnar","9789190071045 - Marängbottnar", Media 24 / Digibook S6993,"Leverantör","1250.88","2183.50",".00",".00","Audio Book : Agregated","23154.81","4891.50",".00",".00",".00",".00",".00",".00",".00",".00","0","0"
6993,"2025-06-30","2025-04-01","FS540917",".00","322.80","2607.30","306.60","7774.60",".00",".00",".00",".00",".00",".00"," ","TellUs","1","SEK",".51",".51","9789189835511","Kalenderkvinnorna Januari","9789189835511 - Kalenderkvinnorna Januari", Media 24 / Digibook S6993,"Leverantör","1250.88","2183.50",".00",".00","Ebook : Extended distribution","23154.81","4891.50",".00",".00",".00",".00",".00",".00",".00",".00","0","0"
6993,"2025-06-30","2025-04-01","FS540917",".00","322.80","2607.30","306.60","7774.60",".00",".00",".00",".00",".00",".00"," ","TellUs","4","SEK","2.27",".57","9789189835528","Kalenderkvinnorna Januari","9789189835528 - Kalenderkvinnorna Januari", Media 24 / Digibook S6993,"Leverantör","1250.88","2183.50",".00",".00","Audio Book : Extended distribution","23154.81","4891.50",".00",".00",".00",".00",".00",".00",".00",".00","0","0"
6993,"2025-06-30","2025-04-01","FS540917",".00","322.80","2607.30","306.60","7774.60",".00",".00",".00",".00",".00",".00"," ","TellUs","1","SEK",".58",".58","9789189835511","Kalenderkvinnorna Januari","9789189835511 - Kalenderkvinnorna Januari", Media 24 / Digibook S6993,"Leverantör","1250.88","2183.50",".00",".00","Ebook : Extended distribution","23154.81","4891.50",".00",".00",".00",".00",".00",".00",".00",".00","0","0"
6993,"2025-06-30","2025-04-01","FS540917",".00","322.80","2607.30","306.60","7774.60",".00",".00",".00",".00",".00",".00"," ","TellUs","6","SEK","3.60",".60","9789189835528","Kalenderkvinnorna Januari","9789189835528 - Kalenderkvinnorna Januari", Media 24 / Digibook S6993,"Leverantör","1250.88","2183.50",".00",".00","Audio Book : Extended distribution","23154.81","4891.50",".00",".00",".00",".00",".00",".00",".00",".00","0","0"
6993,"2025-06-30","2025-04-01","FS540917",".00","322.80","2607.30","306.60","7774.60",".00",".00",".00",".00",".00",".00"," ","TellUs","9","SEK","6.15",".68","9789189835641","Kalenderkvinnorna Februari","9789189835641 - Kalenderkvinnorna Februari", Media 24 / Digibook S6993,"Leverantör","1250.88","2183.50",".00",".00","Audio Book : Extended distribution","23154.81","4891.50",".00",".00",".00",".00",".00",".00",".00",".00","0","0"
6993,"2025-06-30","2025-04-01","FS540917",".00","322.80","2607.30","306.60","7774.60",".00",".00",".00",".00",".00",".00"," ","TellUs","2","SEK","1.37",".69","9789189835641","Kalenderkvinnorna Februari","9789189835641 - Kalenderkvinnorna Februari", Media 24 / Digibook S6993,"Leverantör","1250.88","2183.50",".00",".00","Audio Book : Extended distribution","23154.81","4891.50",".00",".00",".00",".00",".00",".00",".00",".00","0","0"
6993,"2025-06-30","2025-04-01","FS540917",".00","322.80","2607.30","306.60","7774.60",".00",".00",".00",".00",".00",".00"," ","TellUs","1","SEK",".71",".71","9789189835641","Kalenderkvinnorna Februari","9789189835641 - Kalenderkvinnorna Februari", Media 24 / Digibook S6993,"Leverantör","1250.88","2183.50",".00",".00","Audio Book : Extended distribution","23154.81","4891.50",".00",".00",".00",".00",".00",".00",".00",".00","0","0"
6993,"2025-06-30","2025-04-01","FS540917",".00","322.80","2607.30","306.60","7774.60",".00",".00",".00",".00",".00",".00"," ","TellUs","2","SEK","1.44",".72","9789189835641","Kalenderkvinnorna Februari","9789189835641 - Kalenderkvinnorna Februari", Media 24 / Digibook S6993,"Leverantör","1250.88","2183.50",".00",".00","Audio Book : Extended distribution","23154.81","4891.50",".00",".00",".00",".00",".00",".00",".00",".00","0","0"
6993,"2025-06-30","2025-04-01","FS540917",".00","322.80","2607.30","306.60","7774.60",".00",".00",".00",".00",".00",".00"," ","TellUs","1","SEK","2.00","2.00","9789189835641","Kalenderkvinnorna Februari","9789189835641 - Kalenderkvinnorna Februari", Media 24 / Digibook S6993,"Leverantör","1250.88","2183.50",".00",".00","Audio Book : Agregated","23154.81","4891.50",".00",".00",".00",".00",".00",".00",".00",".00","0","0"
6993,"2025-06-30","2025-04-01","FS540917",".00","322.80","2607.30","306.60","7774.60",".00",".00",".00",".00",".00",".00"," ","TellUs","1","SEK","4.00","4.00","9789189835511","Kalenderkvinnorna Januari","9789189835511 - Kalenderkvinnorna Januari", Media 24 / Digibook S6993,"Leverantör","1250.88","2183.50",".00",".00","Ebook : Access Loan","23154.81","4891.50",".00",".00",".00",".00",".00",".00",".00",".00","0","0"
6993,"2025-06-30","2025-04-01","FS540917",".00","322.80","2607.30","306.60","7774.60",".00",".00",".00",".00",".00",".00"," ","Thormann, Monika","1","SEK",".99",".99","9789189857988","Utan svar","9789189857988 - Utan svar", Media 24 / Digibook S6993,"Leverantör","1250.88","2183.50",".00",".00","Ebook : Extended distribution","23154.81","4891.50",".00",".00",".00",".00",".00",".00",".00",".00","0","0"
6993,"2025-06-30","2025-04-01","FS540917",".00","322.80","2607.30","306.60","7774.60",".00",".00",".00",".00",".00",".00"," ","Tode Palm, Lolo","1","SEK","14.15","14.15","9789189857759","I kärlek och Sorg","9789189857759 - I kärlek och Sorg", Media 24 / Digibook S6993,"Leverantör","1250.88","2183.50",".00",".00","Ebook : Extended distribution","23154.81","4891.50",".00",".00",".00",".00",".00",".00",".00",".00","0","0"
6993,"2025-06-30","2025-04-01","FS540917",".00","322.80","2607.30","306.60","7774.60",".00",".00",".00",".00",".00",".00"," ","Tode Palm, Lolo","2","SEK","28.70","14.35","9789189857759","I kärlek och Sorg","9789189857759 - I kärlek och Sorg", Media 24 / Digibook S6993,"Leverantör","1250.88","2183.50",".00",".00","Ebook : Extended distribution","23154.81","4891.50",".00",".00",".00",".00",".00",".00",".00",".00","0","0"
6993,"2025-06-30","2025-04-01","FS540917",".00","322.80","2607.30","306.60","7774.60",".00",".00",".00",".00",".00",".00"," ","Tode Palm, Lolo","1","SEK","14.46","14.46","9789189857827","I kärlek och Sorg","9789189857827 - I kärlek och Sorg", Media 24 / Digibook S6993,"Leverantör","1250.88","2183.50",".00",".00","Audio Book : Extended distribution","23154.81","4891.50",".00",".00",".00",".00",".00",".00",".00",".00","0","0"
6993,"2025-06-30","2025-04-01","FS540917",".00","322.80","2607.30","306.60","7774.60",".00",".00",".00",".00",".00",".00"," ","Tode Palm, Lolo","15","SEK","220.01","14.67","9789189857827","I kärlek och Sorg","9789189857827 - I kärlek och Sorg", Media 24 / Digibook S6993,"Leverantör","1250.88","2183.50",".00",".00","Audio Book : Extended distribution","23154.81","4891.50",".00",".00",".00",".00",".00",".00",".00",".00","0","0"
6993,"2025-06-30","2025-04-01","FS540917",".00","322.80","2607.30","306.60","7774.60",".00",".00",".00",".00",".00",".00"," ","Tode Palm, Lolo","5","SEK","74.29","14.86","9789189857827","I kärlek och Sorg","9789189857827 - I kärlek och Sorg", Media 24 / Digibook S6993,"Leverantör","1250.88","2183.50",".00",".00","Audio Book : Extended distribution","23154.81","4891.50",".00",".00",".00",".00",".00",".00",".00",".00","0","0"
6993,"2025-06-30","2025-04-01","FS540917",".00","322.80","2607.30","306.60","7774.60",".00",".00",".00",".00",".00",".00"," ","Tode Palm, Lolo","1","SEK","15.20","15.20","9789189857827","I kärlek och Sorg","9789189857827 - I kärlek och Sorg", Media 24 / Digibook S6993,"Leverantör","1250.88","2183.50",".00",".00","Audio Book : Access Loan","23154.81","4891.50",".00",".00",".00",".00",".00",".00",".00",".00","0","0"
6993,"2025-06-30","2025-04-01","FS540917",".00","322.80","2607.30","306.60","7774.60",".00",".00",".00",".00",".00",".00"," ","Tode Palm, Lolo","1","SEK","20.93","20.93","9789189857827","I kärlek och Sorg","9789189857827 - I kärlek och Sorg", Media 24 / Digibook S6993,"Leverantör","1250.88","2183.50",".00",".00","Audio Book : Extended distribution","23154.81","4891.50",".00",".00",".00",".00",".00",".00",".00",".00","0","0"
6993,"2025-06-30","2025-04-01","FS540917",".00","322.80","2607.30","306.60","7774.60",".00",".00",".00",".00",".00",".00"," ","Tode Palm, Lolo","4","SEK","144.00","36.00","9789189857827","I kärlek och Sorg","9789189857827 - I kärlek och Sorg", Media 24 / Digibook S6993,"Leverantör","1250.88","2183.50",".00",".00","Audio Book : Agregated","23154.81","4891.50",".00",".00",".00",".00",".00",".00",".00",".00","0","0"
6993,"2025-06-30","2025-04-01","FS540917",".00","322.80","2607.30","306.60","7774.60",".00",".00",".00",".00",".00",".00"," ","Tode Palm, Lolo","1","SEK","76.50","76.50","9789189857827","I kärlek och Sorg","9789189857827 - I kärlek och Sorg", Media 24 / Digibook S6993,"Leverantör","1250.88","2183.50",".00",".00","Audio Book : Buy","23154.81","4891.50",".00",".00",".00",".00",".00",".00",".00",".00","0","0"
6993,"2025-06-30","2025-04-01","FS540917",".00","322.80","2607.30","306.60","7774.60",".00",".00",".00",".00",".00",".00"," ","Tornberg, Elisabet","1","SEK",".49",".49","9789189857780","Våga skapa från hjärtat","9789189857780 - Våga skapa från hjärtat", Media 24 / Digibook S6993,"Leverantör","1250.88","2183.50",".00",".00","Ebook : Extended distribution","23154.81","4891.50",".00",".00",".00",".00",".00",".00",".00",".00","0","0"
6993,"2025-06-30","2025-04-01","FS540917",".00","322.80","2607.30","306.60","7774.60",".00",".00",".00",".00",".00",".00"," ","Tornberg, Elisabet","1","SEK",".50",".50","9789189857780","Våga skapa från hjärtat","9789189857780 - Våga skapa från hjärtat", Media 24 / Digibook S6993,"Leverantör","1250.88","2183.50",".00",".00","Ebook : Extended distribution","23154.81","4891.50",".00",".00",".00",".00",".00",".00",".00",".00","0","0"
6993,"2025-06-30","2025-04-01","FS540917",".00","322.80","2607.30","306.60","7774.60",".00",".00",".00",".00",".00",".00"," ","Tornberg, Elisabet","2","SEK","1.16",".58","9789189857872","Våga skapa från hjärtat","9789189857872 - Våga skapa från hjärtat", Media 24 / Digibook S6993,"Leverantör","1250.88","2183.50",".00",".00","Audio Book : Extended distribution","23154.81","4891.50",".00",".00",".00",".00",".00",".00",".00",".00","0","0"
6993,"2025-06-30","2025-04-01","FS540917",".00","322.80","2607.30","306.60","7774.60",".00",".00",".00",".00",".00",".00"," ","Tornberg, Elisabet","3","SEK","1.76",".59","9789189857872","Våga skapa från hjärtat","9789189857872 - Våga skapa från hjärtat", Media 24 / Digibook S6993,"Leverantör","1250.88","2183.50",".00",".00","Audio Book : Extended distribution","23154.81","4891.50",".00",".00",".00",".00",".00",".00",".00",".00","0","0"
6993,"2025-06-30","2025-04-01","FS540917",".00","322.80","2607.30","306.60","7774.60",".00",".00",".00",".00",".00",".00"," ","Tornberg, Elisabet","4","SEK","2.39",".60","9789189857872","Våga skapa från hjärtat","9789189857872 - Våga skapa från hjärtat", Media 24 / Digibook S6993,"Leverantör","1250.88","2183.50",".00",".00","Audio Book : Extended distribution","23154.81","4891.50",".00",".00",".00",".00",".00",".00",".00",".00","0","0"
6993,"2025-06-30","2025-04-01","FS540917",".00","322.80","2607.30","306.60","7774.60",".00",".00",".00",".00",".00",".00"," ","Tornberg, Elisabet","5","SEK","3.36",".67","9789189857872","Våga skapa från hjärtat","9789189857872 - Våga skapa från hjärtat", Media 24 / Digibook S6993,"Leverantör","1250.88","2183.50",".00",".00","Audio Book : Extended distribution","23154.81","4891.50",".00",".00",".00",".00",".00",".00",".00",".00","0","0"
6993,"2025-06-30","2025-04-01","FS540917",".00","322.80","2607.30","306.60","7774.60",".00",".00",".00",".00",".00",".00"," ","Tornberg, Elisabet","2","SEK","1.35",".68","9789189857780","Våga skapa från hjärtat","9789189857780 - Våga skapa från hjärtat", Media 24 / Digibook S6993,"Leverantör","1250.88","2183.50",".00",".00","Ebook : Extended distribution","23154.81","4891.50",".00",".00",".00",".00",".00",".00",".00",".00","0","0"
6993,"2025-06-30","2025-04-01","FS540917",".00","322.80","2607.30","306.60","7774.60",".00",".00",".00",".00",".00",".00"," ","Tornberg, Elisabet","4","SEK","3.35",".84","9789189857872","Våga skapa från hjärtat","9789189857872 - Våga skapa från hjärtat", Media 24 / Digibook S6993,"Leverantör","1250.88","2183.50",".00",".00","Audio Book : Extended distribution","23154.81","4891.50",".00",".00",".00",".00",".00",".00",".00",".00","0","0"
6993,"2025-06-30","2025-04-01","FS540917",".00","322.80","2607.30","306.60","7774.60",".00",".00",".00",".00",".00",".00"," ","Tornberg, Elisabet","2","SEK","12.00","6.00","9789189857872","Våga skapa från hjärtat","9789189857872 - Våga skapa från hjärtat", Media 24 / Digibook S6993,"Leverantör","1250.88","2183.50",".00",".00","Audio Book : Agregated","23154.81","4891.50",".00",".00",".00",".00",".00",".00",".00",".00","0","0"
6993,"2025-06-30","2025-04-01","FS540917",".00","322.80","2607.30","306.60","7774.60",".00",".00",".00",".00",".00",".00"," ","Tornberg, Elisabet","1","SEK","38.63","38.63","9789189857780","Våga skapa från hjärtat","9789189857780 - Våga skapa från hjärtat", Media 24 / Digibook S6993,"Leverantör","1250.88","2183.50",".00",".00","Ebook : Extended distribution","23154.81","4891.50",".00",".00",".00",".00",".00",".00",".00",".00","0","0"
6993,"2025-06-30","2025-04-01","FS540917",".00","322.80","2607.30","306.60","7774.60",".00",".00",".00",".00",".00",".00"," ","Varg, Viola","1","SEK",".87",".87","9789189835221","Chefens favorit","9789189835221 - Chefens favorit", Media 24 / Digibook S6993,"Leverantör","1250.88","2183.50",".00",".00","Ebook : Extended distribution","23154.81","4891.50",".00",".00",".00",".00",".00",".00",".00",".00","0","0"
6993,"2025-06-30","2025-04-01","FS540917",".00","322.80","2607.30","306.60","7774.60",".00",".00",".00",".00",".00",".00"," ","Varg, Viola","2","SEK","1.78",".89","9789189835221","Chefens favorit","9789189835221 - Chefens favorit", Media 24 / Digibook S6993,"Leverantör","1250.88","2183.50",".00",".00","Ebook : Extended distribution","23154.81","4891.50",".00",".00",".00",".00",".00",".00",".00",".00","0","0"
6993,"2025-06-30","2025-04-01","FS540917",".00","322.80","2607.30","306.60","7774.60",".00",".00",".00",".00",".00",".00"," ","Wallin, Martina","5","SEK","12.46","2.49","9789189739048","Förbered dig inför din förlossning","9789189739048 - Förbered dig inför din förlossning", Media 24 / Digibook S6993,"Leverantör","1250.88","2183.50",".00",".00","Audio Book : Extended distribution","23154.81","4891.50",".00",".00",".00",".00",".00",".00",".00",".00","0","0"
6993,"2025-06-30","2025-04-01","FS540917",".00","322.80","2607.30","306.60","7774.60",".00",".00",".00",".00",".00",".00"," ","Wallin, Martina","2","SEK","4.99","2.50","9789189739048","Förbered dig inför din förlossning","9789189739048 - Förbered dig inför din förlossning", Media 24 / Digibook S6993,"Leverantör","1250.88","2183.50",".00",".00","Audio Book : Extended distribution","23154.81","4891.50",".00",".00",".00",".00",".00",".00",".00",".00","0","0"
6993,"2025-06-30","2025-04-01","FS540917",".00","322.80","2607.30","306.60","7774.60",".00",".00",".00",".00",".00",".00"," ","Wallin, Martina","2","SEK","5.18","2.59","9789189739048","Förbered dig inför din förlossning","9789189739048 - Förbered dig inför din förlossning", Media 24 / Digibook S6993,"Leverantör","1250.88","2183.50",".00",".00","Audio Book : Extended distribution","23154.81","4891.50",".00",".00",".00",".00",".00",".00",".00",".00","0","0"
6993,"2025-06-30","2025-04-01","FS540917",".00","322.80","2607.30","306.60","7774.60",".00",".00",".00",".00",".00",".00"," ","Wallin, Martina","1","SEK","2.62","2.62","9789189739048","Förbered dig inför din förlossning","9789189739048 - Förbered dig inför din förlossning", Media 24 / Digibook S6993,"Leverantör","1250.88","2183.50",".00",".00","Audio Book : Extended distribution","23154.81","4891.50",".00",".00",".00",".00",".00",".00",".00",".00","0","0"
6993,"2025-06-30","2025-04-01","FS540917",".00","322.80","2607.30","306.60","7774.60",".00",".00",".00",".00",".00",".00"," ","Wallin, Martina","4","SEK","10.63","2.66","9789189739048","Förbered dig inför din förlossning","9789189739048 - Förbered dig inför din förlossning", Media 24 / Digibook S6993,"Leverantör","1250.88","2183.50",".00",".00","Audio Book : Extended distribution","23154.81","4891.50",".00",".00",".00",".00",".00",".00",".00",".00","0","0"
6993,"2025-06-30","2025-04-01","FS540917",".00","322.80","2607.30","306.60","7774.60",".00",".00",".00",".00",".00",".00"," ","Wallin, Martina","7","SEK","20.97","3.00","9789189739048","Förbered dig inför din förlossning","9789189739048 - Förbered dig inför din förlossning", Media 24 / Digibook S6993,"Leverantör","1250.88","2183.50",".00",".00","Audio Book : Extended distribution","23154.81","4891.50",".00",".00",".00",".00",".00",".00",".00",".00","0","0"
6993,"2025-06-30","2025-04-01","FS540917",".00","322.80","2607.30","306.60","7774.60",".00",".00",".00",".00",".00",".00"," ","Wallin, Martina","1","SEK","9.00","9.00","9789189739048","Förbered dig inför din förlossning","9789189739048 - Förbered dig inför din förlossning", Media 24 / Digibook S6993,"Leverantör","1250.88","2183.50",".00",".00","Audio Book : Extended distribution","23154.81","4891.50",".00",".00",".00",".00",".00",".00",".00",".00","0","0"
6993,"2025-06-30","2025-04-01","FS540917",".00","322.80","2607.30","306.60","7774.60",".00",".00",".00",".00",".00",".00"," ","Wallner, Katinka","1","SEK","8.00","8.00","9789189739352","Så blir du fri från ångest!","9789189739352 - Så blir du fri från ångest!", Media 24 / Digibook S6993,"Leverantör","1250.88","2183.50",".00",".00","Ebook : Access Loan","23154.81","4891.50",".00",".00",".00",".00",".00",".00",".00",".00","0","0"
6993,"2025-06-30","2025-04-01","FS540917",".00","322.80","2607.30","306.60","7774.60",".00",".00",".00",".00",".00",".00"," ","Wallner, Katinka","1","SEK","11.24","11.24","9789189739352","Så blir du fri från ångest!","9789189739352 - Så blir du fri från ångest!", Media 24 / Digibook S6993,"Leverantör","1250.88","2183.50",".00",".00","Ebook : Extended distribution","23154.81","4891.50",".00",".00",".00",".00",".00",".00",".00",".00","0","0"
6993,"2025-06-30","2025-04-01","FS540917",".00","322.80","2607.30","306.60","7774.60",".00",".00",".00",".00",".00",".00"," ","Wallner, Katinka","1","SEK","11.55","11.55","9789189739352","Så blir du fri från ångest!","9789189739352 - Så blir du fri från ångest!", Media 24 / Digibook S6993,"Leverantör","1250.88","2183.50",".00",".00","Ebook : Extended distribution","23154.81","4891.50",".00",".00",".00",".00",".00",".00",".00",".00","0","0"
6993,"2025-06-30","2025-04-01","FS540917",".00","322.80","2607.30","306.60","7774.60",".00",".00",".00",".00",".00",".00"," ","Weinz, Arne","1","SEK","11.20","11.20","9789189835870","Landet som ingen ägde","9789189835870 - Landet som ingen ägde", Media 24 / Digibook S6993,"Leverantör","1250.88","2183.50",".00",".00","Ebook : Access Loan","23154.81","4891.50",".00",".00",".00",".00",".00",".00",".00",".00","0","0"
6993,"2025-06-30","2025-04-01","FS540917",".00","322.80","2607.30","306.60","7774.60",".00",".00",".00",".00",".00",".00"," ","Weinz, Arne","10","SEK","152.00","15.20","9789189739055","Perfekt storm","9789189739055 - Perfekt storm", Media 24 / Digibook S6993,"Leverantör","1250.88","2183.50",".00",".00","Ebook : Access Loan","23154.81","4891.50",".00",".00",".00",".00",".00",".00",".00",".00","0","0"
6993,"2025-06-30","2025-04-01","FS540917",".00","322.80","2607.30","306.60","7774.60",".00",".00",".00",".00",".00",".00"," ","Weinz, Arne","1","SEK","18.00","18.00","9789189835023","Perfekt storm","9789189835023 - Perfekt storm", Media 24 / Digibook S6993,"Leverantör","1250.88","2183.50",".00",".00","Audio Book : Agregated","23154.81","4891.50",".00",".00",".00",".00",".00",".00",".00",".00","0","0"
6993,"2025-06-30","2025-04-01","FS540917",".00","322.80","2607.30","306.60","7774.60",".00",".00",".00",".00",".00",".00"," ","Weinz, Arne","9","SEK","193.02","21.45","9789189835023","Perfekt storm","9789189835023 - Perfekt storm", Media 24 / Digibook S6993,"Leverantör","1250.88","2183.50",".00",".00","Audio Book : Extended distribution","23154.81","4891.50",".00",".00",".00",".00",".00",".00",".00",".00","0","0"
6993,"2025-06-30","2025-04-01","FS540917",".00","322.80","2607.30","306.60","7774.60",".00",".00",".00",".00",".00",".00"," ","Weinz, Arne","4","SEK","88.81","22.20","9789189857230","Skrivet i sten","9789189857230 - Skrivet i sten", Media 24 / Digibook S6993,"Leverantör","1250.88","2183.50",".00",".00","Audio Book : Extended distribution","23154.81","4891.50",".00",".00",".00",".00",".00",".00",".00",".00","0","0"
6993,"2025-06-30","2025-04-01","FS540917",".00","322.80","2607.30","306.60","7774.60",".00",".00",".00",".00",".00",".00"," ","Weinz, Arne","2","SEK","44.41","22.21","9789189857230","Skrivet i sten","9789189857230 - Skrivet i sten", Media 24 / Digibook S6993,"Leverantör","1250.88","2183.50",".00",".00","Audio Book : Extended distribution","23154.81","4891.50",".00",".00",".00",".00",".00",".00",".00",".00","0","0"
6993,"2025-06-30","2025-04-01","FS540917",".00","322.80","2607.30","306.60","7774.60",".00",".00",".00",".00",".00",".00"," ","Weinz, Arne","1","SEK","22.50","22.50","9789189857230","Skrivet i sten","9789189857230 - Skrivet i sten", Media 24 / Digibook S6993,"Leverantör","1250.88","2183.50",".00",".00","Audio Book : Agregated","23154.81","4891.50",".00",".00",".00",".00",".00",".00",".00",".00","0","0"
6993,"2025-06-30","2025-04-01","FS540917",".00","322.80","2607.30","306.60","7774.60",".00",".00",".00",".00",".00",".00"," ","Weinz, Arne","3","SEK","69.00","23.00","9789189857230","Skrivet i sten","9789189857230 - Skrivet i sten", Media 24 / Digibook S6993,"Leverantör","1250.88","2183.50",".00",".00","Audio Book : Extended distribution","23154.81","4891.50",".00",".00",".00",".00",".00",".00",".00",".00","0","0"
6993,"2025-06-30","2025-04-01","FS540917",".00","322.80","2607.30","306.60","7774.60",".00",".00",".00",".00",".00",".00"," ","Weinz, Arne","2","SEK","46.66","23.33","9789189857230","Skrivet i sten","9789189857230 - Skrivet i sten", Media 24 / Digibook S6993,"Leverantör","1250.88","2183.50",".00",".00","Audio Book : Extended distribution","23154.81","4891.50",".00",".00",".00",".00",".00",".00",".00",".00","0","0"
6993,"2025-06-30","2025-04-01","FS540917",".00","322.80","2607.30","306.60","7774.60",".00",".00",".00",".00",".00",".00"," ","Weinz, Arne","2","SEK","47.26","23.63","9789189857230","Skrivet i sten","9789189857230 - Skrivet i sten", Media 24 / Digibook S6993,"Leverantör","1250.88","2183.50",".00",".00","Audio Book : Extended distribution","23154.81","4891.50",".00",".00",".00",".00",".00",".00",".00",".00","0","0"
6993,"2025-06-30","2025-04-01","FS540917",".00","322.80","2607.30","306.60","7774.60",".00",".00",".00",".00",".00",".00"," ","Weinz, Arne","8","SEK","201.52","25.19","9789189835917","Landet som ingen ägde","9789189835917 - Landet som ingen ägde", Media 24 / Digibook S6993,"Leverantör","1250.88","2183.50",".00",".00","Audio Book : Extended distribution","23154.81","4891.50",".00",".00",".00",".00",".00",".00",".00",".00","0","0"
6993,"2025-06-30","2025-04-01","FS540917",".00","322.80","2607.30","306.60","7774.60",".00",".00",".00",".00",".00",".00"," ","Weinz, Arne","4","SEK","102.96","25.74","9789189835023","Perfekt storm","9789189835023 - Perfekt storm", Media 24 / Digibook S6993,"Leverantör","1250.88","2183.50",".00",".00","Audio Book : Extended distribution","23154.81","4891.50",".00",".00",".00",".00",".00",".00",".00",".00","0","0"
6993,"2025-06-30","2025-04-01","FS540917",".00","322.80","2607.30","306.60","7774.60",".00",".00",".00",".00",".00",".00"," ","Weinz, Arne","1","SEK","26.64","26.64","9789189857230","Skrivet i sten","9789189857230 - Skrivet i sten", Media 24 / Digibook S6993,"Leverantör","1250.88","2183.50",".00",".00","Audio Book : Extended distribution","23154.81","4891.50",".00",".00",".00",".00",".00",".00",".00",".00","0","0"
6993,"2025-06-30","2025-04-01","FS540917",".00","322.80","2607.30","306.60","7774.60",".00",".00",".00",".00",".00",".00"," ","Weinz, Arne","2","SEK","54.00","27.00","9789189835023","Perfekt storm","9789189835023 - Perfekt storm", Media 24 / Digibook S6993,"Leverantör","1250.88","2183.50",".00",".00","Audio Book : Extended distribution","23154.81","4891.50",".00",".00",".00",".00",".00",".00",".00",".00","0","0"
6993,"2025-06-30","2025-04-01","FS540917",".00","322.80","2607.30","306.60","7774.60",".00",".00",".00",".00",".00",".00"," ","Weinz, Arne","1","SEK","27.00","27.00","9789189857230","Skrivet i sten","9789189857230 - Skrivet i sten", Media 24 / Digibook S6993,"Leverantör","1250.88","2183.50",".00",".00","Audio Book : Extended distribution","23154.81","4891.50",".00",".00",".00",".00",".00",".00",".00",".00","0","0"
6993,"2025-06-30","2025-04-01","FS540917",".00","322.80","2607.30","306.60","7774.60",".00",".00",".00",".00",".00",".00"," ","Weinz, Arne","3","SEK","90.69","30.23","9789189835917","Landet som ingen ägde","9789189835917 - Landet som ingen ägde", Media 24 / Digibook S6993,"Leverantör","1250.88","2183.50",".00",".00","Audio Book : Extended distribution","23154.81","4891.50",".00",".00",".00",".00",".00",".00",".00",".00","0","0"
6993,"2025-06-30","2025-04-01","FS540917",".00","322.80","2607.30","306.60","7774.60",".00",".00",".00",".00",".00",".00"," ","Weinz, Arne","1","SEK","31.49","31.49","9789189739055","Perfekt storm","9789189739055 - Perfekt storm", Media 24 / Digibook S6993,"Leverantör","1250.88","2183.50",".00",".00","Ebook : Extended distribution","23154.81","4891.50",".00",".00",".00",".00",".00",".00",".00",".00","0","0"
6993,"2025-06-30","2025-04-01","FS540917",".00","322.80","2607.30","306.60","7774.60",".00",".00",".00",".00",".00",".00"," ","Weinz, Arne","2","SEK","72.00","36.00","9789189739055","Perfekt storm","9789189739055 - Perfekt storm", Media 24 / Digibook S6993,"Leverantör","1250.88","2183.50",".00",".00","Ebook : Extended distribution","23154.81","4891.50",".00",".00",".00",".00",".00",".00",".00",".00","0","0"
6993,"2025-06-30","2025-04-01","FS540917",".00","322.80","2607.30","306.60","7774.60",".00",".00",".00",".00",".00",".00"," ","Weinz, Arne","2","SEK","153.00","76.50","9789189857230","Skrivet i sten","9789189857230 - Skrivet i sten", Media 24 / Digibook S6993,"Leverantör","1250.88","2183.50",".00",".00","Audio Book : Buy","23154.81","4891.50",".00",".00",".00",".00",".00",".00",".00",".00","0","0"
6993,"2025-06-30","2025-04-01","FS540917",".00","322.80","2607.30","306.60","7774.60",".00",".00",".00",".00",".00",".00"," ","Westerberg, Magnus","1","SEK","15.20","15.20","9789189857667","Cyklisten","9789189857667 - Cyklisten", Media 24 / Digibook S6993,"Leverantör","1250.88","2183.50",".00",".00","Ebook : Access Loan","23154.81","4891.50",".00",".00",".00",".00",".00",".00",".00",".00","0","0"
6993,"2025-06-30","2025-04-01","FS540917",".00","322.80","2607.30","306.60","7774.60",".00",".00",".00",".00",".00",".00"," ","Widerdal, Mikael","25","SEK","15.31",".61","9789189539167","God natt","9789189539167 - God natt", Media 24 / Digibook S6993,"Leverantör","1250.88","2183.50",".00",".00","Audio Book : Extended distribution","23154.81","4891.50",".00",".00",".00",".00",".00",".00",".00",".00","0","0"
6993,"2025-06-30","2025-04-01","FS540917",".00","322.80","2607.30","306.60","7774.60",".00",".00",".00",".00",".00",".00"," ","Widerdal, Mikael","37","SEK","23.57",".64","9789189539167","God natt","9789189539167 - God natt", Media 24 / Digibook S6993,"Leverantör","1250.88","2183.50",".00",".00","Audio Book : Extended distribution","23154.81","4891.50",".00",".00",".00",".00",".00",".00",".00",".00","0","0"
6993,"2025-06-30","2025-04-01","FS540917",".00","322.80","2607.30","306.60","7774.60",".00",".00",".00",".00",".00",".00"," ","Widerdal, Mikael","44","SEK","28.63",".65","9789189539167","God natt","9789189539167 - God natt", Media 24 / Digibook S6993,"Leverantör","1250.88","2183.50",".00",".00","Audio Book : Extended distribution","23154.81","4891.50",".00",".00",".00",".00",".00",".00",".00",".00","0","0"
6993,"2025-06-30","2025-04-01","FS540917",".00","322.80","2607.30","306.60","7774.60",".00",".00",".00",".00",".00",".00"," ","Widerdal, Mikael","32","SEK","23.64",".74","9789189539167","God natt","9789189539167 - God natt", Media 24 / Digibook S6993,"Leverantör","1250.88","2183.50",".00",".00","Audio Book : Extended distribution","23154.81","4891.50",".00",".00",".00",".00",".00",".00",".00",".00","0","0"
6993,"2025-06-30","2025-04-01","FS540917",".00","322.80","2607.30","306.60","7774.60",".00",".00",".00",".00",".00",".00"," ","Widerdal, Mikael","1","SEK","1.98","1.98","9789189539006","Energikick & Självförtroende","9789189539006 - Energikick & Självförtroende", Media 24 / Digibook S6993,"Leverantör","1250.88","2183.50",".00",".00","Audio Book : Extended distribution","23154.81","4891.50",".00",".00",".00",".00",".00",".00",".00",".00","0","0"
6993,"2025-06-30","2025-04-01","FS540917",".00","322.80","2607.30","306.60","7774.60",".00",".00",".00",".00",".00",".00"," ","Widerdal, Mikael","2","SEK","4.44","2.22","9789189539013","Ditt bästa jag : Nyckeln till ditt bästa jag genom mental träning","9789189539013 - Ditt bästa jag : Nyckeln till ditt bästa jag genom mental träning", Media 24 / Digibook S6993,"Leverantör","1250.88","2183.50",".00",".00","Audio Book : Extended distribution","23154.81","4891.50",".00",".00",".00",".00",".00",".00",".00",".00","0","0"
6993,"2025-06-30","2025-04-01","FS540917",".00","322.80","2607.30","306.60","7774.60",".00",".00",".00",".00",".00",".00"," ","Widerdal, Mikael","2","SEK","4.44","2.22","9789189539051","Mental träning för dig som har reumatism","9789189539051 - Mental träning för dig som har reumatism", Media 24 / Digibook S6993,"Leverantör","1250.88","2183.50",".00",".00","Audio Book : Extended distribution","23154.81","4891.50",".00",".00",".00",".00",".00",".00",".00",".00","0","0"
6993,"2025-06-30","2025-04-01","FS540917",".00","322.80","2607.30","306.60","7774.60",".00",".00",".00",".00",".00",".00"," ","Widerdal, Mikael","9","SEK","20.01","2.22","9789189539150","Bättre sömn","9789189539150 - Bättre sömn", Media 24 / Digibook S6993,"Leverantör","1250.88","2183.50",".00",".00","Audio Book : Extended distribution","23154.81","4891.50",".00",".00",".00",".00",".00",".00",".00",".00","0","0"
6993,"2025-06-30","2025-04-01","FS540917",".00","322.80","2607.30","306.60","7774.60",".00",".00",".00",".00",".00",".00"," ","Widerdal, Mikael","1","SEK","2.22","2.22","9789189539181","Harmonisk graviditet","9789189539181 - Harmonisk graviditet", Media 24 / Digibook S6993,"Leverantör","1250.88","2183.50",".00",".00","Audio Book : Extended distribution","23154.81","4891.50",".00",".00",".00",".00",".00",".00",".00",".00","0","0"
6993,"2025-06-30","2025-04-01","FS540917",".00","322.80","2607.30","306.60","7774.60",".00",".00",".00",".00",".00",".00"," ","Widerdal, Mikael","2","SEK","4.45","2.23","9789189539013","Ditt bästa jag : Nyckeln till ditt bästa jag genom mental träning","9789189539013 - Ditt bästa jag : Nyckeln till ditt bästa jag genom mental träning", Media 24 / Digibook S6993,"Leverantör","1250.88","2183.50",".00",".00","Audio Book : Extended distribution","23154.81","4891.50",".00",".00",".00",".00",".00",".00",".00",".00","0","0"
6993,"2025-06-30","2025-04-01","FS540917",".00","322.80","2607.30","306.60","7774.60",".00",".00",".00",".00",".00",".00"," ","Widerdal, Mikael","2","SEK","4.45","2.23","9789189539150","Bättre sömn","9789189539150 - Bättre sömn", Media 24 / Digibook S6993,"Leverantör","1250.88","2183.50",".00",".00","Audio Book : Extended distribution","23154.81","4891.50",".00",".00",".00",".00",".00",".00",".00",".00","0","0"
6993,"2025-06-30","2025-04-01","FS540917",".00","322.80","2607.30","306.60","7774.60",".00",".00",".00",".00",".00",".00"," ","Widerdal, Mikael","2","SEK","4.46","2.23","9789189539174","Stressa av","9789189539174 - Stressa av", Media 24 / Digibook S6993,"Leverantör","1250.88","2183.50",".00",".00","Audio Book : Extended distribution","23154.81","4891.50",".00",".00",".00",".00",".00",".00",".00",".00","0","0"
6993,"2025-06-30","2025-04-01","FS540917",".00","322.80","2607.30","306.60","7774.60",".00",".00",".00",".00",".00",".00"," ","Widerdal, Mikael","1","SEK","2.29","2.29","9789189539006","Energikick & Självförtroende","9789189539006 - Energikick & Självförtroende", Media 24 / Digibook S6993,"Leverantör","1250.88","2183.50",".00",".00","Audio Book : Extended distribution","23154.81","4891.50",".00",".00",".00",".00",".00",".00",".00",".00","0","0"
6993,"2025-06-30","2025-04-01","FS540917",".00","322.80","2607.30","306.60","7774.60",".00",".00",".00",".00",".00",".00"," ","Widerdal, Mikael","1","SEK","2.29","2.29","9789189539037","Hälsa och välmående ","9789189539037 - Hälsa och välmående ", Media 24 / Digibook S6993,"Leverantör","1250.88","2183.50",".00",".00","Audio Book : Extended distribution","23154.81","4891.50",".00",".00",".00",".00",".00",".00",".00",".00","0","0"
6993,"2025-06-30","2025-04-01","FS540917",".00","322.80","2607.30","306.60","7774.60",".00",".00",".00",".00",".00",".00"," ","Widerdal, Mikael","1","SEK","2.30","2.30","9789189539013","Ditt bästa jag : Nyckeln till ditt bästa jag genom mental träning","9789189539013 - Ditt bästa jag : Nyckeln till ditt bästa jag genom mental träning", Media 24 / Digibook S6993,"Leverantör","1250.88","2183.50",".00",".00","Audio Book : Extended distribution","23154.81","4891.50",".00",".00",".00",".00",".00",".00",".00",".00","0","0"
6993,"2025-06-30","2025-04-01","FS540917",".00","322.80","2607.30","306.60","7774.60",".00",".00",".00",".00",".00",".00"," ","Widerdal, Mikael","1","SEK","2.30","2.30","9789189539051","Mental träning för dig som har reumatism","9789189539051 - Mental träning för dig som har reumatism", Media 24 / Digibook S6993,"Leverantör","1250.88","2183.50",".00",".00","Audio Book : Extended distribution","23154.81","4891.50",".00",".00",".00",".00",".00",".00",".00",".00","0","0"
6993,"2025-06-30","2025-04-01","FS540917",".00","322.80","2607.30","306.60","7774.60",".00",".00",".00",".00",".00",".00"," ","Widerdal, Mikael","1","SEK","2.31","2.31","9789189539044","Kreativitet och skaparkraft","9789189539044 - Kreativitet och skaparkraft", Media 24 / Digibook S6993,"Leverantör","1250.88","2183.50",".00",".00","Audio Book : Extended distribution","23154.81","4891.50",".00",".00",".00",".00",".00",".00",".00",".00","0","0"
6993,"2025-06-30","2025-04-01","FS540917",".00","322.80","2607.30","306.60","7774.60",".00",".00",".00",".00",".00",".00"," ","Widerdal, Mikael","2","SEK","4.62","2.31","9789189539068","Mental träning för dig som har tinnitus","9789189539068 - Mental träning för dig som har tinnitus", Media 24 / Digibook S6993,"Leverantör","1250.88","2183.50",".00",".00","Audio Book : Extended distribution","23154.81","4891.50",".00",".00",".00",".00",".00",".00",".00",".00","0","0"
6993,"2025-06-30","2025-04-01","FS540917",".00","322.80","2607.30","306.60","7774.60",".00",".00",".00",".00",".00",".00"," ","Widerdal, Mikael","12","SEK","27.68","2.31","9789189539150","Bättre sömn","9789189539150 - Bättre sömn", Media 24 / Digibook S6993,"Leverantör","1250.88","2183.50",".00",".00","Audio Book : Extended distribution","23154.81","4891.50",".00",".00",".00",".00",".00",".00",".00",".00","0","0"
6993,"2025-06-30","2025-04-01","FS540917",".00","322.80","2607.30","306.60","7774.60",".00",".00",".00",".00",".00",".00"," ","Widerdal, Mikael","1","SEK","2.31","2.31","9789189539174","Stressa av","9789189539174 - Stressa av", Media 24 / Digibook S6993,"Leverantör","1250.88","2183.50",".00",".00","Audio Book : Extended distribution","23154.81","4891.50",".00",".00",".00",".00",".00",".00",".00",".00","0","0"
6993,"2025-06-30","2025-04-01","FS540917",".00","322.80","2607.30","306.60","7774.60",".00",".00",".00",".00",".00",".00"," ","Widerdal, Mikael","1","SEK","2.32","2.32","9789189539037","Hälsa och välmående ","9789189539037 - Hälsa och välmående ", Media 24 / Digibook S6993,"Leverantör","1250.88","2183.50",".00",".00","Audio Book : Extended distribution","23154.81","4891.50",".00",".00",".00",".00",".00",".00",".00",".00","0","0"
6993,"2025-06-30","2025-04-01","FS540917",".00","322.80","2607.30","306.60","7774.60",".00",".00",".00",".00",".00",".00"," ","Widerdal, Mikael","1","SEK","2.33","2.33","9789189539013","Ditt bästa jag : Nyckeln till ditt bästa jag genom mental träning","9789189539013 - Ditt bästa jag : Nyckeln till ditt bästa jag genom mental träning", Media 24 / Digibook S6993,"Leverantör","1250.88","2183.50",".00",".00","Audio Book : Extended distribution","23154.81","4891.50",".00",".00",".00",".00",".00",".00",".00",".00","0","0"
6993,"2025-06-30","2025-04-01","FS540917",".00","322.80","2607.30","306.60","7774.60",".00",".00",".00",".00",".00",".00"," ","Widerdal, Mikael","5","SEK","11.70","2.34","9789189539051","Mental träning för dig som har reumatism","9789189539051 - Mental träning för dig som har reumatism", Media 24 / Digibook S6993,"Leverantör","1250.88","2183.50",".00",".00","Audio Book : Extended distribution","23154.81","4891.50",".00",".00",".00",".00",".00",".00",".00",".00","0","0"
6993,"2025-06-30","2025-04-01","FS540917",".00","322.80","2607.30","306.60","7774.60",".00",".00",".00",".00",".00",".00"," ","Widerdal, Mikael","5","SEK","11.70","2.34","9789189539068","Mental träning för dig som har tinnitus","9789189539068 - Mental träning för dig som har tinnitus", Media 24 / Digibook S6993,"Leverantör","1250.88","2183.50",".00",".00","Audio Book : Extended distribution","23154.81","4891.50",".00",".00",".00",".00",".00",".00",".00",".00","0","0"
6993,"2025-06-30","2025-04-01","FS540917",".00","322.80","2607.30","306.60","7774.60",".00",".00",".00",".00",".00",".00"," ","Widerdal, Mikael","9","SEK","21.06","2.34","9789189539150","Bättre sömn","9789189539150 - Bättre sömn", Media 24 / Digibook S6993,"Leverantör","1250.88","2183.50",".00",".00","Audio Book : Extended distribution","23154.81","4891.50",".00",".00",".00",".00",".00",".00",".00",".00","0","0"
6993,"2025-06-30","2025-04-01","FS540917",".00","322.80","2607.30","306.60","7774.60",".00",".00",".00",".00",".00",".00"," ","Widerdal, Mikael","1","SEK","2.34","2.34","9789189539174","Stressa av","9789189539174 - Stressa av", Media 24 / Digibook S6993,"Leverantör","1250.88","2183.50",".00",".00","Audio Book : Extended distribution","23154.81","4891.50",".00",".00",".00",".00",".00",".00",".00",".00","0","0"
6993,"2025-06-30","2025-04-01","FS540917",".00","322.80","2607.30","306.60","7774.60",".00",".00",".00",".00",".00",".00"," ","Widerdal, Mikael","3","SEK","7.05","2.35","9789189539006","Energikick & Självförtroende","9789189539006 - Energikick & Självförtroende", Media 24 / Digibook S6993,"Leverantör","1250.88","2183.50",".00",".00","Audio Book : Extended distribution","23154.81","4891.50",".00",".00",".00",".00",".00",".00",".00",".00","0","0"
6993,"2025-06-30","2025-04-01","FS540917",".00","322.80","2607.30","306.60","7774.60",".00",".00",".00",".00",".00",".00"," ","Widerdal, Mikael","1","SEK","2.35","2.35","9789189539037","Hälsa och välmående ","9789189539037 - Hälsa och välmående ", Media 24 / Digibook S6993,"Leverantör","1250.88","2183.50",".00",".00","Audio Book : Extended distribution","23154.81","4891.50",".00",".00",".00",".00",".00",".00",".00",".00","0","0"
6993,"2025-06-30","2025-04-01","FS540917",".00","322.80","2607.30","306.60","7774.60",".00",".00",".00",".00",".00",".00"," ","Widerdal, Mikael","1","SEK","2.37","2.37","9789189539013","Ditt bästa jag : Nyckeln till ditt bästa jag genom mental träning","9789189539013 - Ditt bästa jag : Nyckeln till ditt bästa jag genom mental träning", Media 24 / Digibook S6993,"Leverantör","1250.88","2183.50",".00",".00","Audio Book : Extended distribution","23154.81","4891.50",".00",".00",".00",".00",".00",".00",".00",".00","0","0"
6993,"2025-06-30","2025-04-01","FS540917",".00","322.80","2607.30","306.60","7774.60",".00",".00",".00",".00",".00",".00"," ","Widerdal, Mikael","5","SEK","11.85","2.37","9789189539051","Mental träning för dig som har reumatism","9789189539051 - Mental träning för dig som har reumatism", Media 24 / Digibook S6993,"Leverantör","1250.88","2183.50",".00",".00","Audio Book : Extended distribution","23154.81","4891.50",".00",".00",".00",".00",".00",".00",".00",".00","0","0"
6993,"2025-06-30","2025-04-01","FS540917",".00","322.80","2607.30","306.60","7774.60",".00",".00",".00",".00",".00",".00"," ","Widerdal, Mikael","11","SEK","26.07","2.37","9789189539150","Bättre sömn","9789189539150 - Bättre sömn", Media 24 / Digibook S6993,"Leverantör","1250.88","2183.50",".00",".00","Audio Book : Extended distribution","23154.81","4891.50",".00",".00",".00",".00",".00",".00",".00",".00","0","0"
6993,"2025-06-30","2025-04-01","FS540917",".00","322.80","2607.30","306.60","7774.60",".00",".00",".00",".00",".00",".00"," ","Widerdal, Mikael","1","SEK","2.38","2.38","9789189539044","Kreativitet och skaparkraft","9789189539044 - Kreativitet och skaparkraft", Media 24 / Digibook S6993,"Leverantör","1250.88","2183.50",".00",".00","Audio Book : Extended distribution","23154.81","4891.50",".00",".00",".00",".00",".00",".00",".00",".00","0","0"
6993,"2025-06-30","2025-04-01","FS540917",".00","322.80","2607.30","306.60","7774.60",".00",".00",".00",".00",".00",".00"," ","Widerdal, Mikael","2","SEK","4.75","2.38","9789189539174","Stressa av","9789189539174 - Stressa av", Media 24 / Digibook S6993,"Leverantör","1250.88","2183.50",".00",".00","Audio Book : Extended distribution","23154.81","4891.50",".00",".00",".00",".00",".00",".00",".00",".00","0","0"
6993,"2025-06-30","2025-04-01","FS540917",".00","322.80","2607.30","306.60","7774.60",".00",".00",".00",".00",".00",".00"," ","Widerdal, Mikael","1","SEK","2.66","2.66","9789189539013","Ditt bästa jag : Nyckeln till ditt bästa jag genom mental träning","9789189539013 - Ditt bästa jag : Nyckeln till ditt bästa jag genom mental träning", Media 24 / Digibook S6993,"Leverantör","1250.88","2183.50",".00",".00","Audio Book : Extended distribution","23154.81","4891.50",".00",".00",".00",".00",".00",".00",".00",".00","0","0"
6993,"2025-06-30","2025-04-01","FS540917",".00","322.80","2607.30","306.60","7774.60",".00",".00",".00",".00",".00",".00"," ","Widerdal, Mikael","1","SEK","2.67","2.67","9789189539150","Bättre sömn","9789189539150 - Bättre sömn", Media 24 / Digibook S6993,"Leverantör","1250.88","2183.50",".00",".00","Audio Book : Extended distribution","23154.81","4891.50",".00",".00",".00",".00",".00",".00",".00",".00","0","0"
6993,"2025-06-30","2025-04-01","FS540917",".00","322.80","2607.30","306.60","7774.60",".00",".00",".00",".00",".00",".00"," ","Widerdal, Mikael","1","SEK","2.68","2.68","9789189539174","Stressa av","9789189539174 - Stressa av", Media 24 / Digibook S6993,"Leverantör","1250.88","2183.50",".00",".00","Audio Book : Extended distribution","23154.81","4891.50",".00",".00",".00",".00",".00",".00",".00",".00","0","0"
6993,"2025-06-30","2025-04-01","FS540917",".00","322.80","2607.30","306.60","7774.60",".00",".00",".00",".00",".00",".00"," ","Widerdal, Mikael","1","SEK","3.54","3.54","9789189539150","Bättre sömn","9789189539150 - Bättre sömn", Media 24 / Digibook S6993,"Leverantör","1250.88","2183.50",".00",".00","Audio Book : Extended distribution","23154.81","4891.50",".00",".00",".00",".00",".00",".00",".00",".00","0","0"
6993,"2025-06-30","2025-04-01","FS540917",".00","322.80","2607.30","306.60","7774.60",".00",".00",".00",".00",".00",".00"," ","Widerdal, Mikael","2","SEK","9.00","4.50","9789189539167","God natt","9789189539167 - God natt", Media 24 / Digibook S6993,"Leverantör","1250.88","2183.50",".00",".00","Audio Book : Extended distribution","23154.81","4891.50",".00",".00",".00",".00",".00",".00",".00",".00","0","0"
6993,"2025-06-30","2025-04-01","FS540917",".00","322.80","2607.30","306.60","7774.60",".00",".00",".00",".00",".00",".00"," ","Widerdal, Mikael","3","SEK","14.22","4.74","9789189539099","Viktkontroll","9789189539099 - Viktkontroll", Media 24 / Digibook S6993,"Leverantör","1250.88","2183.50",".00",".00","Audio Book : Extended distribution","23154.81","4891.50",".00",".00",".00",".00",".00",".00",".00",".00","0","0"
6993,"2025-06-30","2025-04-01","FS540917",".00","322.80","2607.30","306.60","7774.60",".00",".00",".00",".00",".00",".00"," ","Widerdal, Mikael","2","SEK","10.68","5.34","9789189539099","Viktkontroll","9789189539099 - Viktkontroll", Media 24 / Digibook S6993,"Leverantör","1250.88","2183.50",".00",".00","Audio Book : Extended distribution","23154.81","4891.50",".00",".00",".00",".00",".00",".00",".00",".00","0","0"
6993,"2025-06-30","2025-04-01","FS540917",".00","322.80","2607.30","306.60","7774.60",".00",".00",".00",".00",".00",".00"," ","Widerdal, Mikael","1","SEK","5.35","5.35","9789189539099","Viktkontroll","9789189539099 - Viktkontroll", Media 24 / Digibook S6993,"Leverantör","1250.88","2183.50",".00",".00","Audio Book : Extended distribution","23154.81","4891.50",".00",".00",".00",".00",".00",".00",".00",".00","0","0"
6993,"2025-06-30","2025-04-01","FS540917",".00","322.80","2607.30","306.60","7774.60",".00",".00",".00",".00",".00",".00"," ","Widerdal, Mikael","1","SEK","6.00","6.00","9789189539037","Hälsa och välmående ","9789189539037 - Hälsa och välmående ", Media 24 / Digibook S6993,"Leverantör","1250.88","2183.50",".00",".00","Audio Book : Agregated","23154.81","4891.50",".00",".00",".00",".00",".00",".00",".00",".00","0","0"
6993,"2025-06-30","2025-04-01","FS540917",".00","322.80","2607.30","306.60","7774.60",".00",".00",".00",".00",".00",".00"," ","Widerdal, Mikael","1","SEK","6.00","6.00","9789189539181","Harmonisk graviditet","9789189539181 - Harmonisk graviditet", Media 24 / Digibook S6993,"Leverantör","1250.88","2183.50",".00",".00","Audio Book : Agregated","23154.81","4891.50",".00",".00",".00",".00",".00",".00",".00",".00","0","0"
6993,"2025-06-30","2025-04-01","FS540917",".00","322.80","2607.30","306.60","7774.60",".00",".00",".00",".00",".00",".00"," ","Widerdal, Mikael","1","SEK","8.00","8.00","9789189539150","Bättre sömn","9789189539150 - Bättre sömn", Media 24 / Digibook S6993,"Leverantör","1250.88","2183.50",".00",".00","Audio Book : Access Loan","23154.81","4891.50",".00",".00",".00",".00",".00",".00",".00",".00","0","0"
6993,"2025-06-30","2025-04-01","FS540917",".00","322.80","2607.30","306.60","7774.60",".00",".00",".00",".00",".00",".00"," ","Widerdal, Mikael","1","SEK","8.00","8.00","9789189539167","God natt","9789189539167 - God natt", Media 24 / Digibook S6993,"Leverantör","1250.88","2183.50",".00",".00","Audio Book : Access Loan","23154.81","4891.50",".00",".00",".00",".00",".00",".00",".00",".00","0","0"
6993,"2025-06-30","2025-04-01","FS540917",".00","322.80","2607.30","306.60","7774.60",".00",".00",".00",".00",".00",".00"," ","Widerdal, Mikael","1","SEK","9.00","9.00","9789189539068","Mental träning för dig som har tinnitus","9789189539068 - Mental träning för dig som har tinnitus", Media 24 / Digibook S6993,"Leverantör","1250.88","2183.50",".00",".00","Audio Book : Extended distribution","23154.81","4891.50",".00",".00",".00",".00",".00",".00",".00",".00","0","0"
6993,"2025-06-30","2025-04-01","FS540917",".00","322.80","2607.30","306.60","7774.60",".00",".00",".00",".00",".00",".00"," ","Widerdal, Mikael","1","SEK","76.50","76.50","9789189539150","Bättre sömn","9789189539150 - Bättre sömn", Media 24 / Digibook S6993,"Leverantör","1250.88","2183.50",".00",".00","Audio Book : Buy","23154.81","4891.50",".00",".00",".00",".00",".00",".00",".00",".00","0","0"
6993,"2025-06-30","2025-04-01","FS540917",".00","322.80","2607.30","306.60","7774.60",".00",".00",".00",".00",".00",".00"," ","Wike, P-C","3","SEK","45.60","15.20","9789190071243","Pepper","9789190071243 - Pepper", Media 24 / Digibook S6993,"Leverantör","1250.88","2183.50",".00",".00","Audio Book : Access Loan","23154.81","4891.50",".00",".00",".00",".00",".00",".00",".00",".00","0","0"
6993,"2025-06-30","2025-04-01","FS540917",".00","322.80","2607.30","306.60","7774.60",".00",".00",".00",".00",".00",".00"," ","Wike, P-C","2","SEK","39.88","19.94","9789190071243","Pepper","9789190071243 - Pepper", Media 24 / Digibook S6993,"Leverantör","1250.88","2183.50",".00",".00","Audio Book : Extended distribution","23154.81","4891.50",".00",".00",".00",".00",".00",".00",".00",".00","0","0"
6993,"2025-06-30","2025-04-01","FS540917",".00","322.80","2607.30","306.60","7774.60",".00",".00",".00",".00",".00",".00"," ","Wike, P-C","4","SEK","144.00","36.00","9789190071243","Pepper","9789190071243 - Pepper", Media 24 / Digibook S6993,"Leverantör","1250.88","2183.50",".00",".00","Audio Book : Agregated","23154.81","4891.50",".00",".00",".00",".00",".00",".00",".00",".00","0","0"
6993,"2025-06-30","2025-04-01","FS540917",".00","322.80","2607.30","306.60","7774.60",".00",".00",".00",".00",".00",".00"," ","Wästlund, Holger","5","SEK","22.90","4.58","9789189739185","AI för mindre företag","9789189739185 - AI för mindre företag", Media 24 / Digibook S6993,"Leverantör","1250.88","2183.50",".00",".00","Audio Book : Extended distribution","23154.81","4891.50",".00",".00",".00",".00",".00",".00",".00",".00","0","0"
6993,"2025-06-30","2025-04-01","FS540917",".00","322.80","2607.30","306.60","7774.60",".00",".00",".00",".00",".00",".00"," ","Wästlund, Holger","2","SEK","9.49","4.75","9789189739185","AI för mindre företag","9789189739185 - AI för mindre företag", Media 24 / Digibook S6993,"Leverantör","1250.88","2183.50",".00",".00","Audio Book : Extended distribution","23154.81","4891.50",".00",".00",".00",".00",".00",".00",".00",".00","0","0"
6993,"2025-06-30","2025-04-01","FS540917",".00","322.80","2607.30","306.60","7774.60",".00",".00",".00",".00",".00",".00"," ","Wästlund, Holger","2","SEK","9.62","4.81","9789189739185","AI för mindre företag","9789189739185 - AI för mindre företag", Media 24 / Digibook S6993,"Leverantör","1250.88","2183.50",".00",".00","Audio Book : Extended distribution","23154.81","4891.50",".00",".00",".00",".00",".00",".00",".00",".00","0","0"
6993,"2025-06-30","2025-04-01","FS540917",".00","322.80","2607.30","306.60","7774.60",".00",".00",".00",".00",".00",".00"," ","Wästlund, Holger","1","SEK","4.87","4.87","9789189739185","AI för mindre företag","9789189739185 - AI för mindre företag", Media 24 / Digibook S6993,"Leverantör","1250.88","2183.50",".00",".00","Audio Book : Extended distribution","23154.81","4891.50",".00",".00",".00",".00",".00",".00",".00",".00","0","0"
6993,"2025-06-30","2025-04-01","FS540917",".00","322.80","2607.30","306.60","7774.60",".00",".00",".00",".00",".00",".00"," ","Wästlund, Holger","2","SEK","10.46","5.23","9789189739666","25 sätt att tjäna pengar när du sover – så skaffar du dig passiva inkomster","9789189739666 - 25 sätt att tjäna pengar när du sover – så skaffar du dig passiva inkomster", Media 24 / Digibook S6993,"Leverantör","1250.88","2183.50",".00",".00","Audio Book : Extended distribution","23154.81","4891.50",".00",".00",".00",".00",".00",".00",".00",".00","0","0"
6993,"2025-06-30","2025-04-01","FS540917",".00","322.80","2607.30","306.60","7774.60",".00",".00",".00",".00",".00",".00"," ","Wästlund, Holger","2","SEK","10.83","5.42","9789189739666","25 sätt att tjäna pengar när du sover – så skaffar du dig passiva inkomster","9789189739666 - 25 sätt att tjäna pengar när du sover – så skaffar du dig passiva inkomster", Media 24 / Digibook S6993,"Leverantör","1250.88","2183.50",".00",".00","Audio Book : Extended distribution","23154.81","4891.50",".00",".00",".00",".00",".00",".00",".00",".00","0","0"
6993,"2025-06-30","2025-04-01","FS540917",".00","322.80","2607.30","306.60","7774.60",".00",".00",".00",".00",".00",".00"," ","Wästlund, Holger","1","SEK","5.49","5.49","9789189739185","AI för mindre företag","9789189739185 - AI för mindre företag", Media 24 / Digibook S6993,"Leverantör","1250.88","2183.50",".00",".00","Audio Book : Extended distribution","23154.81","4891.50",".00",".00",".00",".00",".00",".00",".00",".00","0","0"
6993,"2025-06-30","2025-04-01","FS540917",".00","322.80","2607.30","306.60","7774.60",".00",".00",".00",".00",".00",".00"," ","Wästlund, Holger","1","SEK","5.49","5.49","9789189739666","25 sätt att tjäna pengar när du sover – så skaffar du dig passiva inkomster","9789189739666 - 25 sätt att tjäna pengar när du sover – så skaffar du dig passiva inkomster", Media 24 / Digibook S6993,"Leverantör","1250.88","2183.50",".00",".00","Audio Book : Extended distribution","23154.81","4891.50",".00",".00",".00",".00",".00",".00",".00",".00","0","0"
6993,"2025-06-30","2025-04-01","FS540917",".00","322.80","2607.30","306.60","7774.60",".00",".00",".00",".00",".00",".00"," ","Wästlund, Holger","3","SEK","16.69","5.56","9789189739666","25 sätt att tjäna pengar när du sover – så skaffar du dig passiva inkomster","9789189739666 - 25 sätt att tjäna pengar när du sover – så skaffar du dig passiva inkomster", Media 24 / Digibook S6993,"Leverantör","1250.88","2183.50",".00",".00","Audio Book : Extended distribution","23154.81","4891.50",".00",".00",".00",".00",".00",".00",".00",".00","0","0"
6993,"2025-06-30","2025-04-01","FS540917",".00","322.80","2607.30","306.60","7774.60",".00",".00",".00",".00",".00",".00"," ","Wästlund, Holger","1","SEK","6.27","6.27","9789189739666","25 sätt att tjäna pengar när du sover – så skaffar du dig passiva inkomster","9789189739666 - 25 sätt att tjäna pengar när du sover – så skaffar du dig passiva inkomster", Media 24 / Digibook S6993,"Leverantör","1250.88","2183.50",".00",".00","Audio Book : Extended distribution","23154.81","4891.50",".00",".00",".00",".00",".00",".00",".00",".00","0","0"
6993,"2025-06-30","2025-04-01","FS540917",".00","322.80","2607.30","306.60","7774.60",".00",".00",".00",".00",".00",".00"," ","Wästlund, Holger","2","SEK","12.55","6.28","9789189739666","25 sätt att tjäna pengar när du sover – så skaffar du dig passiva inkomster","9789189739666 - 25 sätt att tjäna pengar när du sover – så skaffar du dig passiva inkomster", Media 24 / Digibook S6993,"Leverantör","1250.88","2183.50",".00",".00","Audio Book : Extended distribution","23154.81","4891.50",".00",".00",".00",".00",".00",".00",".00",".00","0","0"
6993,"2025-06-30","2025-04-01","FS540917",".00","322.80","2607.30","306.60","7774.60",".00",".00",".00",".00",".00",".00"," ","Wästlund, Holger","1","SEK","18.00","18.00","9789189739666","25 sätt att tjäna pengar när du sover – så skaffar du dig passiva inkomster","9789189739666 - 25 sätt att tjäna pengar när du sover – så skaffar du dig passiva inkomster", Media 24 / Digibook S6993,"Leverantör","1250.88","2183.50",".00",".00","Audio Book : Extended distribution","23154.81","4891.50",".00",".00",".00",".00",".00",".00",".00",".00","0","0"
6993,"2025-06-30","2025-04-01","FS540917",".00","322.80","2607.30","306.60","7774.60",".00",".00",".00",".00",".00",".00"," ","Ying, Ann","1","SEK",".20",".20","9789189857858","Drömkarusellen","9789189857858 - Drömkarusellen", Media 24 / Digibook S6993,"Leverantör","1250.88","2183.50",".00",".00","Ebook : Extended distribution","23154.81","4891.50",".00",".00",".00",".00",".00",".00",".00",".00","0","0"
6993,"2025-06-30","2025-04-01","FS540917",".00","322.80","2607.30","306.60","7774.60",".00",".00",".00",".00",".00",".00"," ","Ying, Ann","8","SEK","1.78",".22","9789189857742","Linneas magiska frisyrer","9789189857742 - Linneas magiska frisyrer", Media 24 / Digibook S6993,"Leverantör","1250.88","2183.50",".00",".00","Ebook : Extended distribution","23154.81","4891.50",".00",".00",".00",".00",".00",".00",".00",".00","0","0"
6993,"2025-06-30","2025-04-01","FS540917",".00","322.80","2607.30","306.60","7774.60",".00",".00",".00",".00",".00",".00"," ","Ying, Ann","1","SEK",".23",".23","9789189857889","Fläcken möter Randen","9789189857889 - Fläcken möter Randen", Media 24 / Digibook S6993,"Leverantör","1250.88","2183.50",".00",".00","Ebook : Extended distribution","23154.81","4891.50",".00",".00",".00",".00",".00",".00",".00",".00","0","0"
6993,"2025-06-30","2025-04-01","FS540917",".00","322.80","2607.30","306.60","7774.60",".00",".00",".00",".00",".00",".00"," ","Ying, Ann","1","SEK",".26",".26","9789189857889","Fläcken möter Randen","9789189857889 - Fläcken möter Randen", Media 24 / Digibook S6993,"Leverantör","1250.88","2183.50",".00",".00","Ebook : Extended distribution","23154.81","4891.50",".00",".00",".00",".00",".00",".00",".00",".00","0","0"
6993,"2025-06-30","2025-04-01","FS540917",".00","322.80","2607.30","306.60","7774.60",".00",".00",".00",".00",".00",".00"," ","Ying, Ann","2","SEK",".60",".30","9789189857742","Linneas magiska frisyrer","9789189857742 - Linneas magiska frisyrer", Media 24 / Digibook S6993,"Leverantör","1250.88","2183.50",".00",".00","Ebook : Extended distribution","23154.81","4891.50",".00",".00",".00",".00",".00",".00",".00",".00","0","0"
6993,"2025-06-30","2025-04-01","FS540917",".00","322.80","2607.30","306.60","7774.60",".00",".00",".00",".00",".00",".00"," ","Ying, Ann","2","SEK",".67",".34","9789189857858","Drömkarusellen","9789189857858 - Drömkarusellen", Media 24 / Digibook S6993,"Leverantör","1250.88","2183.50",".00",".00","Ebook : Extended distribution","23154.81","4891.50",".00",".00",".00",".00",".00",".00",".00",".00","0","0"
6993,"2025-06-30","2025-04-01","FS540917",".00","322.80","2607.30","306.60","7774.60",".00",".00",".00",".00",".00",".00"," ","Ying, Ann","1","SEK",".45",".45","9789189857742","Linneas magiska frisyrer","9789189857742 - Linneas magiska frisyrer", Media 24 / Digibook S6993,"Leverantör","1250.88","2183.50",".00",".00","Ebook : Extended distribution","23154.81","4891.50",".00",".00",".00",".00",".00",".00",".00",".00","0","0"
6993,"2025-06-30","2025-04-01","FS540917",".00","322.80","2607.30","306.60","7774.60",".00",".00",".00",".00",".00",".00"," ","Ying, Ann","1","SEK",".52",".52","9789189857766","Mysteriet med de försvunna maneterna","9789189857766 - Mysteriet med de försvunna maneterna", Media 24 / Digibook S6993,"Leverantör","1250.88","2183.50",".00",".00","Ebook : Extended distribution","23154.81","4891.50",".00",".00",".00",".00",".00",".00",".00",".00","0","0"
6993,"2025-06-30","2025-04-01","FS540917",".00","322.80","2607.30","306.60","7774.60",".00",".00",".00",".00",".00",".00"," ","Ying, Ann","1","SEK",".63",".63","9789189857773","Havsmysteriet","9789189857773 - Havsmysteriet", Media 24 / Digibook S6993,"Leverantör","1250.88","2183.50",".00",".00","Ebook : Extended distribution","23154.81","4891.50",".00",".00",".00",".00",".00",".00",".00",".00","0","0"
6993,"2025-06-30","2025-04-01","FS540917",".00","322.80","2607.30","306.60","7774.60",".00",".00",".00",".00",".00",".00"," ","Ying, Ann","1","SEK",".65",".65","9789189857773","Havsmysteriet","9789189857773 - Havsmysteriet", Media 24 / Digibook S6993,"Leverantör","1250.88","2183.50",".00",".00","Ebook : Extended distribution","23154.81","4891.50",".00",".00",".00",".00",".00",".00",".00",".00","0","0"
6993,"2025-06-30","2025-04-01","FS540917",".00","322.80","2607.30","306.60","7774.60",".00",".00",".00",".00",".00",".00"," ","Ying, Ann","2","SEK","1.78",".89","9789189857766","Mysteriet med de försvunna maneterna","9789189857766 - Mysteriet med de försvunna maneterna", Media 24 / Digibook S6993,"Leverantör","1250.88","2183.50",".00",".00","Ebook : Extended distribution","23154.81","4891.50",".00",".00",".00",".00",".00",".00",".00",".00","0","0"
6993,"2025-06-30","2025-04-01","FS540917",".00","322.80","2607.30","306.60","7774.60",".00",".00",".00",".00",".00",".00"," ","Ying, Ann","1","SEK","9.60","9.60","9789189857766","Mysteriet med de försvunna maneterna","9789189857766 - Mysteriet med de försvunna maneterna", Media 24 / Digibook S6993,"Leverantör","1250.88","2183.50",".00",".00","Ebook : Access Loan","23154.81","4891.50",".00",".00",".00",".00",".00",".00",".00",".00","0","0"
6993,"2025-06-30","2025-04-01","FS540917",".00","322.80","2607.30","306.60","7774.60",".00",".00",".00",".00",".00",".00"," ","di Polo, Piona","1","SEK",".41",".41","9789189739246","Junis våta drömmar - Japansk massage","9789189739246 - Junis våta drömmar - Japansk massage", Media 24 / Digibook S6993,"Leverantör","1250.88","2183.50",".00",".00","Ebook : Extended distribution","23154.81","4891.50",".00",".00",".00",".00",".00",".00",".00",".00","0","0"
6993,"2025-06-30","2025-04-01","FS540917",".00","322.80","2607.30","306.60","7774.60",".00",".00",".00",".00",".00",".00"," ","di Polo, Piona","2","SEK",".90",".45","9789189739246","Junis våta drömmar - Japansk massage","9789189739246 - Junis våta drömmar - Japansk massage", Media 24 / Digibook S6993,"Leverantör","1250.88","2183.50",".00",".00","Ebook : Extended distribution","23154.81","4891.50",".00",".00",".00",".00",".00",".00",".00",".00","0","0"
6993,"2025-06-30","2025-04-01","FS540917",".00","322.80","2607.30","306.60","7774.60",".00",".00",".00",".00",".00",".00"," ","di Polo, Piona","13","SEK","5.99",".46","9789189739246","Junis våta drömmar - Japansk massage","9789189739246 - Junis våta drömmar - Japansk massage", Media 24 / Digibook S6993,"Leverantör","1250.88","2183.50",".00",".00","Ebook : Extended distribution","23154.81","4891.50",".00",".00",".00",".00",".00",".00",".00",".00","0","0"
6993,"2025-06-30","2025-04-01","FS540917",".00","322.80","2607.30","306.60","7774.60",".00",".00",".00",".00",".00",".00"," ","di Polo, Piona","1","SEK",".46",".46","9789189739598","Junis våta drömmar - Japansk repkonst","9789189739598 - Junis våta drömmar - Japansk repkonst", Media 24 / Digibook S6993,"Leverantör","1250.88","2183.50",".00",".00","Ebook : Extended distribution","23154.81","4891.50",".00",".00",".00",".00",".00",".00",".00",".00","0","0"
6993,"2025-06-30","2025-04-01","FS540917",".00","322.80","2607.30","306.60","7774.60",".00",".00",".00",".00",".00",".00"," ","di Polo, Piona","8","SEK","3.79",".47","9789189739598","Junis våta drömmar - Japansk repkonst","9789189739598 - Junis våta drömmar - Japansk repkonst", Media 24 / Digibook S6993,"Leverantör","1250.88","2183.50",".00",".00","Ebook : Extended distribution","23154.81","4891.50",".00",".00",".00",".00",".00",".00",".00",".00","0","0"
6993,"2025-06-30","2025-04-01","FS540917",".00","322.80","2607.30","306.60","7774.60",".00",".00",".00",".00",".00",".00"," ","di Polo, Piona","2","SEK",".98",".49","9789189739222","Junis våta drömmar - Arkiv 22","9789189739222 - Junis våta drömmar - Arkiv 22", Media 24 / Digibook S6993,"Leverantör","1250.88","2183.50",".00",".00","Ebook : Extended distribution","23154.81","4891.50",".00",".00",".00",".00",".00",".00",".00",".00","0","0"
6993,"2025-06-30","2025-04-01","FS540917",".00","322.80","2607.30","306.60","7774.60",".00",".00",".00",".00",".00",".00"," ","di Polo, Piona","1","SEK",".51",".51","9789189739253","Junis våta drömmar - Sessionen","9789189739253 - Junis våta drömmar - Sessionen", Media 24 / Digibook S6993,"Leverantör","1250.88","2183.50",".00",".00","Ebook : Extended distribution","23154.81","4891.50",".00",".00",".00",".00",".00",".00",".00",".00","0","0"
6993,"2025-06-30","2025-04-01","FS540917",".00","322.80","2607.30","306.60","7774.60",".00",".00",".00",".00",".00",".00"," ","di Polo, Piona","1","SEK",".53",".53","9789189739406","Junis våta drömmar - Vendela & Sofie","9789189739406 - Junis våta drömmar - Vendela & Sofie", Media 24 / Digibook S6993,"Leverantör","1250.88","2183.50",".00",".00","Ebook : Extended distribution","23154.81","4891.50",".00",".00",".00",".00",".00",".00",".00",".00","0","0"
6993,"2025-06-30","2025-04-01","FS540917",".00","322.80","2607.30","306.60","7774.60",".00",".00",".00",".00",".00",".00"," ","di Polo, Piona","4","SEK","2.15",".54","9789189739222","Junis våta drömmar - Arkiv 22","9789189739222 - Junis våta drömmar - Arkiv 22", Media 24 / Digibook S6993,"Leverantör","1250.88","2183.50",".00",".00","Ebook : Extended distribution","23154.81","4891.50",".00",".00",".00",".00",".00",".00",".00",".00","0","0"
6993,"2025-06-30","2025-04-01","FS540917",".00","322.80","2607.30","306.60","7774.60",".00",".00",".00",".00",".00",".00"," ","di Polo, Piona","40","SEK","21.92",".55","9789189739222","Junis våta drömmar - Arkiv 22","9789189739222 - Junis våta drömmar - Arkiv 22", Media 24 / Digibook S6993,"Leverantör","1250.88","2183.50",".00",".00","Ebook : Extended distribution","23154.81","4891.50",".00",".00",".00",".00",".00",".00",".00",".00","0","0"
6993,"2025-06-30","2025-04-01","FS540917",".00","322.80","2607.30","306.60","7774.60",".00",".00",".00",".00",".00",".00"," ","di Polo, Piona","3","SEK","1.65",".55","9789189739260","Junis våta drömmar - Växthuset","9789189739260 - Junis våta drömmar - Växthuset", Media 24 / Digibook S6993,"Leverantör","1250.88","2183.50",".00",".00","Ebook : Extended distribution","23154.81","4891.50",".00",".00",".00",".00",".00",".00",".00",".00","0","0"
6993,"2025-06-30","2025-04-01","FS540917",".00","322.80","2607.30","306.60","7774.60",".00",".00",".00",".00",".00",".00"," ","di Polo, Piona","13","SEK","7.33",".56","9789189739260","Junis våta drömmar - Växthuset","9789189739260 - Junis våta drömmar - Växthuset", Media 24 / Digibook S6993,"Leverantör","1250.88","2183.50",".00",".00","Ebook : Extended distribution","23154.81","4891.50",".00",".00",".00",".00",".00",".00",".00",".00","0","0"
6993,"2025-06-30","2025-04-01","FS540917",".00","322.80","2607.30","306.60","7774.60",".00",".00",".00",".00",".00",".00"," ","di Polo, Piona","11","SEK","6.29",".57","9789189739253","Junis våta drömmar - Sessionen","9789189739253 - Junis våta drömmar - Sessionen", Media 24 / Digibook S6993,"Leverantör","1250.88","2183.50",".00",".00","Ebook : Extended distribution","23154.81","4891.50",".00",".00",".00",".00",".00",".00",".00",".00","0","0"
6993,"2025-06-30","2025-04-01","FS540917",".00","322.80","2607.30","306.60","7774.60",".00",".00",".00",".00",".00",".00"," ","di Polo, Piona","2","SEK","1.16",".58","9789189739406","Junis våta drömmar - Vendela & Sofie","9789189739406 - Junis våta drömmar - Vendela & Sofie", Media 24 / Digibook S6993,"Leverantör","1250.88","2183.50",".00",".00","Ebook : Extended distribution","23154.81","4891.50",".00",".00",".00",".00",".00",".00",".00",".00","0","0"
6993,"2025-06-30","2025-04-01","FS540917",".00","322.80","2607.30","306.60","7774.60",".00",".00",".00",".00",".00",".00"," ","di Polo, Piona","2","SEK","1.18",".59","9789189739406","Junis våta drömmar - Vendela & Sofie","9789189739406 - Junis våta drömmar - Vendela & Sofie", Media 24 / Digibook S6993,"Leverantör","1250.88","2183.50",".00",".00","Ebook : Extended distribution","23154.81","4891.50",".00",".00",".00",".00",".00",".00",".00",".00","0","0"
6993,"2025-06-30","2025-04-01","FS540917",".00","322.80","2607.30","306.60","7774.60",".00",".00",".00",".00",".00",".00"," ","di Polo, Piona","10","SEK","5.95",".60","9789189739406","Junis våta drömmar - Vendela & Sofie","9789189739406 - Junis våta drömmar - Vendela & Sofie", Media 24 / Digibook S6993,"Leverantör","1250.88","2183.50",".00",".00","Ebook : Extended distribution","23154.81","4891.50",".00",".00",".00",".00",".00",".00",".00",".00","0","0"
6993,"2025-06-30","2025-04-01","FS540917",".00","322.80","2607.30","306.60","7774.60",".00",".00",".00",".00",".00",".00"," ","di Polo, Piona","4","SEK","2.45",".61","9789189739239","Junis våta drömmar - Bibliotekarien","9789189739239 - Junis våta drömmar - Bibliotekarien", Media 24 / Digibook S6993,"Leverantör","1250.88","2183.50",".00",".00","Ebook : Extended distribution","23154.81","4891.50",".00",".00",".00",".00",".00",".00",".00",".00","0","0"
6993,"2025-06-30","2025-04-01","FS540917",".00","322.80","2607.30","306.60","7774.60",".00",".00",".00",".00",".00",".00"," ","di Polo, Piona","13","SEK","8.05",".62","9789189739239","Junis våta drömmar - Bibliotekarien","9789189739239 - Junis våta drömmar - Bibliotekarien", Media 24 / Digibook S6993,"Leverantör","1250.88","2183.50",".00",".00","Ebook : Extended distribution","23154.81","4891.50",".00",".00",".00",".00",".00",".00",".00",".00","0","0"
6993,"2025-06-30","2025-04-01","FS540917",".00","322.80","2607.30","306.60","7774.60",".00",".00",".00",".00",".00",".00"," ","di Polo, Piona","2","SEK","1.38",".69","9789189739604","Junis våta drömmar - Madam Q","9789189739604 - Junis våta drömmar - Madam Q", Media 24 / Digibook S6993,"Leverantör","1250.88","2183.50",".00",".00","Ebook : Extended distribution","23154.81","4891.50",".00",".00",".00",".00",".00",".00",".00",".00","0","0"
6993,"2025-06-30","2025-04-01","FS540917",".00","322.80","2607.30","306.60","7774.60",".00",".00",".00",".00",".00",".00"," ","di Polo, Piona","2","SEK","1.51",".76","9789189739604","Junis våta drömmar - Madam Q","9789189739604 - Junis våta drömmar - Madam Q", Media 24 / Digibook S6993,"Leverantör","1250.88","2183.50",".00",".00","Ebook : Extended distribution","23154.81","4891.50",".00",".00",".00",".00",".00",".00",".00",".00","0","0"
6993,"2025-06-30","2025-04-01","FS540917",".00","322.80","2607.30","306.60","7774.60",".00",".00",".00",".00",".00",".00"," ","di Polo, Piona","6","SEK","4.66",".78","9789189739604","Junis våta drömmar - Madam Q","9789189739604 - Junis våta drömmar - Madam Q", Media 24 / Digibook S6993,"Leverantör","1250.88","2183.50",".00",".00","Ebook : Extended distribution","23154.81","4891.50",".00",".00",".00",".00",".00",".00",".00",".00","0","0"
6993,"2025-06-30","2025-04-01","FS540917",".00","322.80","2607.30","306.60","7774.60",".00",".00",".00",".00",".00",".00"," ","di Polo, Piona","1","SEK",".84",".84","9789189739604","Junis våta drömmar - Madam Q","9789189739604 - Junis våta drömmar - Madam Q", Media 24 / Digibook S6993,"Leverantör","1250.88","2183.50",".00",".00","Ebook : Extended distribution","23154.81","4891.50",".00",".00",".00",".00",".00",".00",".00",".00","0","0"
6993,"2025-06-30","2025-04-01","FS540917",".00","322.80","2607.30","306.60","7774.60",".00",".00",".00",".00",".00",".00"," ","di Polo, Piona","2","SEK","2.02","1.01","9789189739581","Carte Rouge","9789189739581 - Carte Rouge", Media 24 / Digibook S6993,"Leverantör","1250.88","2183.50",".00",".00","Ebook : Extended distribution","23154.81","4891.50",".00",".00",".00",".00",".00",".00",".00",".00","0","0"
6993,"2025-06-30","2025-04-01","FS540917",".00","322.80","2607.30","306.60","7774.60",".00",".00",".00",".00",".00",".00"," ","di Polo, Piona","3","SEK","3.10","1.03","9789189739581","Carte Rouge","9789189739581 - Carte Rouge", Media 24 / Digibook S6993,"Leverantör","1250.88","2183.50",".00",".00","Ebook : Extended distribution","23154.81","4891.50",".00",".00",".00",".00",".00",".00",".00",".00","0","0"
6993,"2025-06-30","2025-04-01","FS540917",".00","322.80","2607.30","306.60","7774.60",".00",".00",".00",".00",".00",".00"," ","di Polo, Piona","1","SEK","1.16","1.16","9789189739604","Junis våta drömmar - Madam Q","9789189739604 - Junis våta drömmar - Madam Q", Media 24 / Digibook S6993,"Leverantör","1250.88","2183.50",".00",".00","Ebook : Extended distribution","23154.81","4891.50",".00",".00",".00",".00",".00",".00",".00",".00","0","0"
6993,"2025-06-30","2025-04-01","FS540917",".00","322.80","2607.30","306.60","7774.60",".00",".00",".00",".00",".00",".00"," ","di Polo, Piona","1","SEK","1.45","1.45","9789189739710","Le Petit Papillon Del 2","9789189739710 - Le Petit Papillon Del 2", Media 24 / Digibook S6993,"Leverantör","1250.88","2183.50",".00",".00","Ebook : Extended distribution","23154.81","4891.50",".00",".00",".00",".00",".00",".00",".00",".00","0","0"
6993,"2025-06-30","2025-04-01","FS540917",".00","322.80","2607.30","306.60","7774.60",".00",".00",".00",".00",".00",".00"," ","di Polo, Piona","2","SEK","2.92","1.46","9789189739703","Le Petit Papillon Del 1","9789189739703 - Le Petit Papillon Del 1", Media 24 / Digibook S6993,"Leverantör","1250.88","2183.50",".00",".00","Ebook : Extended distribution","23154.81","4891.50",".00",".00",".00",".00",".00",".00",".00",".00","0","0"
6993,"2025-06-30","2025-04-01","FS540917",".00","322.80","2607.30","306.60","7774.60",".00",".00",".00",".00",".00",".00"," ","di Polo, Piona","5","SEK","7.33","1.47","9789189739710","Le Petit Papillon Del 2","9789189739710 - Le Petit Papillon Del 2", Media 24 / Digibook S6993,"Leverantör","1250.88","2183.50",".00",".00","Ebook : Extended distribution","23154.81","4891.50",".00",".00",".00",".00",".00",".00",".00",".00","0","0"
6993,"2025-06-30","2025-04-01","FS540917",".00","322.80","2607.30","306.60","7774.60",".00",".00",".00",".00",".00",".00"," ","di Polo, Piona","1","SEK","1.48","1.48","9789189739703","Le Petit Papillon Del 1","9789189739703 - Le Petit Papillon Del 1", Media 24 / Digibook S6993,"Leverantör","1250.88","2183.50",".00",".00","Ebook : Extended distribution","23154.81","4891.50",".00",".00",".00",".00",".00",".00",".00",".00","0","0"
6993,"2025-06-30","2025-04-01","FS540917",".00","322.80","2607.30","306.60","7774.60",".00",".00",".00",".00",".00",".00"," ","di Polo, Piona","7","SEK","10.48","1.50","9789189739703","Le Petit Papillon Del 1","9789189739703 - Le Petit Papillon Del 1", Media 24 / Digibook S6993,"Leverantör","1250.88","2183.50",".00",".00","Ebook : Extended distribution","23154.81","4891.50",".00",".00",".00",".00",".00",".00",".00",".00","0","0"
6993,"2025-06-30","2025-04-01","FS540917",".00","322.80","2607.30","306.60","7774.60",".00",".00",".00",".00",".00",".00"," ","di Polo, Piona","1","SEK","1.50","1.50","9789189739796","Le Monastére","9789189739796 - Le Monastére", Media 24 / Digibook S6993,"Leverantör","1250.88","2183.50",".00",".00","Ebook : Extended distribution","23154.81","4891.50",".00",".00",".00",".00",".00",".00",".00",".00","0","0"
6993,"2025-06-30","2025-04-01","FS540917",".00","322.80","2607.30","306.60","7774.60",".00",".00",".00",".00",".00",".00"," ","di Polo, Piona","1","SEK","1.65","1.65","9789189739796","Le Monastére","9789189739796 - Le Monastére", Media 24 / Digibook S6993,"Leverantör","1250.88","2183.50",".00",".00","Ebook : Extended distribution","23154.81","4891.50",".00",".00",".00",".00",".00",".00",".00",".00","0","0"
6993,"2025-06-30","2025-04-01","FS540917",".00","322.80","2607.30","306.60","7774.60",".00",".00",".00",".00",".00",".00"," ","di Polo, Piona","2","SEK","3.34","1.67","9789189739796","Le Monastére","9789189739796 - Le Monastére", Media 24 / Digibook S6993,"Leverantör","1250.88","2183.50",".00",".00","Ebook : Extended distribution","23154.81","4891.50",".00",".00",".00",".00",".00",".00",".00",".00","0","0"
6993,"2025-06-30","2025-04-01","FS540917",".00","322.80","2607.30","306.60","7774.60",".00",".00",".00",".00",".00",".00"," ","di Polo, Piona","1","SEK","1.69","1.69","9789189739796","Le Monastére","9789189739796 - Le Monastére", Media 24 / Digibook S6993,"Leverantör","1250.88","2183.50",".00",".00","Ebook : Extended distribution","23154.81","4891.50",".00",".00",".00",".00",".00",".00",".00",".00","0","0"
6993,"2025-06-30","2025-04-01","FS540917",".00","322.80","2607.30","306.60","7774.60",".00",".00",".00",".00",".00",".00"," ","di Polo, Piona","2","SEK","3.59","1.80","9789189739796","Le Monastére","9789189739796 - Le Monastére", Media 24 / Digibook S6993,"Leverantör","1250.88","2183.50",".00",".00","Ebook : Extended distribution","23154.81","4891.50",".00",".00",".00",".00",".00",".00",".00",".00","0","0"
6993,"2025-06-30","2025-04-01","FS540917",".00","322.80","2607.30","306.60","7774.60",".00",".00",".00",".00",".00",".00"," ","di Polo, Piona","1","SEK","4.50","4.50","9789189739253","Junis våta drömmar - Sessionen","9789189739253 - Junis våta drömmar - Sessionen", Media 24 / Digibook S6993,"Leverantör","1250.88","2183.50",".00",".00","Ebook : Extended distribution","23154.81","4891.50",".00",".00",".00",".00",".00",".00",".00",".00","0","0"
6993,"2025-06-30","2025-04-01","FS540917",".00","322.80","2607.30","306.60","7774.60",".00",".00",".00",".00",".00",".00"," ","di Polo, Piona","1","SEK","4.50","4.50","9789189739260","Junis våta drömmar - Växthuset","9789189739260 - Junis våta drömmar - Växthuset", Media 24 / Digibook S6993,"Leverantör","1250.88","2183.50",".00",".00","Ebook : Extended distribution","23154.81","4891.50",".00",".00",".00",".00",".00",".00",".00",".00","0","0"
6993,"2025-06-30","2025-04-01","FS540917",".00","322.80","2607.30","306.60","7774.60",".00",".00",".00",".00",".00",".00"," ","di Polo, Piona","1","SEK","4.50","4.50","9789189739406","Junis våta drömmar - Vendela & Sofie","9789189739406 - Junis våta drömmar - Vendela & Sofie", Media 24 / Digibook S6993,"Leverantör","1250.88","2183.50",".00",".00","Ebook : Extended distribution","23154.81","4891.50",".00",".00",".00",".00",".00",".00",".00",".00","0","0"
6993,"2025-06-30","2025-04-01","FS540917",".00","322.80","2607.30","306.60","7774.60",".00",".00",".00",".00",".00",".00"," ","di Polo, Piona","1","SEK","8.60","8.60","9789189739222","Junis våta drömmar - Arkiv 22","9789189739222 - Junis våta drömmar - Arkiv 22", Media 24 / Digibook S6993,"Leverantör","1250.88","2183.50",".00",".00","Ebook : Agregated","23154.81","4891.50",".00",".00",".00",".00",".00",".00",".00",".00","0","0"
6993,"2025-06-30","2025-04-01","FS540917",".00","322.80","2607.30","306.60","7774.60",".00",".00",".00",".00",".00",".00"," ","di Polo, Piona","1","SEK","8.60","8.60","9789189739239","Junis våta drömmar - Bibliotekarien","9789189739239 - Junis våta drömmar - Bibliotekarien", Media 24 / Digibook S6993,"Leverantör","1250.88","2183.50",".00",".00","Ebook : Agregated","23154.81","4891.50",".00",".00",".00",".00",".00",".00",".00",".00","0","0"
6993,"2025-06-30","2025-04-01","FS540917",".00","322.80","2607.30","306.60","7774.60",".00",".00",".00",".00",".00",".00"," ","di Polo, Piona","1","SEK","8.60","8.60","9789189739246","Junis våta drömmar - Japansk massage","9789189739246 - Junis våta drömmar - Japansk massage", Media 24 / Digibook S6993,"Leverantör","1250.88","2183.50",".00",".00","Ebook : Agregated","23154.81","4891.50",".00",".00",".00",".00",".00",".00",".00",".00","0","0"
6993,"2025-06-30","2025-04-01","FS540917",".00","322.80","2607.30","306.60","7774.60",".00",".00",".00",".00",".00",".00"," ","di Polo, Piona","2","SEK","17.20","8.60","9789189739406","Junis våta drömmar - Vendela & Sofie","9789189739406 - Junis våta drömmar - Vendela & Sofie", Media 24 / Digibook S6993,"Leverantör","1250.88","2183.50",".00",".00","Ebook : Agregated","23154.81","4891.50",".00",".00",".00",".00",".00",".00",".00",".00","0","0"
6993,"2025-06-30","2025-04-01","FS540917",".00","322.80","2607.30","306.60","7774.60",".00",".00",".00",".00",".00",".00"," ","di Polo, Piona","1","SEK","9.00","9.00","9789189739581","Carte Rouge","9789189739581 - Carte Rouge", Media 24 / Digibook S6993,"Leverantör","1250.88","2183.50",".00",".00","Ebook : Extended distribution","23154.81","4891.50",".00",".00",".00",".00",".00",".00",".00",".00","0","0"
6993,"2025-06-30","2025-04-01","FS540917",".00","322.80","2607.30","306.60","7774.60",".00",".00",".00",".00",".00",".00"," ","di Polo, Piona","1","SEK","9.00","9.00","9789189739710","Le Petit Papillon Del 2","9789189739710 - Le Petit Papillon Del 2", Media 24 / Digibook S6993,"Leverantör","1250.88","2183.50",".00",".00","Ebook : Extended distribution","23154.81","4891.50",".00",".00",".00",".00",".00",".00",".00",".00","0","0"
6993,"2025-06-30","2025-04-01","FS540917",".00","322.80","2607.30","306.60","7774.60",".00",".00",".00",".00",".00",".00"," ","di Polo, Piona","1","SEK","10.34","10.34","9789189739857","Sessions","9789189739857 - Sessions", Media 24 / Digibook S6993,"Leverantör","1250.88","2183.50",".00",".00","Ebook : Extended distribution","23154.81","4891.50",".00",".00",".00",".00",".00",".00",".00",".00","0","0"
6993,"2025-06-30","2025-04-01","FS540917",".00","322.80","2607.30","306.60","7774.60",".00",".00",".00",".00",".00",".00"," ","di Polo, Piona","1","SEK","13.23","13.23","9789189857681","Liberatio","9789189857681 - Liberatio", Media 24 / Digibook S6993,"Leverantör","1250.88","2183.50",".00",".00","Ebook : Extended distribution","23154.81","4891.50",".00",".00",".00",".00",".00",".00",".00",".00","0","0"
6993,"2025-06-30","2025-04-01","FS540917",".00","322.80","2607.30","306.60","7774.60",".00",".00",".00",".00",".00",".00"," ","di Polo, Piona","2","SEK","26.80","13.40","9789189857681","Liberatio","9789189857681 - Liberatio", Media 24 / Digibook S6993,"Leverantör","1250.88","2183.50",".00",".00","Ebook : Extended distribution","23154.81","4891.50",".00",".00",".00",".00",".00",".00",".00",".00","0","0"
6993,"2025-06-30","2025-04-01","FS540917",".00","322.80","2607.30","306.60","7774.60",".00",".00",".00",".00",".00",".00"," ","di Polo, Piona","3","SEK","42.11","14.04","9789189857681","Liberatio","9789189857681 - Liberatio", Media 24 / Digibook S6993,"Leverantör","1250.88","2183.50",".00",".00","Ebook : Extended distribution","23154.81","4891.50",".00",".00",".00",".00",".00",".00",".00",".00","0","0"
6993,"2025-06-30","2025-04-01","FS540917",".00","322.80","2607.30","306.60","7774.60",".00",".00",".00",".00",".00",".00"," ","di Polo, Piona","1","SEK","17.89","17.89","9789189857681","Liberatio","9789189857681 - Liberatio", Media 24 / Digibook S6993,"Leverantör","1250.88","2183.50",".00",".00","Ebook : Extended distribution","23154.81","4891.50",".00",".00",".00",".00",".00",".00",".00",".00","0","0"
6993,"2025-06-30","2025-04-01","FS540917",".00","322.80","2607.30","306.60","7774.60",".00",".00",".00",".00",".00",".00"," ","di Polo, Piona","1","SEK","18.00","18.00","9789189739857","Sessions","9789189739857 - Sessions", Media 24 / Digibook S6993,"Leverantör","1250.88","2183.50",".00",".00","Ebook : Extended distribution","23154.81","4891.50",".00",".00",".00",".00",".00",".00",".00",".00","0","0"
6993,"2025-06-30","2025-04-01","FS540917",".00","322.80","2607.30","306.60","7774.60",".00",".00",".00",".00",".00",".00"," ","Åkerlind, Majvi","1","SEK","3.08","3.08","9789189739925","Gonella och de tre älskarna","9789189739925 - Gonella och de tre älskarna", Media 24 / Digibook S6993,"Leverantör","1250.88","2183.50",".00",".00","Ebook : Extended distribution","23154.81","4891.50",".00",".00",".00",".00",".00",".00",".00",".00","0","0"
6993,"2025-06-30","2025-04-01","FS540917",".00","322.80","2607.30","306.60","7774.60",".00",".00",".00",".00",".00",".00"," ","Åkerlind, Majvi","1","SEK","3.16","3.16","9789189739925","Gonella och de tre älskarna","9789189739925 - Gonella och de tre älskarna", Media 24 / Digibook S6993,"Leverantör","1250.88","2183.50",".00",".00","Ebook : Extended distribution","23154.81","4891.50",".00",".00",".00",".00",".00",".00",".00",".00","0","0"
6993,"2025-06-30","2025-04-01","FS540917",".00","322.80","2607.30","306.60","7774.60",".00",".00",".00",".00",".00",".00"," ","Åkerlind, Majvi","1","SEK","9.60","9.60","9789189835047","Augustinatt - erotisk novell","9789189835047 - Augustinatt - erotisk novell", Media 24 / Digibook S6993,"Leverantör","1250.88","2183.50",".00",".00","Ebook : Access Loan","23154.81","4891.50",".00",".00",".00",".00",".00",".00",".00",".00","0","0"
6993,"2025-06-30","2025-04-01","FS540917",".00","322.80","2607.30","306.60","7774.60",".00",".00",".00",".00",".00",".00","21339","Edelholt, Jan","2","SEK",".00",".00","9789190071144","Mannen utan värde","9789190071144 - Mannen utan värde", Media 24 / Digibook S6993,"Leverantör","1250.88","2183.50",".00",".00","Ebook : Buy","23154.81","4891.50",".00",".00",".00",".00",".00",".00",".00",".00","0","0"
6993,"2025-06-30","2025-04-01","FS540917",".00","322.80","2607.30","306.60","7774.60",".00",".00",".00",".00",".00",".00","21339","Edelholt, Jan","2","SEK",".00",".00","9789190071151","Coco - Mellan två världar","9789190071151 - Coco - Mellan två världar", Media 24 / Digibook S6993,"Leverantör","1250.88","2183.50",".00",".00","Ebook : Buy","23154.81","4891.50",".00",".00",".00",".00",".00",".00",".00",".00","0","0"
6993,"2025-06-30","2025-04-01","FS540917",".00","322.80","2607.30","306.60","7774.60",".00",".00",".00",".00",".00",".00","21339","Håkan","2","SEK",".00",".00","9789189857940","Rättvisan blev en fars. Falska anklagelser och kampen för sanningen.","9789189857940 - Rättvisan blev en fars. Falska anklagelser och kampen för sanningen.", Media 24 / Digibook S6993,"Leverantör","1250.88","2183.50",".00",".00","Ebook : Buy","23154.81","4891.50",".00",".00",".00",".00",".00",".00",".00",".00","0","0"
6993,"2025-06-30","2025-04-01","FS540917",".00","322.80","2607.30","306.60","7774.60",".00",".00",".00",".00",".00",".00","21339","L Gustavsson, Erik","1","SEK",".00",".00","9789190071113","Ytspänning","9789190071113 - Ytspänning", Media 24 / Digibook S6993,"Leverantör","1250.88","2183.50",".00",".00","Ebook : Buy","23154.81","4891.50",".00",".00",".00",".00",".00",".00",".00",".00","0","0"
6993,"2025-06-30","2025-04-01","FS540917",".00","322.80","2607.30","306.60","7774.60",".00",".00",".00",".00",".00",".00","21339","Lundin, Elisa","1","SEK",".00",".00","9789189857728","Train Trips: Semester med tåg i Sverige, Norge, Finland & Danmark","9789189857728 - Train Trips: Semester med tåg i Sverige, Norge, Finland & Danmark", Media 24 / Digibook S6993,"Leverantör","1250.88","2183.50",".00",".00","Ebook : Buy","23154.81","4891.50",".00",".00",".00",".00",".00",".00",".00",".00","0","0"
6993,"2025-06-30","2025-04-01","FS540917",".00","322.80","2607.30","306.60","7774.60",".00",".00",".00",".00",".00",".00","21339","Nilsson, Sven","1","SEK",".00",".00","9789189739949","Vilse i livet","9789189739949 - Vilse i livet", Media 24 / Digibook S6993,"Leverantör","1250.88","2183.50",".00",".00","Audio Book : Buy","23154.81","4891.50",".00",".00",".00",".00",".00",".00",".00",".00","0","0"
6993,"2025-06-30","2025-04-01","FS540917",".00","322.80","2607.30","306.60","7774.60",".00",".00",".00",".00",".00",".00","21339","Sourander, Julia","2","SEK",".00",".00","9789190071175","Försenade brev - Sanningen om min narcissistiska syster","9789190071175 - Försenade brev - Sanningen om min narcissistiska syster", Media 24 / Digibook S6993,"Leverantör","1250.88","2183.50",".00",".00","Ebook : Buy","23154.81","4891.50",".00",".00",".00",".00",".00",".00",".00",".00","0","0"
6993,"2025-06-30","2025-04-01","FS540917",".00","322.80","2607.30","306.60","7774.60",".00",".00",".00",".00",".00",".00","21339","Thormann, Monika","1","SEK",".00",".00","9789190071120","Är du min sjöjungfru?","9789190071120 - Är du min sjöjungfru?", Media 24 / Digibook S6993,"Leverantör","1250.88","2183.50",".00",".00","Ebook : Buy","23154.81","4891.50",".00",".00",".00",".00",".00",".00",".00",".00","0","0"