"ServiceID,""ToDate"",""FromDate"",""ID"",""AmtProdAudioBook"",""AmtLoanAudioBook"",""AmtPurchAuidoBook"",""AmtLoanEBook"",""AmtPurchEBook"",""AmtProdEBook"",""AmtSubscription"",""AmtSettleCatEBooks"",""AmtSettleUseAudioBook"",""AmtSettleUseEBooks"",""AmtSettleCatAudioBooks"",""OrderCampaignId"",""Author"",""Qty"",""Currency"",""TotalAmt"",""AmtPerPcs"",""IdentifyerCode"",""Product"",""TitleAndCode"",""Entity"",""invoiceSpecType"",""EBookAggregatedAmt"",""AudioBookAggregatedAmt"",""EBookUnitLicenseAmt"",""AudioBookUnitLicenseAmt"",""Format"",""AudioBookExtendedDistAmt"",""EBookExtendedDistAmt"",""Ebook20UsersAmt"",""Audio20UsersAmt"",""EbookLifelongAmt"",""AudioLifelongAmt"",""Ebook1YearAmt"",""Audio1YearAmt"",""AudioSchoolLoanAmt"",""EbookSchoolLoanAmt"",""EbookSchoolLoanQty"",""AudioSchoolLoanQty""";;
"6993,""2025-09-30"",""2025-07-01"",""FS545511"","".00"",""506.40"",""2432.70"",""59.40"",""13665.20"","".00"","".00"",""434.70"",""166.10"",""664.40"",""324.00"","" "",""Abimorad, Hebert"",""1"",""SEK"",""2.70"",""2.70"",""9789189835863"",""Frugaliska profetior"",""9789189835863 - Frugaliska profetior"", Media 24 / Digibook S6993,""Leverantör"",""1005.50"",""1891.00"","".00"","".00"",""Ebook : School Subscription"",""71073.00"",""4917.67"","".00"","".00"","".00"","".00"","".00"","".00"","".00"","".00"",""0"",""0""";;
"6993,""2025-09-30"",""2025-07-01"",""FS545511"","".00"",""506.40"",""2432.70"",""59.40"",""13665.20"","".00"","".00"",""434.70"",""166.10"",""664.40"",""324.00"","" "",""Adamsson, Ulla"",""1"",""SEK"",""2.70"",""2.70"",""9789189539464"",""Häxeld"",""9789189539464 - Häxeld"", Media 24 / Digibook S6993,""Leverantör"",""1005.50"",""1891.00"","".00"","".00"",""Ebook : School Subscription"",""71073.00"",""4917.67"","".00"","".00"","".00"","".00"","".00"","".00"","".00"","".00"",""0"",""0""";;
"6993,""2025-09-30"",""2025-07-01"",""FS545511"","".00"",""506.40"",""2432.70"",""59.40"",""13665.20"","".00"","".00"",""434.70"",""166.10"",""664.40"",""324.00"","" "",""Adamsson, Ulla"",""1"",""SEK"",""2.70"",""2.70"",""9789189539518"",""Häxringar"",""9789189539518 - Häxringar"", Media 24 / Digibook S6993,""Leverantör"",""1005.50"",""1891.00"","".00"","".00"",""Ebook : School Subscription"",""71073.00"",""4917.67"","".00"","".00"","".00"","".00"","".00"","".00"","".00"","".00"",""0"",""0""";;
"6993,""2025-09-30"",""2025-07-01"",""FS545511"","".00"",""506.40"",""2432.70"",""59.40"",""13665.20"","".00"","".00"",""434.70"",""166.10"",""664.40"",""324.00"","" "",""Adamsson, Ulla"",""1"",""SEK"",""2.70"",""2.70"",""9789189539532"",""Häxriter"",""9789189539532 - Häxriter"", Media 24 / Digibook S6993,""Leverantör"",""1005.50"",""1891.00"","".00"","".00"",""Ebook : School Subscription"",""71073.00"",""4917.67"","".00"","".00"","".00"","".00"","".00"","".00"","".00"","".00"",""0"",""0""";;
"6993,""2025-09-30"",""2025-07-01"",""FS545511"","".00"",""506.40"",""2432.70"",""59.40"",""13665.20"","".00"","".00"",""434.70"",""166.10"",""664.40"",""324.00"","" "",""Adra, Michelle"",""1"",""SEK"",""8.19"",""8.19"",""9789190071342"",""Som vi älskade"",""9789190071342 - Som vi älskade"", Media 24 / Digibook S6993,""Leverantör"",""1005.50"",""1891.00"","".00"","".00"",""Audio Book : Extended distribution"",""71073.00"",""4917.67"","".00"","".00"","".00"","".00"","".00"","".00"","".00"","".00"",""0"",""0""";;
"6993,""2025-09-30"",""2025-07-01"",""FS545511"","".00"",""506.40"",""2432.70"",""59.40"",""13665.20"","".00"","".00"",""434.70"",""166.10"",""664.40"",""324.00"","" "",""Adra, Michelle"",""37"",""SEK"",""348.87"",""9.43"",""9789190071342"",""Som vi älskade"",""9789190071342 - Som vi älskade"", Media 24 / Digibook S6993,""Leverantör"",""1005.50"",""1891.00"","".00"","".00"",""Audio Book : Extended distribution"",""71073.00"",""4917.67"","".00"","".00"","".00"","".00"","".00"","".00"","".00"","".00"",""0"",""0""";;
"6993,""2025-09-30"",""2025-07-01"",""FS545511"","".00"",""506.40"",""2432.70"",""59.40"",""13665.20"","".00"","".00"",""434.70"",""166.10"",""664.40"",""324.00"","" "",""Adra, Michelle"",""51"",""SEK"",""490.52"",""9.62"",""9789190071342"",""Som vi älskade"",""9789190071342 - Som vi älskade"", Media 24 / Digibook S6993,""Leverantör"",""1005.50"",""1891.00"","".00"","".00"",""Audio Book : Extended distribution"",""71073.00"",""4917.67"","".00"","".00"","".00"","".00"","".00"","".00"","".00"","".00"",""0"",""0""";;
"6993,""2025-09-30"",""2025-07-01"",""FS545511"","".00"",""506.40"",""2432.70"",""59.40"",""13665.20"","".00"","".00"",""434.70"",""166.10"",""664.40"",""324.00"","" "",""Adra, Michelle"",""45"",""SEK"",""503.58"",""11.19"",""9789190071342"",""Som vi älskade"",""9789190071342 - Som vi älskade"", Media 24 / Digibook S6993,""Leverantör"",""1005.50"",""1891.00"","".00"","".00"",""Audio Book : Extended distribution"",""71073.00"",""4917.67"","".00"","".00"","".00"","".00"","".00"","".00"","".00"","".00"",""0"",""0""";;
"6993,""2025-09-30"",""2025-07-01"",""FS545511"","".00"",""506.40"",""2432.70"",""59.40"",""13665.20"","".00"","".00"",""434.70"",""166.10"",""664.40"",""324.00"","" "",""Adra, Michelle"",""4"",""SEK"",""46.58"",""11.65"",""9789190071335"",""Som vi älskade"",""9789190071335 - Som vi älskade"", Media 24 / Digibook S6993,""Leverantör"",""1005.50"",""1891.00"","".00"","".00"",""Ebook : Extended distribution"",""71073.00"",""4917.67"","".00"","".00"","".00"","".00"","".00"","".00"","".00"","".00"",""0"",""0""";;
"6993,""2025-09-30"",""2025-07-01"",""FS545511"","".00"",""506.40"",""2432.70"",""59.40"",""13665.20"","".00"","".00"",""434.70"",""166.10"",""664.40"",""324.00"","" "",""Adra, Michelle"",""5"",""SEK"",""59.40"",""11.88"",""9789190071335"",""Som vi älskade"",""9789190071335 - Som vi älskade"", Media 24 / Digibook S6993,""Leverantör"",""1005.50"",""1891.00"","".00"","".00"",""Ebook : Extended distribution"",""71073.00"",""4917.67"","".00"","".00"","".00"","".00"","".00"","".00"","".00"","".00"",""0"",""0""";;
"6993,""2025-09-30"",""2025-07-01"",""FS545511"","".00"",""506.40"",""2432.70"",""59.40"",""13665.20"","".00"","".00"",""434.70"",""166.10"",""664.40"",""324.00"","" "",""Adra, Michelle"",""4"",""SEK"",""55.95"",""13.99"",""9789190071342"",""Som vi älskade"",""9789190071342 - Som vi älskade"", Media 24 / Digibook S6993,""Leverantör"",""1005.50"",""1891.00"","".00"","".00"",""Audio Book : Extended distribution"",""71073.00"",""4917.67"","".00"","".00"","".00"","".00"","".00"","".00"","".00"","".00"",""0"",""0""";;
"6993,""2025-09-30"",""2025-07-01"",""FS545511"","".00"",""506.40"",""2432.70"",""59.40"",""13665.20"","".00"","".00"",""434.70"",""166.10"",""664.40"",""324.00"","" "",""Adra, Michelle"",""1"",""SEK"",""51.30"",""51.30"",""9789190071335"",""Som vi älskade"",""9789190071335 - Som vi älskade"", Media 24 / Digibook S6993,""Leverantör"",""1005.50"",""1891.00"","".00"","".00"",""Ebook : Buy"",""71073.00"",""4917.67"","".00"","".00"","".00"","".00"","".00"","".00"","".00"","".00"",""0"",""0""";;
"6993,""2025-09-30"",""2025-07-01"",""FS545511"","".00"",""506.40"",""2432.70"",""59.40"",""13665.20"","".00"","".00"",""434.70"",""166.10"",""664.40"",""324.00"","" "",""Adra, Michelle"",""1"",""SEK"",""51.30"",""51.30"",""9789190071342"",""Som vi älskade"",""9789190071342 - Som vi älskade"", Media 24 / Digibook S6993,""Leverantör"",""1005.50"",""1891.00"","".00"","".00"",""Audio Book : Buy"",""71073.00"",""4917.67"","".00"","".00"","".00"","".00"","".00"","".00"","".00"","".00"",""0"",""0""";;
"6993,""2025-09-30"",""2025-07-01"",""FS545511"","".00"",""506.40"",""2432.70"",""59.40"",""13665.20"","".00"","".00"",""434.70"",""166.10"",""664.40"",""324.00"","" "",""Ajanki, Tord"",""1"",""SEK"",""8.00"",""8.00"",""9789189539785"",""Även jag önskar att det var jag som hade upptäckt insulinet"",""9789189539785 - Även jag önskar att det var jag som hade upptäckt insulinet"", Media 24 / Digibook S6993,""Leverantör"",""1005.50"",""1891.00"","".00"","".00"",""Ebook : Access Loan"",""71073.00"",""4917.67"","".00"","".00"","".00"","".00"","".00"","".00"","".00"","".00"",""0"",""0""";;
"6993,""2025-09-30"",""2025-07-01"",""FS545511"","".00"",""506.40"",""2432.70"",""59.40"",""13665.20"","".00"","".00"",""434.70"",""166.10"",""664.40"",""324.00"","" "",""Algvik, Karin"",""62"",""SEK"",""487.77"",""7.87"",""9789189857650"",""Emmy"",""9789189857650 - Emmy"", Media 24 / Digibook S6993,""Leverantör"",""1005.50"",""1891.00"","".00"","".00"",""Audio Book : Extended distribution"",""71073.00"",""4917.67"","".00"","".00"","".00"","".00"","".00"","".00"","".00"","".00"",""0"",""0""";;
"6993,""2025-09-30"",""2025-07-01"",""FS545511"","".00"",""506.40"",""2432.70"",""59.40"",""13665.20"","".00"","".00"",""434.70"",""166.10"",""664.40"",""324.00"","" "",""Algvik, Karin"",""24"",""SEK"",""192.60"",""8.03"",""9789189857650"",""Emmy"",""9789189857650 - Emmy"", Media 24 / Digibook S6993,""Leverantör"",""1005.50"",""1891.00"","".00"","".00"",""Audio Book : Extended distribution"",""71073.00"",""4917.67"","".00"","".00"","".00"","".00"","".00"","".00"","".00"","".00"",""0"",""0""";;
"6993,""2025-09-30"",""2025-07-01"",""FS545511"","".00"",""506.40"",""2432.70"",""59.40"",""13665.20"","".00"","".00"",""434.70"",""166.10"",""664.40"",""324.00"","" "",""Algvik, Karin"",""77"",""SEK"",""623.92"",""8.10"",""9789190071434"",""Ingrid"",""9789190071434 - Ingrid"", Media 24 / Digibook S6993,""Leverantör"",""1005.50"",""1891.00"","".00"","".00"",""Audio Book : Extended distribution"",""71073.00"",""4917.67"","".00"","".00"","".00"","".00"","".00"","".00"","".00"","".00"",""0"",""0""";;
"6993,""2025-09-30"",""2025-07-01"",""FS545511"","".00"",""506.40"",""2432.70"",""59.40"",""13665.20"","".00"","".00"",""434.70"",""166.10"",""664.40"",""324.00"","" "",""Algvik, Karin"",""9"",""SEK"",""74.20"",""8.24"",""9789189857650"",""Emmy"",""9789189857650 - Emmy"", Media 24 / Digibook S6993,""Leverantör"",""1005.50"",""1891.00"","".00"","".00"",""Audio Book : Extended distribution"",""71073.00"",""4917.67"","".00"","".00"","".00"","".00"","".00"","".00"","".00"","".00"",""0"",""0""";;
"6993,""2025-09-30"",""2025-07-01"",""FS545511"","".00"",""506.40"",""2432.70"",""59.40"",""13665.20"","".00"","".00"",""434.70"",""166.10"",""664.40"",""324.00"","" "",""Algvik, Karin"",""36"",""SEK"",""297.55"",""8.27"",""9789190071434"",""Ingrid"",""9789190071434 - Ingrid"", Media 24 / Digibook S6993,""Leverantör"",""1005.50"",""1891.00"","".00"","".00"",""Audio Book : Extended distribution"",""71073.00"",""4917.67"","".00"","".00"","".00"","".00"","".00"","".00"","".00"","".00"",""0"",""0""";;
"6993,""2025-09-30"",""2025-07-01"",""FS545511"","".00"",""506.40"",""2432.70"",""59.40"",""13665.20"","".00"","".00"",""434.70"",""166.10"",""664.40"",""324.00"","" "",""Algvik, Karin"",""1"",""SEK"",""9.34"",""9.34"",""9789189857605"",""Emmy"",""9789189857605 - Emmy"", Media 24 / Digibook S6993,""Leverantör"",""1005.50"",""1891.00"","".00"","".00"",""Ebook : Extended distribution"",""71073.00"",""4917.67"","".00"","".00"","".00"","".00"","".00"","".00"","".00"","".00"",""0"",""0""";;
"6993,""2025-09-30"",""2025-07-01"",""FS545511"","".00"",""506.40"",""2432.70"",""59.40"",""13665.20"","".00"","".00"",""434.70"",""166.10"",""664.40"",""324.00"","" "",""Algvik, Karin"",""122"",""SEK"",""1139.18"",""9.34"",""9789189857650"",""Emmy"",""9789189857650 - Emmy"", Media 24 / Digibook S6993,""Leverantör"",""1005.50"",""1891.00"","".00"","".00"",""Audio Book : Extended distribution"",""71073.00"",""4917.67"","".00"","".00"","".00"","".00"","".00"","".00"","".00"","".00"",""0"",""0""";;
"6993,""2025-09-30"",""2025-07-01"",""FS545511"","".00"",""506.40"",""2432.70"",""59.40"",""13665.20"","".00"","".00"",""434.70"",""166.10"",""664.40"",""324.00"","" "",""Algvik, Karin"",""2"",""SEK"",""19.05"",""9.53"",""9789189857605"",""Emmy"",""9789189857605 - Emmy"", Media 24 / Digibook S6993,""Leverantör"",""1005.50"",""1891.00"","".00"","".00"",""Ebook : Extended distribution"",""71073.00"",""4917.67"","".00"","".00"","".00"","".00"","".00"","".00"","".00"","".00"",""0"",""0""";;
"6993,""2025-09-30"",""2025-07-01"",""FS545511"","".00"",""506.40"",""2432.70"",""59.40"",""13665.20"","".00"","".00"",""434.70"",""166.10"",""664.40"",""324.00"","" "",""Algvik, Karin"",""265"",""SEK"",""2548.38"",""9.62"",""9789190071434"",""Ingrid"",""9789190071434 - Ingrid"", Media 24 / Digibook S6993,""Leverantör"",""1005.50"",""1891.00"","".00"","".00"",""Audio Book : Extended distribution"",""71073.00"",""4917.67"","".00"","".00"","".00"","".00"","".00"","".00"","".00"","".00"",""0"",""0""";;
"6993,""2025-09-30"",""2025-07-01"",""FS545511"","".00"",""506.40"",""2432.70"",""59.40"",""13665.20"","".00"","".00"",""434.70"",""166.10"",""664.40"",""324.00"","" "",""Algvik, Karin"",""1"",""SEK"",""9.78"",""9.78"",""9789190071427"",""Ingrid"",""9789190071427 - Ingrid"", Media 24 / Digibook S6993,""Leverantör"",""1005.50"",""1891.00"","".00"","".00"",""Ebook : Extended distribution"",""71073.00"",""4917.67"","".00"","".00"","".00"","".00"","".00"","".00"","".00"","".00"",""0"",""0""";;
"6993,""2025-09-30"",""2025-07-01"",""FS545511"","".00"",""506.40"",""2432.70"",""59.40"",""13665.20"","".00"","".00"",""434.70"",""166.10"",""664.40"",""324.00"","" "",""Algvik, Karin"",""2"",""SEK"",""20.57"",""10.29"",""9789189857605"",""Emmy"",""9789189857605 - Emmy"", Media 24 / Digibook S6993,""Leverantör"",""1005.50"",""1891.00"","".00"","".00"",""Ebook : Extended distribution"",""71073.00"",""4917.67"","".00"","".00"","".00"","".00"","".00"","".00"","".00"","".00"",""0"",""0""";;
"6993,""2025-09-30"",""2025-07-01"",""FS545511"","".00"",""506.40"",""2432.70"",""59.40"",""13665.20"","".00"","".00"",""434.70"",""166.10"",""664.40"",""324.00"","" "",""Algvik, Karin"",""1"",""SEK"",""10.57"",""10.57"",""9789190071427"",""Ingrid"",""9789190071427 - Ingrid"", Media 24 / Digibook S6993,""Leverantör"",""1005.50"",""1891.00"","".00"","".00"",""Ebook : Extended distribution"",""71073.00"",""4917.67"","".00"","".00"","".00"","".00"","".00"","".00"","".00"","".00"",""0"",""0""";;
"6993,""2025-09-30"",""2025-07-01"",""FS545511"","".00"",""506.40"",""2432.70"",""59.40"",""13665.20"","".00"","".00"",""434.70"",""166.10"",""664.40"",""324.00"","" "",""Algvik, Karin"",""1"",""SEK"",""11.50"",""11.50"",""9789190071434"",""Ingrid"",""9789190071434 - Ingrid"", Media 24 / Digibook S6993,""Leverantör"",""1005.50"",""1891.00"","".00"","".00"",""Audio Book : Extended distribution"",""71073.00"",""4917.67"","".00"","".00"","".00"","".00"","".00"","".00"","".00"","".00"",""0"",""0""";;
"6993,""2025-09-30"",""2025-07-01"",""FS545511"","".00"",""506.40"",""2432.70"",""59.40"",""13665.20"","".00"","".00"",""434.70"",""166.10"",""664.40"",""324.00"","" "",""Algvik, Karin"",""7"",""SEK"",""81.70"",""11.67"",""9789189857650"",""Emmy"",""9789189857650 - Emmy"", Media 24 / Digibook S6993,""Leverantör"",""1005.50"",""1891.00"","".00"","".00"",""Audio Book : Extended distribution"",""71073.00"",""4917.67"","".00"","".00"","".00"","".00"","".00"","".00"","".00"","".00"",""0"",""0""";;
"6993,""2025-09-30"",""2025-07-01"",""FS545511"","".00"",""506.40"",""2432.70"",""59.40"",""13665.20"","".00"","".00"",""434.70"",""166.10"",""664.40"",""324.00"","" "",""Algvik, Karin"",""4"",""SEK"",""48.10"",""12.03"",""9789190071434"",""Ingrid"",""9789190071434 - Ingrid"", Media 24 / Digibook S6993,""Leverantör"",""1005.50"",""1891.00"","".00"","".00"",""Audio Book : Extended distribution"",""71073.00"",""4917.67"","".00"","".00"","".00"","".00"","".00"","".00"","".00"","".00"",""0"",""0""";;
"6993,""2025-09-30"",""2025-07-01"",""FS545511"","".00"",""506.40"",""2432.70"",""59.40"",""13665.20"","".00"","".00"",""434.70"",""166.10"",""664.40"",""324.00"","" "",""Algvik, Karin"",""3"",""SEK"",""108.00"",""36.00"",""9789189857650"",""Emmy"",""9789189857650 - Emmy"", Media 24 / Digibook S6993,""Leverantör"",""1005.50"",""1891.00"","".00"","".00"",""Audio Book : Agregated"",""71073.00"",""4917.67"","".00"","".00"","".00"","".00"","".00"","".00"","".00"","".00"",""0"",""0""";;
"6993,""2025-09-30"",""2025-07-01"",""FS545511"","".00"",""506.40"",""2432.70"",""59.40"",""13665.20"","".00"","".00"",""434.70"",""166.10"",""664.40"",""324.00"","" "",""Algvik, Karin"",""3"",""SEK"",""108.00"",""36.00"",""9789190071434"",""Ingrid"",""9789190071434 - Ingrid"", Media 24 / Digibook S6993,""Leverantör"",""1005.50"",""1891.00"","".00"","".00"",""Audio Book : Agregated"",""71073.00"",""4917.67"","".00"","".00"","".00"","".00"","".00"","".00"","".00"","".00"",""0"",""0""";;
"6993,""2025-09-30"",""2025-07-01"",""FS545511"","".00"",""506.40"",""2432.70"",""59.40"",""13665.20"","".00"","".00"",""434.70"",""166.10"",""664.40"",""324.00"","" "",""Algvik, Karin"",""1"",""SEK"",""51.30"",""51.30"",""9789190071434"",""Ingrid"",""9789190071434 - Ingrid"", Media 24 / Digibook S6993,""Leverantör"",""1005.50"",""1891.00"","".00"","".00"",""Audio Book : Buy"",""71073.00"",""4917.67"","".00"","".00"","".00"","".00"","".00"","".00"","".00"","".00"",""0"",""0""";;
"6993,""2025-09-30"",""2025-07-01"",""FS545511"","".00"",""506.40"",""2432.70"",""59.40"",""13665.20"","".00"","".00"",""434.70"",""166.10"",""664.40"",""324.00"","" "",""Algvik, Karin"",""1"",""SEK"",""63.00"",""63.00"",""9789190071427"",""Ingrid"",""9789190071427 - Ingrid"", Media 24 / Digibook S6993,""Leverantör"",""1005.50"",""1891.00"","".00"","".00"",""Ebook : Agregated"",""71073.00"",""4917.67"","".00"","".00"","".00"","".00"","".00"","".00"","".00"","".00"",""0"",""0""";;
"6993,""2025-09-30"",""2025-07-01"",""FS545511"","".00"",""506.40"",""2432.70"",""59.40"",""13665.20"","".00"","".00"",""434.70"",""166.10"",""664.40"",""324.00"","" "",""Andersen, Lexi"",""2"",""SEK"",""1.34"","".67"",""9789189857124"",""Sommarflört del 2 - Njutning"",""9789189857124 - Sommarflört del 2 - Njutning"", Media 24 / Digibook S6993,""Leverantör"",""1005.50"",""1891.00"","".00"","".00"",""Ebook : Extended distribution"",""71073.00"",""4917.67"","".00"","".00"","".00"","".00"","".00"","".00"","".00"","".00"",""0"",""0""";;
"6993,""2025-09-30"",""2025-07-01"",""FS545511"","".00"",""506.40"",""2432.70"",""59.40"",""13665.20"","".00"","".00"",""434.70"",""166.10"",""664.40"",""324.00"","" "",""Andersen, Lexi"",""1"",""SEK"","".70"","".70"",""9789189857124"",""Sommarflört del 2 - Njutning"",""9789189857124 - Sommarflört del 2 - Njutning"", Media 24 / Digibook S6993,""Leverantör"",""1005.50"",""1891.00"","".00"","".00"",""Ebook : Extended distribution"",""71073.00"",""4917.67"","".00"","".00"","".00"","".00"","".00"","".00"","".00"","".00"",""0"",""0""";;
"6993,""2025-09-30"",""2025-07-01"",""FS545511"","".00"",""506.40"",""2432.70"",""59.40"",""13665.20"","".00"","".00"",""434.70"",""166.10"",""664.40"",""324.00"","" "",""Andersen, Lexi"",""3"",""SEK"",""3.12"",""1.04"",""9789189835276"",""Sommarflört del 1 - Midsommar"",""9789189835276 - Sommarflört del 1 - Midsommar"", Media 24 / Digibook S6993,""Leverantör"",""1005.50"",""1891.00"","".00"","".00"",""Ebook : Extended distribution"",""71073.00"",""4917.67"","".00"","".00"","".00"","".00"","".00"","".00"","".00"","".00"",""0"",""0""";;
"6993,""2025-09-30"",""2025-07-01"",""FS545511"","".00"",""506.40"",""2432.70"",""59.40"",""13665.20"","".00"","".00"",""434.70"",""166.10"",""664.40"",""324.00"","" "",""Andersen, Lexi"",""2"",""SEK"",""2.19"",""1.10"",""9789189835276"",""Sommarflört del 1 - Midsommar"",""9789189835276 - Sommarflört del 1 - Midsommar"", Media 24 / Digibook S6993,""Leverantör"",""1005.50"",""1891.00"","".00"","".00"",""Ebook : Extended distribution"",""71073.00"",""4917.67"","".00"","".00"","".00"","".00"","".00"","".00"","".00"","".00"",""0"",""0""";;
"6993,""2025-09-30"",""2025-07-01"",""FS545511"","".00"",""506.40"",""2432.70"",""59.40"",""13665.20"","".00"","".00"",""434.70"",""166.10"",""664.40"",""324.00"","" "",""Andersen, Lexi"",""1"",""SEK"",""2.70"",""2.70"",""9789189835276"",""Sommarflört del 1 - Midsommar"",""9789189835276 - Sommarflört del 1 - Midsommar"", Media 24 / Digibook S6993,""Leverantör"",""1005.50"",""1891.00"","".00"","".00"",""Ebook : School Subscription"",""71073.00"",""4917.67"","".00"","".00"","".00"","".00"","".00"","".00"","".00"","".00"",""0"",""0""";;
"6993,""2025-09-30"",""2025-07-01"",""FS545511"","".00"",""506.40"",""2432.70"",""59.40"",""13665.20"","".00"","".00"",""434.70"",""166.10"",""664.40"",""324.00"","" "",""Andersen, Lexi"",""1"",""SEK"",""2.70"",""2.70"",""9789189857124"",""Sommarflört del 2 - Njutning"",""9789189857124 - Sommarflört del 2 - Njutning"", Media 24 / Digibook S6993,""Leverantör"",""1005.50"",""1891.00"","".00"","".00"",""Ebook : School Subscription"",""71073.00"",""4917.67"","".00"","".00"","".00"","".00"","".00"","".00"","".00"","".00"",""0"",""0""";;
"6993,""2025-09-30"",""2025-07-01"",""FS545511"","".00"",""506.40"",""2432.70"",""59.40"",""13665.20"","".00"","".00"",""434.70"",""166.10"",""664.40"",""324.00"","" "",""Andersson, Jens"",""1"",""SEK"",""4.19"",""4.19"",""9789190071311"",""Ekorren och Duvan"",""9789190071311 - Ekorren och Duvan"", Media 24 / Digibook S6993,""Leverantör"",""1005.50"",""1891.00"","".00"","".00"",""Audio Book : Extended distribution"",""71073.00"",""4917.67"","".00"","".00"","".00"","".00"","".00"","".00"","".00"","".00"",""0"",""0""";;
"6993,""2025-09-30"",""2025-07-01"",""FS545511"","".00"",""506.40"",""2432.70"",""59.40"",""13665.20"","".00"","".00"",""434.70"",""166.10"",""664.40"",""324.00"","" "",""Andersson, Jens"",""7"",""SEK"",""29.88"",""4.27"",""9789190071311"",""Ekorren och Duvan"",""9789190071311 - Ekorren och Duvan"", Media 24 / Digibook S6993,""Leverantör"",""1005.50"",""1891.00"","".00"","".00"",""Audio Book : Extended distribution"",""71073.00"",""4917.67"","".00"","".00"","".00"","".00"","".00"","".00"","".00"","".00"",""0"",""0""";;
"6993,""2025-09-30"",""2025-07-01"",""FS545511"","".00"",""506.40"",""2432.70"",""59.40"",""13665.20"","".00"","".00"",""434.70"",""166.10"",""664.40"",""324.00"","" "",""Andersson, Jens"",""1"",""SEK"",""4.95"",""4.95"",""9789190071328"",""Ekorren och Duvan"",""9789190071328 - Ekorren och Duvan"", Media 24 / Digibook S6993,""Leverantör"",""1005.50"",""1891.00"","".00"","".00"",""Ebook : Extended distribution"",""71073.00"",""4917.67"","".00"","".00"","".00"","".00"","".00"","".00"","".00"","".00"",""0"",""0""";;
"6993,""2025-09-30"",""2025-07-01"",""FS545511"","".00"",""506.40"",""2432.70"",""59.40"",""13665.20"","".00"","".00"",""434.70"",""166.10"",""664.40"",""324.00"","" "",""Andersson, Jens"",""3"",""SEK"",""18.63"",""6.21"",""9789190071311"",""Ekorren och Duvan"",""9789190071311 - Ekorren och Duvan"", Media 24 / Digibook S6993,""Leverantör"",""1005.50"",""1891.00"","".00"","".00"",""Audio Book : Extended distribution"",""71073.00"",""4917.67"","".00"","".00"","".00"","".00"","".00"","".00"","".00"","".00"",""0"",""0""";;
"6993,""2025-09-30"",""2025-07-01"",""FS545511"","".00"",""506.40"",""2432.70"",""59.40"",""13665.20"","".00"","".00"",""434.70"",""166.10"",""664.40"",""324.00"","" "",""Andersson, Jens"",""1"",""SEK"",""30.60"",""30.60"",""9789190071311"",""Ekorren och Duvan"",""9789190071311 - Ekorren och Duvan"", Media 24 / Digibook S6993,""Leverantör"",""1005.50"",""1891.00"","".00"","".00"",""Audio Book : Buy"",""71073.00"",""4917.67"","".00"","".00"","".00"","".00"","".00"","".00"","".00"","".00"",""0"",""0""";;
"6993,""2025-09-30"",""2025-07-01"",""FS545511"","".00"",""506.40"",""2432.70"",""59.40"",""13665.20"","".00"","".00"",""434.70"",""166.10"",""664.40"",""324.00"","" "",""Andersson, Tommy"",""1"",""SEK"",""2.70"",""2.70"",""9789189739789"",""Vägen till ordern - En enkel säljbok"",""9789189739789 - Vägen till ordern - En enkel säljbok"", Media 24 / Digibook S6993,""Leverantör"",""1005.50"",""1891.00"","".00"","".00"",""Ebook : School Subscription"",""71073.00"",""4917.67"","".00"","".00"","".00"","".00"","".00"","".00"","".00"","".00"",""0"",""0""";;
"6993,""2025-09-30"",""2025-07-01"",""FS545511"","".00"",""506.40"",""2432.70"",""59.40"",""13665.20"","".00"","".00"",""434.70"",""166.10"",""664.40"",""324.00"","" "",""Ankarberg, Doris"",""1"",""SEK"",""2.70"",""2.70"",""9789189539112"",""Healing - meditationer för djup avslappning"",""9789189539112 - Healing - meditationer för djup avslappning"", Media 24 / Digibook S6993,""Leverantör"",""1005.50"",""1891.00"","".00"","".00"",""Audio Book : School Subscription"",""71073.00"",""4917.67"","".00"","".00"","".00"","".00"","".00"","".00"","".00"","".00"",""0"",""0""";;
"6993,""2025-09-30"",""2025-07-01"",""FS545511"","".00"",""506.40"",""2432.70"",""59.40"",""13665.20"","".00"","".00"",""434.70"",""166.10"",""664.40"",""324.00"","" "",""Ankarberg, Doris"",""4"",""SEK"",""14.30"",""3.58"",""9789189539112"",""Healing - meditationer för djup avslappning"",""9789189539112 - Healing - meditationer för djup avslappning"", Media 24 / Digibook S6993,""Leverantör"",""1005.50"",""1891.00"","".00"","".00"",""Audio Book : Extended distribution"",""71073.00"",""4917.67"","".00"","".00"","".00"","".00"","".00"","".00"","".00"","".00"",""0"",""0""";;
"6993,""2025-09-30"",""2025-07-01"",""FS545511"","".00"",""506.40"",""2432.70"",""59.40"",""13665.20"","".00"","".00"",""434.70"",""166.10"",""664.40"",""324.00"","" "",""Ankarberg, Doris"",""2"",""SEK"",""7.23"",""3.62"",""9789189539112"",""Healing - meditationer för djup avslappning"",""9789189539112 - Healing - meditationer för djup avslappning"", Media 24 / Digibook S6993,""Leverantör"",""1005.50"",""1891.00"","".00"","".00"",""Audio Book : Extended distribution"",""71073.00"",""4917.67"","".00"","".00"","".00"","".00"","".00"","".00"","".00"","".00"",""0"",""0""";;
"6993,""2025-09-30"",""2025-07-01"",""FS545511"","".00"",""506.40"",""2432.70"",""59.40"",""13665.20"","".00"","".00"",""434.70"",""166.10"",""664.40"",""324.00"","" "",""Ankarberg, Doris"",""4"",""SEK"",""14.74"",""3.69"",""9789189539112"",""Healing - meditationer för djup avslappning"",""9789189539112 - Healing - meditationer för djup avslappning"", Media 24 / Digibook S6993,""Leverantör"",""1005.50"",""1891.00"","".00"","".00"",""Audio Book : Extended distribution"",""71073.00"",""4917.67"","".00"","".00"","".00"","".00"","".00"","".00"","".00"","".00"",""0"",""0""";;
"6993,""2025-09-30"",""2025-07-01"",""FS545511"","".00"",""506.40"",""2432.70"",""59.40"",""13665.20"","".00"","".00"",""434.70"",""166.10"",""664.40"",""324.00"","" "",""Ankarberg, Doris"",""4"",""SEK"",""15.14"",""3.79"",""9789189539112"",""Healing - meditationer för djup avslappning"",""9789189539112 - Healing - meditationer för djup avslappning"", Media 24 / Digibook S6993,""Leverantör"",""1005.50"",""1891.00"","".00"","".00"",""Audio Book : Extended distribution"",""71073.00"",""4917.67"","".00"","".00"","".00"","".00"","".00"","".00"","".00"","".00"",""0"",""0""";;
"6993,""2025-09-30"",""2025-07-01"",""FS545511"","".00"",""506.40"",""2432.70"",""59.40"",""13665.20"","".00"","".00"",""434.70"",""166.10"",""664.40"",""324.00"","" "",""Ankarberg, Doris"",""11"",""SEK"",""47.17"",""4.29"",""9789189539112"",""Healing - meditationer för djup avslappning"",""9789189539112 - Healing - meditationer för djup avslappning"", Media 24 / Digibook S6993,""Leverantör"",""1005.50"",""1891.00"","".00"","".00"",""Audio Book : Extended distribution"",""71073.00"",""4917.67"","".00"","".00"","".00"","".00"","".00"","".00"","".00"","".00"",""0"",""0""";;
"6993,""2025-09-30"",""2025-07-01"",""FS545511"","".00"",""506.40"",""2432.70"",""59.40"",""13665.20"","".00"","".00"",""434.70"",""166.10"",""664.40"",""324.00"","" "",""Astronauter, Forntida"",""4"",""SEK"",""1.65"","".41"",""9789189857155"",""Jättarnas Bok - The Book of Giants"",""9789189857155 - Jättarnas Bok - The Book of Giants"", Media 24 / Digibook S6993,""Leverantör"",""1005.50"",""1891.00"","".00"","".00"",""Audio Book : Extended distribution"",""71073.00"",""4917.67"","".00"","".00"","".00"","".00"","".00"","".00"","".00"","".00"",""0"",""0""";;
"6993,""2025-09-30"",""2025-07-01"",""FS545511"","".00"",""506.40"",""2432.70"",""59.40"",""13665.20"","".00"","".00"",""434.70"",""166.10"",""664.40"",""324.00"","" "",""Astronauter, Forntida"",""9"",""SEK"",""3.76"","".42"",""9789189857155"",""Jättarnas Bok - The Book of Giants"",""9789189857155 - Jättarnas Bok - The Book of Giants"", Media 24 / Digibook S6993,""Leverantör"",""1005.50"",""1891.00"","".00"","".00"",""Audio Book : Extended distribution"",""71073.00"",""4917.67"","".00"","".00"","".00"","".00"","".00"","".00"","".00"","".00"",""0"",""0""";;
"6993,""2025-09-30"",""2025-07-01"",""FS545511"","".00"",""506.40"",""2432.70"",""59.40"",""13665.20"","".00"","".00"",""434.70"",""166.10"",""664.40"",""324.00"","" "",""Astronauter, Forntida"",""14"",""SEK"",""5.97"","".43"",""9789189857155"",""Jättarnas Bok - The Book of Giants"",""9789189857155 - Jättarnas Bok - The Book of Giants"", Media 24 / Digibook S6993,""Leverantör"",""1005.50"",""1891.00"","".00"","".00"",""Audio Book : Extended distribution"",""71073.00"",""4917.67"","".00"","".00"","".00"","".00"","".00"","".00"","".00"","".00"",""0"",""0""";;
"6993,""2025-09-30"",""2025-07-01"",""FS545511"","".00"",""506.40"",""2432.70"",""59.40"",""13665.20"","".00"","".00"",""434.70"",""166.10"",""664.40"",""324.00"","" "",""Astronauter, Forntida"",""4"",""SEK"",""1.75"","".44"",""9789189857155"",""Jättarnas Bok - The Book of Giants"",""9789189857155 - Jättarnas Bok - The Book of Giants"", Media 24 / Digibook S6993,""Leverantör"",""1005.50"",""1891.00"","".00"","".00"",""Audio Book : Extended distribution"",""71073.00"",""4917.67"","".00"","".00"","".00"","".00"","".00"","".00"","".00"","".00"",""0"",""0""";;
"6993,""2025-09-30"",""2025-07-01"",""FS545511"","".00"",""506.40"",""2432.70"",""59.40"",""13665.20"","".00"","".00"",""434.70"",""166.10"",""664.40"",""324.00"","" "",""Astronauter, Forntida"",""2"",""SEK"","".98"","".49"",""9789189857155"",""Jättarnas Bok - The Book of Giants"",""9789189857155 - Jättarnas Bok - The Book of Giants"", Media 24 / Digibook S6993,""Leverantör"",""1005.50"",""1891.00"","".00"","".00"",""Audio Book : Extended distribution"",""71073.00"",""4917.67"","".00"","".00"","".00"","".00"","".00"","".00"","".00"","".00"",""0"",""0""";;
"6993,""2025-09-30"",""2025-07-01"",""FS545511"","".00"",""506.40"",""2432.70"",""59.40"",""13665.20"","".00"","".00"",""434.70"",""166.10"",""664.40"",""324.00"","" "",""Astronauter, Forntida"",""1"",""SEK"",""1.49"",""1.49"",""9789189857131"",""Enoks Bok - En Svensk Genomarbetad och Modern Översättning"",""9789189857131 - Enoks Bok - En Svensk Genomarbetad och Modern Översättning"", Media 24 / Digibook S6993,""Leverantör"",""1005.50"",""1891.00"","".00"","".00"",""Ebook : Extended distribution"",""71073.00"",""4917.67"","".00"","".00"","".00"","".00"","".00"","".00"","".00"","".00"",""0"",""0""";;
"6993,""2025-09-30"",""2025-07-01"",""FS545511"","".00"",""506.40"",""2432.70"",""59.40"",""13665.20"","".00"","".00"",""434.70"",""166.10"",""664.40"",""324.00"","" "",""Astronauter, Forntida"",""1"",""SEK"",""1.61"",""1.61"",""9789189857131"",""Enoks Bok - En Svensk Genomarbetad och Modern Översättning"",""9789189857131 - Enoks Bok - En Svensk Genomarbetad och Modern Översättning"", Media 24 / Digibook S6993,""Leverantör"",""1005.50"",""1891.00"","".00"","".00"",""Ebook : Extended distribution"",""71073.00"",""4917.67"","".00"","".00"","".00"","".00"","".00"","".00"","".00"","".00"",""0"",""0""";;
"6993,""2025-09-30"",""2025-07-01"",""FS545511"","".00"",""506.40"",""2432.70"",""59.40"",""13665.20"","".00"","".00"",""434.70"",""166.10"",""664.40"",""324.00"","" "",""Astronauter, Forntida"",""1"",""SEK"",""1.65"",""1.65"",""9789189857131"",""Enoks Bok - En Svensk Genomarbetad och Modern Översättning"",""9789189857131 - Enoks Bok - En Svensk Genomarbetad och Modern Översättning"", Media 24 / Digibook S6993,""Leverantör"",""1005.50"",""1891.00"","".00"","".00"",""Ebook : Extended distribution"",""71073.00"",""4917.67"","".00"","".00"","".00"","".00"","".00"","".00"","".00"","".00"",""0"",""0""";;
"6993,""2025-09-30"",""2025-07-01"",""FS545511"","".00"",""506.40"",""2432.70"",""59.40"",""13665.20"","".00"","".00"",""434.70"",""166.10"",""664.40"",""324.00"","" "",""Astronauter, Forntida"",""1"",""SEK"",""1.69"",""1.69"",""9789189857131"",""Enoks Bok - En Svensk Genomarbetad och Modern Översättning"",""9789189857131 - Enoks Bok - En Svensk Genomarbetad och Modern Översättning"", Media 24 / Digibook S6993,""Leverantör"",""1005.50"",""1891.00"","".00"","".00"",""Ebook : Extended distribution"",""71073.00"",""4917.67"","".00"","".00"","".00"","".00"","".00"","".00"","".00"","".00"",""0"",""0""";;
"6993,""2025-09-30"",""2025-07-01"",""FS545511"","".00"",""506.40"",""2432.70"",""59.40"",""13665.20"","".00"","".00"",""434.70"",""166.10"",""664.40"",""324.00"","" "",""Astronauter, Forntida"",""25"",""SEK"",""42.30"",""1.69"",""9789189857186"",""Enoks Bok - En Svensk Genomarbetad och Modern Översättning"",""9789189857186 - Enoks Bok - En Svensk Genomarbetad och Modern Översättning"", Media 24 / Digibook S6993,""Leverantör"",""1005.50"",""1891.00"","".00"","".00"",""Audio Book : Extended distribution"",""71073.00"",""4917.67"","".00"","".00"","".00"","".00"","".00"","".00"","".00"","".00"",""0"",""0""";;
"6993,""2025-09-30"",""2025-07-01"",""FS545511"","".00"",""506.40"",""2432.70"",""59.40"",""13665.20"","".00"","".00"",""434.70"",""166.10"",""664.40"",""324.00"","" "",""Astronauter, Forntida"",""43"",""SEK"",""73.58"",""1.71"",""9789189857186"",""Enoks Bok - En Svensk Genomarbetad och Modern Översättning"",""9789189857186 - Enoks Bok - En Svensk Genomarbetad och Modern Översättning"", Media 24 / Digibook S6993,""Leverantör"",""1005.50"",""1891.00"","".00"","".00"",""Audio Book : Extended distribution"",""71073.00"",""4917.67"","".00"","".00"","".00"","".00"","".00"","".00"","".00"","".00"",""0"",""0""";;
"6993,""2025-09-30"",""2025-07-01"",""FS545511"","".00"",""506.40"",""2432.70"",""59.40"",""13665.20"","".00"","".00"",""434.70"",""166.10"",""664.40"",""324.00"","" "",""Astronauter, Forntida"",""27"",""SEK"",""47.13"",""1.75"",""9789189857186"",""Enoks Bok - En Svensk Genomarbetad och Modern Översättning"",""9789189857186 - Enoks Bok - En Svensk Genomarbetad och Modern Översättning"", Media 24 / Digibook S6993,""Leverantör"",""1005.50"",""1891.00"","".00"","".00"",""Audio Book : Extended distribution"",""71073.00"",""4917.67"","".00"","".00"","".00"","".00"","".00"","".00"","".00"","".00"",""0"",""0""";;
"6993,""2025-09-30"",""2025-07-01"",""FS545511"","".00"",""506.40"",""2432.70"",""59.40"",""13665.20"","".00"","".00"",""434.70"",""166.10"",""664.40"",""324.00"","" "",""Astronauter, Forntida"",""24"",""SEK"",""43.04"",""1.79"",""9789189857186"",""Enoks Bok - En Svensk Genomarbetad och Modern Översättning"",""9789189857186 - Enoks Bok - En Svensk Genomarbetad och Modern Översättning"", Media 24 / Digibook S6993,""Leverantör"",""1005.50"",""1891.00"","".00"","".00"",""Audio Book : Extended distribution"",""71073.00"",""4917.67"","".00"","".00"","".00"","".00"","".00"","".00"","".00"","".00"",""0"",""0""";;
"6993,""2025-09-30"",""2025-07-01"",""FS545511"","".00"",""506.40"",""2432.70"",""59.40"",""13665.20"","".00"","".00"",""434.70"",""166.10"",""664.40"",""324.00"","" "",""Astronauter, Forntida"",""21"",""SEK"",""42.66"",""2.03"",""9789189857186"",""Enoks Bok - En Svensk Genomarbetad och Modern Översättning"",""9789189857186 - Enoks Bok - En Svensk Genomarbetad och Modern Översättning"", Media 24 / Digibook S6993,""Leverantör"",""1005.50"",""1891.00"","".00"","".00"",""Audio Book : Extended distribution"",""71073.00"",""4917.67"","".00"","".00"","".00"","".00"","".00"","".00"","".00"","".00"",""0"",""0""";;
"6993,""2025-09-30"",""2025-07-01"",""FS545511"","".00"",""506.40"",""2432.70"",""59.40"",""13665.20"","".00"","".00"",""434.70"",""166.10"",""664.40"",""324.00"","" "",""Astronauter, Forntida"",""1"",""SEK"",""2.10"",""2.10"",""9789189857049"",""Anunnaki - Gudarna Som Grundade Civilisationen"",""9789189857049 - Anunnaki - Gudarna Som Grundade Civilisationen"", Media 24 / Digibook S6993,""Leverantör"",""1005.50"",""1891.00"","".00"","".00"",""Ebook : Extended distribution"",""71073.00"",""4917.67"","".00"","".00"","".00"","".00"","".00"","".00"","".00"","".00"",""0"",""0""";;
"6993,""2025-09-30"",""2025-07-01"",""FS545511"","".00"",""506.40"",""2432.70"",""59.40"",""13665.20"","".00"","".00"",""434.70"",""166.10"",""664.40"",""324.00"","" "",""Astronauter, Forntida"",""2"",""SEK"",""4.53"",""2.27"",""9789189857049"",""Anunnaki - Gudarna Som Grundade Civilisationen"",""9789189857049 - Anunnaki - Gudarna Som Grundade Civilisationen"", Media 24 / Digibook S6993,""Leverantör"",""1005.50"",""1891.00"","".00"","".00"",""Ebook : Extended distribution"",""71073.00"",""4917.67"","".00"","".00"","".00"","".00"","".00"","".00"","".00"","".00"",""0"",""0""";;
"6993,""2025-09-30"",""2025-07-01"",""FS545511"","".00"",""506.40"",""2432.70"",""59.40"",""13665.20"","".00"","".00"",""434.70"",""166.10"",""664.40"",""324.00"","" "",""Astronauter, Forntida"",""1"",""SEK"",""2.32"",""2.32"",""9789189857049"",""Anunnaki - Gudarna Som Grundade Civilisationen"",""9789189857049 - Anunnaki - Gudarna Som Grundade Civilisationen"", Media 24 / Digibook S6993,""Leverantör"",""1005.50"",""1891.00"","".00"","".00"",""Ebook : Extended distribution"",""71073.00"",""4917.67"","".00"","".00"","".00"","".00"","".00"","".00"","".00"","".00"",""0"",""0""";;
"6993,""2025-09-30"",""2025-07-01"",""FS545511"","".00"",""506.40"",""2432.70"",""59.40"",""13665.20"","".00"","".00"",""434.70"",""166.10"",""664.40"",""324.00"","" "",""Astronauter, Forntida"",""17"",""SEK"",""44.52"",""2.62"",""9789189857162"",""Anunnaki - Gudarna Som Grundade Civilisationen"",""9789189857162 - Anunnaki - Gudarna Som Grundade Civilisationen"", Media 24 / Digibook S6993,""Leverantör"",""1005.50"",""1891.00"","".00"","".00"",""Audio Book : Extended distribution"",""71073.00"",""4917.67"","".00"","".00"","".00"","".00"","".00"","".00"","".00"","".00"",""0"",""0""";;
"6993,""2025-09-30"",""2025-07-01"",""FS545511"","".00"",""506.40"",""2432.70"",""59.40"",""13665.20"","".00"","".00"",""434.70"",""166.10"",""664.40"",""324.00"","" "",""Astronauter, Forntida"",""30"",""SEK"",""79.53"",""2.65"",""9789189857162"",""Anunnaki - Gudarna Som Grundade Civilisationen"",""9789189857162 - Anunnaki - Gudarna Som Grundade Civilisationen"", Media 24 / Digibook S6993,""Leverantör"",""1005.50"",""1891.00"","".00"","".00"",""Audio Book : Extended distribution"",""71073.00"",""4917.67"","".00"","".00"","".00"","".00"","".00"","".00"","".00"","".00"",""0"",""0""";;
"6993,""2025-09-30"",""2025-07-01"",""FS545511"","".00"",""506.40"",""2432.70"",""59.40"",""13665.20"","".00"","".00"",""434.70"",""166.10"",""664.40"",""324.00"","" "",""Astronauter, Forntida"",""1"",""SEK"",""2.70"",""2.70"",""9789189835269"",""Forntida Astronauter - Gudarna Var Utomjordingar"",""9789189835269 - Forntida Astronauter - Gudarna Var Utomjordingar"", Media 24 / Digibook S6993,""Leverantör"",""1005.50"",""1891.00"","".00"","".00"",""Audio Book : School Subscription"",""71073.00"",""4917.67"","".00"","".00"","".00"","".00"","".00"","".00"","".00"","".00"",""0"",""0""";;
"6993,""2025-09-30"",""2025-07-01"",""FS545511"","".00"",""506.40"",""2432.70"",""59.40"",""13665.20"","".00"","".00"",""434.70"",""166.10"",""664.40"",""324.00"","" "",""Astronauter, Forntida"",""1"",""SEK"",""2.70"",""2.70"",""9789189857018"",""Bibliska Jättar - En presentation av 12 raser Jättar"",""9789189857018 - Bibliska Jättar - En presentation av 12 raser Jättar"", Media 24 / Digibook S6993,""Leverantör"",""1005.50"",""1891.00"","".00"","".00"",""Ebook : School Subscription"",""71073.00"",""4917.67"","".00"","".00"","".00"","".00"","".00"","".00"","".00"","".00"",""0"",""0""";;
"6993,""2025-09-30"",""2025-07-01"",""FS545511"","".00"",""506.40"",""2432.70"",""59.40"",""13665.20"","".00"","".00"",""434.70"",""166.10"",""664.40"",""324.00"","" "",""Astronauter, Forntida"",""1"",""SEK"",""2.70"",""2.70"",""9789189857025"",""Gilgamesheposet"",""9789189857025 - Gilgamesheposet"", Media 24 / Digibook S6993,""Leverantör"",""1005.50"",""1891.00"","".00"","".00"",""Ebook : School Subscription"",""71073.00"",""4917.67"","".00"","".00"","".00"","".00"","".00"","".00"","".00"","".00"",""0"",""0""";;
"6993,""2025-09-30"",""2025-07-01"",""FS545511"","".00"",""506.40"",""2432.70"",""59.40"",""13665.20"","".00"","".00"",""434.70"",""166.10"",""664.40"",""324.00"","" "",""Astronauter, Forntida"",""1"",""SEK"",""2.70"",""2.70"",""9789189857049"",""Anunnaki - Gudarna Som Grundade Civilisationen"",""9789189857049 - Anunnaki - Gudarna Som Grundade Civilisationen"", Media 24 / Digibook S6993,""Leverantör"",""1005.50"",""1891.00"","".00"","".00"",""Ebook : School Subscription"",""71073.00"",""4917.67"","".00"","".00"","".00"","".00"","".00"","".00"","".00"","".00"",""0"",""0""";;
"6993,""2025-09-30"",""2025-07-01"",""FS545511"","".00"",""506.40"",""2432.70"",""59.40"",""13665.20"","".00"","".00"",""434.70"",""166.10"",""664.40"",""324.00"","" "",""Astronauter, Forntida"",""1"",""SEK"",""2.70"",""2.70"",""9789189857056"",""Hermes Trismegistus - Samlade Verk"",""9789189857056 - Hermes Trismegistus - Samlade Verk"", Media 24 / Digibook S6993,""Leverantör"",""1005.50"",""1891.00"","".00"","".00"",""Ebook : School Subscription"",""71073.00"",""4917.67"","".00"","".00"","".00"","".00"","".00"","".00"","".00"","".00"",""0"",""0""";;
"6993,""2025-09-30"",""2025-07-01"",""FS545511"","".00"",""506.40"",""2432.70"",""59.40"",""13665.20"","".00"","".00"",""434.70"",""166.10"",""664.40"",""324.00"","" "",""Astronauter, Forntida"",""1"",""SEK"",""2.70"",""2.70"",""9789189857063"",""Enoks Bok"",""9789189857063 - Enoks Bok"", Media 24 / Digibook S6993,""Leverantör"",""1005.50"",""1891.00"","".00"","".00"",""Ebook : School Subscription"",""71073.00"",""4917.67"","".00"","".00"","".00"","".00"","".00"","".00"","".00"","".00"",""0"",""0""";;
"6993,""2025-09-30"",""2025-07-01"",""FS545511"","".00"",""506.40"",""2432.70"",""59.40"",""13665.20"","".00"","".00"",""434.70"",""166.10"",""664.40"",""324.00"","" "",""Astronauter, Forntida"",""1"",""SEK"",""2.70"",""2.70"",""9789189857070"",""Jättarnas Bok - The Book of Giants"",""9789189857070 - Jättarnas Bok - The Book of Giants"", Media 24 / Digibook S6993,""Leverantör"",""1005.50"",""1891.00"","".00"","".00"",""Ebook : School Subscription"",""71073.00"",""4917.67"","".00"","".00"","".00"","".00"","".00"","".00"","".00"","".00"",""0"",""0""";;
"6993,""2025-09-30"",""2025-07-01"",""FS545511"","".00"",""506.40"",""2432.70"",""59.40"",""13665.20"","".00"","".00"",""434.70"",""166.10"",""664.40"",""324.00"","" "",""Astronauter, Forntida"",""1"",""SEK"",""2.70"",""2.70"",""9789189857087"",""Enuma Elish"",""9789189857087 - Enuma Elish"", Media 24 / Digibook S6993,""Leverantör"",""1005.50"",""1891.00"","".00"","".00"",""Ebook : School Subscription"",""71073.00"",""4917.67"","".00"","".00"","".00"","".00"","".00"","".00"","".00"","".00"",""0"",""0""";;
"6993,""2025-09-30"",""2025-07-01"",""FS545511"","".00"",""506.40"",""2432.70"",""59.40"",""13665.20"","".00"","".00"",""434.70"",""166.10"",""664.40"",""324.00"","" "",""Astronauter, Forntida"",""1"",""SEK"",""2.70"",""2.70"",""9789189857131"",""Enoks Bok - En Svensk Genomarbetad och Modern Översättning"",""9789189857131 - Enoks Bok - En Svensk Genomarbetad och Modern Översättning"", Media 24 / Digibook S6993,""Leverantör"",""1005.50"",""1891.00"","".00"","".00"",""Ebook : School Subscription"",""71073.00"",""4917.67"","".00"","".00"","".00"","".00"","".00"","".00"","".00"","".00"",""0"",""0""";;
"6993,""2025-09-30"",""2025-07-01"",""FS545511"","".00"",""506.40"",""2432.70"",""59.40"",""13665.20"","".00"","".00"",""434.70"",""166.10"",""664.40"",""324.00"","" "",""Astronauter, Forntida"",""1"",""SEK"",""2.70"",""2.70"",""9789189857155"",""Jättarnas Bok - The Book of Giants"",""9789189857155 - Jättarnas Bok - The Book of Giants"", Media 24 / Digibook S6993,""Leverantör"",""1005.50"",""1891.00"","".00"","".00"",""Audio Book : School Subscription"",""71073.00"",""4917.67"","".00"","".00"","".00"","".00"","".00"","".00"","".00"","".00"",""0"",""0""";;
"6993,""2025-09-30"",""2025-07-01"",""FS545511"","".00"",""506.40"",""2432.70"",""59.40"",""13665.20"","".00"","".00"",""434.70"",""166.10"",""664.40"",""324.00"","" "",""Astronauter, Forntida"",""16"",""SEK"",""43.27"",""2.70"",""9789189857162"",""Anunnaki - Gudarna Som Grundade Civilisationen"",""9789189857162 - Anunnaki - Gudarna Som Grundade Civilisationen"", Media 24 / Digibook S6993,""Leverantör"",""1005.50"",""1891.00"","".00"","".00"",""Audio Book : Extended distribution"",""71073.00"",""4917.67"","".00"","".00"","".00"","".00"","".00"","".00"","".00"","".00"",""0"",""0""";;
"6993,""2025-09-30"",""2025-07-01"",""FS545511"","".00"",""506.40"",""2432.70"",""59.40"",""13665.20"","".00"","".00"",""434.70"",""166.10"",""664.40"",""324.00"","" "",""Astronauter, Forntida"",""1"",""SEK"",""2.70"",""2.70"",""9789189857162"",""Anunnaki - Gudarna Som Grundade Civilisationen"",""9789189857162 - Anunnaki - Gudarna Som Grundade Civilisationen"", Media 24 / Digibook S6993,""Leverantör"",""1005.50"",""1891.00"","".00"","".00"",""Audio Book : School Subscription"",""71073.00"",""4917.67"","".00"","".00"","".00"","".00"","".00"","".00"","".00"","".00"",""0"",""0""";;
"6993,""2025-09-30"",""2025-07-01"",""FS545511"","".00"",""506.40"",""2432.70"",""59.40"",""13665.20"","".00"","".00"",""434.70"",""166.10"",""664.40"",""324.00"","" "",""Astronauter, Forntida"",""1"",""SEK"",""2.70"",""2.70"",""9789189857186"",""Enoks Bok - En Svensk Genomarbetad och Modern Översättning"",""9789189857186 - Enoks Bok - En Svensk Genomarbetad och Modern Översättning"", Media 24 / Digibook S6993,""Leverantör"",""1005.50"",""1891.00"","".00"","".00"",""Audio Book : School Subscription"",""71073.00"",""4917.67"","".00"","".00"","".00"","".00"","".00"","".00"","".00"","".00"",""0"",""0""";;
"6993,""2025-09-30"",""2025-07-01"",""FS545511"","".00"",""506.40"",""2432.70"",""59.40"",""13665.20"","".00"","".00"",""434.70"",""166.10"",""664.40"",""324.00"","" "",""Astronauter, Forntida"",""13"",""SEK"",""36.12"",""2.78"",""9789189857162"",""Anunnaki - Gudarna Som Grundade Civilisationen"",""9789189857162 - Anunnaki - Gudarna Som Grundade Civilisationen"", Media 24 / Digibook S6993,""Leverantör"",""1005.50"",""1891.00"","".00"","".00"",""Audio Book : Extended distribution"",""71073.00"",""4917.67"","".00"","".00"","".00"","".00"","".00"","".00"","".00"","".00"",""0"",""0""";;
"6993,""2025-09-30"",""2025-07-01"",""FS545511"","".00"",""506.40"",""2432.70"",""59.40"",""13665.20"","".00"","".00"",""434.70"",""166.10"",""664.40"",""324.00"","" "",""Astronauter, Forntida"",""2"",""SEK"",""6.00"",""3.00"",""9789189857155"",""Jättarnas Bok - The Book of Giants"",""9789189857155 - Jättarnas Bok - The Book of Giants"", Media 24 / Digibook S6993,""Leverantör"",""1005.50"",""1891.00"","".00"","".00"",""Audio Book : Agregated"",""71073.00"",""4917.67"","".00"","".00"","".00"","".00"","".00"","".00"","".00"","".00"",""0"",""0""";;
"6993,""2025-09-30"",""2025-07-01"",""FS545511"","".00"",""506.40"",""2432.70"",""59.40"",""13665.20"","".00"","".00"",""434.70"",""166.10"",""664.40"",""324.00"","" "",""Astronauter, Forntida"",""11"",""SEK"",""34.60"",""3.15"",""9789189857162"",""Anunnaki - Gudarna Som Grundade Civilisationen"",""9789189857162 - Anunnaki - Gudarna Som Grundade Civilisationen"", Media 24 / Digibook S6993,""Leverantör"",""1005.50"",""1891.00"","".00"","".00"",""Audio Book : Extended distribution"",""71073.00"",""4917.67"","".00"","".00"","".00"","".00"","".00"","".00"","".00"","".00"",""0"",""0""";;
"6993,""2025-09-30"",""2025-07-01"",""FS545511"","".00"",""506.40"",""2432.70"",""59.40"",""13665.20"","".00"","".00"",""434.70"",""166.10"",""664.40"",""324.00"","" "",""Astronauter, Forntida"",""1"",""SEK"",""4.00"",""4.00"",""9789189857186"",""Enoks Bok - En Svensk Genomarbetad och Modern Översättning"",""9789189857186 - Enoks Bok - En Svensk Genomarbetad och Modern Översättning"", Media 24 / Digibook S6993,""Leverantör"",""1005.50"",""1891.00"","".00"","".00"",""Audio Book : Agregated"",""71073.00"",""4917.67"","".00"","".00"","".00"","".00"","".00"","".00"","".00"","".00"",""0"",""0""";;
"6993,""2025-09-30"",""2025-07-01"",""FS545511"","".00"",""506.40"",""2432.70"",""59.40"",""13665.20"","".00"","".00"",""434.70"",""166.10"",""664.40"",""324.00"","" "",""Astronauter, Forntida"",""1"",""SEK"",""4.74"",""4.74"",""9789189857025"",""Gilgamesheposet"",""9789189857025 - Gilgamesheposet"", Media 24 / Digibook S6993,""Leverantör"",""1005.50"",""1891.00"","".00"","".00"",""Ebook : Extended distribution"",""71073.00"",""4917.67"","".00"","".00"","".00"","".00"","".00"","".00"","".00"","".00"",""0"",""0""";;
"6993,""2025-09-30"",""2025-07-01"",""FS545511"","".00"",""506.40"",""2432.70"",""59.40"",""13665.20"","".00"","".00"",""434.70"",""166.10"",""664.40"",""324.00"","" "",""Astronauter, Forntida"",""1"",""SEK"",""5.09"",""5.09"",""9789189857056"",""Hermes Trismegistus - Samlade Verk"",""9789189857056 - Hermes Trismegistus - Samlade Verk"", Media 24 / Digibook S6993,""Leverantör"",""1005.50"",""1891.00"","".00"","".00"",""Ebook : Extended distribution"",""71073.00"",""4917.67"","".00"","".00"","".00"","".00"","".00"","".00"","".00"","".00"",""0"",""0""";;
"6993,""2025-09-30"",""2025-07-01"",""FS545511"","".00"",""506.40"",""2432.70"",""59.40"",""13665.20"","".00"","".00"",""434.70"",""166.10"",""664.40"",""324.00"","" "",""Astronauter, Forntida"",""4"",""SEK"",""22.00"",""5.50"",""9789189857186"",""Enoks Bok - En Svensk Genomarbetad och Modern Översättning"",""9789189857186 - Enoks Bok - En Svensk Genomarbetad och Modern Översättning"", Media 24 / Digibook S6993,""Leverantör"",""1005.50"",""1891.00"","".00"","".00"",""Audio Book : Agregated"",""71073.00"",""4917.67"","".00"","".00"","".00"","".00"","".00"","".00"","".00"","".00"",""0"",""0""";;
"6993,""2025-09-30"",""2025-07-01"",""FS545511"","".00"",""506.40"",""2432.70"",""59.40"",""13665.20"","".00"","".00"",""434.70"",""166.10"",""664.40"",""324.00"","" "",""Astronauter, Forntida"",""1"",""SEK"",""6.00"",""6.00"",""9789189857162"",""Anunnaki - Gudarna Som Grundade Civilisationen"",""9789189857162 - Anunnaki - Gudarna Som Grundade Civilisationen"", Media 24 / Digibook S6993,""Leverantör"",""1005.50"",""1891.00"","".00"","".00"",""Audio Book : Agregated"",""71073.00"",""4917.67"","".00"","".00"","".00"","".00"","".00"","".00"","".00"","".00"",""0"",""0""";;
"6993,""2025-09-30"",""2025-07-01"",""FS545511"","".00"",""506.40"",""2432.70"",""59.40"",""13665.20"","".00"","".00"",""434.70"",""166.10"",""664.40"",""324.00"","" "",""Astronauter, Forntida"",""1"",""SEK"",""6.10"",""6.10"",""9789189857063"",""Enoks Bok"",""9789189857063 - Enoks Bok"", Media 24 / Digibook S6993,""Leverantör"",""1005.50"",""1891.00"","".00"","".00"",""Ebook : Extended distribution"",""71073.00"",""4917.67"","".00"","".00"","".00"","".00"","".00"","".00"","".00"","".00"",""0"",""0""";;
"6993,""2025-09-30"",""2025-07-01"",""FS545511"","".00"",""506.40"",""2432.70"",""59.40"",""13665.20"","".00"","".00"",""434.70"",""166.10"",""664.40"",""324.00"","" "",""Astronauter, Forntida"",""1"",""SEK"",""6.52"",""6.52"",""9789189857063"",""Enoks Bok"",""9789189857063 - Enoks Bok"", Media 24 / Digibook S6993,""Leverantör"",""1005.50"",""1891.00"","".00"","".00"",""Ebook : Extended distribution"",""71073.00"",""4917.67"","".00"","".00"","".00"","".00"","".00"","".00"","".00"","".00"",""0"",""0""";;
"6993,""2025-09-30"",""2025-07-01"",""FS545511"","".00"",""506.40"",""2432.70"",""59.40"",""13665.20"","".00"","".00"",""434.70"",""166.10"",""664.40"",""324.00"","" "",""Astronauter, Forntida"",""1"",""SEK"",""7.00"",""7.00"",""9789189857155"",""Jättarnas Bok - The Book of Giants"",""9789189857155 - Jättarnas Bok - The Book of Giants"", Media 24 / Digibook S6993,""Leverantör"",""1005.50"",""1891.00"","".00"","".00"",""Audio Book : Access Loan"",""71073.00"",""4917.67"","".00"","".00"","".00"","".00"","".00"","".00"","".00"","".00"",""0"",""0""";;
"6993,""2025-09-30"",""2025-07-01"",""FS545511"","".00"",""506.40"",""2432.70"",""59.40"",""13665.20"","".00"","".00"",""434.70"",""166.10"",""664.40"",""324.00"","" "",""Astronauter, Forntida"",""3"",""SEK"",""24.00"",""8.00"",""9789189857162"",""Anunnaki - Gudarna Som Grundade Civilisationen"",""9789189857162 - Anunnaki - Gudarna Som Grundade Civilisationen"", Media 24 / Digibook S6993,""Leverantör"",""1005.50"",""1891.00"","".00"","".00"",""Audio Book : Agregated"",""71073.00"",""4917.67"","".00"","".00"","".00"","".00"","".00"","".00"","".00"","".00"",""0"",""0""";;
"6993,""2025-09-30"",""2025-07-01"",""FS545511"","".00"",""506.40"",""2432.70"",""59.40"",""13665.20"","".00"","".00"",""434.70"",""166.10"",""664.40"",""324.00"","" "",""Astronauter, Forntida"",""8"",""SEK"",""75.45"",""9.43"",""9789189835269"",""Forntida Astronauter - Gudarna Var Utomjordingar"",""9789189835269 - Forntida Astronauter - Gudarna Var Utomjordingar"", Media 24 / Digibook S6993,""Leverantör"",""1005.50"",""1891.00"","".00"","".00"",""Audio Book : Extended distribution"",""71073.00"",""4917.67"","".00"","".00"","".00"","".00"","".00"","".00"","".00"","".00"",""0"",""0""";;
"6993,""2025-09-30"",""2025-07-01"",""FS545511"","".00"",""506.40"",""2432.70"",""59.40"",""13665.20"","".00"","".00"",""434.70"",""166.10"",""664.40"",""324.00"","" "",""Astronauter, Forntida"",""25"",""SEK"",""238.37"",""9.53"",""9789189835269"",""Forntida Astronauter - Gudarna Var Utomjordingar"",""9789189835269 - Forntida Astronauter - Gudarna Var Utomjordingar"", Media 24 / Digibook S6993,""Leverantör"",""1005.50"",""1891.00"","".00"","".00"",""Audio Book : Extended distribution"",""71073.00"",""4917.67"","".00"","".00"","".00"","".00"","".00"","".00"","".00"","".00"",""0"",""0""";;
"6993,""2025-09-30"",""2025-07-01"",""FS545511"","".00"",""506.40"",""2432.70"",""59.40"",""13665.20"","".00"","".00"",""434.70"",""166.10"",""664.40"",""324.00"","" "",""Astronauter, Forntida"",""2"",""SEK"",""19.20"",""9.60"",""9789189857186"",""Enoks Bok - En Svensk Genomarbetad och Modern Översättning"",""9789189857186 - Enoks Bok - En Svensk Genomarbetad och Modern Översättning"", Media 24 / Digibook S6993,""Leverantör"",""1005.50"",""1891.00"","".00"","".00"",""Audio Book : Access Loan"",""71073.00"",""4917.67"","".00"","".00"","".00"","".00"","".00"","".00"","".00"","".00"",""0"",""0""";;
"6993,""2025-09-30"",""2025-07-01"",""FS545511"","".00"",""506.40"",""2432.70"",""59.40"",""13665.20"","".00"","".00"",""434.70"",""166.10"",""664.40"",""324.00"","" "",""Astronauter, Forntida"",""12"",""SEK"",""116.71"",""9.73"",""9789189835269"",""Forntida Astronauter - Gudarna Var Utomjordingar"",""9789189835269 - Forntida Astronauter - Gudarna Var Utomjordingar"", Media 24 / Digibook S6993,""Leverantör"",""1005.50"",""1891.00"","".00"","".00"",""Audio Book : Extended distribution"",""71073.00"",""4917.67"","".00"","".00"","".00"","".00"","".00"","".00"","".00"","".00"",""0"",""0""";;
"6993,""2025-09-30"",""2025-07-01"",""FS545511"","".00"",""506.40"",""2432.70"",""59.40"",""13665.20"","".00"","".00"",""434.70"",""166.10"",""664.40"",""324.00"","" "",""Astronauter, Forntida"",""8"",""SEK"",""79.93"",""9.99"",""9789189835269"",""Forntida Astronauter - Gudarna Var Utomjordingar"",""9789189835269 - Forntida Astronauter - Gudarna Var Utomjordingar"", Media 24 / Digibook S6993,""Leverantör"",""1005.50"",""1891.00"","".00"","".00"",""Audio Book : Extended distribution"",""71073.00"",""4917.67"","".00"","".00"","".00"","".00"","".00"","".00"","".00"","".00"",""0"",""0""";;
"6993,""2025-09-30"",""2025-07-01"",""FS545511"","".00"",""506.40"",""2432.70"",""59.40"",""13665.20"","".00"","".00"",""434.70"",""166.10"",""664.40"",""324.00"","" "",""Astronauter, Forntida"",""2"",""SEK"",""22.62"",""11.31"",""9789189835269"",""Forntida Astronauter - Gudarna Var Utomjordingar"",""9789189835269 - Forntida Astronauter - Gudarna Var Utomjordingar"", Media 24 / Digibook S6993,""Leverantör"",""1005.50"",""1891.00"","".00"","".00"",""Audio Book : Extended distribution"",""71073.00"",""4917.67"","".00"","".00"","".00"","".00"","".00"","".00"","".00"","".00"",""0"",""0""";;
"6993,""2025-09-30"",""2025-07-01"",""FS545511"","".00"",""506.40"",""2432.70"",""59.40"",""13665.20"","".00"","".00"",""434.70"",""166.10"",""664.40"",""324.00"","" "",""Astronauter, Forntida"",""3"",""SEK"",""33.95"",""11.32"",""9789189835269"",""Forntida Astronauter - Gudarna Var Utomjordingar"",""9789189835269 - Forntida Astronauter - Gudarna Var Utomjordingar"", Media 24 / Digibook S6993,""Leverantör"",""1005.50"",""1891.00"","".00"","".00"",""Audio Book : Extended distribution"",""71073.00"",""4917.67"","".00"","".00"","".00"","".00"","".00"","".00"","".00"","".00"",""0"",""0""";;
"6993,""2025-09-30"",""2025-07-01"",""FS545511"","".00"",""506.40"",""2432.70"",""59.40"",""13665.20"","".00"","".00"",""434.70"",""166.10"",""664.40"",""324.00"","" "",""Astronauter, Forntida"",""1"",""SEK"",""17.50"",""17.50"",""9789189857131"",""Enoks Bok - En Svensk Genomarbetad och Modern Översättning"",""9789189857131 - Enoks Bok - En Svensk Genomarbetad och Modern Översättning"", Media 24 / Digibook S6993,""Leverantör"",""1005.50"",""1891.00"","".00"","".00"",""Ebook : Agregated"",""71073.00"",""4917.67"","".00"","".00"","".00"","".00"","".00"","".00"","".00"","".00"",""0"",""0""";;
"6993,""2025-09-30"",""2025-07-01"",""FS545511"","".00"",""506.40"",""2432.70"",""59.40"",""13665.20"","".00"","".00"",""434.70"",""166.10"",""664.40"",""324.00"","" "",""Astronauter, Forntida"",""1"",""SEK"",""18.00"",""18.00"",""9789189835269"",""Forntida Astronauter - Gudarna Var Utomjordingar"",""9789189835269 - Forntida Astronauter - Gudarna Var Utomjordingar"", Media 24 / Digibook S6993,""Leverantör"",""1005.50"",""1891.00"","".00"","".00"",""Audio Book : Agregated"",""71073.00"",""4917.67"","".00"","".00"","".00"","".00"","".00"","".00"","".00"","".00"",""0"",""0""";;
"6993,""2025-09-30"",""2025-07-01"",""FS545511"","".00"",""506.40"",""2432.70"",""59.40"",""13665.20"","".00"","".00"",""434.70"",""166.10"",""664.40"",""324.00"","" "",""Astronauter, Forntida"",""3"",""SEK"",""116.10"",""38.70"",""9789189857131"",""Enoks Bok - En Svensk Genomarbetad och Modern Översättning"",""9789189857131 - Enoks Bok - En Svensk Genomarbetad och Modern Översättning"", Media 24 / Digibook S6993,""Leverantör"",""1005.50"",""1891.00"","".00"","".00"",""Ebook : Buy"",""71073.00"",""4917.67"","".00"","".00"","".00"","".00"","".00"","".00"","".00"","".00"",""0"",""0""";;
"6993,""2025-09-30"",""2025-07-01"",""FS545511"","".00"",""506.40"",""2432.70"",""59.40"",""13665.20"","".00"","".00"",""434.70"",""166.10"",""664.40"",""324.00"","" "",""Astronauter, Forntida"",""3"",""SEK"",""116.10"",""38.70"",""9789189857162"",""Anunnaki - Gudarna Som Grundade Civilisationen"",""9789189857162 - Anunnaki - Gudarna Som Grundade Civilisationen"", Media 24 / Digibook S6993,""Leverantör"",""1005.50"",""1891.00"","".00"","".00"",""Audio Book : Buy"",""71073.00"",""4917.67"","".00"","".00"","".00"","".00"","".00"","".00"","".00"","".00"",""0"",""0""";;
"6993,""2025-09-30"",""2025-07-01"",""FS545511"","".00"",""506.40"",""2432.70"",""59.40"",""13665.20"","".00"","".00"",""434.70"",""166.10"",""664.40"",""324.00"","" "",""Astronauter, Forntida"",""4"",""SEK"",""154.80"",""38.70"",""9789189857186"",""Enoks Bok - En Svensk Genomarbetad och Modern Översättning"",""9789189857186 - Enoks Bok - En Svensk Genomarbetad och Modern Översättning"", Media 24 / Digibook S6993,""Leverantör"",""1005.50"",""1891.00"","".00"","".00"",""Audio Book : Buy"",""71073.00"",""4917.67"","".00"","".00"","".00"","".00"","".00"","".00"","".00"","".00"",""0"",""0""";;
"6993,""2025-09-30"",""2025-07-01"",""FS545511"","".00"",""506.40"",""2432.70"",""59.40"",""13665.20"","".00"","".00"",""434.70"",""166.10"",""664.40"",""324.00"","" "",""Astronauter, Forntida"",""1"",""SEK"",""76.66"",""76.66"",""9789189857063"",""Enoks Bok"",""9789189857063 - Enoks Bok"", Media 24 / Digibook S6993,""Leverantör"",""1005.50"",""1891.00"","".00"","".00"",""Ebook : Extended distribution"",""71073.00"",""4917.67"","".00"","".00"","".00"","".00"","".00"","".00"","".00"","".00"",""0"",""0""";;
"6993,""2025-09-30"",""2025-07-01"",""FS545511"","".00"",""506.40"",""2432.70"",""59.40"",""13665.20"","".00"","".00"",""434.70"",""166.10"",""664.40"",""324.00"","" "",""Astronauter, Forntida"",""1"",""SEK"",""76.66"",""76.66"",""9789189857087"",""Enuma Elish"",""9789189857087 - Enuma Elish"", Media 24 / Digibook S6993,""Leverantör"",""1005.50"",""1891.00"","".00"","".00"",""Ebook : Extended distribution"",""71073.00"",""4917.67"","".00"","".00"","".00"","".00"","".00"","".00"","".00"","".00"",""0"",""0""";;
"6993,""2025-09-30"",""2025-07-01"",""FS545511"","".00"",""506.40"",""2432.70"",""59.40"",""13665.20"","".00"","".00"",""434.70"",""166.10"",""664.40"",""324.00"","" "",""Axelsson, Inge"",""1"",""SEK"",""2.70"",""2.70"",""9789189739451"",""EVIDENSBOKEN - Handbok i evidensbaserad medicin, omvårdnad och samhällsvetenskap"",""9789189739451 - EVIDENSBOKEN - Handbok i evidensbaserad medicin, omvårdnad och samhällsvetenskap"", Media 24 / Digibook S6993,""Leverantör"",""1005.50"",""1891.00"","".00"","".00"",""Ebook : School Subscription"",""71073.00"",""4917.67"","".00"","".00"","".00"","".00"","".00"","".00"","".00"","".00"",""0"",""0""";;
"6993,""2025-09-30"",""2025-07-01"",""FS545511"","".00"",""506.40"",""2432.70"",""59.40"",""13665.20"","".00"","".00"",""434.70"",""166.10"",""664.40"",""324.00"","" "",""Bagge, Marcus"",""1"",""SEK"",""2.70"",""2.70"",""9789189835573"",""Fatima"",""9789189835573 - Fatima"", Media 24 / Digibook S6993,""Leverantör"",""1005.50"",""1891.00"","".00"","".00"",""Ebook : School Subscription"",""71073.00"",""4917.67"","".00"","".00"","".00"","".00"","".00"","".00"","".00"","".00"",""0"",""0""";;
"6993,""2025-09-30"",""2025-07-01"",""FS545511"","".00"",""506.40"",""2432.70"",""59.40"",""13665.20"","".00"","".00"",""434.70"",""166.10"",""664.40"",""324.00"","" "",""Barnett, Anna"",""3"",""SEK"",""60.09"",""20.03"",""9789189857810"",""Anna. Torvalds hustru. Mor till Bo."",""9789189857810 - Anna. Torvalds hustru. Mor till Bo."", Media 24 / Digibook S6993,""Leverantör"",""1005.50"",""1891.00"","".00"","".00"",""Ebook : Extended distribution"",""71073.00"",""4917.67"","".00"","".00"","".00"","".00"","".00"","".00"","".00"","".00"",""0"",""0""";;
"6993,""2025-09-30"",""2025-07-01"",""FS545511"","".00"",""506.40"",""2432.70"",""59.40"",""13665.20"","".00"","".00"",""434.70"",""166.10"",""664.40"",""324.00"","" "",""Barnett, Anna"",""1"",""SEK"",""166.10"",""166.10"",""9789189857810"",""Anna. Torvalds hustru. Mor till Bo."",""9789189857810 - Anna. Torvalds hustru. Mor till Bo."", Media 24 / Digibook S6993,""Leverantör"",""1005.50"",""1891.00"","".00"","".00"",""Ebook : School Subscription"",""71073.00"",""4917.67"","".00"","".00"","".00"","".00"","".00"","".00"","".00"","".00"",""0"",""0""";;
"6993,""2025-09-30"",""2025-07-01"",""FS545511"","".00"",""506.40"",""2432.70"",""59.40"",""13665.20"","".00"","".00"",""434.70"",""166.10"",""664.40"",""324.00"","" "",""Bergendahl, Anethe"",""1"",""SEK"",""2.70"",""2.70"",""9789189835771"",""Ensamma hjärtan och vilsna själar"",""9789189835771 - Ensamma hjärtan och vilsna själar"", Media 24 / Digibook S6993,""Leverantör"",""1005.50"",""1891.00"","".00"","".00"",""Ebook : School Subscription"",""71073.00"",""4917.67"","".00"","".00"","".00"","".00"","".00"","".00"","".00"","".00"",""0"",""0""";;
"6993,""2025-09-30"",""2025-07-01"",""FS545511"","".00"",""506.40"",""2432.70"",""59.40"",""13665.20"","".00"","".00"",""434.70"",""166.10"",""664.40"",""324.00"","" "",""Bergendahl, Anethe"",""2"",""SEK"",""36.74"",""18.37"",""9789189835771"",""Ensamma hjärtan och vilsna själar"",""9789189835771 - Ensamma hjärtan och vilsna själar"", Media 24 / Digibook S6993,""Leverantör"",""1005.50"",""1891.00"","".00"","".00"",""Ebook : Extended distribution"",""71073.00"",""4917.67"","".00"","".00"","".00"","".00"","".00"","".00"","".00"","".00"",""0"",""0""";;
"6993,""2025-09-30"",""2025-07-01"",""FS545511"","".00"",""506.40"",""2432.70"",""59.40"",""13665.20"","".00"","".00"",""434.70"",""166.10"",""664.40"",""324.00"","" "",""Bergendahl, Anethe"",""4"",""SEK"",""77.94"",""19.49"",""9789189835771"",""Ensamma hjärtan och vilsna själar"",""9789189835771 - Ensamma hjärtan och vilsna själar"", Media 24 / Digibook S6993,""Leverantör"",""1005.50"",""1891.00"","".00"","".00"",""Ebook : Extended distribution"",""71073.00"",""4917.67"","".00"","".00"","".00"","".00"","".00"","".00"","".00"","".00"",""0"",""0""";;
"6993,""2025-09-30"",""2025-07-01"",""FS545511"","".00"",""506.40"",""2432.70"",""59.40"",""13665.20"","".00"","".00"",""434.70"",""166.10"",""664.40"",""324.00"","" "",""Bergendahl, Anethe"",""2"",""SEK"",""39.75"",""19.88"",""9789189835771"",""Ensamma hjärtan och vilsna själar"",""9789189835771 - Ensamma hjärtan och vilsna själar"", Media 24 / Digibook S6993,""Leverantör"",""1005.50"",""1891.00"","".00"","".00"",""Ebook : Extended distribution"",""71073.00"",""4917.67"","".00"","".00"","".00"","".00"","".00"","".00"","".00"","".00"",""0"",""0""";;
"6993,""2025-09-30"",""2025-07-01"",""FS545511"","".00"",""506.40"",""2432.70"",""59.40"",""13665.20"","".00"","".00"",""434.70"",""166.10"",""664.40"",""324.00"","" "",""Bergendahl, Anethe"",""2"",""SEK"",""42.92"",""21.46"",""9789189835771"",""Ensamma hjärtan och vilsna själar"",""9789189835771 - Ensamma hjärtan och vilsna själar"", Media 24 / Digibook S6993,""Leverantör"",""1005.50"",""1891.00"","".00"","".00"",""Ebook : Extended distribution"",""71073.00"",""4917.67"","".00"","".00"","".00"","".00"","".00"","".00"","".00"","".00"",""0"",""0""";;
"6993,""2025-09-30"",""2025-07-01"",""FS545511"","".00"",""506.40"",""2432.70"",""59.40"",""13665.20"","".00"","".00"",""434.70"",""166.10"",""664.40"",""324.00"","" "",""Bergstad, Johan"",""1"",""SEK"",""1.99"",""1.99"",""9789189539082"",""Mindfulness steg för steg"",""9789189539082 - Mindfulness steg för steg"", Media 24 / Digibook S6993,""Leverantör"",""1005.50"",""1891.00"","".00"","".00"",""Audio Book : Extended distribution"",""71073.00"",""4917.67"","".00"","".00"","".00"","".00"","".00"","".00"","".00"","".00"",""0"",""0""";;
"6993,""2025-09-30"",""2025-07-01"",""FS545511"","".00"",""506.40"",""2432.70"",""59.40"",""13665.20"","".00"","".00"",""434.70"",""166.10"",""664.40"",""324.00"","" "",""Bergstad, Johan"",""2"",""SEK"",""4.17"",""2.09"",""9789189539082"",""Mindfulness steg för steg"",""9789189539082 - Mindfulness steg för steg"", Media 24 / Digibook S6993,""Leverantör"",""1005.50"",""1891.00"","".00"","".00"",""Audio Book : Extended distribution"",""71073.00"",""4917.67"","".00"","".00"","".00"","".00"","".00"","".00"","".00"","".00"",""0"",""0""";;
"6993,""2025-09-30"",""2025-07-01"",""FS545511"","".00"",""506.40"",""2432.70"",""59.40"",""13665.20"","".00"","".00"",""434.70"",""166.10"",""664.40"",""324.00"","" "",""Bergstad, Johan"",""1"",""SEK"",""2.70"",""2.70"",""9789189539075"",""Mindfulness - Lugn och lycklig"",""9789189539075 - Mindfulness - Lugn och lycklig"", Media 24 / Digibook S6993,""Leverantör"",""1005.50"",""1891.00"","".00"","".00"",""Audio Book : School Subscription"",""71073.00"",""4917.67"","".00"","".00"","".00"","".00"","".00"","".00"","".00"","".00"",""0"",""0""";;
"6993,""2025-09-30"",""2025-07-01"",""FS545511"","".00"",""506.40"",""2432.70"",""59.40"",""13665.20"","".00"","".00"",""434.70"",""166.10"",""664.40"",""324.00"","" "",""Bergstad, Johan"",""1"",""SEK"",""2.70"",""2.70"",""9789189539082"",""Mindfulness steg för steg"",""9789189539082 - Mindfulness steg för steg"", Media 24 / Digibook S6993,""Leverantör"",""1005.50"",""1891.00"","".00"","".00"",""Audio Book : School Subscription"",""71073.00"",""4917.67"","".00"","".00"","".00"","".00"","".00"","".00"","".00"","".00"",""0"",""0""";;
"6993,""2025-09-30"",""2025-07-01"",""FS545511"","".00"",""506.40"",""2432.70"",""59.40"",""13665.20"","".00"","".00"",""434.70"",""166.10"",""664.40"",""324.00"","" "",""Bergstad, Johan"",""4"",""SEK"",""17.85"",""4.46"",""9789189539075"",""Mindfulness - Lugn och lycklig"",""9789189539075 - Mindfulness - Lugn och lycklig"", Media 24 / Digibook S6993,""Leverantör"",""1005.50"",""1891.00"","".00"","".00"",""Audio Book : Extended distribution"",""71073.00"",""4917.67"","".00"","".00"","".00"","".00"","".00"","".00"","".00"","".00"",""0"",""0""";;
"6993,""2025-09-30"",""2025-07-01"",""FS545511"","".00"",""506.40"",""2432.70"",""59.40"",""13665.20"","".00"","".00"",""434.70"",""166.10"",""664.40"",""324.00"","" "",""Bergstad, Johan"",""4"",""SEK"",""18.20"",""4.55"",""9789189539075"",""Mindfulness - Lugn och lycklig"",""9789189539075 - Mindfulness - Lugn och lycklig"", Media 24 / Digibook S6993,""Leverantör"",""1005.50"",""1891.00"","".00"","".00"",""Audio Book : Extended distribution"",""71073.00"",""4917.67"","".00"","".00"","".00"","".00"","".00"","".00"","".00"","".00"",""0"",""0""";;
"6993,""2025-09-30"",""2025-07-01"",""FS545511"","".00"",""506.40"",""2432.70"",""59.40"",""13665.20"","".00"","".00"",""434.70"",""166.10"",""664.40"",""324.00"","" "",""Bergstad, Johan"",""3"",""SEK"",""14.02"",""4.67"",""9789189539075"",""Mindfulness - Lugn och lycklig"",""9789189539075 - Mindfulness - Lugn och lycklig"", Media 24 / Digibook S6993,""Leverantör"",""1005.50"",""1891.00"","".00"","".00"",""Audio Book : Extended distribution"",""71073.00"",""4917.67"","".00"","".00"","".00"","".00"","".00"","".00"","".00"","".00"",""0"",""0""";;
"6993,""2025-09-30"",""2025-07-01"",""FS545511"","".00"",""506.40"",""2432.70"",""59.40"",""13665.20"","".00"","".00"",""434.70"",""166.10"",""664.40"",""324.00"","" "",""Bergstad, Johan"",""9"",""SEK"",""47.67"",""5.30"",""9789189539075"",""Mindfulness - Lugn och lycklig"",""9789189539075 - Mindfulness - Lugn och lycklig"", Media 24 / Digibook S6993,""Leverantör"",""1005.50"",""1891.00"","".00"","".00"",""Audio Book : Extended distribution"",""71073.00"",""4917.67"","".00"","".00"","".00"","".00"","".00"","".00"","".00"","".00"",""0"",""0""";;
"6993,""2025-09-30"",""2025-07-01"",""FS545511"","".00"",""506.40"",""2432.70"",""59.40"",""13665.20"","".00"","".00"",""434.70"",""166.10"",""664.40"",""324.00"","" "",""Bergstad, Johan"",""1"",""SEK"",""71.10"",""71.10"",""9789189539075"",""Mindfulness - Lugn och lycklig"",""9789189539075 - Mindfulness - Lugn och lycklig"", Media 24 / Digibook S6993,""Leverantör"",""1005.50"",""1891.00"","".00"","".00"",""Audio Book : Buy"",""71073.00"",""4917.67"","".00"","".00"","".00"","".00"","".00"","".00"","".00"","".00"",""0"",""0""";;
"6993,""2025-09-30"",""2025-07-01"",""FS545511"","".00"",""506.40"",""2432.70"",""59.40"",""13665.20"","".00"","".00"",""434.70"",""166.10"",""664.40"",""324.00"","" "",""Beyer, Henrik"",""44"",""SEK"",""208.54"",""4.74"",""9789190071397"",""Vet inte vem jag är, men svärmor betalade"",""9789190071397 - Vet inte vem jag är, men svärmor betalade"", Media 24 / Digibook S6993,""Leverantör"",""1005.50"",""1891.00"","".00"","".00"",""Audio Book : Extended distribution"",""71073.00"",""4917.67"","".00"","".00"","".00"","".00"","".00"","".00"","".00"","".00"",""0"",""0""";;
"6993,""2025-09-30"",""2025-07-01"",""FS545511"","".00"",""506.40"",""2432.70"",""59.40"",""13665.20"","".00"","".00"",""434.70"",""166.10"",""664.40"",""324.00"","" "",""Beyer, Henrik"",""33"",""SEK"",""159.54"",""4.83"",""9789190071397"",""Vet inte vem jag är, men svärmor betalade"",""9789190071397 - Vet inte vem jag är, men svärmor betalade"", Media 24 / Digibook S6993,""Leverantör"",""1005.50"",""1891.00"","".00"","".00"",""Audio Book : Extended distribution"",""71073.00"",""4917.67"","".00"","".00"","".00"","".00"","".00"","".00"","".00"","".00"",""0"",""0""";;
"6993,""2025-09-30"",""2025-07-01"",""FS545511"","".00"",""506.40"",""2432.70"",""59.40"",""13665.20"","".00"","".00"",""434.70"",""166.10"",""664.40"",""324.00"","" "",""Beyer, Henrik"",""45"",""SEK"",""253.08"",""5.62"",""9789190071397"",""Vet inte vem jag är, men svärmor betalade"",""9789190071397 - Vet inte vem jag är, men svärmor betalade"", Media 24 / Digibook S6993,""Leverantör"",""1005.50"",""1891.00"","".00"","".00"",""Audio Book : Extended distribution"",""71073.00"",""4917.67"","".00"","".00"","".00"","".00"","".00"","".00"","".00"","".00"",""0"",""0""";;
"6993,""2025-09-30"",""2025-07-01"",""FS545511"","".00"",""506.40"",""2432.70"",""59.40"",""13665.20"","".00"","".00"",""434.70"",""166.10"",""664.40"",""324.00"","" "",""Beyer, Henrik"",""1"",""SEK"",""6.72"",""6.72"",""9789190071397"",""Vet inte vem jag är, men svärmor betalade"",""9789190071397 - Vet inte vem jag är, men svärmor betalade"", Media 24 / Digibook S6993,""Leverantör"",""1005.50"",""1891.00"","".00"","".00"",""Audio Book : Extended distribution"",""71073.00"",""4917.67"","".00"","".00"","".00"","".00"","".00"","".00"","".00"","".00"",""0"",""0""";;
"6993,""2025-09-30"",""2025-07-01"",""FS545511"","".00"",""506.40"",""2432.70"",""59.40"",""13665.20"","".00"","".00"",""434.70"",""166.10"",""664.40"",""324.00"","" "",""Beyer, Henrik"",""2"",""SEK"",""14.06"",""7.03"",""9789190071397"",""Vet inte vem jag är, men svärmor betalade"",""9789190071397 - Vet inte vem jag är, men svärmor betalade"", Media 24 / Digibook S6993,""Leverantör"",""1005.50"",""1891.00"","".00"","".00"",""Audio Book : Extended distribution"",""71073.00"",""4917.67"","".00"","".00"","".00"","".00"","".00"","".00"","".00"","".00"",""0"",""0""";;
"6993,""2025-09-30"",""2025-07-01"",""FS545511"","".00"",""506.40"",""2432.70"",""59.40"",""13665.20"","".00"","".00"",""434.70"",""166.10"",""664.40"",""324.00"","" "",""Beyer, Henrik"",""1"",""SEK"",""51.30"",""51.30"",""9789190071397"",""Vet inte vem jag är, men svärmor betalade"",""9789190071397 - Vet inte vem jag är, men svärmor betalade"", Media 24 / Digibook S6993,""Leverantör"",""1005.50"",""1891.00"","".00"","".00"",""Audio Book : Buy"",""71073.00"",""4917.67"","".00"","".00"","".00"","".00"","".00"","".00"","".00"","".00"",""0"",""0""";;
"6993,""2025-09-30"",""2025-07-01"",""FS545511"","".00"",""506.40"",""2432.70"",""59.40"",""13665.20"","".00"","".00"",""434.70"",""166.10"",""664.40"",""324.00"","" "",""Blixt, Jonas"",""1"",""SEK"",""2.70"",""2.70"",""9789189835658"",""Jätten Simeon"",""9789189835658 - Jätten Simeon"", Media 24 / Digibook S6993,""Leverantör"",""1005.50"",""1891.00"","".00"","".00"",""Ebook : School Subscription"",""71073.00"",""4917.67"","".00"","".00"","".00"","".00"","".00"","".00"","".00"","".00"",""0"",""0""";;
"6993,""2025-09-30"",""2025-07-01"",""FS545511"","".00"",""506.40"",""2432.70"",""59.40"",""13665.20"","".00"","".00"",""434.70"",""166.10"",""664.40"",""324.00"","" "",""Brandt, Bobby"",""16"",""SEK"",""4.33"","".27"",""9789189739345"",""Delad hetta"",""9789189739345 - Delad hetta"", Media 24 / Digibook S6993,""Leverantör"",""1005.50"",""1891.00"","".00"","".00"",""Ebook : Extended distribution"",""71073.00"",""4917.67"","".00"","".00"","".00"","".00"","".00"","".00"","".00"","".00"",""0"",""0""";;
"6993,""2025-09-30"",""2025-07-01"",""FS545511"","".00"",""506.40"",""2432.70"",""59.40"",""13665.20"","".00"","".00"",""434.70"",""166.10"",""664.40"",""324.00"","" "",""Brandt, Bobby"",""4"",""SEK"",""1.11"","".28"",""9789189739345"",""Delad hetta"",""9789189739345 - Delad hetta"", Media 24 / Digibook S6993,""Leverantör"",""1005.50"",""1891.00"","".00"","".00"",""Ebook : Extended distribution"",""71073.00"",""4917.67"","".00"","".00"","".00"","".00"","".00"","".00"","".00"","".00"",""0"",""0""";;
"6993,""2025-09-30"",""2025-07-01"",""FS545511"","".00"",""506.40"",""2432.70"",""59.40"",""13665.20"","".00"","".00"",""434.70"",""166.10"",""664.40"",""324.00"","" "",""Brandt, Bobby"",""1"",""SEK"","".93"","".93"",""9789189739994"",""Kladdiga trosor"",""9789189739994 - Kladdiga trosor"", Media 24 / Digibook S6993,""Leverantör"",""1005.50"",""1891.00"","".00"","".00"",""Ebook : Extended distribution"",""71073.00"",""4917.67"","".00"","".00"","".00"","".00"","".00"","".00"","".00"","".00"",""0"",""0""";;
"6993,""2025-09-30"",""2025-07-01"",""FS545511"","".00"",""506.40"",""2432.70"",""59.40"",""13665.20"","".00"","".00"",""434.70"",""166.10"",""664.40"",""324.00"","" "",""Brandt, Bobby"",""1"",""SEK"",""1.07"",""1.07"",""9789189835108"",""Kondomtestet"",""9789189835108 - Kondomtestet"", Media 24 / Digibook S6993,""Leverantör"",""1005.50"",""1891.00"","".00"","".00"",""Ebook : Extended distribution"",""71073.00"",""4917.67"","".00"","".00"","".00"","".00"","".00"","".00"","".00"","".00"",""0"",""0""";;
"6993,""2025-09-30"",""2025-07-01"",""FS545511"","".00"",""506.40"",""2432.70"",""59.40"",""13665.20"","".00"","".00"",""434.70"",""166.10"",""664.40"",""324.00"","" "",""Brandt, Bobby"",""2"",""SEK"",""2.24"",""1.12"",""9789189835108"",""Kondomtestet"",""9789189835108 - Kondomtestet"", Media 24 / Digibook S6993,""Leverantör"",""1005.50"",""1891.00"","".00"","".00"",""Ebook : Extended distribution"",""71073.00"",""4917.67"","".00"","".00"","".00"","".00"","".00"","".00"","".00"","".00"",""0"",""0""";;
"6993,""2025-09-30"",""2025-07-01"",""FS545511"","".00"",""506.40"",""2432.70"",""59.40"",""13665.20"","".00"","".00"",""434.70"",""166.10"",""664.40"",""324.00"","" "",""Brandt, Bobby"",""1"",""SEK"",""1.28"",""1.28"",""9789189739864"",""Bloggens första creampie"",""9789189739864 - Bloggens första creampie"", Media 24 / Digibook S6993,""Leverantör"",""1005.50"",""1891.00"","".00"","".00"",""Ebook : Extended distribution"",""71073.00"",""4917.67"","".00"","".00"","".00"","".00"","".00"","".00"","".00"","".00"",""0"",""0""";;
"6993,""2025-09-30"",""2025-07-01"",""FS545511"","".00"",""506.40"",""2432.70"",""59.40"",""13665.20"","".00"","".00"",""434.70"",""166.10"",""664.40"",""324.00"","" "",""Brandt, Bobby"",""5"",""SEK"",""6.42"",""1.28"",""9789189835788"",""En väns förförelse"",""9789189835788 - En väns förförelse"", Media 24 / Digibook S6993,""Leverantör"",""1005.50"",""1891.00"","".00"","".00"",""Ebook : Extended distribution"",""71073.00"",""4917.67"","".00"","".00"","".00"","".00"","".00"","".00"","".00"","".00"",""0"",""0""";;
"6993,""2025-09-30"",""2025-07-01"",""FS545511"","".00"",""506.40"",""2432.70"",""59.40"",""13665.20"","".00"","".00"",""434.70"",""166.10"",""664.40"",""324.00"","" "",""Brandt, Bobby"",""2"",""SEK"",""2.62"",""1.31"",""9789189835788"",""En väns förförelse"",""9789189835788 - En väns förförelse"", Media 24 / Digibook S6993,""Leverantör"",""1005.50"",""1891.00"","".00"","".00"",""Ebook : Extended distribution"",""71073.00"",""4917.67"","".00"","".00"","".00"","".00"","".00"","".00"","".00"","".00"",""0"",""0""";;
"6993,""2025-09-30"",""2025-07-01"",""FS545511"","".00"",""506.40"",""2432.70"",""59.40"",""13665.20"","".00"","".00"",""434.70"",""166.10"",""664.40"",""324.00"","" "",""Brandt, Bobby"",""5"",""SEK"",""6.70"",""1.34"",""9789189739864"",""Bloggens första creampie"",""9789189739864 - Bloggens första creampie"", Media 24 / Digibook S6993,""Leverantör"",""1005.50"",""1891.00"","".00"","".00"",""Ebook : Extended distribution"",""71073.00"",""4917.67"","".00"","".00"","".00"","".00"","".00"","".00"","".00"","".00"",""0"",""0""";;
"6993,""2025-09-30"",""2025-07-01"",""FS545511"","".00"",""506.40"",""2432.70"",""59.40"",""13665.20"","".00"","".00"",""434.70"",""166.10"",""664.40"",""324.00"","" "",""Brandt, Bobby"",""2"",""SEK"",""2.69"",""1.35"",""9789189835788"",""En väns förförelse"",""9789189835788 - En väns förförelse"", Media 24 / Digibook S6993,""Leverantör"",""1005.50"",""1891.00"","".00"","".00"",""Ebook : Extended distribution"",""71073.00"",""4917.67"","".00"","".00"","".00"","".00"","".00"","".00"","".00"","".00"",""0"",""0""";;
"6993,""2025-09-30"",""2025-07-01"",""FS545511"","".00"",""506.40"",""2432.70"",""59.40"",""13665.20"","".00"","".00"",""434.70"",""166.10"",""664.40"",""324.00"","" "",""Brandt, Bobby"",""2"",""SEK"",""2.74"",""1.37"",""9789189739864"",""Bloggens första creampie"",""9789189739864 - Bloggens första creampie"", Media 24 / Digibook S6993,""Leverantör"",""1005.50"",""1891.00"","".00"","".00"",""Ebook : Extended distribution"",""71073.00"",""4917.67"","".00"","".00"","".00"","".00"","".00"","".00"","".00"","".00"",""0"",""0""";;
"6993,""2025-09-30"",""2025-07-01"",""FS545511"","".00"",""506.40"",""2432.70"",""59.40"",""13665.20"","".00"","".00"",""434.70"",""166.10"",""664.40"",""324.00"","" "",""Brandt, Bobby"",""2"",""SEK"",""2.81"",""1.41"",""9789189739864"",""Bloggens första creampie"",""9789189739864 - Bloggens första creampie"", Media 24 / Digibook S6993,""Leverantör"",""1005.50"",""1891.00"","".00"","".00"",""Ebook : Extended distribution"",""71073.00"",""4917.67"","".00"","".00"","".00"","".00"","".00"","".00"","".00"","".00"",""0"",""0""";;
"6993,""2025-09-30"",""2025-07-01"",""FS545511"","".00"",""506.40"",""2432.70"",""59.40"",""13665.20"","".00"","".00"",""434.70"",""166.10"",""664.40"",""324.00"","" "",""Brandt, Bobby"",""1"",""SEK"",""1.41"",""1.41"",""9789189835788"",""En väns förförelse"",""9789189835788 - En väns förförelse"", Media 24 / Digibook S6993,""Leverantör"",""1005.50"",""1891.00"","".00"","".00"",""Ebook : Extended distribution"",""71073.00"",""4917.67"","".00"","".00"","".00"","".00"","".00"","".00"","".00"","".00"",""0"",""0""";;
"6993,""2025-09-30"",""2025-07-01"",""FS545511"","".00"",""506.40"",""2432.70"",""59.40"",""13665.20"","".00"","".00"",""434.70"",""166.10"",""664.40"",""324.00"","" "",""Brandt, Bobby"",""6"",""SEK"",""8.49"",""1.42"",""9789189835788"",""En väns förförelse"",""9789189835788 - En väns förförelse"", Media 24 / Digibook S6993,""Leverantör"",""1005.50"",""1891.00"","".00"","".00"",""Ebook : Extended distribution"",""71073.00"",""4917.67"","".00"","".00"","".00"","".00"","".00"","".00"","".00"","".00"",""0"",""0""";;
"6993,""2025-09-30"",""2025-07-01"",""FS545511"","".00"",""506.40"",""2432.70"",""59.40"",""13665.20"","".00"","".00"",""434.70"",""166.10"",""664.40"",""324.00"","" "",""Brandt, Bobby"",""1"",""SEK"",""1.43"",""1.43"",""9789189835702"",""Bobby Brandt"",""9789189835702 - Bobby Brandt"", Media 24 / Digibook S6993,""Leverantör"",""1005.50"",""1891.00"","".00"","".00"",""Ebook : Extended distribution"",""71073.00"",""4917.67"","".00"","".00"","".00"","".00"","".00"","".00"","".00"","".00"",""0"",""0""";;
"6993,""2025-09-30"",""2025-07-01"",""FS545511"","".00"",""506.40"",""2432.70"",""59.40"",""13665.20"","".00"","".00"",""434.70"",""166.10"",""664.40"",""324.00"","" "",""Brandt, Bobby"",""2"",""SEK"",""3.02"",""1.51"",""9789189739864"",""Bloggens första creampie"",""9789189739864 - Bloggens första creampie"", Media 24 / Digibook S6993,""Leverantör"",""1005.50"",""1891.00"","".00"","".00"",""Ebook : Extended distribution"",""71073.00"",""4917.67"","".00"","".00"","".00"","".00"","".00"","".00"","".00"","".00"",""0"",""0""";;
"6993,""2025-09-30"",""2025-07-01"",""FS545511"","".00"",""506.40"",""2432.70"",""59.40"",""13665.20"","".00"","".00"",""434.70"",""166.10"",""664.40"",""324.00"","" "",""Brandt, Bobby"",""1"",""SEK"",""2.70"",""2.70"",""9789189739345"",""Delad hetta"",""9789189739345 - Delad hetta"", Media 24 / Digibook S6993,""Leverantör"",""1005.50"",""1891.00"","".00"","".00"",""Ebook : School Subscription"",""71073.00"",""4917.67"","".00"","".00"","".00"","".00"","".00"","".00"","".00"","".00"",""0"",""0""";;
"6993,""2025-09-30"",""2025-07-01"",""FS545511"","".00"",""506.40"",""2432.70"",""59.40"",""13665.20"","".00"","".00"",""434.70"",""166.10"",""664.40"",""324.00"","" "",""Brandt, Bobby"",""1"",""SEK"",""2.70"",""2.70"",""9789189739864"",""Bloggens första creampie"",""9789189739864 - Bloggens första creampie"", Media 24 / Digibook S6993,""Leverantör"",""1005.50"",""1891.00"","".00"","".00"",""Ebook : School Subscription"",""71073.00"",""4917.67"","".00"","".00"","".00"","".00"","".00"","".00"","".00"","".00"",""0"",""0""";;
"6993,""2025-09-30"",""2025-07-01"",""FS545511"","".00"",""506.40"",""2432.70"",""59.40"",""13665.20"","".00"","".00"",""434.70"",""166.10"",""664.40"",""324.00"","" "",""Brandt, Bobby"",""1"",""SEK"",""2.70"",""2.70"",""9789189739994"",""Kladdiga trosor"",""9789189739994 - Kladdiga trosor"", Media 24 / Digibook S6993,""Leverantör"",""1005.50"",""1891.00"","".00"","".00"",""Ebook : School Subscription"",""71073.00"",""4917.67"","".00"","".00"","".00"","".00"","".00"","".00"","".00"","".00"",""0"",""0""";;
"6993,""2025-09-30"",""2025-07-01"",""FS545511"","".00"",""506.40"",""2432.70"",""59.40"",""13665.20"","".00"","".00"",""434.70"",""166.10"",""664.40"",""324.00"","" "",""Brandt, Bobby"",""1"",""SEK"",""2.70"",""2.70"",""9789189835108"",""Kondomtestet"",""9789189835108 - Kondomtestet"", Media 24 / Digibook S6993,""Leverantör"",""1005.50"",""1891.00"","".00"","".00"",""Ebook : School Subscription"",""71073.00"",""4917.67"","".00"","".00"","".00"","".00"","".00"","".00"","".00"","".00"",""0"",""0""";;
"6993,""2025-09-30"",""2025-07-01"",""FS545511"","".00"",""506.40"",""2432.70"",""59.40"",""13665.20"","".00"","".00"",""434.70"",""166.10"",""664.40"",""324.00"","" "",""Brandt, Bobby"",""1"",""SEK"",""2.70"",""2.70"",""9789189835702"",""Bobby Brandt"",""9789189835702 - Bobby Brandt"", Media 24 / Digibook S6993,""Leverantör"",""1005.50"",""1891.00"","".00"","".00"",""Ebook : School Subscription"",""71073.00"",""4917.67"","".00"","".00"","".00"","".00"","".00"","".00"","".00"","".00"",""0"",""0""";;
"6993,""2025-09-30"",""2025-07-01"",""FS545511"","".00"",""506.40"",""2432.70"",""59.40"",""13665.20"","".00"","".00"",""434.70"",""166.10"",""664.40"",""324.00"","" "",""Brandt, Bobby"",""1"",""SEK"",""2.70"",""2.70"",""9789189835788"",""En väns förförelse"",""9789189835788 - En väns förförelse"", Media 24 / Digibook S6993,""Leverantör"",""1005.50"",""1891.00"","".00"","".00"",""Ebook : School Subscription"",""71073.00"",""4917.67"","".00"","".00"","".00"","".00"","".00"","".00"","".00"","".00"",""0"",""0""";;
"6993,""2025-09-30"",""2025-07-01"",""FS545511"","".00"",""506.40"",""2432.70"",""59.40"",""13665.20"","".00"","".00"",""434.70"",""166.10"",""664.40"",""324.00"","" "",""Brandt, Bobby"",""1"",""SEK"",""4.00"",""4.00"",""9789189835788"",""En väns förförelse"",""9789189835788 - En väns förförelse"", Media 24 / Digibook S6993,""Leverantör"",""1005.50"",""1891.00"","".00"","".00"",""Ebook : Access Loan"",""71073.00"",""4917.67"","".00"","".00"","".00"","".00"","".00"","".00"","".00"","".00"",""0"",""0""";;
"6993,""2025-09-30"",""2025-07-01"",""FS545511"","".00"",""506.40"",""2432.70"",""59.40"",""13665.20"","".00"","".00"",""434.70"",""166.10"",""664.40"",""324.00"","" "",""Brynnel, Monique"",""1"",""SEK"",""2.70"",""2.70"",""9789189539686"",""Mitt Musiska Liv"",""9789189539686 - Mitt Musiska Liv"", Media 24 / Digibook S6993,""Leverantör"",""1005.50"",""1891.00"","".00"","".00"",""Audio Book : School Subscription"",""71073.00"",""4917.67"","".00"","".00"","".00"","".00"","".00"","".00"","".00"","".00"",""0"",""0""";;
"6993,""2025-09-30"",""2025-07-01"",""FS545511"","".00"",""506.40"",""2432.70"",""59.40"",""13665.20"","".00"","".00"",""434.70"",""166.10"",""664.40"",""324.00"","" "",""Calås-Jonsson, Sussi"",""1"",""SEK"",""2.70"",""2.70"",""9789189739765"",""Hotet mot Trådlösa"",""9789189739765 - Hotet mot Trådlösa"", Media 24 / Digibook S6993,""Leverantör"",""1005.50"",""1891.00"","".00"","".00"",""Audio Book : School Subscription"",""71073.00"",""4917.67"","".00"","".00"","".00"","".00"","".00"","".00"","".00"","".00"",""0"",""0""";;
"6993,""2025-09-30"",""2025-07-01"",""FS545511"","".00"",""506.40"",""2432.70"",""59.40"",""13665.20"","".00"","".00"",""434.70"",""166.10"",""664.40"",""324.00"","" "",""Carlind, Helene"",""1"",""SEK"",""2.70"",""2.70"",""9789189539655"",""Affirmationer för framgång och lycka - En enkel guide till hur du kan manifestera ett nytt liv på 21 dagar"",""9789189539655 - Affirmationer för framgång och lycka - En enkel guide till hur du kan manifestera ett nytt liv på 21 dagar"", Media 24 / Digibook S6993,""Leverantör"",""1005.50"",""1891.00"","".00"","".00"",""Ebook : School Subscription"",""71073.00"",""4917.67"","".00"","".00"","".00"","".00"","".00"","".00"","".00"","".00"",""0"",""0""";;
"6993,""2025-09-30"",""2025-07-01"",""FS545511"","".00"",""506.40"",""2432.70"",""59.40"",""13665.20"","".00"","".00"",""434.70"",""166.10"",""664.40"",""324.00"","" "",""Carlind, Helene"",""1"",""SEK"",""2.70"",""2.70"",""9789189835191"",""Ufologi II: ett svenskt perspektiv på vilka Aliens vi har haft kontakt med"",""9789189835191 - Ufologi II: ett svenskt perspektiv på vilka Aliens vi har haft kontakt med"", Media 24 / Digibook S6993,""Leverantör"",""1005.50"",""1891.00"","".00"","".00"",""Ebook : School Subscription"",""71073.00"",""4917.67"","".00"","".00"","".00"","".00"","".00"","".00"","".00"","".00"",""0"",""0""";;
"6993,""2025-09-30"",""2025-07-01"",""FS545511"","".00"",""506.40"",""2432.70"",""59.40"",""13665.20"","".00"","".00"",""434.70"",""166.10"",""664.40"",""324.00"","" "",""Carlind, Helene"",""2"",""SEK"",""12.55"",""6.28"",""9789189539655"",""Affirmationer för framgång och lycka - En enkel guide till hur du kan manifestera ett nytt liv på 21 dagar"",""9789189539655 - Affirmationer för framgång och lycka - En enkel guide till hur du kan manifestera ett nytt liv på 21 dagar"", Media 24 / Digibook S6993,""Leverantör"",""1005.50"",""1891.00"","".00"","".00"",""Ebook : Extended distribution"",""71073.00"",""4917.67"","".00"","".00"","".00"","".00"","".00"","".00"","".00"","".00"",""0"",""0""";;
"6993,""2025-09-30"",""2025-07-01"",""FS545511"","".00"",""506.40"",""2432.70"",""59.40"",""13665.20"","".00"","".00"",""434.70"",""166.10"",""664.40"",""324.00"","" "",""Carlind, Helene"",""1"",""SEK"",""6.36"",""6.36"",""9789189835191"",""Ufologi II: ett svenskt perspektiv på vilka Aliens vi har haft kontakt med"",""9789189835191 - Ufologi II: ett svenskt perspektiv på vilka Aliens vi har haft kontakt med"", Media 24 / Digibook S6993,""Leverantör"",""1005.50"",""1891.00"","".00"","".00"",""Ebook : Extended distribution"",""71073.00"",""4917.67"","".00"","".00"","".00"","".00"","".00"","".00"","".00"","".00"",""0"",""0""";;
"6993,""2025-09-30"",""2025-07-01"",""FS545511"","".00"",""506.40"",""2432.70"",""59.40"",""13665.20"","".00"","".00"",""434.70"",""166.10"",""664.40"",""324.00"","" "",""Carlind, Helene"",""1"",""SEK"",""6.67"",""6.67"",""9789189539655"",""Affirmationer för framgång och lycka - En enkel guide till hur du kan manifestera ett nytt liv på 21 dagar"",""9789189539655 - Affirmationer för framgång och lycka - En enkel guide till hur du kan manifestera ett nytt liv på 21 dagar"", Media 24 / Digibook S6993,""Leverantör"",""1005.50"",""1891.00"","".00"","".00"",""Ebook : Extended distribution"",""71073.00"",""4917.67"","".00"","".00"","".00"","".00"","".00"","".00"","".00"","".00"",""0"",""0""";;
"6993,""2025-09-30"",""2025-07-01"",""FS545511"","".00"",""506.40"",""2432.70"",""59.40"",""13665.20"","".00"","".00"",""434.70"",""166.10"",""664.40"",""324.00"","" "",""Carlind, Helene"",""1"",""SEK"",""6.80"",""6.80"",""9789189539655"",""Affirmationer för framgång och lycka - En enkel guide till hur du kan manifestera ett nytt liv på 21 dagar"",""9789189539655 - Affirmationer för framgång och lycka - En enkel guide till hur du kan manifestera ett nytt liv på 21 dagar"", Media 24 / Digibook S6993,""Leverantör"",""1005.50"",""1891.00"","".00"","".00"",""Ebook : Extended distribution"",""71073.00"",""4917.67"","".00"","".00"","".00"","".00"","".00"","".00"","".00"","".00"",""0"",""0""";;
"6993,""2025-09-30"",""2025-07-01"",""FS545511"","".00"",""506.40"",""2432.70"",""59.40"",""13665.20"","".00"","".00"",""434.70"",""166.10"",""664.40"",""324.00"","" "",""Carlind, Helene"",""1"",""SEK"",""6.98"",""6.98"",""9789189739109"",""Ufologi: ett svenskt perspektiv om vad som ligger bakom ufofenomenet och hur allt snart kommer att avslöjas"",""9789189739109 - Ufologi: ett svenskt perspektiv om vad som ligger bakom ufofenomenet och hur allt snart kommer att avslöjas"", Media 24 / Digibook S6993,""Leverantör"",""1005.50"",""1891.00"","".00"","".00"",""Ebook : Extended distribution"",""71073.00"",""4917.67"","".00"","".00"","".00"","".00"","".00"","".00"","".00"","".00"",""0"",""0""";;
"6993,""2025-09-30"",""2025-07-01"",""FS545511"","".00"",""506.40"",""2432.70"",""59.40"",""13665.20"","".00"","".00"",""434.70"",""166.10"",""664.40"",""324.00"","" "",""Carlind, Helene"",""2"",""SEK"",""45.00"",""22.50"",""9789189539655"",""Affirmationer för framgång och lycka - En enkel guide till hur du kan manifestera ett nytt liv på 21 dagar"",""9789189539655 - Affirmationer för framgång och lycka - En enkel guide till hur du kan manifestera ett nytt liv på 21 dagar"", Media 24 / Digibook S6993,""Leverantör"",""1005.50"",""1891.00"","".00"","".00"",""Ebook : Buy"",""71073.00"",""4917.67"","".00"","".00"","".00"","".00"","".00"","".00"","".00"","".00"",""0"",""0""";;
"6993,""2025-09-30"",""2025-07-01"",""FS545511"","".00"",""506.40"",""2432.70"",""59.40"",""13665.20"","".00"","".00"",""434.70"",""166.10"",""664.40"",""324.00"","" "",""Carlind, Helene"",""1"",""SEK"",""47.70"",""47.70"",""9789189539655"",""Affirmationer för framgång och lycka - En enkel guide till hur du kan manifestera ett nytt liv på 21 dagar"",""9789189539655 - Affirmationer för framgång och lycka - En enkel guide till hur du kan manifestera ett nytt liv på 21 dagar"", Media 24 / Digibook S6993,""Leverantör"",""1005.50"",""1891.00"","".00"","".00"",""Ebook : Agregated"",""71073.00"",""4917.67"","".00"","".00"","".00"","".00"","".00"","".00"","".00"","".00"",""0"",""0""";;
"6993,""2025-09-30"",""2025-07-01"",""FS545511"","".00"",""506.40"",""2432.70"",""59.40"",""13665.20"","".00"","".00"",""434.70"",""166.10"",""664.40"",""324.00"","" "",""Claesson, Hans"",""1"",""SEK"",""120.70"",""2.70"",""9789189739826"",""Nordsjödykaren - Roman om en yrkesresa från dröm till verklighet"",""9789189739826 - Nordsjödykaren - Roman om en yrkesresa från dröm till verklighet"", Media 24 / Digibook S6993,""Leverantör"",""1005.50"",""1891.00"","".00"","".00"",""Audio Book : School Subscription"",""71073.00"",""4917.67"","".00"","".00"","".00"","".00"","".00"","".00"","".00"","".00"",""0"",""0""";;
"6993,""2025-09-30"",""2025-07-01"",""FS545511"","".00"",""506.40"",""2432.70"",""59.40"",""13665.20"","".00"","".00"",""434.70"",""166.10"",""664.40"",""324.00"","" "",""Claesson, Hans"",""2"",""SEK"",""39.32"",""19.66"",""9789189739826"",""Nordsjödykaren - Roman om en yrkesresa från dröm till verklighet"",""9789189739826 - Nordsjödykaren - Roman om en yrkesresa från dröm till verklighet"", Media 24 / Digibook S6993,""Leverantör"",""1005.50"",""1891.00"","".00"","".00"",""Audio Book : Extended distribution"",""71073.00"",""4917.67"","".00"","".00"","".00"","".00"","".00"","".00"","".00"","".00"",""0"",""0""";;
"6993,""2025-09-30"",""2025-07-01"",""FS545511"","".00"",""506.40"",""2432.70"",""59.40"",""13665.20"","".00"","".00"",""434.70"",""166.10"",""664.40"",""324.00"","" "",""Claesson, Hans"",""2"",""SEK"",""39.74"",""19.87"",""9789189739826"",""Nordsjödykaren - Roman om en yrkesresa från dröm till verklighet"",""9789189739826 - Nordsjödykaren - Roman om en yrkesresa från dröm till verklighet"", Media 24 / Digibook S6993,""Leverantör"",""1005.50"",""1891.00"","".00"","".00"",""Audio Book : Extended distribution"",""71073.00"",""4917.67"","".00"","".00"","".00"","".00"","".00"","".00"","".00"","".00"",""0"",""0""";;
"6993,""2025-09-30"",""2025-07-01"",""FS545511"","".00"",""506.40"",""2432.70"",""59.40"",""13665.20"","".00"","".00"",""434.70"",""166.10"",""664.40"",""324.00"","" "",""Claesson, Hans"",""2"",""SEK"",""47.18"",""23.59"",""9789189739826"",""Nordsjödykaren - Roman om en yrkesresa från dröm till verklighet"",""9789189739826 - Nordsjödykaren - Roman om en yrkesresa från dröm till verklighet"", Media 24 / Digibook S6993,""Leverantör"",""1005.50"",""1891.00"","".00"","".00"",""Audio Book : Extended distribution"",""71073.00"",""4917.67"","".00"","".00"","".00"","".00"","".00"","".00"","".00"","".00"",""0"",""0""";;
"6993,""2025-09-30"",""2025-07-01"",""FS545511"","".00"",""506.40"",""2432.70"",""59.40"",""13665.20"","".00"","".00"",""434.70"",""166.10"",""664.40"",""324.00"","" "",""Coy, Desirée"",""1"",""SEK"","".52"","".52"",""9789189539549"",""Nattbad"",""9789189539549 - Nattbad"", Media 24 / Digibook S6993,""Leverantör"",""1005.50"",""1891.00"","".00"","".00"",""Ebook : Extended distribution"",""71073.00"",""4917.67"","".00"","".00"","".00"","".00"","".00"","".00"","".00"","".00"",""0"",""0""";;
"6993,""2025-09-30"",""2025-07-01"",""FS545511"","".00"",""506.40"",""2432.70"",""59.40"",""13665.20"","".00"","".00"",""434.70"",""166.10"",""664.40"",""324.00"","" "",""Coy, Desirée"",""1"",""SEK"","".53"","".53"",""9789189539549"",""Nattbad"",""9789189539549 - Nattbad"", Media 24 / Digibook S6993,""Leverantör"",""1005.50"",""1891.00"","".00"","".00"",""Ebook : Extended distribution"",""71073.00"",""4917.67"","".00"","".00"","".00"","".00"","".00"","".00"","".00"","".00"",""0"",""0""";;
"6993,""2025-09-30"",""2025-07-01"",""FS545511"","".00"",""506.40"",""2432.70"",""59.40"",""13665.20"","".00"","".00"",""434.70"",""166.10"",""664.40"",""324.00"","" "",""Coy, Desirée"",""1"",""SEK"","".54"","".54"",""9789189539549"",""Nattbad"",""9789189539549 - Nattbad"", Media 24 / Digibook S6993,""Leverantör"",""1005.50"",""1891.00"","".00"","".00"",""Ebook : Extended distribution"",""71073.00"",""4917.67"","".00"","".00"","".00"","".00"","".00"","".00"","".00"","".00"",""0"",""0""";;
"6993,""2025-09-30"",""2025-07-01"",""FS545511"","".00"",""506.40"",""2432.70"",""59.40"",""13665.20"","".00"","".00"",""434.70"",""166.10"",""664.40"",""324.00"","" "",""Coy, Desirée"",""4"",""SEK"",""2.50"","".63"",""9789189539778"",""Otrogen efter noter"",""9789189539778 - Otrogen efter noter"", Media 24 / Digibook S6993,""Leverantör"",""1005.50"",""1891.00"","".00"","".00"",""Ebook : Extended distribution"",""71073.00"",""4917.67"","".00"","".00"","".00"","".00"","".00"","".00"","".00"","".00"",""0"",""0""";;
"6993,""2025-09-30"",""2025-07-01"",""FS545511"","".00"",""506.40"",""2432.70"",""59.40"",""13665.20"","".00"","".00"",""434.70"",""166.10"",""664.40"",""324.00"","" "",""Coy, Desirée"",""3"",""SEK"",""1.91"","".64"",""9789189539778"",""Otrogen efter noter"",""9789189539778 - Otrogen efter noter"", Media 24 / Digibook S6993,""Leverantör"",""1005.50"",""1891.00"","".00"","".00"",""Ebook : Extended distribution"",""71073.00"",""4917.67"","".00"","".00"","".00"","".00"","".00"","".00"","".00"","".00"",""0"",""0""";;
"6993,""2025-09-30"",""2025-07-01"",""FS545511"","".00"",""506.40"",""2432.70"",""59.40"",""13665.20"","".00"","".00"",""434.70"",""166.10"",""664.40"",""324.00"","" "",""Coy, Desirée"",""1"",""SEK"","".66"","".66"",""9789189539778"",""Otrogen efter noter"",""9789189539778 - Otrogen efter noter"", Media 24 / Digibook S6993,""Leverantör"",""1005.50"",""1891.00"","".00"","".00"",""Ebook : Extended distribution"",""71073.00"",""4917.67"","".00"","".00"","".00"","".00"","".00"","".00"","".00"","".00"",""0"",""0""";;
"6993,""2025-09-30"",""2025-07-01"",""FS545511"","".00"",""506.40"",""2432.70"",""59.40"",""13665.20"","".00"","".00"",""434.70"",""166.10"",""664.40"",""324.00"","" "",""Coy, Desirée"",""2"",""SEK"",""1.40"","".70"",""9789189539778"",""Otrogen efter noter"",""9789189539778 - Otrogen efter noter"", Media 24 / Digibook S6993,""Leverantör"",""1005.50"",""1891.00"","".00"","".00"",""Ebook : Extended distribution"",""71073.00"",""4917.67"","".00"","".00"","".00"","".00"","".00"","".00"","".00"","".00"",""0"",""0""";;
"6993,""2025-09-30"",""2025-07-01"",""FS545511"","".00"",""506.40"",""2432.70"",""59.40"",""13665.20"","".00"","".00"",""434.70"",""166.10"",""664.40"",""324.00"","" "",""Coy, Desirée"",""3"",""SEK"",""2.45"","".82"",""9789189539617"",""En oplanerad midsommar"",""9789189539617 - En oplanerad midsommar"", Media 24 / Digibook S6993,""Leverantör"",""1005.50"",""1891.00"","".00"","".00"",""Ebook : Extended distribution"",""71073.00"",""4917.67"","".00"","".00"","".00"","".00"","".00"","".00"","".00"","".00"",""0"",""0""";;
"6993,""2025-09-30"",""2025-07-01"",""FS545511"","".00"",""506.40"",""2432.70"",""59.40"",""13665.20"","".00"","".00"",""434.70"",""166.10"",""664.40"",""324.00"","" "",""Coy, Desirée"",""2"",""SEK"",""1.67"","".84"",""9789189539617"",""En oplanerad midsommar"",""9789189539617 - En oplanerad midsommar"", Media 24 / Digibook S6993,""Leverantör"",""1005.50"",""1891.00"","".00"","".00"",""Ebook : Extended distribution"",""71073.00"",""4917.67"","".00"","".00"","".00"","".00"","".00"","".00"","".00"","".00"",""0"",""0""";;
"6993,""2025-09-30"",""2025-07-01"",""FS545511"","".00"",""506.40"",""2432.70"",""59.40"",""13665.20"","".00"","".00"",""434.70"",""166.10"",""664.40"",""324.00"","" "",""Coy, Desirée"",""1"",""SEK"","".88"","".88"",""9789189539761"",""Vågspel i Spanien"",""9789189539761 - Vågspel i Spanien"", Media 24 / Digibook S6993,""Leverantör"",""1005.50"",""1891.00"","".00"","".00"",""Ebook : Extended distribution"",""71073.00"",""4917.67"","".00"","".00"","".00"","".00"","".00"","".00"","".00"","".00"",""0"",""0""";;
"6993,""2025-09-30"",""2025-07-01"",""FS545511"","".00"",""506.40"",""2432.70"",""59.40"",""13665.20"","".00"","".00"",""434.70"",""166.10"",""664.40"",""324.00"","" "",""Coy, Desirée"",""1"",""SEK"","".97"","".97"",""9789189539761"",""Vågspel i Spanien"",""9789189539761 - Vågspel i Spanien"", Media 24 / Digibook S6993,""Leverantör"",""1005.50"",""1891.00"","".00"","".00"",""Ebook : Extended distribution"",""71073.00"",""4917.67"","".00"","".00"","".00"","".00"","".00"","".00"","".00"","".00"",""0"",""0""";;
"6993,""2025-09-30"",""2025-07-01"",""FS545511"","".00"",""506.40"",""2432.70"",""59.40"",""13665.20"","".00"","".00"",""434.70"",""166.10"",""664.40"",""324.00"","" "",""Coy, Desirée"",""1"",""SEK"",""2.70"",""2.70"",""9789189539549"",""Nattbad"",""9789189539549 - Nattbad"", Media 24 / Digibook S6993,""Leverantör"",""1005.50"",""1891.00"","".00"","".00"",""Ebook : School Subscription"",""71073.00"",""4917.67"","".00"","".00"","".00"","".00"","".00"","".00"","".00"","".00"",""0"",""0""";;
"6993,""2025-09-30"",""2025-07-01"",""FS545511"","".00"",""506.40"",""2432.70"",""59.40"",""13665.20"","".00"","".00"",""434.70"",""166.10"",""664.40"",""324.00"","" "",""Coy, Desirée"",""1"",""SEK"",""2.70"",""2.70"",""9789189539617"",""En oplanerad midsommar"",""9789189539617 - En oplanerad midsommar"", Media 24 / Digibook S6993,""Leverantör"",""1005.50"",""1891.00"","".00"","".00"",""Ebook : School Subscription"",""71073.00"",""4917.67"","".00"","".00"","".00"","".00"","".00"","".00"","".00"","".00"",""0"",""0""";;
"6993,""2025-09-30"",""2025-07-01"",""FS545511"","".00"",""506.40"",""2432.70"",""59.40"",""13665.20"","".00"","".00"",""434.70"",""166.10"",""664.40"",""324.00"","" "",""Cravelin, Kai"",""1"",""SEK"",""2.70"",""2.70"",""9789189835061"",""När festen är över: Stoisk kognitiv beteendeträning vid alkoholbrukssyndrom (SKBT)"",""9789189835061 - När festen är över: Stoisk kognitiv beteendeträning vid alkoholbrukssyndrom (SKBT)"", Media 24 / Digibook S6993,""Leverantör"",""1005.50"",""1891.00"","".00"","".00"",""Ebook : School Subscription"",""71073.00"",""4917.67"","".00"","".00"","".00"","".00"","".00"","".00"","".00"","".00"",""0"",""0""";;
"6993,""2025-09-30"",""2025-07-01"",""FS545511"","".00"",""506.40"",""2432.70"",""59.40"",""13665.20"","".00"","".00"",""434.70"",""166.10"",""664.40"",""324.00"","" "",""Cravelin, Kai"",""4"",""SEK"",""38.62"",""9.66"",""9789189835030"",""Fri från beroende och psykisk ohälsa: Nykterhet och välmående genom personlig utveckling"",""9789189835030 - Fri från beroende och psykisk ohälsa: Nykterhet och välmående genom personlig utveckling"", Media 24 / Digibook S6993,""Leverantör"",""1005.50"",""1891.00"","".00"","".00"",""Ebook : Extended distribution"",""71073.00"",""4917.67"","".00"","".00"","".00"","".00"","".00"","".00"","".00"","".00"",""0"",""0""";;
"6993,""2025-09-30"",""2025-07-01"",""FS545511"","".00"",""506.40"",""2432.70"",""59.40"",""13665.20"","".00"","".00"",""434.70"",""166.10"",""664.40"",""324.00"","" "",""Cravelin, Kai"",""1"",""SEK"",""24.84"",""24.84"",""9789189835061"",""När festen är över: Stoisk kognitiv beteendeträning vid alkoholbrukssyndrom (SKBT)"",""9789189835061 - När festen är över: Stoisk kognitiv beteendeträning vid alkoholbrukssyndrom (SKBT)"", Media 24 / Digibook S6993,""Leverantör"",""1005.50"",""1891.00"","".00"","".00"",""Ebook : Extended distribution"",""71073.00"",""4917.67"","".00"","".00"","".00"","".00"","".00"","".00"","".00"","".00"",""0"",""0""";;
"6993,""2025-09-30"",""2025-07-01"",""FS545511"","".00"",""506.40"",""2432.70"",""59.40"",""13665.20"","".00"","".00"",""434.70"",""166.10"",""664.40"",""324.00"","" "",""Cravelin, Kai"",""2"",""SEK"",""153.00"",""76.50"",""9789189835061"",""När festen är över: Stoisk kognitiv beteendeträning vid alkoholbrukssyndrom (SKBT)"",""9789189835061 - När festen är över: Stoisk kognitiv beteendeträning vid alkoholbrukssyndrom (SKBT)"", Media 24 / Digibook S6993,""Leverantör"",""1005.50"",""1891.00"","".00"","".00"",""Ebook : Buy"",""71073.00"",""4917.67"","".00"","".00"","".00"","".00"","".00"","".00"","".00"","".00"",""0"",""0""";;
"6993,""2025-09-30"",""2025-07-01"",""FS545511"","".00"",""506.40"",""2432.70"",""59.40"",""13665.20"","".00"","".00"",""434.70"",""166.10"",""664.40"",""324.00"","" "",""Dargle, Ryan"",""1"",""SEK"",""2.70"",""2.70"",""9789189857193"",""The Manichean Departure"",""9789189857193 - The Manichean Departure"", Media 24 / Digibook S6993,""Leverantör"",""1005.50"",""1891.00"","".00"","".00"",""Ebook : School Subscription"",""71073.00"",""4917.67"","".00"","".00"","".00"","".00"","".00"","".00"","".00"","".00"",""0"",""0""";;
"6993,""2025-09-30"",""2025-07-01"",""FS545511"","".00"",""506.40"",""2432.70"",""59.40"",""13665.20"","".00"","".00"",""434.70"",""166.10"",""664.40"",""324.00"","" "",""Dargle, Ryan"",""1"",""SEK"",""50.64"",""50.64"",""9789189857193"",""The Manichean Departure"",""9789189857193 - The Manichean Departure"", Media 24 / Digibook S6993,""Leverantör"",""1005.50"",""1891.00"","".00"","".00"",""Ebook : Extended distribution"",""71073.00"",""4917.67"","".00"","".00"","".00"","".00"","".00"","".00"","".00"","".00"",""0"",""0""";;
"6993,""2025-09-30"",""2025-07-01"",""FS545511"","".00"",""506.40"",""2432.70"",""59.40"",""13665.20"","".00"","".00"",""434.70"",""166.10"",""664.40"",""324.00"","" "",""Deinoff, Anna-Karin"",""1"",""SEK"",""2.70"",""2.70"",""9789189835795"",""Medarbetarskap, ledarskap och allt däremellan";" Lifehacks för oss mitt i (arbets)livet"",""9789189835795 - Medarbetarskap, ledarskap och allt däremellan";" Lifehacks för oss mitt i (arbets)livet"", Media 24 / Digibook S6993,""Leverantör"",""1005.50"",""1891.00"","".00"","".00"",""Audio Book : School Subscription"",""71073.00"",""4917.67"","".00"","".00"","".00"","".00"","".00"","".00"","".00"","".00"",""0"",""0"""
"6993,""2025-09-30"",""2025-07-01"",""FS545511"","".00"",""506.40"",""2432.70"",""59.40"",""13665.20"","".00"","".00"",""434.70"",""166.10"",""664.40"",""324.00"","" "",""Deinoff, Anna-Karin"",""3"",""SEK"",""43.50"",""14.50"",""9789189835795"",""Medarbetarskap, ledarskap och allt däremellan";" Lifehacks för oss mitt i (arbets)livet"",""9789189835795 - Medarbetarskap, ledarskap och allt däremellan";" Lifehacks för oss mitt i (arbets)livet"", Media 24 / Digibook S6993,""Leverantör"",""1005.50"",""1891.00"","".00"","".00"",""Audio Book : Extended distribution"",""71073.00"",""4917.67"","".00"","".00"","".00"","".00"","".00"","".00"","".00"","".00"",""0"",""0"""
"6993,""2025-09-30"",""2025-07-01"",""FS545511"","".00"",""506.40"",""2432.70"",""59.40"",""13665.20"","".00"","".00"",""434.70"",""166.10"",""664.40"",""324.00"","" "",""Deinoff, Anna-Karin"",""1"",""SEK"",""14.66"",""14.66"",""9789189835795"",""Medarbetarskap, ledarskap och allt däremellan";" Lifehacks för oss mitt i (arbets)livet"",""9789189835795 - Medarbetarskap, ledarskap och allt däremellan";" Lifehacks för oss mitt i (arbets)livet"", Media 24 / Digibook S6993,""Leverantör"",""1005.50"",""1891.00"","".00"","".00"",""Audio Book : Extended distribution"",""71073.00"",""4917.67"","".00"","".00"","".00"","".00"","".00"","".00"","".00"","".00"",""0"",""0"""
"6993,""2025-09-30"",""2025-07-01"",""FS545511"","".00"",""506.40"",""2432.70"",""59.40"",""13665.20"","".00"","".00"",""434.70"",""166.10"",""664.40"",""324.00"","" "",""Deinoff, Anna-Karin"",""1"",""SEK"",""15.36"",""15.36"",""9789189835795"",""Medarbetarskap, ledarskap och allt däremellan";" Lifehacks för oss mitt i (arbets)livet"",""9789189835795 - Medarbetarskap, ledarskap och allt däremellan";" Lifehacks för oss mitt i (arbets)livet"", Media 24 / Digibook S6993,""Leverantör"",""1005.50"",""1891.00"","".00"","".00"",""Audio Book : Extended distribution"",""71073.00"",""4917.67"","".00"","".00"","".00"","".00"","".00"","".00"","".00"","".00"",""0"",""0"""
"6993,""2025-09-30"",""2025-07-01"",""FS545511"","".00"",""506.40"",""2432.70"",""59.40"",""13665.20"","".00"","".00"",""434.70"",""166.10"",""664.40"",""324.00"","" "",""Deinoff, Anna-Karin"",""1"",""SEK"",""17.40"",""17.40"",""9789189835795"",""Medarbetarskap, ledarskap och allt däremellan";" Lifehacks för oss mitt i (arbets)livet"",""9789189835795 - Medarbetarskap, ledarskap och allt däremellan";" Lifehacks för oss mitt i (arbets)livet"", Media 24 / Digibook S6993,""Leverantör"",""1005.50"",""1891.00"","".00"","".00"",""Audio Book : Extended distribution"",""71073.00"",""4917.67"","".00"","".00"","".00"","".00"","".00"","".00"","".00"","".00"",""0"",""0"""
"6993,""2025-09-30"",""2025-07-01"",""FS545511"","".00"",""506.40"",""2432.70"",""59.40"",""13665.20"","".00"","".00"",""434.70"",""166.10"",""664.40"",""324.00"","" "",""Dellming, Mikael"",""1"",""SEK"",""2.70"",""2.70"",""9789189835924"",""Saras röst"",""9789189835924 - Saras röst"", Media 24 / Digibook S6993,""Leverantör"",""1005.50"",""1891.00"","".00"","".00"",""Ebook : School Subscription"",""71073.00"",""4917.67"","".00"","".00"","".00"","".00"","".00"","".00"","".00"","".00"",""0"",""0""";;
"6993,""2025-09-30"",""2025-07-01"",""FS545511"","".00"",""506.40"",""2432.70"",""59.40"",""13665.20"","".00"","".00"",""434.70"",""166.10"",""664.40"",""324.00"","" "",""Dohle, Charlotte"",""7"",""SEK"",""6.74"","".96"",""9789189835719"",""Dorbe ett troll inte som andra"",""9789189835719 - Dorbe ett troll inte som andra"", Media 24 / Digibook S6993,""Leverantör"",""1005.50"",""1891.00"","".00"","".00"",""Audio Book : Extended distribution"",""71073.00"",""4917.67"","".00"","".00"","".00"","".00"","".00"","".00"","".00"","".00"",""0"",""0""";;
"6993,""2025-09-30"",""2025-07-01"",""FS545511"","".00"",""506.40"",""2432.70"",""59.40"",""13665.20"","".00"","".00"",""434.70"",""166.10"",""664.40"",""324.00"","" "",""Dohle, Charlotte"",""2"",""SEK"",""1.93"","".97"",""9789189835719"",""Dorbe ett troll inte som andra"",""9789189835719 - Dorbe ett troll inte som andra"", Media 24 / Digibook S6993,""Leverantör"",""1005.50"",""1891.00"","".00"","".00"",""Audio Book : Extended distribution"",""71073.00"",""4917.67"","".00"","".00"","".00"","".00"","".00"","".00"","".00"","".00"",""0"",""0""";;
"6993,""2025-09-30"",""2025-07-01"",""FS545511"","".00"",""506.40"",""2432.70"",""59.40"",""13665.20"","".00"","".00"",""434.70"",""166.10"",""664.40"",""324.00"","" "",""Dohle, Charlotte"",""51"",""SEK"",""49.82"","".98"",""9789189835719"",""Dorbe ett troll inte som andra"",""9789189835719 - Dorbe ett troll inte som andra"", Media 24 / Digibook S6993,""Leverantör"",""1005.50"",""1891.00"","".00"","".00"",""Audio Book : Extended distribution"",""71073.00"",""4917.67"","".00"","".00"","".00"","".00"","".00"","".00"","".00"","".00"",""0"",""0""";;
"6993,""2025-09-30"",""2025-07-01"",""FS545511"","".00"",""506.40"",""2432.70"",""59.40"",""13665.20"","".00"","".00"",""434.70"",""166.10"",""664.40"",""324.00"","" "",""Dohle, Charlotte"",""25"",""SEK"",""24.90"",""1.00"",""9789189835719"",""Dorbe ett troll inte som andra"",""9789189835719 - Dorbe ett troll inte som andra"", Media 24 / Digibook S6993,""Leverantör"",""1005.50"",""1891.00"","".00"","".00"",""Audio Book : Extended distribution"",""71073.00"",""4917.67"","".00"","".00"","".00"","".00"","".00"","".00"","".00"","".00"",""0"",""0""";;
"6993,""2025-09-30"",""2025-07-01"",""FS545511"","".00"",""506.40"",""2432.70"",""59.40"",""13665.20"","".00"","".00"",""434.70"",""166.10"",""664.40"",""324.00"","" "",""Dohle, Charlotte"",""16"",""SEK"",""16.38"",""1.02"",""9789189835719"",""Dorbe ett troll inte som andra"",""9789189835719 - Dorbe ett troll inte som andra"", Media 24 / Digibook S6993,""Leverantör"",""1005.50"",""1891.00"","".00"","".00"",""Audio Book : Extended distribution"",""71073.00"",""4917.67"","".00"","".00"","".00"","".00"","".00"","".00"","".00"","".00"",""0"",""0""";;
"6993,""2025-09-30"",""2025-07-01"",""FS545511"","".00"",""506.40"",""2432.70"",""59.40"",""13665.20"","".00"","".00"",""434.70"",""166.10"",""664.40"",""324.00"","" "",""Dohle, Charlotte"",""7"",""SEK"",""8.12"",""1.16"",""9789189835719"",""Dorbe ett troll inte som andra"",""9789189835719 - Dorbe ett troll inte som andra"", Media 24 / Digibook S6993,""Leverantör"",""1005.50"",""1891.00"","".00"","".00"",""Audio Book : Extended distribution"",""71073.00"",""4917.67"","".00"","".00"","".00"","".00"","".00"","".00"","".00"","".00"",""0"",""0""";;
"6993,""2025-09-30"",""2025-07-01"",""FS545511"","".00"",""506.40"",""2432.70"",""59.40"",""13665.20"","".00"","".00"",""434.70"",""166.10"",""664.40"",""324.00"","" "",""Dohle, Charlotte"",""1"",""SEK"",""2.70"",""2.70"",""9789189835665"",""Heart Diamond, kraften i dig"",""9789189835665 - Heart Diamond, kraften i dig"", Media 24 / Digibook S6993,""Leverantör"",""1005.50"",""1891.00"","".00"","".00"",""Audio Book : School Subscription"",""71073.00"",""4917.67"","".00"","".00"","".00"","".00"","".00"","".00"","".00"","".00"",""0"",""0""";;
"6993,""2025-09-30"",""2025-07-01"",""FS545511"","".00"",""506.40"",""2432.70"",""59.40"",""13665.20"","".00"","".00"",""434.70"",""166.10"",""664.40"",""324.00"","" "",""Dohle, Charlotte"",""1"",""SEK"",""2.70"",""2.70"",""9789189835719"",""Dorbe ett troll inte som andra"",""9789189835719 - Dorbe ett troll inte som andra"", Media 24 / Digibook S6993,""Leverantör"",""1005.50"",""1891.00"","".00"","".00"",""Audio Book : School Subscription"",""71073.00"",""4917.67"","".00"","".00"","".00"","".00"","".00"","".00"","".00"","".00"",""0"",""0""";;
"6993,""2025-09-30"",""2025-07-01"",""FS545511"","".00"",""506.40"",""2432.70"",""59.40"",""13665.20"","".00"","".00"",""434.70"",""166.10"",""664.40"",""324.00"","" "",""Dohle, Charlotte"",""2"",""SEK"",""6.16"",""3.08"",""9789189835665"",""Heart Diamond, kraften i dig"",""9789189835665 - Heart Diamond, kraften i dig"", Media 24 / Digibook S6993,""Leverantör"",""1005.50"",""1891.00"","".00"","".00"",""Audio Book : Extended distribution"",""71073.00"",""4917.67"","".00"","".00"","".00"","".00"","".00"","".00"","".00"","".00"",""0"",""0""";;
"6993,""2025-09-30"",""2025-07-01"",""FS545511"","".00"",""506.40"",""2432.70"",""59.40"",""13665.20"","".00"","".00"",""434.70"",""166.10"",""664.40"",""324.00"","" "",""Dohle, Charlotte"",""2"",""SEK"",""6.28"",""3.14"",""9789189835665"",""Heart Diamond, kraften i dig"",""9789189835665 - Heart Diamond, kraften i dig"", Media 24 / Digibook S6993,""Leverantör"",""1005.50"",""1891.00"","".00"","".00"",""Audio Book : Extended distribution"",""71073.00"",""4917.67"","".00"","".00"","".00"","".00"","".00"","".00"","".00"","".00"",""0"",""0""";;
"6993,""2025-09-30"",""2025-07-01"",""FS545511"","".00"",""506.40"",""2432.70"",""59.40"",""13665.20"","".00"","".00"",""434.70"",""166.10"",""664.40"",""324.00"","" "",""Dohle, Charlotte"",""4"",""SEK"",""14.61"",""3.65"",""9789189835665"",""Heart Diamond, kraften i dig"",""9789189835665 - Heart Diamond, kraften i dig"", Media 24 / Digibook S6993,""Leverantör"",""1005.50"",""1891.00"","".00"","".00"",""Audio Book : Extended distribution"",""71073.00"",""4917.67"","".00"","".00"","".00"","".00"","".00"","".00"","".00"","".00"",""0"",""0""";;
"6993,""2025-09-30"",""2025-07-01"",""FS545511"","".00"",""506.40"",""2432.70"",""59.40"",""13665.20"","".00"","".00"",""434.70"",""166.10"",""664.40"",""324.00"","" "",""Dohle, Charlotte"",""2"",""SEK"",""7.31"",""3.66"",""9789189835665"",""Heart Diamond, kraften i dig"",""9789189835665 - Heart Diamond, kraften i dig"", Media 24 / Digibook S6993,""Leverantör"",""1005.50"",""1891.00"","".00"","".00"",""Audio Book : Extended distribution"",""71073.00"",""4917.67"","".00"","".00"","".00"","".00"","".00"","".00"","".00"","".00"",""0"",""0""";;
"6993,""2025-09-30"",""2025-07-01"",""FS545511"","".00"",""506.40"",""2432.70"",""59.40"",""13665.20"","".00"","".00"",""434.70"",""166.10"",""664.40"",""324.00"","" "",""Dohle, Charlotte"",""2"",""SEK"",""12.00"",""6.00"",""9789189835665"",""Heart Diamond, kraften i dig"",""9789189835665 - Heart Diamond, kraften i dig"", Media 24 / Digibook S6993,""Leverantör"",""1005.50"",""1891.00"","".00"","".00"",""Audio Book : Agregated"",""71073.00"",""4917.67"","".00"","".00"","".00"","".00"","".00"","".00"","".00"","".00"",""0"",""0""";;
"6993,""2025-09-30"",""2025-07-01"",""FS545511"","".00"",""506.40"",""2432.70"",""59.40"",""13665.20"","".00"","".00"",""434.70"",""166.10"",""664.40"",""324.00"","" "",""Eddeborn, Gunilla"",""1"",""SEK"",""2.70"",""2.70"",""9789189835153"",""Hjärtats sånger: En resa genom livet"",""9789189835153 - Hjärtats sånger: En resa genom livet"", Media 24 / Digibook S6993,""Leverantör"",""1005.50"",""1891.00"","".00"","".00"",""Ebook : School Subscription"",""71073.00"",""4917.67"","".00"","".00"","".00"","".00"","".00"","".00"","".00"","".00"",""0"",""0""";;
"6993,""2025-09-30"",""2025-07-01"",""FS545511"","".00"",""506.40"",""2432.70"",""59.40"",""13665.20"","".00"","".00"",""434.70"",""166.10"",""664.40"",""324.00"","" "",""Eddeborn, Gunilla"",""1"",""SEK"",""2.70"",""2.70"",""9789189835306"",""Hjärtats sånger: Fortsättningen på Resan genom Livet"",""9789189835306 - Hjärtats sånger: Fortsättningen på Resan genom Livet"", Media 24 / Digibook S6993,""Leverantör"",""1005.50"",""1891.00"","".00"","".00"",""Ebook : School Subscription"",""71073.00"",""4917.67"","".00"","".00"","".00"","".00"","".00"","".00"","".00"","".00"",""0"",""0""";;
"6993,""2025-09-30"",""2025-07-01"",""FS545511"","".00"",""506.40"",""2432.70"",""59.40"",""13665.20"","".00"","".00"",""434.70"",""166.10"",""664.40"",""324.00"","" "",""Eddeborn, Gunilla"",""1"",""SEK"",""2.70"",""2.70"",""9789189835436"",""Hjärtats sånger: Resan genom Livet fortsätter"",""9789189835436 - Hjärtats sånger: Resan genom Livet fortsätter"", Media 24 / Digibook S6993,""Leverantör"",""1005.50"",""1891.00"","".00"","".00"",""Ebook : School Subscription"",""71073.00"",""4917.67"","".00"","".00"","".00"","".00"","".00"","".00"","".00"","".00"",""0"",""0""";;
"6993,""2025-09-30"",""2025-07-01"",""FS545511"","".00"",""506.40"",""2432.70"",""59.40"",""13665.20"","".00"","".00"",""434.70"",""166.10"",""664.40"",""324.00"","" "",""Eddeborn, Gunilla"",""1"",""SEK"",""2.70"",""2.70"",""9789189835603"",""Hjärtats sånger: Resan genom Livet fortsätter vidare"",""9789189835603 - Hjärtats sånger: Resan genom Livet fortsätter vidare"", Media 24 / Digibook S6993,""Leverantör"",""1005.50"",""1891.00"","".00"","".00"",""Ebook : School Subscription"",""71073.00"",""4917.67"","".00"","".00"","".00"","".00"","".00"","".00"","".00"","".00"",""0"",""0""";;
"6993,""2025-09-30"",""2025-07-01"",""FS545511"","".00"",""506.40"",""2432.70"",""59.40"",""13665.20"","".00"","".00"",""434.70"",""166.10"",""664.40"",""324.00"","" "",""Eddeborn, Gunilla"",""1"",""SEK"",""2.70"",""2.70"",""9789189835757"",""Hjärtats sånger: ännnu en Resa genom Livet "",""9789189835757 - Hjärtats sånger: ännnu en Resa genom Livet "", Media 24 / Digibook S6993,""Leverantör"",""1005.50"",""1891.00"","".00"","".00"",""Ebook : School Subscription"",""71073.00"",""4917.67"","".00"","".00"","".00"","".00"","".00"","".00"","".00"","".00"",""0"",""0""";;
"6993,""2025-09-30"",""2025-07-01"",""FS545511"","".00"",""506.40"",""2432.70"",""59.40"",""13665.20"","".00"","".00"",""434.70"",""166.10"",""664.40"",""324.00"","" "",""Edelholt, Jan"",""1"",""SEK"",""6.82"",""6.82"",""9789190071151"",""Coco - Mellan två världar"",""9789190071151 - Coco - Mellan två världar"", Media 24 / Digibook S6993,""Leverantör"",""1005.50"",""1891.00"","".00"","".00"",""Ebook : Extended distribution"",""71073.00"",""4917.67"","".00"","".00"","".00"","".00"","".00"","".00"","".00"","".00"",""0"",""0""";;
"6993,""2025-09-30"",""2025-07-01"",""FS545511"","".00"",""506.40"",""2432.70"",""59.40"",""13665.20"","".00"","".00"",""434.70"",""166.10"",""664.40"",""324.00"","" "",""Edelholt, Jan"",""1"",""SEK"",""7.55"",""7.55"",""9789190071144"",""Mannen utan värde"",""9789190071144 - Mannen utan värde"", Media 24 / Digibook S6993,""Leverantör"",""1005.50"",""1891.00"","".00"","".00"",""Ebook : Extended distribution"",""71073.00"",""4917.67"","".00"","".00"","".00"","".00"","".00"","".00"","".00"","".00"",""0"",""0""";;
"6993,""2025-09-30"",""2025-07-01"",""FS545511"","".00"",""506.40"",""2432.70"",""59.40"",""13665.20"","".00"","".00"",""434.70"",""166.10"",""664.40"",""324.00"","" "",""Edelholt, Jan"",""1"",""SEK"",""11.20"",""11.20"",""9789190071144"",""Mannen utan värde"",""9789190071144 - Mannen utan värde"", Media 24 / Digibook S6993,""Leverantör"",""1005.50"",""1891.00"","".00"","".00"",""Ebook : Access Loan"",""71073.00"",""4917.67"","".00"","".00"","".00"","".00"","".00"","".00"","".00"","".00"",""0"",""0""";;
"6993,""2025-09-30"",""2025-07-01"",""FS545511"","".00"",""506.40"",""2432.70"",""59.40"",""13665.20"","".00"","".00"",""434.70"",""166.10"",""664.40"",""324.00"","" "",""Edelholt, Jan"",""1"",""SEK"",""52.88"",""52.88"",""9789190071656"",""Lizette Hemkomsten"",""9789190071656 - Lizette Hemkomsten"", Media 24 / Digibook S6993,""Leverantör"",""1005.50"",""1891.00"","".00"","".00"",""Ebook : Extended distribution"",""71073.00"",""4917.67"","".00"","".00"","".00"","".00"","".00"","".00"","".00"","".00"",""0"",""0""";;
"6993,""2025-09-30"",""2025-07-01"",""FS545511"","".00"",""506.40"",""2432.70"",""59.40"",""13665.20"","".00"","".00"",""434.70"",""166.10"",""664.40"",""324.00"","" "",""Edman, Björn"",""1"",""SEK"",""2.70"",""2.70"",""9789189857261"",""Öga för Öga"",""9789189857261 - Öga för Öga"", Media 24 / Digibook S6993,""Leverantör"",""1005.50"",""1891.00"","".00"","".00"",""Ebook : School Subscription"",""71073.00"",""4917.67"","".00"","".00"","".00"","".00"","".00"","".00"","".00"","".00"",""0"",""0""";;
"6993,""2025-09-30"",""2025-07-01"",""FS545511"","".00"",""506.40"",""2432.70"",""59.40"",""13665.20"","".00"","".00"",""434.70"",""166.10"",""664.40"",""324.00"","" "",""Ehn, Hedda Ng -"",""1"",""SEK"",""2.70"",""2.70"",""9789189739840"",""Ömt blå"",""9789189739840 - Ömt blå"", Media 24 / Digibook S6993,""Leverantör"",""1005.50"",""1891.00"","".00"","".00"",""Audio Book : School Subscription"",""71073.00"",""4917.67"","".00"","".00"","".00"","".00"","".00"","".00"","".00"","".00"",""0"",""0""";;
"6993,""2025-09-30"",""2025-07-01"",""FS545511"","".00"",""506.40"",""2432.70"",""59.40"",""13665.20"","".00"","".00"",""434.70"",""166.10"",""664.40"",""324.00"","" "",""Ek, Agnes"",""1"",""SEK"","".49"","".49"",""9789189739772"",""Bang bang - erotisk novell"",""9789189739772 - Bang bang - erotisk novell"", Media 24 / Digibook S6993,""Leverantör"",""1005.50"",""1891.00"","".00"","".00"",""Audio Book : Extended distribution"",""71073.00"",""4917.67"","".00"","".00"","".00"","".00"","".00"","".00"","".00"","".00"",""0"",""0""";;
"6993,""2025-09-30"",""2025-07-01"",""FS545511"","".00"",""506.40"",""2432.70"",""59.40"",""13665.20"","".00"","".00"",""434.70"",""166.10"",""664.40"",""324.00"","" "",""Ek, Agnes"",""15"",""SEK"",""7.55"","".50"",""9789189739772"",""Bang bang - erotisk novell"",""9789189739772 - Bang bang - erotisk novell"", Media 24 / Digibook S6993,""Leverantör"",""1005.50"",""1891.00"","".00"","".00"",""Audio Book : Extended distribution"",""71073.00"",""4917.67"","".00"","".00"","".00"","".00"","".00"","".00"","".00"","".00"",""0"",""0""";;
"6993,""2025-09-30"",""2025-07-01"",""FS545511"","".00"",""506.40"",""2432.70"",""59.40"",""13665.20"","".00"","".00"",""434.70"",""166.10"",""664.40"",""324.00"","" "",""Ek, Agnes"",""6"",""SEK"",""3.09"","".52"",""9789189739772"",""Bang bang - erotisk novell"",""9789189739772 - Bang bang - erotisk novell"", Media 24 / Digibook S6993,""Leverantör"",""1005.50"",""1891.00"","".00"","".00"",""Audio Book : Extended distribution"",""71073.00"",""4917.67"","".00"","".00"","".00"","".00"","".00"","".00"","".00"","".00"",""0"",""0""";;
"6993,""2025-09-30"",""2025-07-01"",""FS545511"","".00"",""506.40"",""2432.70"",""59.40"",""13665.20"","".00"","".00"",""434.70"",""166.10"",""664.40"",""324.00"","" "",""Ek, Agnes"",""2"",""SEK"",""1.05"","".53"",""9789189739772"",""Bang bang - erotisk novell"",""9789189739772 - Bang bang - erotisk novell"", Media 24 / Digibook S6993,""Leverantör"",""1005.50"",""1891.00"","".00"","".00"",""Audio Book : Extended distribution"",""71073.00"",""4917.67"","".00"","".00"","".00"","".00"","".00"","".00"","".00"","".00"",""0"",""0""";;
"6993,""2025-09-30"",""2025-07-01"",""FS545511"","".00"",""506.40"",""2432.70"",""59.40"",""13665.20"","".00"","".00"",""434.70"",""166.10"",""664.40"",""324.00"","" "",""Ek, Agnes"",""92"",""SEK"",""55.06"","".60"",""9789189739772"",""Bang bang - erotisk novell"",""9789189739772 - Bang bang - erotisk novell"", Media 24 / Digibook S6993,""Leverantör"",""1005.50"",""1891.00"","".00"","".00"",""Audio Book : Extended distribution"",""71073.00"",""4917.67"","".00"","".00"","".00"","".00"","".00"","".00"","".00"","".00"",""0"",""0""";;
"6993,""2025-09-30"",""2025-07-01"",""FS545511"","".00"",""506.40"",""2432.70"",""59.40"",""13665.20"","".00"","".00"",""434.70"",""166.10"",""664.40"",""324.00"","" "",""Ek, Agnes"",""3"",""SEK"",""2.71"","".90"",""9789189739499"",""Kättja med kedja - erotisk novell"",""9789189739499 - Kättja med kedja - erotisk novell"", Media 24 / Digibook S6993,""Leverantör"",""1005.50"",""1891.00"","".00"","".00"",""Ebook : Extended distribution"",""71073.00"",""4917.67"","".00"","".00"","".00"","".00"","".00"","".00"","".00"","".00"",""0"",""0""";;
"6993,""2025-09-30"",""2025-07-01"",""FS545511"","".00"",""506.40"",""2432.70"",""59.40"",""13665.20"","".00"","".00"",""434.70"",""166.10"",""664.40"",""324.00"","" "",""Ek, Agnes"",""3"",""SEK"",""2.77"","".92"",""9789189739499"",""Kättja med kedja - erotisk novell"",""9789189739499 - Kättja med kedja - erotisk novell"", Media 24 / Digibook S6993,""Leverantör"",""1005.50"",""1891.00"","".00"","".00"",""Ebook : Extended distribution"",""71073.00"",""4917.67"","".00"","".00"","".00"","".00"","".00"","".00"","".00"","".00"",""0"",""0""";;
"6993,""2025-09-30"",""2025-07-01"",""FS545511"","".00"",""506.40"",""2432.70"",""59.40"",""13665.20"","".00"","".00"",""434.70"",""166.10"",""664.40"",""324.00"","" "",""Ek, Agnes"",""2"",""SEK"",""1.90"","".95"",""9789189739499"",""Kättja med kedja - erotisk novell"",""9789189739499 - Kättja med kedja - erotisk novell"", Media 24 / Digibook S6993,""Leverantör"",""1005.50"",""1891.00"","".00"","".00"",""Ebook : Extended distribution"",""71073.00"",""4917.67"","".00"","".00"","".00"","".00"","".00"","".00"","".00"","".00"",""0"",""0""";;
"6993,""2025-09-30"",""2025-07-01"",""FS545511"","".00"",""506.40"",""2432.70"",""59.40"",""13665.20"","".00"","".00"",""434.70"",""166.10"",""664.40"",""324.00"","" "",""Ek, Agnes"",""12"",""SEK"",""11.64"","".97"",""9789189835207"",""Hennes begär - erotisk novell"",""9789189835207 - Hennes begär - erotisk novell"", Media 24 / Digibook S6993,""Leverantör"",""1005.50"",""1891.00"","".00"","".00"",""Ebook : Extended distribution"",""71073.00"",""4917.67"","".00"","".00"","".00"","".00"","".00"","".00"","".00"","".00"",""0"",""0""";;
"6993,""2025-09-30"",""2025-07-01"",""FS545511"","".00"",""506.40"",""2432.70"",""59.40"",""13665.20"","".00"","".00"",""434.70"",""166.10"",""664.40"",""324.00"","" "",""Ek, Agnes"",""3"",""SEK"",""2.97"","".99"",""9789189835207"",""Hennes begär - erotisk novell"",""9789189835207 - Hennes begär - erotisk novell"", Media 24 / Digibook S6993,""Leverantör"",""1005.50"",""1891.00"","".00"","".00"",""Ebook : Extended distribution"",""71073.00"",""4917.67"","".00"","".00"","".00"","".00"","".00"","".00"","".00"","".00"",""0"",""0""";;
"6993,""2025-09-30"",""2025-07-01"",""FS545511"","".00"",""506.40"",""2432.70"",""59.40"",""13665.20"","".00"","".00"",""434.70"",""166.10"",""664.40"",""324.00"","" "",""Ek, Agnes"",""21"",""SEK"",""20.99"",""1.00"",""9789189739482"",""Passion vid havet - erotisk novell"",""9789189739482 - Passion vid havet - erotisk novell"", Media 24 / Digibook S6993,""Leverantör"",""1005.50"",""1891.00"","".00"","".00"",""Ebook : Extended distribution"",""71073.00"",""4917.67"","".00"","".00"","".00"","".00"","".00"","".00"","".00"","".00"",""0"",""0""";;
"6993,""2025-09-30"",""2025-07-01"",""FS545511"","".00"",""506.40"",""2432.70"",""59.40"",""13665.20"","".00"","".00"",""434.70"",""166.10"",""664.40"",""324.00"","" "",""Ek, Agnes"",""6"",""SEK"",""6.07"",""1.01"",""9789189739680"",""En smak av vår - erotisk novell"",""9789189739680 - En smak av vår - erotisk novell"", Media 24 / Digibook S6993,""Leverantör"",""1005.50"",""1891.00"","".00"","".00"",""Ebook : Extended distribution"",""71073.00"",""4917.67"","".00"","".00"","".00"","".00"","".00"","".00"","".00"","".00"",""0"",""0""";;
"6993,""2025-09-30"",""2025-07-01"",""FS545511"","".00"",""506.40"",""2432.70"",""59.40"",""13665.20"","".00"","".00"",""434.70"",""166.10"",""664.40"",""324.00"","" "",""Ek, Agnes"",""7"",""SEK"",""7.14"",""1.02"",""9789189739482"",""Passion vid havet - erotisk novell"",""9789189739482 - Passion vid havet - erotisk novell"", Media 24 / Digibook S6993,""Leverantör"",""1005.50"",""1891.00"","".00"","".00"",""Ebook : Extended distribution"",""71073.00"",""4917.67"","".00"","".00"","".00"","".00"","".00"","".00"","".00"","".00"",""0"",""0""";;
"6993,""2025-09-30"",""2025-07-01"",""FS545511"","".00"",""506.40"",""2432.70"",""59.40"",""13665.20"","".00"","".00"",""434.70"",""166.10"",""664.40"",""324.00"","" "",""Ek, Agnes"",""1"",""SEK"",""1.02"",""1.02"",""9789189739499"",""Kättja med kedja - erotisk novell"",""9789189739499 - Kättja med kedja - erotisk novell"", Media 24 / Digibook S6993,""Leverantör"",""1005.50"",""1891.00"","".00"","".00"",""Ebook : Extended distribution"",""71073.00"",""4917.67"","".00"","".00"","".00"","".00"","".00"","".00"","".00"","".00"",""0"",""0""";;
"6993,""2025-09-30"",""2025-07-01"",""FS545511"","".00"",""506.40"",""2432.70"",""59.40"",""13665.20"","".00"","".00"",""434.70"",""166.10"",""664.40"",""324.00"","" "",""Ek, Agnes"",""1"",""SEK"",""1.02"",""1.02"",""9789189835207"",""Hennes begär - erotisk novell"",""9789189835207 - Hennes begär - erotisk novell"", Media 24 / Digibook S6993,""Leverantör"",""1005.50"",""1891.00"","".00"","".00"",""Ebook : Extended distribution"",""71073.00"",""4917.67"","".00"","".00"","".00"","".00"","".00"","".00"","".00"","".00"",""0"",""0""";;
"6993,""2025-09-30"",""2025-07-01"",""FS545511"","".00"",""506.40"",""2432.70"",""59.40"",""13665.20"","".00"","".00"",""434.70"",""166.10"",""664.40"",""324.00"","" "",""Ek, Agnes"",""1"",""SEK"",""1.04"",""1.04"",""9789189739680"",""En smak av vår - erotisk novell"",""9789189739680 - En smak av vår - erotisk novell"", Media 24 / Digibook S6993,""Leverantör"",""1005.50"",""1891.00"","".00"","".00"",""Ebook : Extended distribution"",""71073.00"",""4917.67"","".00"","".00"","".00"","".00"","".00"","".00"","".00"","".00"",""0"",""0""";;
"6993,""2025-09-30"",""2025-07-01"",""FS545511"","".00"",""506.40"",""2432.70"",""59.40"",""13665.20"","".00"","".00"",""434.70"",""166.10"",""664.40"",""324.00"","" "",""Ek, Agnes"",""4"",""SEK"",""4.14"",""1.04"",""9789189739758"",""Kättja med kedja - erotisk novell"",""9789189739758 - Kättja med kedja - erotisk novell"", Media 24 / Digibook S6993,""Leverantör"",""1005.50"",""1891.00"","".00"","".00"",""Audio Book : Extended distribution"",""71073.00"",""4917.67"","".00"","".00"","".00"","".00"","".00"","".00"","".00"","".00"",""0"",""0""";;
"6993,""2025-09-30"",""2025-07-01"",""FS545511"","".00"",""506.40"",""2432.70"",""59.40"",""13665.20"","".00"","".00"",""434.70"",""166.10"",""664.40"",""324.00"","" "",""Ek, Agnes"",""3"",""SEK"",""3.14"",""1.05"",""9789189739482"",""Passion vid havet - erotisk novell"",""9789189739482 - Passion vid havet - erotisk novell"", Media 24 / Digibook S6993,""Leverantör"",""1005.50"",""1891.00"","".00"","".00"",""Ebook : Extended distribution"",""71073.00"",""4917.67"","".00"","".00"","".00"","".00"","".00"","".00"","".00"","".00"",""0"",""0""";;
"6993,""2025-09-30"",""2025-07-01"",""FS545511"","".00"",""506.40"",""2432.70"",""59.40"",""13665.20"","".00"","".00"",""434.70"",""166.10"",""664.40"",""324.00"","" "",""Ek, Agnes"",""3"",""SEK"",""3.19"",""1.06"",""9789189739680"",""En smak av vår - erotisk novell"",""9789189739680 - En smak av vår - erotisk novell"", Media 24 / Digibook S6993,""Leverantör"",""1005.50"",""1891.00"","".00"","".00"",""Ebook : Extended distribution"",""71073.00"",""4917.67"","".00"","".00"","".00"","".00"","".00"","".00"","".00"","".00"",""0"",""0""";;
"6993,""2025-09-30"",""2025-07-01"",""FS545511"","".00"",""506.40"",""2432.70"",""59.40"",""13665.20"","".00"","".00"",""434.70"",""166.10"",""664.40"",""324.00"","" "",""Ek, Agnes"",""10"",""SEK"",""10.56"",""1.06"",""9789189739758"",""Kättja med kedja - erotisk novell"",""9789189739758 - Kättja med kedja - erotisk novell"", Media 24 / Digibook S6993,""Leverantör"",""1005.50"",""1891.00"","".00"","".00"",""Audio Book : Extended distribution"",""71073.00"",""4917.67"","".00"","".00"","".00"","".00"","".00"","".00"","".00"","".00"",""0"",""0""";;
"6993,""2025-09-30"",""2025-07-01"",""FS545511"","".00"",""506.40"",""2432.70"",""59.40"",""13665.20"","".00"","".00"",""434.70"",""166.10"",""664.40"",""324.00"","" "",""Ek, Agnes"",""3"",""SEK"",""3.25"",""1.08"",""9789189739758"",""Kättja med kedja - erotisk novell"",""9789189739758 - Kättja med kedja - erotisk novell"", Media 24 / Digibook S6993,""Leverantör"",""1005.50"",""1891.00"","".00"","".00"",""Audio Book : Extended distribution"",""71073.00"",""4917.67"","".00"","".00"","".00"","".00"","".00"","".00"","".00"","".00"",""0"",""0""";;
"6993,""2025-09-30"",""2025-07-01"",""FS545511"","".00"",""506.40"",""2432.70"",""59.40"",""13665.20"","".00"","".00"",""434.70"",""166.10"",""664.40"",""324.00"","" "",""Ek, Agnes"",""6"",""SEK"",""6.50"",""1.08"",""9789189835207"",""Hennes begär - erotisk novell"",""9789189835207 - Hennes begär - erotisk novell"", Media 24 / Digibook S6993,""Leverantör"",""1005.50"",""1891.00"","".00"","".00"",""Ebook : Extended distribution"",""71073.00"",""4917.67"","".00"","".00"","".00"","".00"","".00"","".00"","".00"","".00"",""0"",""0""";;
"6993,""2025-09-30"",""2025-07-01"",""FS545511"","".00"",""506.40"",""2432.70"",""59.40"",""13665.20"","".00"","".00"",""434.70"",""166.10"",""664.40"",""324.00"","" "",""Ek, Agnes"",""4"",""SEK"",""4.39"",""1.10"",""9789189739802"",""Het motion - erotisk novell"",""9789189739802 - Het motion - erotisk novell"", Media 24 / Digibook S6993,""Leverantör"",""1005.50"",""1891.00"","".00"","".00"",""Audio Book : Extended distribution"",""71073.00"",""4917.67"","".00"","".00"","".00"","".00"","".00"","".00"","".00"","".00"",""0"",""0""";;
"6993,""2025-09-30"",""2025-07-01"",""FS545511"","".00"",""506.40"",""2432.70"",""59.40"",""13665.20"","".00"","".00"",""434.70"",""166.10"",""664.40"",""324.00"","" "",""Ek, Agnes"",""1"",""SEK"",""1.10"",""1.10"",""9789189835139"",""Hennes begär - erotisk novell"",""9789189835139 - Hennes begär - erotisk novell"", Media 24 / Digibook S6993,""Leverantör"",""1005.50"",""1891.00"","".00"","".00"",""Audio Book : Extended distribution"",""71073.00"",""4917.67"","".00"","".00"","".00"","".00"","".00"","".00"","".00"","".00"",""0"",""0""";;
"6993,""2025-09-30"",""2025-07-01"",""FS545511"","".00"",""506.40"",""2432.70"",""59.40"",""13665.20"","".00"","".00"",""434.70"",""166.10"",""664.40"",""324.00"","" "",""Ek, Agnes"",""18"",""SEK"",""20.04"",""1.11"",""9789189739802"",""Het motion - erotisk novell"",""9789189739802 - Het motion - erotisk novell"", Media 24 / Digibook S6993,""Leverantör"",""1005.50"",""1891.00"","".00"","".00"",""Audio Book : Extended distribution"",""71073.00"",""4917.67"","".00"","".00"","".00"","".00"","".00"","".00"","".00"","".00"",""0"",""0""";;
"6993,""2025-09-30"",""2025-07-01"",""FS545511"","".00"",""506.40"",""2432.70"",""59.40"",""13665.20"","".00"","".00"",""434.70"",""166.10"",""664.40"",""324.00"","" "",""Ek, Agnes"",""1"",""SEK"",""1.11"",""1.11"",""9789189835016"",""Sommarlust - erotisk novell"",""9789189835016 - Sommarlust - erotisk novell"", Media 24 / Digibook S6993,""Leverantör"",""1005.50"",""1891.00"","".00"","".00"",""Audio Book : Extended distribution"",""71073.00"",""4917.67"","".00"","".00"","".00"","".00"","".00"","".00"","".00"","".00"",""0"",""0""";;
"6993,""2025-09-30"",""2025-07-01"",""FS545511"","".00"",""506.40"",""2432.70"",""59.40"",""13665.20"","".00"","".00"",""434.70"",""166.10"",""664.40"",""324.00"","" "",""Ek, Agnes"",""16"",""SEK"",""17.69"",""1.11"",""9789189835139"",""Hennes begär - erotisk novell"",""9789189835139 - Hennes begär - erotisk novell"", Media 24 / Digibook S6993,""Leverantör"",""1005.50"",""1891.00"","".00"","".00"",""Audio Book : Extended distribution"",""71073.00"",""4917.67"","".00"","".00"","".00"","".00"","".00"","".00"","".00"","".00"",""0"",""0""";;
"6993,""2025-09-30"",""2025-07-01"",""FS545511"","".00"",""506.40"",""2432.70"",""59.40"",""13665.20"","".00"","".00"",""434.70"",""166.10"",""664.40"",""324.00"","" "",""Ek, Agnes"",""2"",""SEK"",""2.23"",""1.12"",""9789189835016"",""Sommarlust - erotisk novell"",""9789189835016 - Sommarlust - erotisk novell"", Media 24 / Digibook S6993,""Leverantör"",""1005.50"",""1891.00"","".00"","".00"",""Audio Book : Extended distribution"",""71073.00"",""4917.67"","".00"","".00"","".00"","".00"","".00"","".00"","".00"","".00"",""0"",""0""";;
"6993,""2025-09-30"",""2025-07-01"",""FS545511"","".00"",""506.40"",""2432.70"",""59.40"",""13665.20"","".00"","".00"",""434.70"",""166.10"",""664.40"",""324.00"","" "",""Ek, Agnes"",""2"",""SEK"",""2.24"",""1.12"",""9789189835610"",""Passion vid havet - erotisk novell"",""9789189835610 - Passion vid havet - erotisk novell"", Media 24 / Digibook S6993,""Leverantör"",""1005.50"",""1891.00"","".00"","".00"",""Audio Book : Extended distribution"",""71073.00"",""4917.67"","".00"","".00"","".00"","".00"","".00"","".00"","".00"","".00"",""0"",""0""";;
"6993,""2025-09-30"",""2025-07-01"",""FS545511"","".00"",""506.40"",""2432.70"",""59.40"",""13665.20"","".00"","".00"",""434.70"",""166.10"",""664.40"",""324.00"","" "",""Ek, Agnes"",""7"",""SEK"",""7.90"",""1.13"",""9789189835139"",""Hennes begär - erotisk novell"",""9789189835139 - Hennes begär - erotisk novell"", Media 24 / Digibook S6993,""Leverantör"",""1005.50"",""1891.00"","".00"","".00"",""Audio Book : Extended distribution"",""71073.00"",""4917.67"","".00"","".00"","".00"","".00"","".00"","".00"","".00"","".00"",""0"",""0""";;
"6993,""2025-09-30"",""2025-07-01"",""FS545511"","".00"",""506.40"",""2432.70"",""59.40"",""13665.20"","".00"","".00"",""434.70"",""166.10"",""664.40"",""324.00"","" "",""Ek, Agnes"",""6"",""SEK"",""6.81"",""1.14"",""9789189739802"",""Het motion - erotisk novell"",""9789189739802 - Het motion - erotisk novell"", Media 24 / Digibook S6993,""Leverantör"",""1005.50"",""1891.00"","".00"","".00"",""Audio Book : Extended distribution"",""71073.00"",""4917.67"","".00"","".00"","".00"","".00"","".00"","".00"","".00"","".00"",""0"",""0""";;
"6993,""2025-09-30"",""2025-07-01"",""FS545511"","".00"",""506.40"",""2432.70"",""59.40"",""13665.20"","".00"","".00"",""434.70"",""166.10"",""664.40"",""324.00"","" "",""Ek, Agnes"",""9"",""SEK"",""10.26"",""1.14"",""9789189835016"",""Sommarlust - erotisk novell"",""9789189835016 - Sommarlust - erotisk novell"", Media 24 / Digibook S6993,""Leverantör"",""1005.50"",""1891.00"","".00"","".00"",""Audio Book : Extended distribution"",""71073.00"",""4917.67"","".00"","".00"","".00"","".00"","".00"","".00"","".00"","".00"",""0"",""0""";;
"6993,""2025-09-30"",""2025-07-01"",""FS545511"","".00"",""506.40"",""2432.70"",""59.40"",""13665.20"","".00"","".00"",""434.70"",""166.10"",""664.40"",""324.00"","" "",""Ek, Agnes"",""24"",""SEK"",""27.28"",""1.14"",""9789189835610"",""Passion vid havet - erotisk novell"",""9789189835610 - Passion vid havet - erotisk novell"", Media 24 / Digibook S6993,""Leverantör"",""1005.50"",""1891.00"","".00"","".00"",""Audio Book : Extended distribution"",""71073.00"",""4917.67"","".00"","".00"","".00"","".00"","".00"","".00"","".00"","".00"",""0"",""0""";;
"6993,""2025-09-30"",""2025-07-01"",""FS545511"","".00"",""506.40"",""2432.70"",""59.40"",""13665.20"","".00"","".00"",""434.70"",""166.10"",""664.40"",""324.00"","" "",""Ek, Agnes"",""3"",""SEK"",""3.47"",""1.16"",""9789189835139"",""Hennes begär - erotisk novell"",""9789189835139 - Hennes begär - erotisk novell"", Media 24 / Digibook S6993,""Leverantör"",""1005.50"",""1891.00"","".00"","".00"",""Audio Book : Extended distribution"",""71073.00"",""4917.67"","".00"","".00"","".00"","".00"","".00"","".00"","".00"","".00"",""0"",""0""";;
"6993,""2025-09-30"",""2025-07-01"",""FS545511"","".00"",""506.40"",""2432.70"",""59.40"",""13665.20"","".00"","".00"",""434.70"",""166.10"",""664.40"",""324.00"","" "",""Ek, Agnes"",""13"",""SEK"",""15.07"",""1.16"",""9789189835610"",""Passion vid havet - erotisk novell"",""9789189835610 - Passion vid havet - erotisk novell"", Media 24 / Digibook S6993,""Leverantör"",""1005.50"",""1891.00"","".00"","".00"",""Audio Book : Extended distribution"",""71073.00"",""4917.67"","".00"","".00"","".00"","".00"","".00"","".00"","".00"","".00"",""0"",""0""";;
"6993,""2025-09-30"",""2025-07-01"",""FS545511"","".00"",""506.40"",""2432.70"",""59.40"",""13665.20"","".00"","".00"",""434.70"",""166.10"",""664.40"",""324.00"","" "",""Ek, Agnes"",""1"",""SEK"",""1.19"",""1.19"",""9789189835610"",""Passion vid havet - erotisk novell"",""9789189835610 - Passion vid havet - erotisk novell"", Media 24 / Digibook S6993,""Leverantör"",""1005.50"",""1891.00"","".00"","".00"",""Audio Book : Extended distribution"",""71073.00"",""4917.67"","".00"","".00"","".00"","".00"","".00"","".00"","".00"","".00"",""0"",""0""";;
"6993,""2025-09-30"",""2025-07-01"",""FS545511"","".00"",""506.40"",""2432.70"",""59.40"",""13665.20"","".00"","".00"",""434.70"",""166.10"",""664.40"",""324.00"","" "",""Ek, Agnes"",""2"",""SEK"",""2.46"",""1.23"",""9789189739758"",""Kättja med kedja - erotisk novell"",""9789189739758 - Kättja med kedja - erotisk novell"", Media 24 / Digibook S6993,""Leverantör"",""1005.50"",""1891.00"","".00"","".00"",""Audio Book : Extended distribution"",""71073.00"",""4917.67"","".00"","".00"","".00"","".00"","".00"","".00"","".00"","".00"",""0"",""0""";;
"6993,""2025-09-30"",""2025-07-01"",""FS545511"","".00"",""506.40"",""2432.70"",""59.40"",""13665.20"","".00"","".00"",""434.70"",""166.10"",""664.40"",""324.00"","" "",""Ek, Agnes"",""8"",""SEK"",""10.51"",""1.31"",""9789189835139"",""Hennes begär - erotisk novell"",""9789189835139 - Hennes begär - erotisk novell"", Media 24 / Digibook S6993,""Leverantör"",""1005.50"",""1891.00"","".00"","".00"",""Audio Book : Extended distribution"",""71073.00"",""4917.67"","".00"","".00"","".00"","".00"","".00"","".00"","".00"","".00"",""0"",""0""";;
"6993,""2025-09-30"",""2025-07-01"",""FS545511"","".00"",""506.40"",""2432.70"",""59.40"",""13665.20"","".00"","".00"",""434.70"",""166.10"",""664.40"",""324.00"","" "",""Ek, Agnes"",""35"",""SEK"",""46.30"",""1.32"",""9789189739802"",""Het motion - erotisk novell"",""9789189739802 - Het motion - erotisk novell"", Media 24 / Digibook S6993,""Leverantör"",""1005.50"",""1891.00"","".00"","".00"",""Audio Book : Extended distribution"",""71073.00"",""4917.67"","".00"","".00"","".00"","".00"","".00"","".00"","".00"","".00"",""0"",""0""";;
"6993,""2025-09-30"",""2025-07-01"",""FS545511"","".00"",""506.40"",""2432.70"",""59.40"",""13665.20"","".00"","".00"",""434.70"",""166.10"",""664.40"",""324.00"","" "",""Ek, Agnes"",""1"",""SEK"",""1.32"",""1.32"",""9789189835016"",""Sommarlust - erotisk novell"",""9789189835016 - Sommarlust - erotisk novell"", Media 24 / Digibook S6993,""Leverantör"",""1005.50"",""1891.00"","".00"","".00"",""Audio Book : Extended distribution"",""71073.00"",""4917.67"","".00"","".00"","".00"","".00"","".00"","".00"","".00"","".00"",""0"",""0""";;
"6993,""2025-09-30"",""2025-07-01"",""FS545511"","".00"",""506.40"",""2432.70"",""59.40"",""13665.20"","".00"","".00"",""434.70"",""166.10"",""664.40"",""324.00"","" "",""Ek, Agnes"",""2"",""SEK"",""2.65"",""1.33"",""9789189739802"",""Het motion - erotisk novell"",""9789189739802 - Het motion - erotisk novell"", Media 24 / Digibook S6993,""Leverantör"",""1005.50"",""1891.00"","".00"","".00"",""Audio Book : Extended distribution"",""71073.00"",""4917.67"","".00"","".00"","".00"","".00"","".00"","".00"","".00"","".00"",""0"",""0""";;
"6993,""2025-09-30"",""2025-07-01"",""FS545511"","".00"",""506.40"",""2432.70"",""59.40"",""13665.20"","".00"","".00"",""434.70"",""166.10"",""664.40"",""324.00"","" "",""Ek, Agnes"",""2"",""SEK"",""2.66"",""1.33"",""9789189835016"",""Sommarlust - erotisk novell"",""9789189835016 - Sommarlust - erotisk novell"", Media 24 / Digibook S6993,""Leverantör"",""1005.50"",""1891.00"","".00"","".00"",""Audio Book : Extended distribution"",""71073.00"",""4917.67"","".00"","".00"","".00"","".00"","".00"","".00"","".00"","".00"",""0"",""0""";;
"6993,""2025-09-30"",""2025-07-01"",""FS545511"","".00"",""506.40"",""2432.70"",""59.40"",""13665.20"","".00"","".00"",""434.70"",""166.10"",""664.40"",""324.00"","" "",""Ek, Agnes"",""1"",""SEK"",""1.35"",""1.35"",""9789189835610"",""Passion vid havet - erotisk novell"",""9789189835610 - Passion vid havet - erotisk novell"", Media 24 / Digibook S6993,""Leverantör"",""1005.50"",""1891.00"","".00"","".00"",""Audio Book : Extended distribution"",""71073.00"",""4917.67"","".00"","".00"","".00"","".00"","".00"","".00"","".00"","".00"",""0"",""0""";;
"6993,""2025-09-30"",""2025-07-01"",""FS545511"","".00"",""506.40"",""2432.70"",""59.40"",""13665.20"","".00"","".00"",""434.70"",""166.10"",""664.40"",""324.00"","" "",""Ek, Agnes"",""2"",""SEK"",""3.14"",""1.57"",""9789189835139"",""Hennes begär - erotisk novell"",""9789189835139 - Hennes begär - erotisk novell"", Media 24 / Digibook S6993,""Leverantör"",""1005.50"",""1891.00"","".00"","".00"",""Audio Book : Extended distribution"",""71073.00"",""4917.67"","".00"","".00"","".00"","".00"","".00"","".00"","".00"","".00"",""0"",""0""";;
"6993,""2025-09-30"",""2025-07-01"",""FS545511"","".00"",""506.40"",""2432.70"",""59.40"",""13665.20"","".00"","".00"",""434.70"",""166.10"",""664.40"",""324.00"","" "",""Ek, Agnes"",""3"",""SEK"",""5.50"",""1.83"",""9789189835368"",""Svart lust - erotisk novell"",""9789189835368 - Svart lust - erotisk novell"", Media 24 / Digibook S6993,""Leverantör"",""1005.50"",""1891.00"","".00"","".00"",""Ebook : Extended distribution"",""71073.00"",""4917.67"","".00"","".00"","".00"","".00"","".00"","".00"","".00"","".00"",""0"",""0""";;
"6993,""2025-09-30"",""2025-07-01"",""FS545511"","".00"",""506.40"",""2432.70"",""59.40"",""13665.20"","".00"","".00"",""434.70"",""166.10"",""664.40"",""324.00"","" "",""Ek, Agnes"",""10"",""SEK"",""18.55"",""1.86"",""9789189835375"",""Svart lust - erotisk novell"",""9789189835375 - Svart lust - erotisk novell"", Media 24 / Digibook S6993,""Leverantör"",""1005.50"",""1891.00"","".00"","".00"",""Audio Book : Extended distribution"",""71073.00"",""4917.67"","".00"","".00"","".00"","".00"","".00"","".00"","".00"","".00"",""0"",""0""";;
"6993,""2025-09-30"",""2025-07-01"",""FS545511"","".00"",""506.40"",""2432.70"",""59.40"",""13665.20"","".00"","".00"",""434.70"",""166.10"",""664.40"",""324.00"","" "",""Ek, Agnes"",""2"",""SEK"",""3.78"",""1.89"",""9789189835375"",""Svart lust - erotisk novell"",""9789189835375 - Svart lust - erotisk novell"", Media 24 / Digibook S6993,""Leverantör"",""1005.50"",""1891.00"","".00"","".00"",""Audio Book : Extended distribution"",""71073.00"",""4917.67"","".00"","".00"","".00"","".00"","".00"","".00"","".00"","".00"",""0"",""0""";;
"6993,""2025-09-30"",""2025-07-01"",""FS545511"","".00"",""506.40"",""2432.70"",""59.40"",""13665.20"","".00"","".00"",""434.70"",""166.10"",""664.40"",""324.00"","" "",""Ek, Agnes"",""2"",""SEK"",""3.89"",""1.95"",""9789189835375"",""Svart lust - erotisk novell"",""9789189835375 - Svart lust - erotisk novell"", Media 24 / Digibook S6993,""Leverantör"",""1005.50"",""1891.00"","".00"","".00"",""Audio Book : Extended distribution"",""71073.00"",""4917.67"","".00"","".00"","".00"","".00"","".00"","".00"","".00"","".00"",""0"",""0""";;
"6993,""2025-09-30"",""2025-07-01"",""FS545511"","".00"",""506.40"",""2432.70"",""59.40"",""13665.20"","".00"","".00"",""434.70"",""166.10"",""664.40"",""324.00"","" "",""Ek, Agnes"",""1"",""SEK"",""2.00"",""2.00"",""9789189739772"",""Bang bang - erotisk novell"",""9789189739772 - Bang bang - erotisk novell"", Media 24 / Digibook S6993,""Leverantör"",""1005.50"",""1891.00"","".00"","".00"",""Audio Book : Agregated"",""71073.00"",""4917.67"","".00"","".00"","".00"","".00"","".00"","".00"","".00"","".00"",""0"",""0""";;
"6993,""2025-09-30"",""2025-07-01"",""FS545511"","".00"",""506.40"",""2432.70"",""59.40"",""13665.20"","".00"","".00"",""434.70"",""166.10"",""664.40"",""324.00"","" "",""Ek, Agnes"",""34"",""SEK"",""69.49"",""2.04"",""9789189835368"",""Svart lust - erotisk novell"",""9789189835368 - Svart lust - erotisk novell"", Media 24 / Digibook S6993,""Leverantör"",""1005.50"",""1891.00"","".00"","".00"",""Ebook : Extended distribution"",""71073.00"",""4917.67"","".00"","".00"","".00"","".00"","".00"","".00"","".00"","".00"",""0"",""0""";;
"6993,""2025-09-30"",""2025-07-01"",""FS545511"","".00"",""506.40"",""2432.70"",""59.40"",""13665.20"","".00"","".00"",""434.70"",""166.10"",""664.40"",""324.00"","" "",""Ek, Agnes"",""41"",""SEK"",""90.25"",""2.20"",""9789189835375"",""Svart lust - erotisk novell"",""9789189835375 - Svart lust - erotisk novell"", Media 24 / Digibook S6993,""Leverantör"",""1005.50"",""1891.00"","".00"","".00"",""Audio Book : Extended distribution"",""71073.00"",""4917.67"","".00"","".00"","".00"","".00"","".00"","".00"","".00"","".00"",""0"",""0""";;
"6993,""2025-09-30"",""2025-07-01"",""FS545511"","".00"",""506.40"",""2432.70"",""59.40"",""13665.20"","".00"","".00"",""434.70"",""166.10"",""664.40"",""324.00"","" "",""Ek, Agnes"",""1"",""SEK"",""2.70"",""2.70"",""9789189739482"",""Passion vid havet - erotisk novell"",""9789189739482 - Passion vid havet - erotisk novell"", Media 24 / Digibook S6993,""Leverantör"",""1005.50"",""1891.00"","".00"","".00"",""Ebook : School Subscription"",""71073.00"",""4917.67"","".00"","".00"","".00"","".00"","".00"","".00"","".00"","".00"",""0"",""0""";;
"6993,""2025-09-30"",""2025-07-01"",""FS545511"","".00"",""506.40"",""2432.70"",""59.40"",""13665.20"","".00"","".00"",""434.70"",""166.10"",""664.40"",""324.00"","" "",""Ek, Agnes"",""1"",""SEK"",""2.70"",""2.70"",""9789189739499"",""Kättja med kedja - erotisk novell"",""9789189739499 - Kättja med kedja - erotisk novell"", Media 24 / Digibook S6993,""Leverantör"",""1005.50"",""1891.00"","".00"","".00"",""Ebook : School Subscription"",""71073.00"",""4917.67"","".00"","".00"","".00"","".00"","".00"","".00"","".00"","".00"",""0"",""0""";;
"6993,""2025-09-30"",""2025-07-01"",""FS545511"","".00"",""506.40"",""2432.70"",""59.40"",""13665.20"","".00"","".00"",""434.70"",""166.10"",""664.40"",""324.00"","" "",""Ek, Agnes"",""1"",""SEK"",""2.70"",""2.70"",""9789189739680"",""En smak av vår - erotisk novell"",""9789189739680 - En smak av vår - erotisk novell"", Media 24 / Digibook S6993,""Leverantör"",""1005.50"",""1891.00"","".00"","".00"",""Ebook : School Subscription"",""71073.00"",""4917.67"","".00"","".00"","".00"","".00"","".00"","".00"","".00"","".00"",""0"",""0""";;
"6993,""2025-09-30"",""2025-07-01"",""FS545511"","".00"",""506.40"",""2432.70"",""59.40"",""13665.20"","".00"","".00"",""434.70"",""166.10"",""664.40"",""324.00"","" "",""Ek, Agnes"",""1"",""SEK"",""2.70"",""2.70"",""9789189739758"",""Kättja med kedja - erotisk novell"",""9789189739758 - Kättja med kedja - erotisk novell"", Media 24 / Digibook S6993,""Leverantör"",""1005.50"",""1891.00"","".00"","".00"",""Audio Book : School Subscription"",""71073.00"",""4917.67"","".00"","".00"","".00"","".00"","".00"","".00"","".00"","".00"",""0"",""0""";;
"6993,""2025-09-30"",""2025-07-01"",""FS545511"","".00"",""506.40"",""2432.70"",""59.40"",""13665.20"","".00"","".00"",""434.70"",""166.10"",""664.40"",""324.00"","" "",""Ek, Agnes"",""1"",""SEK"",""2.70"",""2.70"",""9789189739772"",""Bang bang - erotisk novell"",""9789189739772 - Bang bang - erotisk novell"", Media 24 / Digibook S6993,""Leverantör"",""1005.50"",""1891.00"","".00"","".00"",""Audio Book : School Subscription"",""71073.00"",""4917.67"","".00"","".00"","".00"","".00"","".00"","".00"","".00"","".00"",""0"",""0""";;
"6993,""2025-09-30"",""2025-07-01"",""FS545511"","".00"",""506.40"",""2432.70"",""59.40"",""13665.20"","".00"","".00"",""434.70"",""166.10"",""664.40"",""324.00"","" "",""Ek, Agnes"",""1"",""SEK"",""2.70"",""2.70"",""9789189739802"",""Het motion - erotisk novell"",""9789189739802 - Het motion - erotisk novell"", Media 24 / Digibook S6993,""Leverantör"",""1005.50"",""1891.00"","".00"","".00"",""Audio Book : School Subscription"",""71073.00"",""4917.67"","".00"","".00"","".00"","".00"","".00"","".00"","".00"","".00"",""0"",""0""";;
"6993,""2025-09-30"",""2025-07-01"",""FS545511"","".00"",""506.40"",""2432.70"",""59.40"",""13665.20"","".00"","".00"",""434.70"",""166.10"",""664.40"",""324.00"","" "",""Ek, Agnes"",""1"",""SEK"",""2.70"",""2.70"",""9789189835016"",""Sommarlust - erotisk novell"",""9789189835016 - Sommarlust - erotisk novell"", Media 24 / Digibook S6993,""Leverantör"",""1005.50"",""1891.00"","".00"","".00"",""Audio Book : School Subscription"",""71073.00"",""4917.67"","".00"","".00"","".00"","".00"","".00"","".00"","".00"","".00"",""0"",""0""";;
"6993,""2025-09-30"",""2025-07-01"",""FS545511"","".00"",""506.40"",""2432.70"",""59.40"",""13665.20"","".00"","".00"",""434.70"",""166.10"",""664.40"",""324.00"","" "",""Ek, Agnes"",""1"",""SEK"",""2.70"",""2.70"",""9789189835139"",""Hennes begär - erotisk novell"",""9789189835139 - Hennes begär - erotisk novell"", Media 24 / Digibook S6993,""Leverantör"",""1005.50"",""1891.00"","".00"","".00"",""Audio Book : School Subscription"",""71073.00"",""4917.67"","".00"","".00"","".00"","".00"","".00"","".00"","".00"","".00"",""0"",""0""";;
"6993,""2025-09-30"",""2025-07-01"",""FS545511"","".00"",""506.40"",""2432.70"",""59.40"",""13665.20"","".00"","".00"",""434.70"",""166.10"",""664.40"",""324.00"","" "",""Ek, Agnes"",""1"",""SEK"",""2.70"",""2.70"",""9789189835207"",""Hennes begär - erotisk novell"",""9789189835207 - Hennes begär - erotisk novell"", Media 24 / Digibook S6993,""Leverantör"",""1005.50"",""1891.00"","".00"","".00"",""Ebook : School Subscription"",""71073.00"",""4917.67"","".00"","".00"","".00"","".00"","".00"","".00"","".00"","".00"",""0"",""0""";;
"6993,""2025-09-30"",""2025-07-01"",""FS545511"","".00"",""506.40"",""2432.70"",""59.40"",""13665.20"","".00"","".00"",""434.70"",""166.10"",""664.40"",""324.00"","" "",""Ek, Agnes"",""1"",""SEK"",""2.70"",""2.70"",""9789189835368"",""Svart lust - erotisk novell"",""9789189835368 - Svart lust - erotisk novell"", Media 24 / Digibook S6993,""Leverantör"",""1005.50"",""1891.00"","".00"","".00"",""Ebook : School Subscription"",""71073.00"",""4917.67"","".00"","".00"","".00"","".00"","".00"","".00"","".00"","".00"",""0"",""0""";;
"6993,""2025-09-30"",""2025-07-01"",""FS545511"","".00"",""506.40"",""2432.70"",""59.40"",""13665.20"","".00"","".00"",""434.70"",""166.10"",""664.40"",""324.00"","" "",""Ek, Agnes"",""1"",""SEK"",""2.70"",""2.70"",""9789189835375"",""Svart lust - erotisk novell"",""9789189835375 - Svart lust - erotisk novell"", Media 24 / Digibook S6993,""Leverantör"",""1005.50"",""1891.00"","".00"","".00"",""Audio Book : School Subscription"",""71073.00"",""4917.67"","".00"","".00"","".00"","".00"","".00"","".00"","".00"","".00"",""0"",""0""";;
"6993,""2025-09-30"",""2025-07-01"",""FS545511"","".00"",""506.40"",""2432.70"",""59.40"",""13665.20"","".00"","".00"",""434.70"",""166.10"",""664.40"",""324.00"","" "",""Ek, Agnes"",""1"",""SEK"",""2.70"",""2.70"",""9789189835610"",""Passion vid havet - erotisk novell"",""9789189835610 - Passion vid havet - erotisk novell"", Media 24 / Digibook S6993,""Leverantör"",""1005.50"",""1891.00"","".00"","".00"",""Audio Book : School Subscription"",""71073.00"",""4917.67"","".00"","".00"","".00"","".00"","".00"","".00"","".00"","".00"",""0"",""0""";;
"6993,""2025-09-30"",""2025-07-01"",""FS545511"","".00"",""506.40"",""2432.70"",""59.40"",""13665.20"","".00"","".00"",""434.70"",""166.10"",""664.40"",""324.00"","" "",""Ek, Agnes"",""2"",""SEK"",""8.00"",""4.00"",""9789189835610"",""Passion vid havet - erotisk novell"",""9789189835610 - Passion vid havet - erotisk novell"", Media 24 / Digibook S6993,""Leverantör"",""1005.50"",""1891.00"","".00"","".00"",""Audio Book : Agregated"",""71073.00"",""4917.67"","".00"","".00"","".00"","".00"","".00"","".00"","".00"","".00"",""0"",""0""";;
"6993,""2025-09-30"",""2025-07-01"",""FS545511"","".00"",""506.40"",""2432.70"",""59.40"",""13665.20"","".00"","".00"",""434.70"",""166.10"",""664.40"",""324.00"","" "",""Ek, Agnes"",""1"",""SEK"",""28.80"",""28.80"",""9789189835368"",""Svart lust - erotisk novell"",""9789189835368 - Svart lust - erotisk novell"", Media 24 / Digibook S6993,""Leverantör"",""1005.50"",""1891.00"","".00"","".00"",""Ebook : Buy"",""71073.00"",""4917.67"","".00"","".00"","".00"","".00"","".00"","".00"","".00"","".00"",""0"",""0""";;
"6993,""2025-09-30"",""2025-07-01"",""FS545511"","".00"",""506.40"",""2432.70"",""59.40"",""13665.20"","".00"","".00"",""434.70"",""166.10"",""664.40"",""324.00"","" "",""Ek, Agnes"",""2"",""SEK"",""57.60"",""28.80"",""9789189835375"",""Svart lust - erotisk novell"",""9789189835375 - Svart lust - erotisk novell"", Media 24 / Digibook S6993,""Leverantör"",""1005.50"",""1891.00"","".00"","".00"",""Audio Book : Buy"",""71073.00"",""4917.67"","".00"","".00"","".00"","".00"","".00"","".00"","".00"","".00"",""0"",""0""";;
"6993,""2025-09-30"",""2025-07-01"",""FS545511"","".00"",""506.40"",""2432.70"",""59.40"",""13665.20"","".00"","".00"",""434.70"",""166.10"",""664.40"",""324.00"","" "",""Ekborg, Kjell"",""1"",""SEK"",""2.70"",""2.70"",""9789189539624"",""Tre Kortromaner, de ensamma sörjer"",""9789189539624 - Tre Kortromaner, de ensamma sörjer"", Media 24 / Digibook S6993,""Leverantör"",""1005.50"",""1891.00"","".00"","".00"",""Ebook : School Subscription"",""71073.00"",""4917.67"","".00"","".00"","".00"","".00"","".00"","".00"","".00"","".00"",""0"",""0""";;
"6993,""2025-09-30"",""2025-07-01"",""FS545511"","".00"",""506.40"",""2432.70"",""59.40"",""13665.20"","".00"","".00"",""434.70"",""166.10"",""664.40"",""324.00"","" "",""Ekborg, Kjell"",""1"",""SEK"",""2.70"",""2.70"",""9789189739512"",""Radiumflickorna, en vandring på dödens stig"",""9789189739512 - Radiumflickorna, en vandring på dödens stig"", Media 24 / Digibook S6993,""Leverantör"",""1005.50"",""1891.00"","".00"","".00"",""Ebook : School Subscription"",""71073.00"",""4917.67"","".00"","".00"","".00"","".00"","".00"","".00"","".00"","".00"",""0"",""0""";;
"6993,""2025-09-30"",""2025-07-01"",""FS545511"","".00"",""506.40"",""2432.70"",""59.40"",""13665.20"","".00"","".00"",""434.70"",""166.10"",""664.40"",""324.00"","" "",""Ekborg, Kjell"",""1"",""SEK"",""2.70"",""2.70"",""9789189835238"",""Större vattensalamandern kämpar för sin Nyckelbiotop"",""9789189835238 - Större vattensalamandern kämpar för sin Nyckelbiotop"", Media 24 / Digibook S6993,""Leverantör"",""1005.50"",""1891.00"","".00"","".00"",""Ebook : School Subscription"",""71073.00"",""4917.67"","".00"","".00"","".00"","".00"","".00"","".00"","".00"","".00"",""0"",""0""";;
"6993,""2025-09-30"",""2025-07-01"",""FS545511"","".00"",""506.40"",""2432.70"",""59.40"",""13665.20"","".00"","".00"",""434.70"",""166.10"",""664.40"",""324.00"","" "",""Ekborg, Kjell"",""1"",""SEK"",""76.50"",""76.50"",""9789189539624"",""Tre Kortromaner, de ensamma sörjer"",""9789189539624 - Tre Kortromaner, de ensamma sörjer"", Media 24 / Digibook S6993,""Leverantör"",""1005.50"",""1891.00"","".00"","".00"",""Ebook : Buy"",""71073.00"",""4917.67"","".00"","".00"","".00"","".00"","".00"","".00"","".00"","".00"",""0"",""0""";;
"6993,""2025-09-30"",""2025-07-01"",""FS545511"","".00"",""506.40"",""2432.70"",""59.40"",""13665.20"","".00"","".00"",""434.70"",""166.10"",""664.40"",""324.00"","" "",""Ekman, Cecilia"",""1"",""SEK"",""2.70"",""2.70"",""9789189539242"",""Det sanna ljuset i tillvaron - Om existentiell balans och välbefinnande"",""9789189539242 - Det sanna ljuset i tillvaron - Om existentiell balans och välbefinnande"", Media 24 / Digibook S6993,""Leverantör"",""1005.50"",""1891.00"","".00"","".00"",""Audio Book : School Subscription"",""71073.00"",""4917.67"","".00"","".00"","".00"","".00"","".00"","".00"","".00"","".00"",""0"",""0""";;
"6993,""2025-09-30"",""2025-07-01"",""FS545511"","".00"",""506.40"",""2432.70"",""59.40"",""13665.20"","".00"","".00"",""434.70"",""166.10"",""664.40"",""324.00"","" "",""Ekman, Cecilia"",""1"",""SEK"",""10.84"",""10.84"",""9789189539242"",""Det sanna ljuset i tillvaron - Om existentiell balans och välbefinnande"",""9789189539242 - Det sanna ljuset i tillvaron - Om existentiell balans och välbefinnande"", Media 24 / Digibook S6993,""Leverantör"",""1005.50"",""1891.00"","".00"","".00"",""Audio Book : Extended distribution"",""71073.00"",""4917.67"","".00"","".00"","".00"","".00"","".00"","".00"","".00"","".00"",""0"",""0""";;
"6993,""2025-09-30"",""2025-07-01"",""FS545511"","".00"",""506.40"",""2432.70"",""59.40"",""13665.20"","".00"","".00"",""434.70"",""166.10"",""664.40"",""324.00"","" "",""Ekman, Cecilia"",""1"",""SEK"",""10.96"",""10.96"",""9789189539242"",""Det sanna ljuset i tillvaron - Om existentiell balans och välbefinnande"",""9789189539242 - Det sanna ljuset i tillvaron - Om existentiell balans och välbefinnande"", Media 24 / Digibook S6993,""Leverantör"",""1005.50"",""1891.00"","".00"","".00"",""Audio Book : Extended distribution"",""71073.00"",""4917.67"","".00"","".00"","".00"","".00"","".00"","".00"","".00"","".00"",""0"",""0""";;
"6993,""2025-09-30"",""2025-07-01"",""FS545511"","".00"",""506.40"",""2432.70"",""59.40"",""13665.20"","".00"","".00"",""434.70"",""166.10"",""664.40"",""324.00"","" "",""Ekman, Cecilia"",""1"",""SEK"",""13.01"",""13.01"",""9789189539242"",""Det sanna ljuset i tillvaron - Om existentiell balans och välbefinnande"",""9789189539242 - Det sanna ljuset i tillvaron - Om existentiell balans och välbefinnande"", Media 24 / Digibook S6993,""Leverantör"",""1005.50"",""1891.00"","".00"","".00"",""Audio Book : Extended distribution"",""71073.00"",""4917.67"","".00"","".00"","".00"","".00"","".00"","".00"","".00"","".00"",""0"",""0""";;
"6993,""2025-09-30"",""2025-07-01"",""FS545511"","".00"",""506.40"",""2432.70"",""59.40"",""13665.20"","".00"","".00"",""434.70"",""166.10"",""664.40"",""324.00"","" "",""Elffors Skogkär, Karin"",""2"",""SEK"",""16.95"",""8.48"",""9789189857735"",""Arbetsförnedringen och jag – Ett drama i tre faser"",""9789189857735 - Arbetsförnedringen och jag – Ett drama i tre faser"", Media 24 / Digibook S6993,""Leverantör"",""1005.50"",""1891.00"","".00"","".00"",""Ebook : Extended distribution"",""71073.00"",""4917.67"","".00"","".00"","".00"","".00"","".00"","".00"","".00"","".00"",""0"",""0""";;
"6993,""2025-09-30"",""2025-07-01"",""FS545511"","".00"",""506.40"",""2432.70"",""59.40"",""13665.20"","".00"","".00"",""434.70"",""166.10"",""664.40"",""324.00"","" "",""Elffors Skogkär, Karin"",""1"",""SEK"",""8.88"",""8.88"",""9789189857735"",""Arbetsförnedringen och jag – Ett drama i tre faser"",""9789189857735 - Arbetsförnedringen och jag – Ett drama i tre faser"", Media 24 / Digibook S6993,""Leverantör"",""1005.50"",""1891.00"","".00"","".00"",""Ebook : Extended distribution"",""71073.00"",""4917.67"","".00"","".00"","".00"","".00"","".00"","".00"","".00"","".00"",""0"",""0""";;
"6993,""2025-09-30"",""2025-07-01"",""FS545511"","".00"",""506.40"",""2432.70"",""59.40"",""13665.20"","".00"","".00"",""434.70"",""166.10"",""664.40"",""324.00"","" "",""Elffors Skogkär, Karin"",""2"",""SEK"",""23.82"",""11.91"",""9789189857735"",""Arbetsförnedringen och jag – Ett drama i tre faser"",""9789189857735 - Arbetsförnedringen och jag – Ett drama i tre faser"", Media 24 / Digibook S6993,""Leverantör"",""1005.50"",""1891.00"","".00"","".00"",""Ebook : Extended distribution"",""71073.00"",""4917.67"","".00"","".00"","".00"","".00"","".00"","".00"","".00"","".00"",""0"",""0""";;
"6993,""2025-09-30"",""2025-07-01"",""FS545511"","".00"",""506.40"",""2432.70"",""59.40"",""13665.20"","".00"","".00"",""434.70"",""166.10"",""664.40"",""324.00"","" "",""Elffors Skogkär, Karin"",""10"",""SEK"",""135.86"",""13.59"",""9789189857919"",""Arbetsförnedringen och jag – Ett drama i tre faser"",""9789189857919 - Arbetsförnedringen och jag – Ett drama i tre faser"", Media 24 / Digibook S6993,""Leverantör"",""1005.50"",""1891.00"","".00"","".00"",""Audio Book : Extended distribution"",""71073.00"",""4917.67"","".00"","".00"","".00"","".00"","".00"","".00"","".00"","".00"",""0"",""0""";;
"6993,""2025-09-30"",""2025-07-01"",""FS545511"","".00"",""506.40"",""2432.70"",""59.40"",""13665.20"","".00"","".00"",""434.70"",""166.10"",""664.40"",""324.00"","" "",""Elffors Skogkär, Karin"",""3"",""SEK"",""41.58"",""13.86"",""9789189857919"",""Arbetsförnedringen och jag – Ett drama i tre faser"",""9789189857919 - Arbetsförnedringen och jag – Ett drama i tre faser"", Media 24 / Digibook S6993,""Leverantör"",""1005.50"",""1891.00"","".00"","".00"",""Audio Book : Extended distribution"",""71073.00"",""4917.67"","".00"","".00"","".00"","".00"","".00"","".00"","".00"","".00"",""0"",""0""";;
"6993,""2025-09-30"",""2025-07-01"",""FS545511"","".00"",""506.40"",""2432.70"",""59.40"",""13665.20"","".00"","".00"",""434.70"",""166.10"",""664.40"",""324.00"","" "",""Elffors Skogkär, Karin"",""2"",""SEK"",""28.48"",""14.24"",""9789189857919"",""Arbetsförnedringen och jag – Ett drama i tre faser"",""9789189857919 - Arbetsförnedringen och jag – Ett drama i tre faser"", Media 24 / Digibook S6993,""Leverantör"",""1005.50"",""1891.00"","".00"","".00"",""Audio Book : Extended distribution"",""71073.00"",""4917.67"","".00"","".00"","".00"","".00"","".00"","".00"","".00"","".00"",""0"",""0""";;
"6993,""2025-09-30"",""2025-07-01"",""FS545511"","".00"",""506.40"",""2432.70"",""59.40"",""13665.20"","".00"","".00"",""434.70"",""166.10"",""664.40"",""324.00"","" "",""Elffors Skogkär, Karin"",""4"",""SEK"",""64.51"",""16.13"",""9789189857919"",""Arbetsförnedringen och jag – Ett drama i tre faser"",""9789189857919 - Arbetsförnedringen och jag – Ett drama i tre faser"", Media 24 / Digibook S6993,""Leverantör"",""1005.50"",""1891.00"","".00"","".00"",""Audio Book : Extended distribution"",""71073.00"",""4917.67"","".00"","".00"","".00"","".00"","".00"","".00"","".00"","".00"",""0"",""0""";;
"6993,""2025-09-30"",""2025-07-01"",""FS545511"","".00"",""506.40"",""2432.70"",""59.40"",""13665.20"","".00"","".00"",""434.70"",""166.10"",""664.40"",""324.00"","" "",""Elffors Skogkär, Karin"",""2"",""SEK"",""40.32"",""20.16"",""9789189857919"",""Arbetsförnedringen och jag – Ett drama i tre faser"",""9789189857919 - Arbetsförnedringen och jag – Ett drama i tre faser"", Media 24 / Digibook S6993,""Leverantör"",""1005.50"",""1891.00"","".00"","".00"",""Audio Book : Extended distribution"",""71073.00"",""4917.67"","".00"","".00"","".00"","".00"","".00"","".00"","".00"","".00"",""0"",""0""";;
"6993,""2025-09-30"",""2025-07-01"",""FS545511"","".00"",""506.40"",""2432.70"",""59.40"",""13665.20"","".00"","".00"",""434.70"",""166.10"",""664.40"",""324.00"","" "",""Elffors Skogkär, Karin"",""1"",""SEK"",""36.00"",""36.00"",""9789189857919"",""Arbetsförnedringen och jag – Ett drama i tre faser"",""9789189857919 - Arbetsförnedringen och jag – Ett drama i tre faser"", Media 24 / Digibook S6993,""Leverantör"",""1005.50"",""1891.00"","".00"","".00"",""Audio Book : Agregated"",""71073.00"",""4917.67"","".00"","".00"","".00"","".00"","".00"","".00"","".00"","".00"",""0"",""0""";;
"6993,""2025-09-30"",""2025-07-01"",""FS545511"","".00"",""506.40"",""2432.70"",""59.40"",""13665.20"","".00"","".00"",""434.70"",""166.10"",""664.40"",""324.00"","" "",""Elmberg, Martin"",""1"",""SEK"",""2.70"",""2.70"",""9789189835504"",""Den tredje delningen"",""9789189835504 - Den tredje delningen"", Media 24 / Digibook S6993,""Leverantör"",""1005.50"",""1891.00"","".00"","".00"",""Audio Book : School Subscription"",""71073.00"",""4917.67"","".00"","".00"","".00"","".00"","".00"","".00"","".00"","".00"",""0"",""0""";;
"6993,""2025-09-30"",""2025-07-01"",""FS545511"","".00"",""506.40"",""2432.70"",""59.40"",""13665.20"","".00"","".00"",""434.70"",""166.10"",""664.40"",""324.00"","" "",""Elmberg, Martin"",""1"",""SEK"",""2.70"",""2.70"",""9789189857209"",""Stormens Nemesis"",""9789189857209 - Stormens Nemesis"", Media 24 / Digibook S6993,""Leverantör"",""1005.50"",""1891.00"","".00"","".00"",""Audio Book : School Subscription"",""71073.00"",""4917.67"","".00"","".00"","".00"","".00"","".00"","".00"","".00"","".00"",""0"",""0""";;
"6993,""2025-09-30"",""2025-07-01"",""FS545511"","".00"",""506.40"",""2432.70"",""59.40"",""13665.20"","".00"","".00"",""434.70"",""166.10"",""664.40"",""324.00"","" "",""Elmberg, Martin"",""1"",""SEK"",""2.70"",""2.70"",""9789189857346"",""Dödsblomman vid världens ände"",""9789189857346 - Dödsblomman vid världens ände"", Media 24 / Digibook S6993,""Leverantör"",""1005.50"",""1891.00"","".00"","".00"",""Audio Book : School Subscription"",""71073.00"",""4917.67"","".00"","".00"","".00"","".00"","".00"","".00"","".00"","".00"",""0"",""0""";;
"6993,""2025-09-30"",""2025-07-01"",""FS545511"","".00"",""506.40"",""2432.70"",""59.40"",""13665.20"","".00"","".00"",""434.70"",""166.10"",""664.40"",""324.00"","" "",""Elmberg, Martin"",""1"",""SEK"",""18.00"",""18.00"",""9789189835504"",""Den tredje delningen"",""9789189835504 - Den tredje delningen"", Media 24 / Digibook S6993,""Leverantör"",""1005.50"",""1891.00"","".00"","".00"",""Audio Book : Agregated"",""71073.00"",""4917.67"","".00"","".00"","".00"","".00"","".00"","".00"","".00"","".00"",""0"",""0""";;
"6993,""2025-09-30"",""2025-07-01"",""FS545511"","".00"",""506.40"",""2432.70"",""59.40"",""13665.20"","".00"","".00"",""434.70"",""166.10"",""664.40"",""324.00"","" "",""Elmberg, Martin"",""4"",""SEK"",""83.92"",""20.98"",""9789189857520"",""Dödsblomman vid världens ände"",""9789189857520 - Dödsblomman vid världens ände"", Media 24 / Digibook S6993,""Leverantör"",""1005.50"",""1891.00"","".00"","".00"",""Ebook : Extended distribution"",""71073.00"",""4917.67"","".00"","".00"","".00"","".00"","".00"","".00"","".00"","".00"",""0"",""0""";;
"6993,""2025-09-30"",""2025-07-01"",""FS545511"","".00"",""506.40"",""2432.70"",""59.40"",""13665.20"","".00"","".00"",""434.70"",""166.10"",""664.40"",""324.00"","" "",""Elmberg, Martin"",""2"",""SEK"",""42.80"",""21.40"",""9789189857520"",""Dödsblomman vid världens ände"",""9789189857520 - Dödsblomman vid världens ände"", Media 24 / Digibook S6993,""Leverantör"",""1005.50"",""1891.00"","".00"","".00"",""Ebook : Extended distribution"",""71073.00"",""4917.67"","".00"","".00"","".00"","".00"","".00"","".00"","".00"","".00"",""0"",""0""";;
"6993,""2025-09-30"",""2025-07-01"",""FS545511"","".00"",""506.40"",""2432.70"",""59.40"",""13665.20"","".00"","".00"",""434.70"",""166.10"",""664.40"",""324.00"","" "",""Elmberg, Martin"",""2"",""SEK"",""46.26"",""23.13"",""9789189857520"",""Dödsblomman vid världens ände"",""9789189857520 - Dödsblomman vid världens ände"", Media 24 / Digibook S6993,""Leverantör"",""1005.50"",""1891.00"","".00"","".00"",""Ebook : Extended distribution"",""71073.00"",""4917.67"","".00"","".00"","".00"","".00"","".00"","".00"","".00"","".00"",""0"",""0""";;
"6993,""2025-09-30"",""2025-07-01"",""FS545511"","".00"",""506.40"",""2432.70"",""59.40"",""13665.20"","".00"","".00"",""434.70"",""166.10"",""664.40"",""324.00"","" "",""Elmberg, Martin"",""12"",""SEK"",""293.30"",""24.44"",""9789189857346"",""Dödsblomman vid världens ände"",""9789189857346 - Dödsblomman vid världens ände"", Media 24 / Digibook S6993,""Leverantör"",""1005.50"",""1891.00"","".00"","".00"",""Audio Book : Extended distribution"",""71073.00"",""4917.67"","".00"","".00"","".00"","".00"","".00"","".00"","".00"","".00"",""0"",""0""";;
"6993,""2025-09-30"",""2025-07-01"",""FS545511"","".00"",""506.40"",""2432.70"",""59.40"",""13665.20"","".00"","".00"",""434.70"",""166.10"",""664.40"",""324.00"","" "",""Elmberg, Martin"",""2"",""SEK"",""49.82"",""24.91"",""9789189857513"",""Stormens Nemesis"",""9789189857513 - Stormens Nemesis"", Media 24 / Digibook S6993,""Leverantör"",""1005.50"",""1891.00"","".00"","".00"",""Ebook : Extended distribution"",""71073.00"",""4917.67"","".00"","".00"","".00"","".00"","".00"","".00"","".00"","".00"",""0"",""0""";;
"6993,""2025-09-30"",""2025-07-01"",""FS545511"","".00"",""506.40"",""2432.70"",""59.40"",""13665.20"","".00"","".00"",""434.70"",""166.10"",""664.40"",""324.00"","" "",""Elmberg, Martin"",""3"",""SEK"",""74.80"",""24.93"",""9789189857346"",""Dödsblomman vid världens ände"",""9789189857346 - Dödsblomman vid världens ände"", Media 24 / Digibook S6993,""Leverantör"",""1005.50"",""1891.00"","".00"","".00"",""Audio Book : Extended distribution"",""71073.00"",""4917.67"","".00"","".00"","".00"","".00"","".00"","".00"","".00"","".00"",""0"",""0""";;
"6993,""2025-09-30"",""2025-07-01"",""FS545511"","".00"",""506.40"",""2432.70"",""59.40"",""13665.20"","".00"","".00"",""434.70"",""166.10"",""664.40"",""324.00"","" "",""Elmberg, Martin"",""1"",""SEK"",""25.61"",""25.61"",""9789189857346"",""Dödsblomman vid världens ände"",""9789189857346 - Dödsblomman vid världens ände"", Media 24 / Digibook S6993,""Leverantör"",""1005.50"",""1891.00"","".00"","".00"",""Audio Book : Extended distribution"",""71073.00"",""4917.67"","".00"","".00"","".00"","".00"","".00"","".00"","".00"","".00"",""0"",""0""";;
"6993,""2025-09-30"",""2025-07-01"",""FS545511"","".00"",""506.40"",""2432.70"",""59.40"",""13665.20"","".00"","".00"",""434.70"",""166.10"",""664.40"",""324.00"","" "",""Elmberg, Martin"",""2"",""SEK"",""54.92"",""27.46"",""9789189857513"",""Stormens Nemesis"",""9789189857513 - Stormens Nemesis"", Media 24 / Digibook S6993,""Leverantör"",""1005.50"",""1891.00"","".00"","".00"",""Ebook : Extended distribution"",""71073.00"",""4917.67"","".00"","".00"","".00"","".00"","".00"","".00"","".00"","".00"",""0"",""0""";;
"6993,""2025-09-30"",""2025-07-01"",""FS545511"","".00"",""506.40"",""2432.70"",""59.40"",""13665.20"","".00"","".00"",""434.70"",""166.10"",""664.40"",""324.00"","" "",""Elmberg, Martin"",""1"",""SEK"",""27.60"",""27.60"",""9789189857506"",""Den tredje delningen"",""9789189857506 - Den tredje delningen"", Media 24 / Digibook S6993,""Leverantör"",""1005.50"",""1891.00"","".00"","".00"",""Ebook : Extended distribution"",""71073.00"",""4917.67"","".00"","".00"","".00"","".00"","".00"","".00"","".00"","".00"",""0"",""0""";;
"6993,""2025-09-30"",""2025-07-01"",""FS545511"","".00"",""506.40"",""2432.70"",""59.40"",""13665.20"","".00"","".00"",""434.70"",""166.10"",""664.40"",""324.00"","" "",""Elmberg, Martin"",""5"",""SEK"",""145.04"",""29.01"",""9789189857346"",""Dödsblomman vid världens ände"",""9789189857346 - Dödsblomman vid världens ände"", Media 24 / Digibook S6993,""Leverantör"",""1005.50"",""1891.00"","".00"","".00"",""Audio Book : Extended distribution"",""71073.00"",""4917.67"","".00"","".00"","".00"","".00"","".00"","".00"","".00"","".00"",""0"",""0""";;
"6993,""2025-09-30"",""2025-07-01"",""FS545511"","".00"",""506.40"",""2432.70"",""59.40"",""13665.20"","".00"","".00"",""434.70"",""166.10"",""664.40"",""324.00"","" "",""Elmberg, Martin"",""7"",""SEK"",""203.89"",""29.13"",""9789189857209"",""Stormens Nemesis"",""9789189857209 - Stormens Nemesis"", Media 24 / Digibook S6993,""Leverantör"",""1005.50"",""1891.00"","".00"","".00"",""Audio Book : Extended distribution"",""71073.00"",""4917.67"","".00"","".00"","".00"","".00"","".00"","".00"","".00"","".00"",""0"",""0""";;
"6993,""2025-09-30"",""2025-07-01"",""FS545511"","".00"",""506.40"",""2432.70"",""59.40"",""13665.20"","".00"","".00"",""434.70"",""166.10"",""664.40"",""324.00"","" "",""Elmberg, Martin"",""3"",""SEK"",""89.14"",""29.71"",""9789189857209"",""Stormens Nemesis"",""9789189857209 - Stormens Nemesis"", Media 24 / Digibook S6993,""Leverantör"",""1005.50"",""1891.00"","".00"","".00"",""Audio Book : Extended distribution"",""71073.00"",""4917.67"","".00"","".00"","".00"","".00"","".00"","".00"","".00"","".00"",""0"",""0""";;
"6993,""2025-09-30"",""2025-07-01"",""FS545511"","".00"",""506.40"",""2432.70"",""59.40"",""13665.20"","".00"","".00"",""434.70"",""166.10"",""664.40"",""324.00"","" "",""Elmberg, Martin"",""2"",""SEK"",""60.90"",""30.45"",""9789189857506"",""Den tredje delningen"",""9789189857506 - Den tredje delningen"", Media 24 / Digibook S6993,""Leverantör"",""1005.50"",""1891.00"","".00"","".00"",""Ebook : Extended distribution"",""71073.00"",""4917.67"","".00"","".00"","".00"","".00"","".00"","".00"","".00"","".00"",""0"",""0""";;
"6993,""2025-09-30"",""2025-07-01"",""FS545511"","".00"",""506.40"",""2432.70"",""59.40"",""13665.20"","".00"","".00"",""434.70"",""166.10"",""664.40"",""324.00"","" "",""Elmberg, Martin"",""8"",""SEK"",""244.06"",""30.51"",""9789189835504"",""Den tredje delningen"",""9789189835504 - Den tredje delningen"", Media 24 / Digibook S6993,""Leverantör"",""1005.50"",""1891.00"","".00"","".00"",""Audio Book : Extended distribution"",""71073.00"",""4917.67"","".00"","".00"","".00"","".00"","".00"","".00"","".00"","".00"",""0"",""0""";;
"6993,""2025-09-30"",""2025-07-01"",""FS545511"","".00"",""506.40"",""2432.70"",""59.40"",""13665.20"","".00"","".00"",""434.70"",""166.10"",""664.40"",""324.00"","" "",""Elmberg, Martin"",""1"",""SEK"",""30.52"",""30.52"",""9789189857209"",""Stormens Nemesis"",""9789189857209 - Stormens Nemesis"", Media 24 / Digibook S6993,""Leverantör"",""1005.50"",""1891.00"","".00"","".00"",""Audio Book : Extended distribution"",""71073.00"",""4917.67"","".00"","".00"","".00"","".00"","".00"","".00"","".00"","".00"",""0"",""0""";;
"6993,""2025-09-30"",""2025-07-01"",""FS545511"","".00"",""506.40"",""2432.70"",""59.40"",""13665.20"","".00"","".00"",""434.70"",""166.10"",""664.40"",""324.00"","" "",""Elmberg, Martin"",""2"",""SEK"",""62.23"",""31.12"",""9789189835504"",""Den tredje delningen"",""9789189835504 - Den tredje delningen"", Media 24 / Digibook S6993,""Leverantör"",""1005.50"",""1891.00"","".00"","".00"",""Audio Book : Extended distribution"",""71073.00"",""4917.67"","".00"","".00"","".00"","".00"","".00"","".00"","".00"","".00"",""0"",""0""";;
"6993,""2025-09-30"",""2025-07-01"",""FS545511"","".00"",""506.40"",""2432.70"",""59.40"",""13665.20"","".00"","".00"",""434.70"",""166.10"",""664.40"",""324.00"","" "",""Elmberg, Martin"",""2"",""SEK"",""69.15"",""34.58"",""9789189857209"",""Stormens Nemesis"",""9789189857209 - Stormens Nemesis"", Media 24 / Digibook S6993,""Leverantör"",""1005.50"",""1891.00"","".00"","".00"",""Audio Book : Extended distribution"",""71073.00"",""4917.67"","".00"","".00"","".00"","".00"","".00"","".00"","".00"","".00"",""0"",""0""";;
"6993,""2025-09-30"",""2025-07-01"",""FS545511"","".00"",""506.40"",""2432.70"",""59.40"",""13665.20"","".00"","".00"",""434.70"",""166.10"",""664.40"",""324.00"","" "",""Elmberg, Martin"",""3"",""SEK"",""108.63"",""36.21"",""9789189835504"",""Den tredje delningen"",""9789189835504 - Den tredje delningen"", Media 24 / Digibook S6993,""Leverantör"",""1005.50"",""1891.00"","".00"","".00"",""Audio Book : Extended distribution"",""71073.00"",""4917.67"","".00"","".00"","".00"","".00"","".00"","".00"","".00"","".00"",""0"",""0""";;
"6993,""2025-09-30"",""2025-07-01"",""FS545511"","".00"",""506.40"",""2432.70"",""59.40"",""13665.20"","".00"","".00"",""434.70"",""166.10"",""664.40"",""324.00"","" "",""Elmberg, Martin"",""1"",""SEK"",""51.30"",""51.30"",""9789189835504"",""Den tredje delningen"",""9789189835504 - Den tredje delningen"", Media 24 / Digibook S6993,""Leverantör"",""1005.50"",""1891.00"","".00"","".00"",""Audio Book : Buy"",""71073.00"",""4917.67"","".00"","".00"","".00"","".00"","".00"","".00"","".00"","".00"",""0"",""0""";;
"6993,""2025-09-30"",""2025-07-01"",""FS545511"","".00"",""506.40"",""2432.70"",""59.40"",""13665.20"","".00"","".00"",""434.70"",""166.10"",""664.40"",""324.00"","" "",""Elmberg, Martin"",""1"",""SEK"",""51.30"",""51.30"",""9789189857506"",""Den tredje delningen"",""9789189857506 - Den tredje delningen"", Media 24 / Digibook S6993,""Leverantör"",""1005.50"",""1891.00"","".00"","".00"",""Ebook : Buy"",""71073.00"",""4917.67"","".00"","".00"","".00"","".00"","".00"","".00"","".00"","".00"",""0"",""0""";;
"6993,""2025-09-30"",""2025-07-01"",""FS545511"","".00"",""506.40"",""2432.70"",""59.40"",""13665.20"","".00"","".00"",""434.70"",""166.10"",""664.40"",""324.00"","" "",""Elmberg, Martin"",""1"",""SEK"",""51.30"",""51.30"",""9789189857520"",""Dödsblomman vid världens ände"",""9789189857520 - Dödsblomman vid världens ände"", Media 24 / Digibook S6993,""Leverantör"",""1005.50"",""1891.00"","".00"","".00"",""Ebook : Buy"",""71073.00"",""4917.67"","".00"","".00"","".00"","".00"","".00"","".00"","".00"","".00"",""0"",""0""";;
"6993,""2025-09-30"",""2025-07-01"",""FS545511"","".00"",""506.40"",""2432.70"",""59.40"",""13665.20"","".00"","".00"",""434.70"",""166.10"",""664.40"",""324.00"","" "",""Engström, Julia"",""2"",""SEK"",""2.17"",""1.09"",""9789190071380"",""Autism och tysta tårar - en diktsamling"",""9789190071380 - Autism och tysta tårar - en diktsamling"", Media 24 / Digibook S6993,""Leverantör"",""1005.50"",""1891.00"","".00"","".00"",""Ebook : Extended distribution"",""71073.00"",""4917.67"","".00"","".00"","".00"","".00"","".00"","".00"","".00"","".00"",""0"",""0""";;
"6993,""2025-09-30"",""2025-07-01"",""FS545511"","".00"",""506.40"",""2432.70"",""59.40"",""13665.20"","".00"","".00"",""434.70"",""166.10"",""664.40"",""324.00"","" "",""Engström, Julia"",""2"",""SEK"",""2.21"",""1.11"",""9789190071380"",""Autism och tysta tårar - en diktsamling"",""9789190071380 - Autism och tysta tårar - en diktsamling"", Media 24 / Digibook S6993,""Leverantör"",""1005.50"",""1891.00"","".00"","".00"",""Ebook : Extended distribution"",""71073.00"",""4917.67"","".00"","".00"","".00"","".00"","".00"","".00"","".00"","".00"",""0"",""0""";;
"6993,""2025-09-30"",""2025-07-01"",""FS545511"","".00"",""506.40"",""2432.70"",""59.40"",""13665.20"","".00"","".00"",""434.70"",""166.10"",""664.40"",""324.00"","" "",""Engström, Julia"",""1"",""SEK"",""1.18"",""1.18"",""9789190071380"",""Autism och tysta tårar - en diktsamling"",""9789190071380 - Autism och tysta tårar - en diktsamling"", Media 24 / Digibook S6993,""Leverantör"",""1005.50"",""1891.00"","".00"","".00"",""Ebook : Extended distribution"",""71073.00"",""4917.67"","".00"","".00"","".00"","".00"","".00"","".00"","".00"","".00"",""0"",""0""";;
"6993,""2025-09-30"",""2025-07-01"",""FS545511"","".00"",""506.40"",""2432.70"",""59.40"",""13665.20"","".00"","".00"",""434.70"",""166.10"",""664.40"",""324.00"","" "",""Engström, Julia"",""5"",""SEK"",""8.13"",""1.63"",""9789190071410"",""Autism och tysta tårar - en diktsamling"",""9789190071410 - Autism och tysta tårar - en diktsamling"", Media 24 / Digibook S6993,""Leverantör"",""1005.50"",""1891.00"","".00"","".00"",""Audio Book : Extended distribution"",""71073.00"",""4917.67"","".00"","".00"","".00"","".00"","".00"","".00"","".00"","".00"",""0"",""0""";;
"6993,""2025-09-30"",""2025-07-01"",""FS545511"","".00"",""506.40"",""2432.70"",""59.40"",""13665.20"","".00"","".00"",""434.70"",""166.10"",""664.40"",""324.00"","" "",""Engström, Julia"",""6"",""SEK"",""9.95"",""1.66"",""9789190071410"",""Autism och tysta tårar - en diktsamling"",""9789190071410 - Autism och tysta tårar - en diktsamling"", Media 24 / Digibook S6993,""Leverantör"",""1005.50"",""1891.00"","".00"","".00"",""Audio Book : Extended distribution"",""71073.00"",""4917.67"","".00"","".00"","".00"","".00"","".00"","".00"","".00"","".00"",""0"",""0""";;
"6993,""2025-09-30"",""2025-07-01"",""FS545511"","".00"",""506.40"",""2432.70"",""59.40"",""13665.20"","".00"","".00"",""434.70"",""166.10"",""664.40"",""324.00"","" "",""Engström, Julia"",""8"",""SEK"",""15.43"",""1.93"",""9789190071410"",""Autism och tysta tårar - en diktsamling"",""9789190071410 - Autism och tysta tårar - en diktsamling"", Media 24 / Digibook S6993,""Leverantör"",""1005.50"",""1891.00"","".00"","".00"",""Audio Book : Extended distribution"",""71073.00"",""4917.67"","".00"","".00"","".00"","".00"","".00"","".00"","".00"","".00"",""0"",""0""";;
"6993,""2025-09-30"",""2025-07-01"",""FS545511"","".00"",""506.40"",""2432.70"",""59.40"",""13665.20"","".00"","".00"",""434.70"",""166.10"",""664.40"",""324.00"","" "",""Engström, Julia"",""2"",""SEK"",""4.82"",""2.41"",""9789190071410"",""Autism och tysta tårar - en diktsamling"",""9789190071410 - Autism och tysta tårar - en diktsamling"", Media 24 / Digibook S6993,""Leverantör"",""1005.50"",""1891.00"","".00"","".00"",""Audio Book : Extended distribution"",""71073.00"",""4917.67"","".00"","".00"","".00"","".00"","".00"","".00"","".00"","".00"",""0"",""0""";;
"6993,""2025-09-30"",""2025-07-01"",""FS545511"","".00"",""506.40"",""2432.70"",""59.40"",""13665.20"","".00"","".00"",""434.70"",""166.10"",""664.40"",""324.00"","" "",""Engström, Julia"",""1"",""SEK"",""10.00"",""10.00"",""9789190071410"",""Autism och tysta tårar - en diktsamling"",""9789190071410 - Autism och tysta tårar - en diktsamling"", Media 24 / Digibook S6993,""Leverantör"",""1005.50"",""1891.00"","".00"","".00"",""Audio Book : Agregated"",""71073.00"",""4917.67"","".00"","".00"","".00"","".00"","".00"","".00"","".00"","".00"",""0"",""0""";;
"6993,""2025-09-30"",""2025-07-01"",""FS545511"","".00"",""506.40"",""2432.70"",""59.40"",""13665.20"","".00"","".00"",""434.70"",""166.10"",""664.40"",""324.00"","" "",""Engström, Julia"",""1"",""SEK"",""18.90"",""18.90"",""9789190071380"",""Autism och tysta tårar - en diktsamling"",""9789190071380 - Autism och tysta tårar - en diktsamling"", Media 24 / Digibook S6993,""Leverantör"",""1005.50"",""1891.00"","".00"","".00"",""Ebook : Agregated"",""71073.00"",""4917.67"","".00"","".00"","".00"","".00"","".00"","".00"","".00"","".00"",""0"",""0""";;
"6993,""2025-09-30"",""2025-07-01"",""FS545511"","".00"",""506.40"",""2432.70"",""59.40"",""13665.20"","".00"","".00"",""434.70"",""166.10"",""664.40"",""324.00"","" "",""Engström, Julia"",""1"",""SEK"",""51.30"",""51.30"",""9789190071380"",""Autism och tysta tårar - en diktsamling"",""9789190071380 - Autism och tysta tårar - en diktsamling"", Media 24 / Digibook S6993,""Leverantör"",""1005.50"",""1891.00"","".00"","".00"",""Ebook : Buy"",""71073.00"",""4917.67"","".00"","".00"","".00"","".00"","".00"","".00"","".00"","".00"",""0"",""0""";;
"6993,""2025-09-30"",""2025-07-01"",""FS545511"","".00"",""506.40"",""2432.70"",""59.40"",""13665.20"","".00"","".00"",""434.70"",""166.10"",""664.40"",""324.00"","" "",""Engström, Julia"",""1"",""SEK"",""51.30"",""51.30"",""9789190071410"",""Autism och tysta tårar - en diktsamling"",""9789190071410 - Autism och tysta tårar - en diktsamling"", Media 24 / Digibook S6993,""Leverantör"",""1005.50"",""1891.00"","".00"","".00"",""Audio Book : Buy"",""71073.00"",""4917.67"","".00"","".00"","".00"","".00"","".00"","".00"","".00"","".00"",""0"",""0""";;
"6993,""2025-09-30"",""2025-07-01"",""FS545511"","".00"",""506.40"",""2432.70"",""59.40"",""13665.20"","".00"","".00"",""434.70"",""166.10"",""664.40"",""324.00"","" "",""Eriksson, Anna"",""1"",""SEK"",""91.28"",""91.28"",""9789190071205"",""Wave by Wave - From Citystress to Oceanic Freedom. A Memoir About Letting Go"",""9789190071205 - Wave by Wave - From Citystress to Oceanic Freedom. A Memoir About Letting Go"", Media 24 / Digibook S6993,""Leverantör"",""1005.50"",""1891.00"","".00"","".00"",""Ebook : Extended distribution"",""71073.00"",""4917.67"","".00"","".00"","".00"","".00"","".00"","".00"","".00"","".00"",""0"",""0""";;
"6993,""2025-09-30"",""2025-07-01"",""FS545511"","".00"",""506.40"",""2432.70"",""59.40"",""13665.20"","".00"","".00"",""434.70"",""166.10"",""664.40"",""324.00"","" "",""Eriksson, Anna"",""1"",""SEK"",""93.71"",""93.71"",""9789190071205"",""Wave by Wave - From Citystress to Oceanic Freedom. A Memoir About Letting Go"",""9789190071205 - Wave by Wave - From Citystress to Oceanic Freedom. A Memoir About Letting Go"", Media 24 / Digibook S6993,""Leverantör"",""1005.50"",""1891.00"","".00"","".00"",""Ebook : Extended distribution"",""71073.00"",""4917.67"","".00"","".00"","".00"","".00"","".00"","".00"","".00"","".00"",""0"",""0""";;
"6993,""2025-09-30"",""2025-07-01"",""FS545511"","".00"",""506.40"",""2432.70"",""59.40"",""13665.20"","".00"","".00"",""434.70"",""166.10"",""664.40"",""324.00"","" "",""Eriksson, Anna"",""1"",""SEK"",""94.50"",""94.50"",""9789190071205"",""Wave by Wave - From Citystress to Oceanic Freedom. A Memoir About Letting Go"",""9789190071205 - Wave by Wave - From Citystress to Oceanic Freedom. A Memoir About Letting Go"", Media 24 / Digibook S6993,""Leverantör"",""1005.50"",""1891.00"","".00"","".00"",""Ebook : Buy"",""71073.00"",""4917.67"","".00"","".00"","".00"","".00"","".00"","".00"","".00"","".00"",""0"",""0""";;
"6993,""2025-09-30"",""2025-07-01"",""FS545511"","".00"",""506.40"",""2432.70"",""59.40"",""13665.20"","".00"","".00"",""434.70"",""166.10"",""664.40"",""324.00"","" "",""Eriksson, Fredrik"",""1"",""SEK"",""31.50"",""31.50"",""9789190071564"",""Same eller fusklapp"",""9789190071564 - Same eller fusklapp"", Media 24 / Digibook S6993,""Leverantör"",""1005.50"",""1891.00"","".00"","".00"",""Ebook : Agregated"",""71073.00"",""4917.67"","".00"","".00"","".00"","".00"","".00"","".00"","".00"","".00"",""0"",""0""";;
"6993,""2025-09-30"",""2025-07-01"",""FS545511"","".00"",""506.40"",""2432.70"",""59.40"",""13665.20"","".00"","".00"",""434.70"",""166.10"",""664.40"",""324.00"","" "",""Eriksson, Fredrik"",""15"",""SEK"",""1147.50"",""76.50"",""9789190071564"",""Same eller fusklapp"",""9789190071564 - Same eller fusklapp"", Media 24 / Digibook S6993,""Leverantör"",""1005.50"",""1891.00"","".00"","".00"",""Ebook : Buy"",""71073.00"",""4917.67"","".00"","".00"","".00"","".00"","".00"","".00"","".00"","".00"",""0"",""0""";;
"6993,""2025-09-30"",""2025-07-01"",""FS545511"","".00"",""506.40"",""2432.70"",""59.40"",""13665.20"","".00"","".00"",""434.70"",""166.10"",""664.40"",""324.00"","" "",""Eriksson, Fredrik"",""1"",""SEK"",""76.66"",""76.66"",""9789190071564"",""Same eller fusklapp"",""9789190071564 - Same eller fusklapp"", Media 24 / Digibook S6993,""Leverantör"",""1005.50"",""1891.00"","".00"","".00"",""Ebook : Extended distribution"",""71073.00"",""4917.67"","".00"","".00"","".00"","".00"","".00"","".00"","".00"","".00"",""0"",""0""";;
"6993,""2025-09-30"",""2025-07-01"",""FS545511"","".00"",""506.40"",""2432.70"",""59.40"",""13665.20"","".00"","".00"",""434.70"",""166.10"",""664.40"",""324.00"","" "",""Eriksson, Peter"",""4"",""SEK"",""51.18"",""12.80"",""9789190071168"",""Skydda, hjälpa, ställa tillrätta"",""9789190071168 - Skydda, hjälpa, ställa tillrätta"", Media 24 / Digibook S6993,""Leverantör"",""1005.50"",""1891.00"","".00"","".00"",""Ebook : Extended distribution"",""71073.00"",""4917.67"","".00"","".00"","".00"","".00"","".00"","".00"","".00"","".00"",""0"",""0""";;
"6993,""2025-09-30"",""2025-07-01"",""FS545511"","".00"",""506.40"",""2432.70"",""59.40"",""13665.20"","".00"","".00"",""434.70"",""166.10"",""664.40"",""324.00"","" "",""Eriksson, Peter"",""5"",""SEK"",""65.26"",""13.05"",""9789190071168"",""Skydda, hjälpa, ställa tillrätta"",""9789190071168 - Skydda, hjälpa, ställa tillrätta"", Media 24 / Digibook S6993,""Leverantör"",""1005.50"",""1891.00"","".00"","".00"",""Ebook : Extended distribution"",""71073.00"",""4917.67"","".00"","".00"","".00"","".00"","".00"","".00"","".00"","".00"",""0"",""0""";;
"6993,""2025-09-30"",""2025-07-01"",""FS545511"","".00"",""506.40"",""2432.70"",""59.40"",""13665.20"","".00"","".00"",""434.70"",""166.10"",""664.40"",""324.00"","" "",""Eriksson, Peter"",""4"",""SEK"",""53.63"",""13.41"",""9789190071168"",""Skydda, hjälpa, ställa tillrätta"",""9789190071168 - Skydda, hjälpa, ställa tillrätta"", Media 24 / Digibook S6993,""Leverantör"",""1005.50"",""1891.00"","".00"","".00"",""Ebook : Extended distribution"",""71073.00"",""4917.67"","".00"","".00"","".00"","".00"","".00"","".00"","".00"","".00"",""0"",""0""";;
"6993,""2025-09-30"",""2025-07-01"",""FS545511"","".00"",""506.40"",""2432.70"",""59.40"",""13665.20"","".00"","".00"",""434.70"",""166.10"",""664.40"",""324.00"","" "",""Eriksson, Peter"",""13"",""SEK"",""232.00"",""17.85"",""9789190071168"",""Skydda, hjälpa, ställa tillrätta"",""9789190071168 - Skydda, hjälpa, ställa tillrätta"", Media 24 / Digibook S6993,""Leverantör"",""1005.50"",""1891.00"","".00"","".00"",""Ebook : Extended distribution"",""71073.00"",""4917.67"","".00"","".00"","".00"","".00"","".00"","".00"","".00"","".00"",""0"",""0""";;
"6993,""2025-09-30"",""2025-07-01"",""FS545511"","".00"",""506.40"",""2432.70"",""59.40"",""13665.20"","".00"","".00"",""434.70"",""166.10"",""664.40"",""324.00"","" "",""Eriksson, Peter"",""1"",""SEK"",""63.00"",""63.00"",""9789190071168"",""Skydda, hjälpa, ställa tillrätta"",""9789190071168 - Skydda, hjälpa, ställa tillrätta"", Media 24 / Digibook S6993,""Leverantör"",""1005.50"",""1891.00"","".00"","".00"",""Ebook : Agregated"",""71073.00"",""4917.67"","".00"","".00"","".00"","".00"","".00"","".00"","".00"","".00"",""0"",""0""";;
"6993,""2025-09-30"",""2025-07-01"",""FS545511"","".00"",""506.40"",""2432.70"",""59.40"",""13665.20"","".00"","".00"",""434.70"",""166.10"",""664.40"",""324.00"","" "",""Eriksson, Peter"",""3"",""SEK"",""229.50"",""76.50"",""9789190071168"",""Skydda, hjälpa, ställa tillrätta"",""9789190071168 - Skydda, hjälpa, ställa tillrätta"", Media 24 / Digibook S6993,""Leverantör"",""1005.50"",""1891.00"","".00"","".00"",""Ebook : Buy"",""71073.00"",""4917.67"","".00"","".00"","".00"","".00"","".00"","".00"","".00"","".00"",""0"",""0""";;
"6993,""2025-09-30"",""2025-07-01"",""FS545511"","".00"",""506.40"",""2432.70"",""59.40"",""13665.20"","".00"","".00"",""434.70"",""166.10"",""664.40"",""324.00"","" "",""Eriksson, Peter"",""1"",""SEK"",""76.50"",""76.50"",""9789190071168"",""Skydda, hjälpa, ställa tillrätta"",""9789190071168 - Skydda, hjälpa, ställa tillrätta"", Media 24 / Digibook S6993,""Leverantör"",""1005.50"",""1891.00"","".00"","".00"",""Ebook : Extended distribution"",""71073.00"",""4917.67"","".00"","".00"","".00"","".00"","".00"","".00"","".00"","".00"",""0"",""0""";;
"6993,""2025-09-30"",""2025-07-01"",""FS545511"","".00"",""506.40"",""2432.70"",""59.40"",""13665.20"","".00"","".00"",""434.70"",""166.10"",""664.40"",""324.00"","" "",""Eriksson, Tord"",""1"",""SEK"",""2.70"",""2.70"",""9789189857117"",""Pedofilen Straffet"",""9789189857117 - Pedofilen Straffet"", Media 24 / Digibook S6993,""Leverantör"",""1005.50"",""1891.00"","".00"","".00"",""Ebook : School Subscription"",""71073.00"",""4917.67"","".00"","".00"","".00"","".00"","".00"","".00"","".00"","".00"",""0"",""0""";;
"6993,""2025-09-30"",""2025-07-01"",""FS545511"","".00"",""506.40"",""2432.70"",""59.40"",""13665.20"","".00"","".00"",""434.70"",""166.10"",""664.40"",""324.00"","" "",""Evigh3t3n"",""1"",""SEK"",""1.63"",""1.63"",""9789189857094"",""Tvillingsjälar - Resan Mot Andlig Union"",""9789189857094 - Tvillingsjälar - Resan Mot Andlig Union"", Media 24 / Digibook S6993,""Leverantör"",""1005.50"",""1891.00"","".00"","".00"",""Ebook : Extended distribution"",""71073.00"",""4917.67"","".00"","".00"","".00"","".00"","".00"","".00"","".00"","".00"",""0"",""0""";;
"6993,""2025-09-30"",""2025-07-01"",""FS545511"","".00"",""506.40"",""2432.70"",""59.40"",""13665.20"","".00"","".00"",""434.70"",""166.10"",""664.40"",""324.00"","" "",""Evigh3t3n"",""1"",""SEK"",""1.78"",""1.78"",""9789189857094"",""Tvillingsjälar - Resan Mot Andlig Union"",""9789189857094 - Tvillingsjälar - Resan Mot Andlig Union"", Media 24 / Digibook S6993,""Leverantör"",""1005.50"",""1891.00"","".00"","".00"",""Ebook : Extended distribution"",""71073.00"",""4917.67"","".00"","".00"","".00"","".00"","".00"","".00"","".00"","".00"",""0"",""0""";;
"6993,""2025-09-30"",""2025-07-01"",""FS545511"","".00"",""506.40"",""2432.70"",""59.40"",""13665.20"","".00"","".00"",""434.70"",""166.10"",""664.40"",""324.00"","" "",""Evigh3t3n"",""1"",""SEK"",""1.83"",""1.83"",""9789189857094"",""Tvillingsjälar - Resan Mot Andlig Union"",""9789189857094 - Tvillingsjälar - Resan Mot Andlig Union"", Media 24 / Digibook S6993,""Leverantör"",""1005.50"",""1891.00"","".00"","".00"",""Ebook : Extended distribution"",""71073.00"",""4917.67"","".00"","".00"","".00"","".00"","".00"","".00"","".00"","".00"",""0"",""0""";;
"6993,""2025-09-30"",""2025-07-01"",""FS545511"","".00"",""506.40"",""2432.70"",""59.40"",""13665.20"","".00"","".00"",""434.70"",""166.10"",""664.40"",""324.00"","" "",""Evigh3t3n"",""17"",""SEK"",""33.81"",""1.99"",""9789189857179"",""Tvillingsjälar - Resan Mot Andlig Union"",""9789189857179 - Tvillingsjälar - Resan Mot Andlig Union"", Media 24 / Digibook S6993,""Leverantör"",""1005.50"",""1891.00"","".00"","".00"",""Audio Book : Extended distribution"",""71073.00"",""4917.67"","".00"","".00"","".00"","".00"","".00"","".00"","".00"","".00"",""0"",""0""";;
"6993,""2025-09-30"",""2025-07-01"",""FS545511"","".00"",""506.40"",""2432.70"",""59.40"",""13665.20"","".00"","".00"",""434.70"",""166.10"",""664.40"",""324.00"","" "",""Evigh3t3n"",""17"",""SEK"",""34.13"",""2.01"",""9789189857179"",""Tvillingsjälar - Resan Mot Andlig Union"",""9789189857179 - Tvillingsjälar - Resan Mot Andlig Union"", Media 24 / Digibook S6993,""Leverantör"",""1005.50"",""1891.00"","".00"","".00"",""Audio Book : Extended distribution"",""71073.00"",""4917.67"","".00"","".00"","".00"","".00"","".00"","".00"","".00"","".00"",""0"",""0""";;
"6993,""2025-09-30"",""2025-07-01"",""FS545511"","".00"",""506.40"",""2432.70"",""59.40"",""13665.20"","".00"","".00"",""434.70"",""166.10"",""664.40"",""324.00"","" "",""Evigh3t3n"",""10"",""SEK"",""20.47"",""2.05"",""9789189857179"",""Tvillingsjälar - Resan Mot Andlig Union"",""9789189857179 - Tvillingsjälar - Resan Mot Andlig Union"", Media 24 / Digibook S6993,""Leverantör"",""1005.50"",""1891.00"","".00"","".00"",""Audio Book : Extended distribution"",""71073.00"",""4917.67"","".00"","".00"","".00"","".00"","".00"","".00"","".00"","".00"",""0"",""0""";;
"6993,""2025-09-30"",""2025-07-01"",""FS545511"","".00"",""506.40"",""2432.70"",""59.40"",""13665.20"","".00"","".00"",""434.70"",""166.10"",""664.40"",""324.00"","" "",""Evigh3t3n"",""12"",""SEK"",""25.25"",""2.10"",""9789189857179"",""Tvillingsjälar - Resan Mot Andlig Union"",""9789189857179 - Tvillingsjälar - Resan Mot Andlig Union"", Media 24 / Digibook S6993,""Leverantör"",""1005.50"",""1891.00"","".00"","".00"",""Audio Book : Extended distribution"",""71073.00"",""4917.67"","".00"","".00"","".00"","".00"","".00"","".00"","".00"","".00"",""0"",""0""";;
"6993,""2025-09-30"",""2025-07-01"",""FS545511"","".00"",""506.40"",""2432.70"",""59.40"",""13665.20"","".00"","".00"",""434.70"",""166.10"",""664.40"",""324.00"","" "",""Evigh3t3n"",""7"",""SEK"",""16.67"",""2.38"",""9789189857179"",""Tvillingsjälar - Resan Mot Andlig Union"",""9789189857179 - Tvillingsjälar - Resan Mot Andlig Union"", Media 24 / Digibook S6993,""Leverantör"",""1005.50"",""1891.00"","".00"","".00"",""Audio Book : Extended distribution"",""71073.00"",""4917.67"","".00"","".00"","".00"","".00"","".00"","".00"","".00"","".00"",""0"",""0""";;
"6993,""2025-09-30"",""2025-07-01"",""FS545511"","".00"",""506.40"",""2432.70"",""59.40"",""13665.20"","".00"","".00"",""434.70"",""166.10"",""664.40"",""324.00"","" "",""Evigh3t3n"",""1"",""SEK"",""2.70"",""2.70"",""9789189857094"",""Tvillingsjälar - Resan Mot Andlig Union"",""9789189857094 - Tvillingsjälar - Resan Mot Andlig Union"", Media 24 / Digibook S6993,""Leverantör"",""1005.50"",""1891.00"","".00"","".00"",""Ebook : School Subscription"",""71073.00"",""4917.67"","".00"","".00"","".00"","".00"","".00"","".00"","".00"","".00"",""0"",""0""";;
"6993,""2025-09-30"",""2025-07-01"",""FS545511"","".00"",""506.40"",""2432.70"",""59.40"",""13665.20"","".00"","".00"",""434.70"",""166.10"",""664.40"",""324.00"","" "",""Evigh3t3n"",""1"",""SEK"",""2.70"",""2.70"",""9789189857179"",""Tvillingsjälar - Resan Mot Andlig Union"",""9789189857179 - Tvillingsjälar - Resan Mot Andlig Union"", Media 24 / Digibook S6993,""Leverantör"",""1005.50"",""1891.00"","".00"","".00"",""Audio Book : School Subscription"",""71073.00"",""4917.67"","".00"","".00"","".00"","".00"","".00"","".00"","".00"","".00"",""0"",""0""";;
"6993,""2025-09-30"",""2025-07-01"",""FS545511"","".00"",""506.40"",""2432.70"",""59.40"",""13665.20"","".00"","".00"",""434.70"",""166.10"",""664.40"",""324.00"","" "",""Evigh3t3n"",""1"",""SEK"",""8.00"",""8.00"",""9789189857179"",""Tvillingsjälar - Resan Mot Andlig Union"",""9789189857179 - Tvillingsjälar - Resan Mot Andlig Union"", Media 24 / Digibook S6993,""Leverantör"",""1005.50"",""1891.00"","".00"","".00"",""Audio Book : Agregated"",""71073.00"",""4917.67"","".00"","".00"","".00"","".00"","".00"","".00"","".00"","".00"",""0"",""0""";;
"6993,""2025-09-30"",""2025-07-01"",""FS545511"","".00"",""506.40"",""2432.70"",""59.40"",""13665.20"","".00"","".00"",""434.70"",""166.10"",""664.40"",""324.00"","" "",""Evigh3t3n"",""3"",""SEK"",""42.80"",""14.27"",""9789189857896"",""Evigh3t3n"",""9789189857896 - Evigh3t3n"", Media 24 / Digibook S6993,""Leverantör"",""1005.50"",""1891.00"","".00"","".00"",""Audio Book : Extended distribution"",""71073.00"",""4917.67"","".00"","".00"","".00"","".00"","".00"","".00"","".00"","".00"",""0"",""0""";;
"6993,""2025-09-30"",""2025-07-01"",""FS545511"","".00"",""506.40"",""2432.70"",""59.40"",""13665.20"","".00"","".00"",""434.70"",""166.10"",""664.40"",""324.00"","" "",""Evigh3t3n"",""13"",""SEK"",""189.16"",""14.55"",""9789189857896"",""Evigh3t3n"",""9789189857896 - Evigh3t3n"", Media 24 / Digibook S6993,""Leverantör"",""1005.50"",""1891.00"","".00"","".00"",""Audio Book : Extended distribution"",""71073.00"",""4917.67"","".00"","".00"","".00"","".00"","".00"","".00"","".00"","".00"",""0"",""0""";;
"6993,""2025-09-30"",""2025-07-01"",""FS545511"","".00"",""506.40"",""2432.70"",""59.40"",""13665.20"","".00"","".00"",""434.70"",""166.10"",""664.40"",""324.00"","" "",""Evigh3t3n"",""11"",""SEK"",""164.43"",""14.95"",""9789189857896"",""Evigh3t3n"",""9789189857896 - Evigh3t3n"", Media 24 / Digibook S6993,""Leverantör"",""1005.50"",""1891.00"","".00"","".00"",""Audio Book : Extended distribution"",""71073.00"",""4917.67"","".00"","".00"","".00"","".00"","".00"","".00"","".00"","".00"",""0"",""0""";;
"6993,""2025-09-30"",""2025-07-01"",""FS545511"","".00"",""506.40"",""2432.70"",""59.40"",""13665.20"","".00"","".00"",""434.70"",""166.10"",""664.40"",""324.00"","" "",""Evigh3t3n"",""1"",""SEK"",""17.50"",""17.50"",""9789189857094"",""Tvillingsjälar - Resan Mot Andlig Union"",""9789189857094 - Tvillingsjälar - Resan Mot Andlig Union"", Media 24 / Digibook S6993,""Leverantör"",""1005.50"",""1891.00"","".00"","".00"",""Ebook : Agregated"",""71073.00"",""4917.67"","".00"","".00"","".00"","".00"","".00"","".00"","".00"","".00"",""0"",""0""";;
"6993,""2025-09-30"",""2025-07-01"",""FS545511"","".00"",""506.40"",""2432.70"",""59.40"",""13665.20"","".00"","".00"",""434.70"",""166.10"",""664.40"",""324.00"","" "",""Evigh3t3n"",""1"",""SEK"",""38.70"",""38.70"",""9789189857094"",""Tvillingsjälar - Resan Mot Andlig Union"",""9789189857094 - Tvillingsjälar - Resan Mot Andlig Union"", Media 24 / Digibook S6993,""Leverantör"",""1005.50"",""1891.00"","".00"","".00"",""Ebook : Buy"",""71073.00"",""4917.67"","".00"","".00"","".00"","".00"","".00"","".00"","".00"","".00"",""0"",""0""";;
"6993,""2025-09-30"",""2025-07-01"",""FS545511"","".00"",""506.40"",""2432.70"",""59.40"",""13665.20"","".00"","".00"",""434.70"",""166.10"",""664.40"",""324.00"","" "",""Evyson, J.M"",""1"",""SEK"",""166.10"",""166.10"",""9789190071052"",""Nattreceptionisten och nio andra berättelser"",""9789190071052 - Nattreceptionisten och nio andra berättelser"", Media 24 / Digibook S6993,""Leverantör"",""1005.50"",""1891.00"","".00"","".00"",""Ebook : School Subscription"",""71073.00"",""4917.67"","".00"","".00"","".00"","".00"","".00"","".00"","".00"","".00"",""0"",""0""";;
"6993,""2025-09-30"",""2025-07-01"",""FS545511"","".00"",""506.40"",""2432.70"",""59.40"",""13665.20"","".00"","".00"",""434.70"",""166.10"",""664.40"",""324.00"","" "",""Evyson, J.M."",""1"",""SEK"",""2.70"",""2.70"",""9789189539334"",""Elefanten i rummet och elva andra berättelser"",""9789189539334 - Elefanten i rummet och elva andra berättelser"", Media 24 / Digibook S6993,""Leverantör"",""1005.50"",""1891.00"","".00"","".00"",""Ebook : School Subscription"",""71073.00"",""4917.67"","".00"","".00"","".00"","".00"","".00"","".00"","".00"","".00"",""0"",""0""";;
"6993,""2025-09-30"",""2025-07-01"",""FS545511"","".00"",""506.40"",""2432.70"",""59.40"",""13665.20"","".00"","".00"",""434.70"",""166.10"",""664.40"",""324.00"","" "",""Evyson, J.M."",""1"",""SEK"",""2.70"",""2.70"",""9789189539341"",""Elefanten i rummet och elva andra berättelser"",""9789189539341 - Elefanten i rummet och elva andra berättelser"", Media 24 / Digibook S6993,""Leverantör"",""1005.50"",""1891.00"","".00"","".00"",""Audio Book : School Subscription"",""71073.00"",""4917.67"","".00"","".00"","".00"","".00"","".00"","".00"","".00"","".00"",""0"",""0""";;
"6993,""2025-09-30"",""2025-07-01"",""FS545511"","".00"",""506.40"",""2432.70"",""59.40"",""13665.20"","".00"","".00"",""434.70"",""166.10"",""664.40"",""324.00"","" "",""Evyson, J.M."",""1"",""SEK"",""2.70"",""2.70"",""9789189857001"",""Nattreceptionisten och nio andra berättelser"",""9789189857001 - Nattreceptionisten och nio andra berättelser"", Media 24 / Digibook S6993,""Leverantör"",""1005.50"",""1891.00"","".00"","".00"",""Audio Book : School Subscription"",""71073.00"",""4917.67"","".00"","".00"","".00"","".00"","".00"","".00"","".00"","".00"",""0"",""0""";;
"6993,""2025-09-30"",""2025-07-01"",""FS545511"","".00"",""506.40"",""2432.70"",""59.40"",""13665.20"","".00"","".00"",""434.70"",""166.10"",""664.40"",""324.00"","" "",""Evyson, J.M."",""1"",""SEK"",""6.73"",""6.73"",""9789189857001"",""Nattreceptionisten och nio andra berättelser"",""9789189857001 - Nattreceptionisten och nio andra berättelser"", Media 24 / Digibook S6993,""Leverantör"",""1005.50"",""1891.00"","".00"","".00"",""Audio Book : Extended distribution"",""71073.00"",""4917.67"","".00"","".00"","".00"","".00"","".00"","".00"","".00"","".00"",""0"",""0""";;
"6993,""2025-09-30"",""2025-07-01"",""FS545511"","".00"",""506.40"",""2432.70"",""59.40"",""13665.20"","".00"","".00"",""434.70"",""166.10"",""664.40"",""324.00"","" "",""Fagerberg, Signhild"",""1"",""SEK"","".04"","".04"",""9789189539280"",""Alla är enhörningar"",""9789189539280 - Alla är enhörningar"", Media 24 / Digibook S6993,""Leverantör"",""1005.50"",""1891.00"","".00"","".00"",""Ebook : Extended distribution"",""71073.00"",""4917.67"","".00"","".00"","".00"","".00"","".00"","".00"","".00"","".00"",""0"",""0""";;
"6993,""2025-09-30"",""2025-07-01"",""FS545511"","".00"",""506.40"",""2432.70"",""59.40"",""13665.20"","".00"","".00"",""434.70"",""166.10"",""664.40"",""324.00"","" "",""Fagerberg, Signhild"",""4"",""SEK"","".19"","".05"",""9789189539280"",""Alla är enhörningar"",""9789189539280 - Alla är enhörningar"", Media 24 / Digibook S6993,""Leverantör"",""1005.50"",""1891.00"","".00"","".00"",""Ebook : Extended distribution"",""71073.00"",""4917.67"","".00"","".00"","".00"","".00"","".00"","".00"","".00"","".00"",""0"",""0""";;
"6993,""2025-09-30"",""2025-07-01"",""FS545511"","".00"",""506.40"",""2432.70"",""59.40"",""13665.20"","".00"","".00"",""434.70"",""166.10"",""664.40"",""324.00"","" "",""Fagerberg, Signhild"",""3"",""SEK"","".24"","".08"",""9789189539280"",""Alla är enhörningar"",""9789189539280 - Alla är enhörningar"", Media 24 / Digibook S6993,""Leverantör"",""1005.50"",""1891.00"","".00"","".00"",""Ebook : Extended distribution"",""71073.00"",""4917.67"","".00"","".00"","".00"","".00"","".00"","".00"","".00"","".00"",""0"",""0""";;
"6993,""2025-09-30"",""2025-07-01"",""FS545511"","".00"",""506.40"",""2432.70"",""59.40"",""13665.20"","".00"","".00"",""434.70"",""166.10"",""664.40"",""324.00"","" "",""Fagerberg, Signhild"",""1"",""SEK"","".41"","".41"",""9789189539280"",""Alla är enhörningar"",""9789189539280 - Alla är enhörningar"", Media 24 / Digibook S6993,""Leverantör"",""1005.50"",""1891.00"","".00"","".00"",""Ebook : Extended distribution"",""71073.00"",""4917.67"","".00"","".00"","".00"","".00"","".00"","".00"","".00"","".00"",""0"",""0""";;
"6993,""2025-09-30"",""2025-07-01"",""FS545511"","".00"",""506.40"",""2432.70"",""59.40"",""13665.20"","".00"","".00"",""434.70"",""166.10"",""664.40"",""324.00"","" "",""Faith, Divine"",""2"",""SEK"","".96"","".48"",""9789190071229"",""Gudomlig surpris"",""9789190071229 - Gudomlig surpris"", Media 24 / Digibook S6993,""Leverantör"",""1005.50"",""1891.00"","".00"","".00"",""Ebook : Extended distribution"",""71073.00"",""4917.67"","".00"","".00"","".00"","".00"","".00"","".00"","".00"","".00"",""0"",""0""";;
"6993,""2025-09-30"",""2025-07-01"",""FS545511"","".00"",""506.40"",""2432.70"",""59.40"",""13665.20"","".00"","".00"",""434.70"",""166.10"",""664.40"",""324.00"","" "",""Faith, Divine"",""2"",""SEK"",""1.78"","".89"",""9789190071229"",""Gudomlig surpris"",""9789190071229 - Gudomlig surpris"", Media 24 / Digibook S6993,""Leverantör"",""1005.50"",""1891.00"","".00"","".00"",""Ebook : Extended distribution"",""71073.00"",""4917.67"","".00"","".00"","".00"","".00"","".00"","".00"","".00"","".00"",""0"",""0""";;
"6993,""2025-09-30"",""2025-07-01"",""FS545511"","".00"",""506.40"",""2432.70"",""59.40"",""13665.20"","".00"","".00"",""434.70"",""166.10"",""664.40"",""324.00"","" "",""Faith, Divine"",""1"",""SEK"",""11.00"",""11.00"",""9789190071229"",""Gudomlig surpris"",""9789190071229 - Gudomlig surpris"", Media 24 / Digibook S6993,""Leverantör"",""1005.50"",""1891.00"","".00"","".00"",""Ebook : Buy"",""71073.00"",""4917.67"","".00"","".00"","".00"","".00"","".00"","".00"","".00"","".00"",""0"",""0""";;
"6993,""2025-09-30"",""2025-07-01"",""FS545511"","".00"",""506.40"",""2432.70"",""59.40"",""13665.20"","".00"","".00"",""434.70"",""166.10"",""664.40"",""324.00"","" "",""Fallenkvist, Rebecka"",""3"",""SEK"",""32.24"",""10.75"",""9789189857551"",""Segerns pris"",""9789189857551 - Segerns pris"", Media 24 / Digibook S6993,""Leverantör"",""1005.50"",""1891.00"","".00"","".00"",""Audio Book : Extended distribution"",""71073.00"",""4917.67"","".00"","".00"","".00"","".00"","".00"","".00"","".00"","".00"",""0"",""0""";;
"6993,""2025-09-30"",""2025-07-01"",""FS545511"","".00"",""506.40"",""2432.70"",""59.40"",""13665.20"","".00"","".00"",""434.70"",""166.10"",""664.40"",""324.00"","" "",""Fallenkvist, Rebecka"",""1"",""SEK"",""10.86"",""10.86"",""9789189857551"",""Segerns pris"",""9789189857551 - Segerns pris"", Media 24 / Digibook S6993,""Leverantör"",""1005.50"",""1891.00"","".00"","".00"",""Audio Book : Extended distribution"",""71073.00"",""4917.67"","".00"","".00"","".00"","".00"","".00"","".00"","".00"","".00"",""0"",""0""";;
"6993,""2025-09-30"",""2025-07-01"",""FS545511"","".00"",""506.40"",""2432.70"",""59.40"",""13665.20"","".00"","".00"",""434.70"",""166.10"",""664.40"",""324.00"","" "",""Fallenkvist, Rebecka"",""1"",""SEK"",""11.08"",""11.08"",""9789189857551"",""Segerns pris"",""9789189857551 - Segerns pris"", Media 24 / Digibook S6993,""Leverantör"",""1005.50"",""1891.00"","".00"","".00"",""Audio Book : Extended distribution"",""71073.00"",""4917.67"","".00"","".00"","".00"","".00"","".00"","".00"","".00"","".00"",""0"",""0""";;
"6993,""2025-09-30"",""2025-07-01"",""FS545511"","".00"",""506.40"",""2432.70"",""59.40"",""13665.20"","".00"","".00"",""434.70"",""166.10"",""664.40"",""324.00"","" "",""Fallenkvist, Rebecka"",""1"",""SEK"",""16.12"",""16.12"",""9789189857551"",""Segerns pris"",""9789189857551 - Segerns pris"", Media 24 / Digibook S6993,""Leverantör"",""1005.50"",""1891.00"","".00"","".00"",""Audio Book : Extended distribution"",""71073.00"",""4917.67"","".00"","".00"","".00"","".00"","".00"","".00"","".00"","".00"",""0"",""0""";;
"6993,""2025-09-30"",""2025-07-01"",""FS545511"","".00"",""506.40"",""2432.70"",""59.40"",""13665.20"","".00"","".00"",""434.70"",""166.10"",""664.40"",""324.00"","" "",""Fallenkvist, Rebecka"",""1"",""SEK"",""76.50"",""76.50"",""9789189857551"",""Segerns pris"",""9789189857551 - Segerns pris"", Media 24 / Digibook S6993,""Leverantör"",""1005.50"",""1891.00"","".00"","".00"",""Audio Book : Buy"",""71073.00"",""4917.67"","".00"","".00"","".00"","".00"","".00"","".00"","".00"","".00"",""0"",""0""";;
"6993,""2025-09-30"",""2025-07-01"",""FS545511"","".00"",""506.40"",""2432.70"",""59.40"",""13665.20"","".00"","".00"",""434.70"",""166.10"",""664.40"",""324.00"","" "",""Fjordgren, Olle"",""1"",""SEK"",""2.70"",""2.70"",""9789189539228"",""Vägar jag vandrat"",""9789189539228 - Vägar jag vandrat"", Media 24 / Digibook S6993,""Leverantör"",""1005.50"",""1891.00"","".00"","".00"",""Ebook : School Subscription"",""71073.00"",""4917.67"","".00"","".00"","".00"","".00"","".00"","".00"","".00"","".00"",""0"",""0""";;
"6993,""2025-09-30"",""2025-07-01"",""FS545511"","".00"",""506.40"",""2432.70"",""59.40"",""13665.20"","".00"","".00"",""434.70"",""166.10"",""664.40"",""324.00"","" "",""Fjordgren, Olle"",""1"",""SEK"",""2.70"",""2.70"",""9789189539235"",""En varm kopp te"",""9789189539235 - En varm kopp te"", Media 24 / Digibook S6993,""Leverantör"",""1005.50"",""1891.00"","".00"","".00"",""Ebook : School Subscription"",""71073.00"",""4917.67"","".00"","".00"","".00"","".00"","".00"","".00"","".00"","".00"",""0"",""0""";;
"6993,""2025-09-30"",""2025-07-01"",""FS545511"","".00"",""506.40"",""2432.70"",""59.40"",""13665.20"","".00"","".00"",""434.70"",""166.10"",""664.40"",""324.00"","" "",""Fjällman Sedvall, Inger"",""1"",""SEK"",""2.70"",""2.70"",""9789189539419"",""Läger för Mira"",""9789189539419 - Läger för Mira"", Media 24 / Digibook S6993,""Leverantör"",""1005.50"",""1891.00"","".00"","".00"",""Ebook : School Subscription"",""71073.00"",""4917.67"","".00"","".00"","".00"","".00"","".00"","".00"","".00"","".00"",""0"",""0""";;
"6993,""2025-09-30"",""2025-07-01"",""FS545511"","".00"",""506.40"",""2432.70"",""59.40"",""13665.20"","".00"","".00"",""434.70"",""166.10"",""664.40"",""324.00"","" "",""Fjällman Sedvall, Inger"",""1"",""SEK"",""2.70"",""2.70"",""9789189539563"",""Läger för Mira"",""9789189539563 - Läger för Mira"", Media 24 / Digibook S6993,""Leverantör"",""1005.50"",""1891.00"","".00"","".00"",""Audio Book : School Subscription"",""71073.00"",""4917.67"","".00"","".00"","".00"","".00"","".00"","".00"","".00"","".00"",""0"",""0""";;
"6993,""2025-09-30"",""2025-07-01"",""FS545511"","".00"",""506.40"",""2432.70"",""59.40"",""13665.20"","".00"","".00"",""434.70"",""166.10"",""664.40"",""324.00"","" "",""Fjällman Sedvall, Inger"",""1"",""SEK"",""2.70"",""2.70"",""9789189539693"",""Vilda och Bäckalverna"",""9789189539693 - Vilda och Bäckalverna"", Media 24 / Digibook S6993,""Leverantör"",""1005.50"",""1891.00"","".00"","".00"",""Audio Book : School Subscription"",""71073.00"",""4917.67"","".00"","".00"","".00"","".00"","".00"","".00"","".00"","".00"",""0"",""0""";;
"6993,""2025-09-30"",""2025-07-01"",""FS545511"","".00"",""506.40"",""2432.70"",""59.40"",""13665.20"","".00"","".00"",""434.70"",""166.10"",""664.40"",""324.00"","" "",""Fjällman Sedvall, Inger"",""1"",""SEK"",""2.70"",""2.70"",""9789189539709"",""Vilda och Bäckalverna"",""9789189539709 - Vilda och Bäckalverna"", Media 24 / Digibook S6993,""Leverantör"",""1005.50"",""1891.00"","".00"","".00"",""Ebook : School Subscription"",""71073.00"",""4917.67"","".00"","".00"","".00"","".00"","".00"","".00"","".00"","".00"",""0"",""0""";;
"6993,""2025-09-30"",""2025-07-01"",""FS545511"","".00"",""506.40"",""2432.70"",""59.40"",""13665.20"","".00"","".00"",""434.70"",""166.10"",""664.40"",""324.00"","" "",""Fjällman Sedvall, Inger"",""2"",""SEK"",""332.20"",""166.10"",""9789189539419"",""Läger för Mira"",""9789189539419 - Läger för Mira"", Media 24 / Digibook S6993,""Leverantör"",""1005.50"",""1891.00"","".00"","".00"",""Ebook : School Subscription"",""71073.00"",""4917.67"","".00"","".00"","".00"","".00"","".00"","".00"","".00"","".00"",""0"",""0""";;
"6993,""2025-09-30"",""2025-07-01"",""FS545511"","".00"",""506.40"",""2432.70"",""59.40"",""13665.20"","".00"","".00"",""434.70"",""166.10"",""664.40"",""324.00"","" "",""Fonovich, Sofie"",""1"",""SEK"",""2.70"",""2.70"",""9789189835856"",""Kaos & Harmoni"",""9789189835856 - Kaos & Harmoni"", Media 24 / Digibook S6993,""Leverantör"",""1005.50"",""1891.00"","".00"","".00"",""Ebook : School Subscription"",""71073.00"",""4917.67"","".00"","".00"","".00"","".00"","".00"","".00"","".00"","".00"",""0"",""0""";;
"6993,""2025-09-30"",""2025-07-01"",""FS545511"","".00"",""506.40"",""2432.70"",""59.40"",""13665.20"","".00"","".00"",""434.70"",""166.10"",""664.40"",""324.00"","" "",""Fonovich, Sofie"",""1"",""SEK"",""2.70"",""2.70"",""9789189857254"",""Melodier av Livet"",""9789189857254 - Melodier av Livet"", Media 24 / Digibook S6993,""Leverantör"",""1005.50"",""1891.00"","".00"","".00"",""Ebook : School Subscription"",""71073.00"",""4917.67"","".00"","".00"","".00"","".00"","".00"","".00"","".00"","".00"",""0"",""0""";;
"6993,""2025-09-30"",""2025-07-01"",""FS545511"","".00"",""506.40"",""2432.70"",""59.40"",""13665.20"","".00"","".00"",""434.70"",""166.10"",""664.40"",""324.00"","" "",""Fonovich, Sofie"",""1"",""SEK"",""10.00"",""10.00"",""9789190071649"",""Neonhjärtan"",""9789190071649 - Neonhjärtan"", Media 24 / Digibook S6993,""Leverantör"",""1005.50"",""1891.00"","".00"","".00"",""Audio Book : Agregated"",""71073.00"",""4917.67"","".00"","".00"","".00"","".00"","".00"","".00"","".00"","".00"",""0"",""0""";;
"6993,""2025-09-30"",""2025-07-01"",""FS545511"","".00"",""506.40"",""2432.70"",""59.40"",""13665.20"","".00"","".00"",""434.70"",""166.10"",""664.40"",""324.00"","" "",""Forntida Astronauter"",""1"",""SEK"",""2.70"",""2.70"",""9789189739543"",""Forntida Astronauter - Gudarna Måste Vara Tokiga"",""9789189739543 - Forntida Astronauter - Gudarna Måste Vara Tokiga"", Media 24 / Digibook S6993,""Leverantör"",""1005.50"",""1891.00"","".00"","".00"",""Ebook : School Subscription"",""71073.00"",""4917.67"","".00"","".00"","".00"","".00"","".00"","".00"","".00"","".00"",""0"",""0""";;
"6993,""2025-09-30"",""2025-07-01"",""FS545511"","".00"",""506.40"",""2432.70"",""59.40"",""13665.20"","".00"","".00"",""434.70"",""166.10"",""664.40"",""324.00"","" "",""Forntida Astronauter"",""1"",""SEK"",""2.70"",""2.70"",""9789189739550"",""Forntida Astronauter - Gudarna Måste Vara Tokiga"",""9789189739550 - Forntida Astronauter - Gudarna Måste Vara Tokiga"", Media 24 / Digibook S6993,""Leverantör"",""1005.50"",""1891.00"","".00"","".00"",""Audio Book : School Subscription"",""71073.00"",""4917.67"","".00"","".00"","".00"","".00"","".00"","".00"","".00"","".00"",""0"",""0""";;
"6993,""2025-09-30"",""2025-07-01"",""FS545511"","".00"",""506.40"",""2432.70"",""59.40"",""13665.20"","".00"","".00"",""434.70"",""166.10"",""664.40"",""324.00"","" "",""Forntida Astronauter"",""1"",""SEK"",""2.70"",""2.70"",""9789189835252"",""Forntida Astronauter - I Gudarnas Fotspår"",""9789189835252 - Forntida Astronauter - I Gudarnas Fotspår"", Media 24 / Digibook S6993,""Leverantör"",""1005.50"",""1891.00"","".00"","".00"",""Audio Book : School Subscription"",""71073.00"",""4917.67"","".00"","".00"","".00"","".00"","".00"","".00"","".00"","".00"",""0"",""0""";;
"6993,""2025-09-30"",""2025-07-01"",""FS545511"","".00"",""506.40"",""2432.70"",""59.40"",""13665.20"","".00"","".00"",""434.70"",""166.10"",""664.40"",""324.00"","" "",""Forntida Astronauter"",""1"",""SEK"",""2.70"",""2.70"",""9789189835993"",""I Jättarnas Fotspår"",""9789189835993 - I Jättarnas Fotspår"", Media 24 / Digibook S6993,""Leverantör"",""1005.50"",""1891.00"","".00"","".00"",""Audio Book : School Subscription"",""71073.00"",""4917.67"","".00"","".00"","".00"","".00"","".00"","".00"","".00"","".00"",""0"",""0""";;
"6993,""2025-09-30"",""2025-07-01"",""FS545511"","".00"",""506.40"",""2432.70"",""59.40"",""13665.20"","".00"","".00"",""434.70"",""166.10"",""664.40"",""324.00"","" "",""Forntida Astronauter"",""1"",""SEK"",""3.29"",""3.29"",""9789189835993"",""I Jättarnas Fotspår"",""9789189835993 - I Jättarnas Fotspår"", Media 24 / Digibook S6993,""Leverantör"",""1005.50"",""1891.00"","".00"","".00"",""Audio Book : Extended distribution"",""71073.00"",""4917.67"","".00"","".00"","".00"","".00"","".00"","".00"","".00"","".00"",""0"",""0""";;
"6993,""2025-09-30"",""2025-07-01"",""FS545511"","".00"",""506.40"",""2432.70"",""59.40"",""13665.20"","".00"","".00"",""434.70"",""166.10"",""664.40"",""324.00"","" "",""Forntida Astronauter"",""2"",""SEK"",""6.59"",""3.30"",""9789189835993"",""I Jättarnas Fotspår"",""9789189835993 - I Jättarnas Fotspår"", Media 24 / Digibook S6993,""Leverantör"",""1005.50"",""1891.00"","".00"","".00"",""Audio Book : Extended distribution"",""71073.00"",""4917.67"","".00"","".00"","".00"","".00"","".00"","".00"","".00"","".00"",""0"",""0""";;
"6993,""2025-09-30"",""2025-07-01"",""FS545511"","".00"",""506.40"",""2432.70"",""59.40"",""13665.20"","".00"","".00"",""434.70"",""166.10"",""664.40"",""324.00"","" "",""Forntida Astronauter"",""14"",""SEK"",""46.63"",""3.33"",""9789189835993"",""I Jättarnas Fotspår"",""9789189835993 - I Jättarnas Fotspår"", Media 24 / Digibook S6993,""Leverantör"",""1005.50"",""1891.00"","".00"","".00"",""Audio Book : Extended distribution"",""71073.00"",""4917.67"","".00"","".00"","".00"","".00"","".00"","".00"","".00"","".00"",""0"",""0""";;
"6993,""2025-09-30"",""2025-07-01"",""FS545511"","".00"",""506.40"",""2432.70"",""59.40"",""13665.20"","".00"","".00"",""434.70"",""166.10"",""664.40"",""324.00"","" "",""Forntida Astronauter"",""13"",""SEK"",""44.16"",""3.40"",""9789189835993"",""I Jättarnas Fotspår"",""9789189835993 - I Jättarnas Fotspår"", Media 24 / Digibook S6993,""Leverantör"",""1005.50"",""1891.00"","".00"","".00"",""Audio Book : Extended distribution"",""71073.00"",""4917.67"","".00"","".00"","".00"","".00"","".00"","".00"","".00"","".00"",""0"",""0""";;
"6993,""2025-09-30"",""2025-07-01"",""FS545511"","".00"",""506.40"",""2432.70"",""59.40"",""13665.20"","".00"","".00"",""434.70"",""166.10"",""664.40"",""324.00"","" "",""Forntida Astronauter"",""10"",""SEK"",""34.90"",""3.49"",""9789189835993"",""I Jättarnas Fotspår"",""9789189835993 - I Jättarnas Fotspår"", Media 24 / Digibook S6993,""Leverantör"",""1005.50"",""1891.00"","".00"","".00"",""Audio Book : Extended distribution"",""71073.00"",""4917.67"","".00"","".00"","".00"","".00"","".00"","".00"","".00"","".00"",""0"",""0""";;
"6993,""2025-09-30"",""2025-07-01"",""FS545511"","".00"",""506.40"",""2432.70"",""59.40"",""13665.20"","".00"","".00"",""434.70"",""166.10"",""664.40"",""324.00"","" "",""Forntida Astronauter"",""2"",""SEK"",""7.90"",""3.95"",""9789189835993"",""I Jättarnas Fotspår"",""9789189835993 - I Jättarnas Fotspår"", Media 24 / Digibook S6993,""Leverantör"",""1005.50"",""1891.00"","".00"","".00"",""Audio Book : Extended distribution"",""71073.00"",""4917.67"","".00"","".00"","".00"","".00"","".00"","".00"","".00"","".00"",""0"",""0""";;
"6993,""2025-09-30"",""2025-07-01"",""FS545511"","".00"",""506.40"",""2432.70"",""59.40"",""13665.20"","".00"","".00"",""434.70"",""166.10"",""664.40"",""324.00"","" "",""Forntida Astronauter"",""1"",""SEK"",""6.00"",""6.00"",""9789189835993"",""I Jättarnas Fotspår"",""9789189835993 - I Jättarnas Fotspår"", Media 24 / Digibook S6993,""Leverantör"",""1005.50"",""1891.00"","".00"","".00"",""Audio Book : Agregated"",""71073.00"",""4917.67"","".00"","".00"","".00"","".00"","".00"","".00"","".00"","".00"",""0"",""0""";;
"6993,""2025-09-30"",""2025-07-01"",""FS545511"","".00"",""506.40"",""2432.70"",""59.40"",""13665.20"","".00"","".00"",""434.70"",""166.10"",""664.40"",""324.00"","" "",""Forntida Astronauter"",""1"",""SEK"",""8.00"",""8.00"",""9789189835993"",""I Jättarnas Fotspår"",""9789189835993 - I Jättarnas Fotspår"", Media 24 / Digibook S6993,""Leverantör"",""1005.50"",""1891.00"","".00"","".00"",""Audio Book : Agregated"",""71073.00"",""4917.67"","".00"","".00"","".00"","".00"","".00"","".00"","".00"","".00"",""0"",""0""";;
"6993,""2025-09-30"",""2025-07-01"",""FS545511"","".00"",""506.40"",""2432.70"",""59.40"",""13665.20"","".00"","".00"",""434.70"",""166.10"",""664.40"",""324.00"","" "",""Forntida Astronauter"",""1"",""SEK"",""12.01"",""12.01"",""9789189739543"",""Forntida Astronauter - Gudarna Måste Vara Tokiga"",""9789189739543 - Forntida Astronauter - Gudarna Måste Vara Tokiga"", Media 24 / Digibook S6993,""Leverantör"",""1005.50"",""1891.00"","".00"","".00"",""Ebook : Extended distribution"",""71073.00"",""4917.67"","".00"","".00"","".00"","".00"","".00"","".00"","".00"","".00"",""0"",""0""";;
"6993,""2025-09-30"",""2025-07-01"",""FS545511"","".00"",""506.40"",""2432.70"",""59.40"",""13665.20"","".00"","".00"",""434.70"",""166.10"",""664.40"",""324.00"","" "",""Forntida Astronauter"",""16"",""SEK"",""194.83"",""12.18"",""9789189739550"",""Forntida Astronauter - Gudarna Måste Vara Tokiga"",""9789189739550 - Forntida Astronauter - Gudarna Måste Vara Tokiga"", Media 24 / Digibook S6993,""Leverantör"",""1005.50"",""1891.00"","".00"","".00"",""Audio Book : Extended distribution"",""71073.00"",""4917.67"","".00"","".00"","".00"","".00"","".00"","".00"","".00"","".00"",""0"",""0""";;
"6993,""2025-09-30"",""2025-07-01"",""FS545511"","".00"",""506.40"",""2432.70"",""59.40"",""13665.20"","".00"","".00"",""434.70"",""166.10"",""664.40"",""324.00"","" "",""Forntida Astronauter"",""35"",""SEK"",""430.85"",""12.31"",""9789189739550"",""Forntida Astronauter - Gudarna Måste Vara Tokiga"",""9789189739550 - Forntida Astronauter - Gudarna Måste Vara Tokiga"", Media 24 / Digibook S6993,""Leverantör"",""1005.50"",""1891.00"","".00"","".00"",""Audio Book : Extended distribution"",""71073.00"",""4917.67"","".00"","".00"","".00"","".00"","".00"","".00"","".00"","".00"",""0"",""0""";;
"6993,""2025-09-30"",""2025-07-01"",""FS545511"","".00"",""506.40"",""2432.70"",""59.40"",""13665.20"","".00"","".00"",""434.70"",""166.10"",""664.40"",""324.00"","" "",""Forntida Astronauter"",""1"",""SEK"",""12.35"",""12.35"",""9789189739543"",""Forntida Astronauter - Gudarna Måste Vara Tokiga"",""9789189739543 - Forntida Astronauter - Gudarna Måste Vara Tokiga"", Media 24 / Digibook S6993,""Leverantör"",""1005.50"",""1891.00"","".00"","".00"",""Ebook : Extended distribution"",""71073.00"",""4917.67"","".00"","".00"","".00"","".00"","".00"","".00"","".00"","".00"",""0"",""0""";;
"6993,""2025-09-30"",""2025-07-01"",""FS545511"","".00"",""506.40"",""2432.70"",""59.40"",""13665.20"","".00"","".00"",""434.70"",""166.10"",""664.40"",""324.00"","" "",""Forntida Astronauter"",""29"",""SEK"",""364.15"",""12.56"",""9789189739550"",""Forntida Astronauter - Gudarna Måste Vara Tokiga"",""9789189739550 - Forntida Astronauter - Gudarna Måste Vara Tokiga"", Media 24 / Digibook S6993,""Leverantör"",""1005.50"",""1891.00"","".00"","".00"",""Audio Book : Extended distribution"",""71073.00"",""4917.67"","".00"","".00"","".00"","".00"","".00"","".00"","".00"","".00"",""0"",""0""";;
"6993,""2025-09-30"",""2025-07-01"",""FS545511"","".00"",""506.40"",""2432.70"",""59.40"",""13665.20"","".00"","".00"",""434.70"",""166.10"",""664.40"",""324.00"","" "",""Forntida Astronauter"",""1"",""SEK"",""12.80"",""12.80"",""9789189835252"",""Forntida Astronauter - I Gudarnas Fotspår"",""9789189835252 - Forntida Astronauter - I Gudarnas Fotspår"", Media 24 / Digibook S6993,""Leverantör"",""1005.50"",""1891.00"","".00"","".00"",""Audio Book : Access Loan"",""71073.00"",""4917.67"","".00"","".00"","".00"","".00"","".00"","".00"","".00"","".00"",""0"",""0""";;
"6993,""2025-09-30"",""2025-07-01"",""FS545511"","".00"",""506.40"",""2432.70"",""59.40"",""13665.20"","".00"","".00"",""434.70"",""166.10"",""664.40"",""324.00"","" "",""Forntida Astronauter"",""11"",""SEK"",""141.89"",""12.90"",""9789189739550"",""Forntida Astronauter - Gudarna Måste Vara Tokiga"",""9789189739550 - Forntida Astronauter - Gudarna Måste Vara Tokiga"", Media 24 / Digibook S6993,""Leverantör"",""1005.50"",""1891.00"","".00"","".00"",""Audio Book : Extended distribution"",""71073.00"",""4917.67"","".00"","".00"","".00"","".00"","".00"","".00"","".00"","".00"",""0"",""0""";;
"6993,""2025-09-30"",""2025-07-01"",""FS545511"","".00"",""506.40"",""2432.70"",""59.40"",""13665.20"","".00"","".00"",""434.70"",""166.10"",""664.40"",""324.00"","" "",""Forntida Astronauter"",""13"",""SEK"",""189.96"",""14.61"",""9789189739550"",""Forntida Astronauter - Gudarna Måste Vara Tokiga"",""9789189739550 - Forntida Astronauter - Gudarna Måste Vara Tokiga"", Media 24 / Digibook S6993,""Leverantör"",""1005.50"",""1891.00"","".00"","".00"",""Audio Book : Extended distribution"",""71073.00"",""4917.67"","".00"","".00"","".00"","".00"","".00"","".00"","".00"","".00"",""0"",""0""";;
"6993,""2025-09-30"",""2025-07-01"",""FS545511"","".00"",""506.40"",""2432.70"",""59.40"",""13665.20"","".00"","".00"",""434.70"",""166.10"",""664.40"",""324.00"","" "",""Forntida Astronauter"",""1"",""SEK"",""14.62"",""14.62"",""9789189739550"",""Forntida Astronauter - Gudarna Måste Vara Tokiga"",""9789189739550 - Forntida Astronauter - Gudarna Måste Vara Tokiga"", Media 24 / Digibook S6993,""Leverantör"",""1005.50"",""1891.00"","".00"","".00"",""Audio Book : Extended distribution"",""71073.00"",""4917.67"","".00"","".00"","".00"","".00"","".00"","".00"","".00"","".00"",""0"",""0""";;
"6993,""2025-09-30"",""2025-07-01"",""FS545511"","".00"",""506.40"",""2432.70"",""59.40"",""13665.20"","".00"","".00"",""434.70"",""166.10"",""664.40"",""324.00"","" "",""Forntida Astronauter"",""10"",""SEK"",""158.84"",""15.88"",""9789189835252"",""Forntida Astronauter - I Gudarnas Fotspår"",""9789189835252 - Forntida Astronauter - I Gudarnas Fotspår"", Media 24 / Digibook S6993,""Leverantör"",""1005.50"",""1891.00"","".00"","".00"",""Audio Book : Extended distribution"",""71073.00"",""4917.67"","".00"","".00"","".00"","".00"","".00"","".00"","".00"","".00"",""0"",""0""";;
"6993,""2025-09-30"",""2025-07-01"",""FS545511"","".00"",""506.40"",""2432.70"",""59.40"",""13665.20"","".00"","".00"",""434.70"",""166.10"",""664.40"",""324.00"","" "",""Forntida Astronauter"",""6"",""SEK"",""95.31"",""15.89"",""9789189835252"",""Forntida Astronauter - I Gudarnas Fotspår"",""9789189835252 - Forntida Astronauter - I Gudarnas Fotspår"", Media 24 / Digibook S6993,""Leverantör"",""1005.50"",""1891.00"","".00"","".00"",""Audio Book : Extended distribution"",""71073.00"",""4917.67"","".00"","".00"","".00"","".00"","".00"","".00"","".00"","".00"",""0"",""0""";;
"6993,""2025-09-30"",""2025-07-01"",""FS545511"","".00"",""506.40"",""2432.70"",""59.40"",""13665.20"","".00"","".00"",""434.70"",""166.10"",""664.40"",""324.00"","" "",""Forntida Astronauter"",""9"",""SEK"",""144.58"",""16.06"",""9789189835252"",""Forntida Astronauter - I Gudarnas Fotspår"",""9789189835252 - Forntida Astronauter - I Gudarnas Fotspår"", Media 24 / Digibook S6993,""Leverantör"",""1005.50"",""1891.00"","".00"","".00"",""Audio Book : Extended distribution"",""71073.00"",""4917.67"","".00"","".00"","".00"","".00"","".00"","".00"","".00"","".00"",""0"",""0""";;
"6993,""2025-09-30"",""2025-07-01"",""FS545511"","".00"",""506.40"",""2432.70"",""59.40"",""13665.20"","".00"","".00"",""434.70"",""166.10"",""664.40"",""324.00"","" "",""Forntida Astronauter"",""11"",""SEK"",""180.24"",""16.39"",""9789189835252"",""Forntida Astronauter - I Gudarnas Fotspår"",""9789189835252 - Forntida Astronauter - I Gudarnas Fotspår"", Media 24 / Digibook S6993,""Leverantör"",""1005.50"",""1891.00"","".00"","".00"",""Audio Book : Extended distribution"",""71073.00"",""4917.67"","".00"","".00"","".00"","".00"","".00"","".00"","".00"","".00"",""0"",""0""";;
"6993,""2025-09-30"",""2025-07-01"",""FS545511"","".00"",""506.40"",""2432.70"",""59.40"",""13665.20"","".00"","".00"",""434.70"",""166.10"",""664.40"",""324.00"","" "",""Forntida Astronauter"",""9"",""SEK"",""151.50"",""16.83"",""9789189835252"",""Forntida Astronauter - I Gudarnas Fotspår"",""9789189835252 - Forntida Astronauter - I Gudarnas Fotspår"", Media 24 / Digibook S6993,""Leverantör"",""1005.50"",""1891.00"","".00"","".00"",""Audio Book : Extended distribution"",""71073.00"",""4917.67"","".00"","".00"","".00"","".00"","".00"","".00"","".00"","".00"",""0"",""0""";;
"6993,""2025-09-30"",""2025-07-01"",""FS545511"","".00"",""506.40"",""2432.70"",""59.40"",""13665.20"","".00"","".00"",""434.70"",""166.10"",""664.40"",""324.00"","" "",""Forntida Astronauter"",""3"",""SEK"",""54.00"",""18.00"",""9789189739550"",""Forntida Astronauter - Gudarna Måste Vara Tokiga"",""9789189739550 - Forntida Astronauter - Gudarna Måste Vara Tokiga"", Media 24 / Digibook S6993,""Leverantör"",""1005.50"",""1891.00"","".00"","".00"",""Audio Book : Agregated"",""71073.00"",""4917.67"","".00"","".00"","".00"","".00"","".00"","".00"","".00"","".00"",""0"",""0""";;
"6993,""2025-09-30"",""2025-07-01"",""FS545511"","".00"",""506.40"",""2432.70"",""59.40"",""13665.20"","".00"","".00"",""434.70"",""166.10"",""664.40"",""324.00"","" "",""Forntida Astronauter"",""7"",""SEK"",""133.44"",""19.06"",""9789189835252"",""Forntida Astronauter - I Gudarnas Fotspår"",""9789189835252 - Forntida Astronauter - I Gudarnas Fotspår"", Media 24 / Digibook S6993,""Leverantör"",""1005.50"",""1891.00"","".00"","".00"",""Audio Book : Extended distribution"",""71073.00"",""4917.67"","".00"","".00"","".00"","".00"","".00"","".00"","".00"","".00"",""0"",""0""";;
"6993,""2025-09-30"",""2025-07-01"",""FS545511"","".00"",""506.40"",""2432.70"",""59.40"",""13665.20"","".00"","".00"",""434.70"",""166.10"",""664.40"",""324.00"","" "",""Forntida Astronauter"",""4"",""SEK"",""76.26"",""19.07"",""9789189835252"",""Forntida Astronauter - I Gudarnas Fotspår"",""9789189835252 - Forntida Astronauter - I Gudarnas Fotspår"", Media 24 / Digibook S6993,""Leverantör"",""1005.50"",""1891.00"","".00"","".00"",""Audio Book : Extended distribution"",""71073.00"",""4917.67"","".00"","".00"","".00"","".00"","".00"","".00"","".00"","".00"",""0"",""0""";;
"6993,""2025-09-30"",""2025-07-01"",""FS545511"","".00"",""506.40"",""2432.70"",""59.40"",""13665.20"","".00"","".00"",""434.70"",""166.10"",""664.40"",""324.00"","" "",""Forntida Astronauter"",""1"",""SEK"",""22.50"",""22.50"",""9789189835252"",""Forntida Astronauter - I Gudarnas Fotspår"",""9789189835252 - Forntida Astronauter - I Gudarnas Fotspår"", Media 24 / Digibook S6993,""Leverantör"",""1005.50"",""1891.00"","".00"","".00"",""Audio Book : Agregated"",""71073.00"",""4917.67"","".00"","".00"","".00"","".00"","".00"","".00"","".00"","".00"",""0"",""0""";;
"6993,""2025-09-30"",""2025-07-01"",""FS545511"","".00"",""506.40"",""2432.70"",""59.40"",""13665.20"","".00"","".00"",""434.70"",""166.10"",""664.40"",""324.00"","" "",""Forntida Astronauter"",""1"",""SEK"",""47.70"",""47.70"",""9789189739543"",""Forntida Astronauter - Gudarna Måste Vara Tokiga"",""9789189739543 - Forntida Astronauter - Gudarna Måste Vara Tokiga"", Media 24 / Digibook S6993,""Leverantör"",""1005.50"",""1891.00"","".00"","".00"",""Ebook : Agregated"",""71073.00"",""4917.67"","".00"","".00"","".00"","".00"","".00"","".00"","".00"","".00"",""0"",""0""";;
"6993,""2025-09-30"",""2025-07-01"",""FS545511"","".00"",""506.40"",""2432.70"",""59.40"",""13665.20"","".00"","".00"",""434.70"",""166.10"",""664.40"",""324.00"","" "",""Forntida Astronauter"",""2"",""SEK"",""102.60"",""51.30"",""9789189739550"",""Forntida Astronauter - Gudarna Måste Vara Tokiga"",""9789189739550 - Forntida Astronauter - Gudarna Måste Vara Tokiga"", Media 24 / Digibook S6993,""Leverantör"",""1005.50"",""1891.00"","".00"","".00"",""Audio Book : Buy"",""71073.00"",""4917.67"","".00"","".00"","".00"","".00"","".00"","".00"","".00"","".00"",""0"",""0""";;
"6993,""2025-09-30"",""2025-07-01"",""FS545511"","".00"",""506.40"",""2432.70"",""59.40"",""13665.20"","".00"","".00"",""434.70"",""166.10"",""664.40"",""324.00"","" "",""Forslund, Magnus"",""6"",""SEK"",""750.60"",""125.10"",""9789190071502"",""Ledning av idrottsföreningar. Berättelser från gräsrotsnivå."",""9789190071502 - Ledning av idrottsföreningar. Berättelser från gräsrotsnivå."", Media 24 / Digibook S6993,""Leverantör"",""1005.50"",""1891.00"","".00"","".00"",""Ebook : Buy"",""71073.00"",""4917.67"","".00"","".00"","".00"","".00"","".00"","".00"","".00"","".00"",""0"",""0""";;
"6993,""2025-09-30"",""2025-07-01"",""FS545511"","".00"",""506.40"",""2432.70"",""59.40"",""13665.20"","".00"","".00"",""434.70"",""166.10"",""664.40"",""324.00"","" "",""Forsman, Marcus"",""2"",""SEK"",""4.46"",""2.23"",""9789189835146"",""Rätten att missakta - en uppgörelse med lagen om hets mot folkgrupp och Identitetspolitik, inherens och idéinnehav. Två essäer av Marcus Forsman"",""9789189835146 - Rätten att missakta - en uppgörelse med lagen om hets mot folkgrupp och Identitetspolitik, inherens och idéinnehav. Två essäer av Marcus Forsman"", Media 24 / Digibook S6993,""Leverantör"",""1005.50"",""1891.00"","".00"","".00"",""Audio Book : Extended distribution"",""71073.00"",""4917.67"","".00"","".00"","".00"","".00"","".00"","".00"","".00"","".00"",""0"",""0""";;
"6993,""2025-09-30"",""2025-07-01"",""FS545511"","".00"",""506.40"",""2432.70"",""59.40"",""13665.20"","".00"","".00"",""434.70"",""166.10"",""664.40"",""324.00"","" "",""Forsman, Marcus"",""1"",""SEK"",""2.70"",""2.70"",""9789189835122"",""Rätten att missakta - en uppgörelse med lagen om hets mot folkgrupp och Identitetspolitik, inherens och idéinnehav. Två essäer av Marcus Forsman"",""9789189835122 - Rätten att missakta - en uppgörelse med lagen om hets mot folkgrupp och Identitetspolitik, inherens och idéinnehav. Två essäer av Marcus Forsman"", Media 24 / Digibook S6993,""Leverantör"",""1005.50"",""1891.00"","".00"","".00"",""Ebook : School Subscription"",""71073.00"",""4917.67"","".00"","".00"","".00"","".00"","".00"","".00"","".00"","".00"",""0"",""0""";;
"6993,""2025-09-30"",""2025-07-01"",""FS545511"","".00"",""506.40"",""2432.70"",""59.40"",""13665.20"","".00"","".00"",""434.70"",""166.10"",""664.40"",""324.00"","" "",""Forsman, Marcus"",""1"",""SEK"",""2.70"",""2.70"",""9789189835146"",""Rätten att missakta - en uppgörelse med lagen om hets mot folkgrupp och Identitetspolitik, inherens och idéinnehav. Två essäer av Marcus Forsman"",""9789189835146 - Rätten att missakta - en uppgörelse med lagen om hets mot folkgrupp och Identitetspolitik, inherens och idéinnehav. Två essäer av Marcus Forsman"", Media 24 / Digibook S6993,""Leverantör"",""1005.50"",""1891.00"","".00"","".00"",""Audio Book : School Subscription"",""71073.00"",""4917.67"","".00"","".00"","".00"","".00"","".00"","".00"","".00"","".00"",""0"",""0""";;
"6993,""2025-09-30"",""2025-07-01"",""FS545511"","".00"",""506.40"",""2432.70"",""59.40"",""13665.20"","".00"","".00"",""434.70"",""166.10"",""664.40"",""324.00"","" "",""Freskgård, Staffan"",""1"",""SEK"",""2.70"",""2.70"",""9789189539402"",""Byns hjälte"",""9789189539402 - Byns hjälte"", Media 24 / Digibook S6993,""Leverantör"",""1005.50"",""1891.00"","".00"","".00"",""Ebook : School Subscription"",""71073.00"",""4917.67"","".00"","".00"","".00"","".00"","".00"","".00"","".00"","".00"",""0"",""0""";;
"6993,""2025-09-30"",""2025-07-01"",""FS545511"","".00"",""506.40"",""2432.70"",""59.40"",""13665.20"","".00"","".00"",""434.70"",""166.10"",""664.40"",""324.00"","" "",""Freudenthal, Peter"",""3"",""SEK"",""36.00"",""12.00"",""9789190071281"",""Som jag ser det"",""9789190071281 - Som jag ser det"", Media 24 / Digibook S6993,""Leverantör"",""1005.50"",""1891.00"","".00"","".00"",""Audio Book : Access Loan"",""71073.00"",""4917.67"","".00"","".00"","".00"","".00"","".00"","".00"","".00"","".00"",""0"",""0""";;
"6993,""2025-09-30"",""2025-07-01"",""FS545511"","".00"",""506.40"",""2432.70"",""59.40"",""13665.20"","".00"","".00"",""434.70"",""166.10"",""664.40"",""324.00"","" "",""Freudenthal, Peter"",""4"",""SEK"",""80.09"",""20.02"",""9789190071281"",""Som jag ser det"",""9789190071281 - Som jag ser det"", Media 24 / Digibook S6993,""Leverantör"",""1005.50"",""1891.00"","".00"","".00"",""Audio Book : Extended distribution"",""71073.00"",""4917.67"","".00"","".00"","".00"","".00"","".00"","".00"","".00"","".00"",""0"",""0""";;
"6993,""2025-09-30"",""2025-07-01"",""FS545511"","".00"",""506.40"",""2432.70"",""59.40"",""13665.20"","".00"","".00"",""434.70"",""166.10"",""664.40"",""324.00"","" "",""Freudenthal, Peter"",""7"",""SEK"",""142.97"",""20.42"",""9789190071281"",""Som jag ser det"",""9789190071281 - Som jag ser det"", Media 24 / Digibook S6993,""Leverantör"",""1005.50"",""1891.00"","".00"","".00"",""Audio Book : Extended distribution"",""71073.00"",""4917.67"","".00"","".00"","".00"","".00"","".00"","".00"","".00"","".00"",""0"",""0""";;
"6993,""2025-09-30"",""2025-07-01"",""FS545511"","".00"",""506.40"",""2432.70"",""59.40"",""13665.20"","".00"","".00"",""434.70"",""166.10"",""664.40"",""324.00"","" "",""Freudenthal, Peter"",""1"",""SEK"",""23.76"",""23.76"",""9789190071281"",""Som jag ser det"",""9789190071281 - Som jag ser det"", Media 24 / Digibook S6993,""Leverantör"",""1005.50"",""1891.00"","".00"","".00"",""Audio Book : Extended distribution"",""71073.00"",""4917.67"","".00"","".00"","".00"","".00"","".00"","".00"","".00"","".00"",""0"",""0""";;
"6993,""2025-09-30"",""2025-07-01"",""FS545511"","".00"",""506.40"",""2432.70"",""59.40"",""13665.20"","".00"","".00"",""434.70"",""166.10"",""664.40"",""324.00"","" "",""Freudenthal, Peter"",""1"",""SEK"",""63.00"",""63.00"",""9789190071281"",""Som jag ser det"",""9789190071281 - Som jag ser det"", Media 24 / Digibook S6993,""Leverantör"",""1005.50"",""1891.00"","".00"","".00"",""Audio Book : Buy"",""71073.00"",""4917.67"","".00"","".00"","".00"","".00"","".00"","".00"","".00"","".00"",""0"",""0""";;
"6993,""2025-09-30"",""2025-07-01"",""FS545511"","".00"",""506.40"",""2432.70"",""59.40"",""13665.20"","".00"","".00"",""434.70"",""166.10"",""664.40"",""324.00"","" "",""Fritzén, Marie-Louise"",""1"",""SEK"",""2.70"",""2.70"",""9789189739475"",""Spegelblänk"",""9789189739475 - Spegelblänk"", Media 24 / Digibook S6993,""Leverantör"",""1005.50"",""1891.00"","".00"","".00"",""Ebook : School Subscription"",""71073.00"",""4917.67"","".00"","".00"","".00"","".00"","".00"","".00"","".00"","".00"",""0"",""0""";;
"6993,""2025-09-30"",""2025-07-01"",""FS545511"","".00"",""506.40"",""2432.70"",""59.40"",""13665.20"","".00"","".00"",""434.70"",""166.10"",""664.40"",""324.00"","" "",""Funck, Thomas"",""5"",""SEK"",""5.95"",""1.19"",""9789189857384"",""Thomas Funcks Kalle Stropp och Grodan Boll - På kalas och äventyr"",""9789189857384 - Thomas Funcks Kalle Stropp och Grodan Boll - På kalas och äventyr"", Media 24 / Digibook S6993,""Leverantör"",""1005.50"",""1891.00"","".00"","".00"",""Audio Book : Extended distribution"",""71073.00"",""4917.67"","".00"","".00"","".00"","".00"","".00"","".00"","".00"","".00"",""0"",""0""";;
"6993,""2025-09-30"",""2025-07-01"",""FS545511"","".00"",""506.40"",""2432.70"",""59.40"",""13665.20"","".00"","".00"",""434.70"",""166.10"",""664.40"",""324.00"","" "",""Funck, Thomas"",""3"",""SEK"",""3.57"",""1.19"",""9789189857407"",""Thomas Funcks Kalle Stropp och Grodan Boll - Braxenpankan och den magiska fantastmaskinen"",""9789189857407 - Thomas Funcks Kalle Stropp och Grodan Boll - Braxenpankan och den magiska fantastmaskinen"", Media 24 / Digibook S6993,""Leverantör"",""1005.50"",""1891.00"","".00"","".00"",""Audio Book : Extended distribution"",""71073.00"",""4917.67"","".00"","".00"","".00"","".00"","".00"","".00"","".00"","".00"",""0"",""0""";;
"6993,""2025-09-30"",""2025-07-01"",""FS545511"","".00"",""506.40"",""2432.70"",""59.40"",""13665.20"","".00"","".00"",""434.70"",""166.10"",""664.40"",""324.00"","" "",""Funck, Thomas"",""16"",""SEK"",""19.27"",""1.20"",""9789189857384"",""Thomas Funcks Kalle Stropp och Grodan Boll - På kalas och äventyr"",""9789189857384 - Thomas Funcks Kalle Stropp och Grodan Boll - På kalas och äventyr"", Media 24 / Digibook S6993,""Leverantör"",""1005.50"",""1891.00"","".00"","".00"",""Audio Book : Extended distribution"",""71073.00"",""4917.67"","".00"","".00"","".00"","".00"","".00"","".00"","".00"","".00"",""0"",""0""";;
"6993,""2025-09-30"",""2025-07-01"",""FS545511"","".00"",""506.40"",""2432.70"",""59.40"",""13665.20"","".00"","".00"",""434.70"",""166.10"",""664.40"",""324.00"","" "",""Funck, Thomas"",""4"",""SEK"",""4.81"",""1.20"",""9789189857407"",""Thomas Funcks Kalle Stropp och Grodan Boll - Braxenpankan och den magiska fantastmaskinen"",""9789189857407 - Thomas Funcks Kalle Stropp och Grodan Boll - Braxenpankan och den magiska fantastmaskinen"", Media 24 / Digibook S6993,""Leverantör"",""1005.50"",""1891.00"","".00"","".00"",""Audio Book : Extended distribution"",""71073.00"",""4917.67"","".00"","".00"","".00"","".00"","".00"","".00"","".00"","".00"",""0"",""0""";;
"6993,""2025-09-30"",""2025-07-01"",""FS545511"","".00"",""506.40"",""2432.70"",""59.40"",""13665.20"","".00"","".00"",""434.70"",""166.10"",""664.40"",""324.00"","" "",""Funck, Thomas"",""7"",""SEK"",""8.59"",""1.23"",""9789189857384"",""Thomas Funcks Kalle Stropp och Grodan Boll - På kalas och äventyr"",""9789189857384 - Thomas Funcks Kalle Stropp och Grodan Boll - På kalas och äventyr"", Media 24 / Digibook S6993,""Leverantör"",""1005.50"",""1891.00"","".00"","".00"",""Audio Book : Extended distribution"",""71073.00"",""4917.67"","".00"","".00"","".00"","".00"","".00"","".00"","".00"","".00"",""0"",""0""";;
"6993,""2025-09-30"",""2025-07-01"",""FS545511"","".00"",""506.40"",""2432.70"",""59.40"",""13665.20"","".00"","".00"",""434.70"",""166.10"",""664.40"",""324.00"","" "",""Funck, Thomas"",""4"",""SEK"",""4.90"",""1.23"",""9789189857407"",""Thomas Funcks Kalle Stropp och Grodan Boll - Braxenpankan och den magiska fantastmaskinen"",""9789189857407 - Thomas Funcks Kalle Stropp och Grodan Boll - Braxenpankan och den magiska fantastmaskinen"", Media 24 / Digibook S6993,""Leverantör"",""1005.50"",""1891.00"","".00"","".00"",""Audio Book : Extended distribution"",""71073.00"",""4917.67"","".00"","".00"","".00"","".00"","".00"","".00"","".00"","".00"",""0"",""0""";;
"6993,""2025-09-30"",""2025-07-01"",""FS545511"","".00"",""506.40"",""2432.70"",""59.40"",""13665.20"","".00"","".00"",""434.70"",""166.10"",""664.40"",""324.00"","" "",""Funck, Thomas"",""11"",""SEK"",""13.88"",""1.26"",""9789189857384"",""Thomas Funcks Kalle Stropp och Grodan Boll - På kalas och äventyr"",""9789189857384 - Thomas Funcks Kalle Stropp och Grodan Boll - På kalas och äventyr"", Media 24 / Digibook S6993,""Leverantör"",""1005.50"",""1891.00"","".00"","".00"",""Audio Book : Extended distribution"",""71073.00"",""4917.67"","".00"","".00"","".00"","".00"","".00"","".00"","".00"","".00"",""0"",""0""";;
"6993,""2025-09-30"",""2025-07-01"",""FS545511"","".00"",""506.40"",""2432.70"",""59.40"",""13665.20"","".00"","".00"",""434.70"",""166.10"",""664.40"",""324.00"","" "",""Funck, Thomas"",""3"",""SEK"",""3.78"",""1.26"",""9789189857407"",""Thomas Funcks Kalle Stropp och Grodan Boll - Braxenpankan och den magiska fantastmaskinen"",""9789189857407 - Thomas Funcks Kalle Stropp och Grodan Boll - Braxenpankan och den magiska fantastmaskinen"", Media 24 / Digibook S6993,""Leverantör"",""1005.50"",""1891.00"","".00"","".00"",""Audio Book : Extended distribution"",""71073.00"",""4917.67"","".00"","".00"","".00"","".00"","".00"","".00"","".00"","".00"",""0"",""0""";;
"6993,""2025-09-30"",""2025-07-01"",""FS545511"","".00"",""506.40"",""2432.70"",""59.40"",""13665.20"","".00"","".00"",""434.70"",""166.10"",""664.40"",""324.00"","" "",""Funck, Thomas"",""3"",""SEK"",""4.11"",""1.37"",""9789189857483"",""Thomas Funcks Kalle Stropp och Grodan Boll - På jullov och uppdrag"",""9789189857483 - Thomas Funcks Kalle Stropp och Grodan Boll - På jullov och uppdrag"", Media 24 / Digibook S6993,""Leverantör"",""1005.50"",""1891.00"","".00"","".00"",""Audio Book : Extended distribution"",""71073.00"",""4917.67"","".00"","".00"","".00"","".00"","".00"","".00"","".00"","".00"",""0"",""0""";;
"6993,""2025-09-30"",""2025-07-01"",""FS545511"","".00"",""506.40"",""2432.70"",""59.40"",""13665.20"","".00"","".00"",""434.70"",""166.10"",""664.40"",""324.00"","" "",""Funck, Thomas"",""10"",""SEK"",""13.80"",""1.38"",""9789189857483"",""Thomas Funcks Kalle Stropp och Grodan Boll - På jullov och uppdrag"",""9789189857483 - Thomas Funcks Kalle Stropp och Grodan Boll - På jullov och uppdrag"", Media 24 / Digibook S6993,""Leverantör"",""1005.50"",""1891.00"","".00"","".00"",""Audio Book : Extended distribution"",""71073.00"",""4917.67"","".00"","".00"","".00"","".00"","".00"","".00"","".00"","".00"",""0"",""0""";;
"6993,""2025-09-30"",""2025-07-01"",""FS545511"","".00"",""506.40"",""2432.70"",""59.40"",""13665.20"","".00"","".00"",""434.70"",""166.10"",""664.40"",""324.00"","" "",""Funck, Thomas"",""12"",""SEK"",""16.88"",""1.41"",""9789189857483"",""Thomas Funcks Kalle Stropp och Grodan Boll - På jullov och uppdrag"",""9789189857483 - Thomas Funcks Kalle Stropp och Grodan Boll - På jullov och uppdrag"", Media 24 / Digibook S6993,""Leverantör"",""1005.50"",""1891.00"","".00"","".00"",""Audio Book : Extended distribution"",""71073.00"",""4917.67"","".00"","".00"","".00"","".00"","".00"","".00"","".00"","".00"",""0"",""0""";;
"6993,""2025-09-30"",""2025-07-01"",""FS545511"","".00"",""506.40"",""2432.70"",""59.40"",""13665.20"","".00"","".00"",""434.70"",""166.10"",""664.40"",""324.00"","" "",""Funck, Thomas"",""3"",""SEK"",""4.28"",""1.43"",""9789189857384"",""Thomas Funcks Kalle Stropp och Grodan Boll - På kalas och äventyr"",""9789189857384 - Thomas Funcks Kalle Stropp och Grodan Boll - På kalas och äventyr"", Media 24 / Digibook S6993,""Leverantör"",""1005.50"",""1891.00"","".00"","".00"",""Audio Book : Extended distribution"",""71073.00"",""4917.67"","".00"","".00"","".00"","".00"","".00"","".00"","".00"","".00"",""0"",""0""";;
"6993,""2025-09-30"",""2025-07-01"",""FS545511"","".00"",""506.40"",""2432.70"",""59.40"",""13665.20"","".00"","".00"",""434.70"",""166.10"",""664.40"",""324.00"","" "",""Funck, Thomas"",""2"",""SEK"",""2.86"",""1.43"",""9789189857407"",""Thomas Funcks Kalle Stropp och Grodan Boll - Braxenpankan och den magiska fantastmaskinen"",""9789189857407 - Thomas Funcks Kalle Stropp och Grodan Boll - Braxenpankan och den magiska fantastmaskinen"", Media 24 / Digibook S6993,""Leverantör"",""1005.50"",""1891.00"","".00"","".00"",""Audio Book : Extended distribution"",""71073.00"",""4917.67"","".00"","".00"","".00"","".00"","".00"","".00"","".00"","".00"",""0"",""0""";;
"6993,""2025-09-30"",""2025-07-01"",""FS545511"","".00"",""506.40"",""2432.70"",""59.40"",""13665.20"","".00"","".00"",""434.70"",""166.10"",""664.40"",""324.00"","" "",""Funck, Thomas"",""6"",""SEK"",""8.68"",""1.45"",""9789189857483"",""Thomas Funcks Kalle Stropp och Grodan Boll - På jullov och uppdrag"",""9789189857483 - Thomas Funcks Kalle Stropp och Grodan Boll - På jullov och uppdrag"", Media 24 / Digibook S6993,""Leverantör"",""1005.50"",""1891.00"","".00"","".00"",""Audio Book : Extended distribution"",""71073.00"",""4917.67"","".00"","".00"","".00"","".00"","".00"","".00"","".00"","".00"",""0"",""0""";;
"6993,""2025-09-30"",""2025-07-01"",""FS545511"","".00"",""506.40"",""2432.70"",""59.40"",""13665.20"","".00"","".00"",""434.70"",""166.10"",""664.40"",""324.00"","" "",""Funck, Thomas"",""11"",""SEK"",""15.98"",""1.45"",""9789190071267"",""Thomas Funcks Kalle Stropp och Grodan Boll - Vad händer på ängen?"",""9789190071267 - Thomas Funcks Kalle Stropp och Grodan Boll - Vad händer på ängen?"", Media 24 / Digibook S6993,""Leverantör"",""1005.50"",""1891.00"","".00"","".00"",""Audio Book : Extended distribution"",""71073.00"",""4917.67"","".00"","".00"","".00"","".00"","".00"","".00"","".00"","".00"",""0"",""0""";;
"6993,""2025-09-30"",""2025-07-01"",""FS545511"","".00"",""506.40"",""2432.70"",""59.40"",""13665.20"","".00"","".00"",""434.70"",""166.10"",""664.40"",""324.00"","" "",""Funck, Thomas"",""8"",""SEK"",""11.84"",""1.48"",""9789190071267"",""Thomas Funcks Kalle Stropp och Grodan Boll - Vad händer på ängen?"",""9789190071267 - Thomas Funcks Kalle Stropp och Grodan Boll - Vad händer på ängen?"", Media 24 / Digibook S6993,""Leverantör"",""1005.50"",""1891.00"","".00"","".00"",""Audio Book : Extended distribution"",""71073.00"",""4917.67"","".00"","".00"","".00"","".00"","".00"","".00"","".00"","".00"",""0"",""0""";;
"6993,""2025-09-30"",""2025-07-01"",""FS545511"","".00"",""506.40"",""2432.70"",""59.40"",""13665.20"","".00"","".00"",""434.70"",""166.10"",""664.40"",""324.00"","" "",""Funck, Thomas"",""29"",""SEK"",""43.31"",""1.49"",""9789190071472"",""Thomas Funcks Kalle Stropp och Grodan Boll - På Sommaräventyr"",""9789190071472 - Thomas Funcks Kalle Stropp och Grodan Boll - På Sommaräventyr"", Media 24 / Digibook S6993,""Leverantör"",""1005.50"",""1891.00"","".00"","".00"",""Audio Book : Extended distribution"",""71073.00"",""4917.67"","".00"","".00"","".00"","".00"","".00"","".00"","".00"","".00"",""0"",""0""";;
"6993,""2025-09-30"",""2025-07-01"",""FS545511"","".00"",""506.40"",""2432.70"",""59.40"",""13665.20"","".00"","".00"",""434.70"",""166.10"",""664.40"",""324.00"","" "",""Funck, Thomas"",""11"",""SEK"",""16.74"",""1.52"",""9789190071267"",""Thomas Funcks Kalle Stropp och Grodan Boll - Vad händer på ängen?"",""9789190071267 - Thomas Funcks Kalle Stropp och Grodan Boll - Vad händer på ängen?"", Media 24 / Digibook S6993,""Leverantör"",""1005.50"",""1891.00"","".00"","".00"",""Audio Book : Extended distribution"",""71073.00"",""4917.67"","".00"","".00"","".00"","".00"","".00"","".00"","".00"","".00"",""0"",""0""";;
"6993,""2025-09-30"",""2025-07-01"",""FS545511"","".00"",""506.40"",""2432.70"",""59.40"",""13665.20"","".00"","".00"",""434.70"",""166.10"",""664.40"",""324.00"","" "",""Funck, Thomas"",""3"",""SEK"",""4.92"",""1.64"",""9789189857483"",""Thomas Funcks Kalle Stropp och Grodan Boll - På jullov och uppdrag"",""9789189857483 - Thomas Funcks Kalle Stropp och Grodan Boll - På jullov och uppdrag"", Media 24 / Digibook S6993,""Leverantör"",""1005.50"",""1891.00"","".00"","".00"",""Audio Book : Extended distribution"",""71073.00"",""4917.67"","".00"","".00"","".00"","".00"","".00"","".00"","".00"","".00"",""0"",""0""";;
"6993,""2025-09-30"",""2025-07-01"",""FS545511"","".00"",""506.40"",""2432.70"",""59.40"",""13665.20"","".00"","".00"",""434.70"",""166.10"",""664.40"",""324.00"","" "",""Funck, Thomas"",""4"",""SEK"",""6.89"",""1.72"",""9789190071267"",""Thomas Funcks Kalle Stropp och Grodan Boll - Vad händer på ängen?"",""9789190071267 - Thomas Funcks Kalle Stropp och Grodan Boll - Vad händer på ängen?"", Media 24 / Digibook S6993,""Leverantör"",""1005.50"",""1891.00"","".00"","".00"",""Audio Book : Extended distribution"",""71073.00"",""4917.67"","".00"","".00"","".00"","".00"","".00"","".00"","".00"","".00"",""0"",""0""";;
"6993,""2025-09-30"",""2025-07-01"",""FS545511"","".00"",""506.40"",""2432.70"",""59.40"",""13665.20"","".00"","".00"",""434.70"",""166.10"",""664.40"",""324.00"","" "",""Funck, Thomas"",""1"",""SEK"",""1.73"",""1.73"",""9789190071267"",""Thomas Funcks Kalle Stropp och Grodan Boll - Vad händer på ängen?"",""9789190071267 - Thomas Funcks Kalle Stropp och Grodan Boll - Vad händer på ängen?"", Media 24 / Digibook S6993,""Leverantör"",""1005.50"",""1891.00"","".00"","".00"",""Audio Book : Extended distribution"",""71073.00"",""4917.67"","".00"","".00"","".00"","".00"","".00"","".00"","".00"","".00"",""0"",""0""";;
"6993,""2025-09-30"",""2025-07-01"",""FS545511"","".00"",""506.40"",""2432.70"",""59.40"",""13665.20"","".00"","".00"",""434.70"",""166.10"",""664.40"",""324.00"","" "",""Funck, Thomas"",""4"",""SEK"",""7.09"",""1.77"",""9789190071472"",""Thomas Funcks Kalle Stropp och Grodan Boll - På Sommaräventyr"",""9789190071472 - Thomas Funcks Kalle Stropp och Grodan Boll - På Sommaräventyr"", Media 24 / Digibook S6993,""Leverantör"",""1005.50"",""1891.00"","".00"","".00"",""Audio Book : Extended distribution"",""71073.00"",""4917.67"","".00"","".00"","".00"","".00"","".00"","".00"","".00"","".00"",""0"",""0""";;
"6993,""2025-09-30"",""2025-07-01"",""FS545511"","".00"",""506.40"",""2432.70"",""59.40"",""13665.20"","".00"","".00"",""434.70"",""166.10"",""664.40"",""324.00"","" "",""Funck, Thomas"",""7"",""SEK"",""15.05"",""2.15"",""9789190071267"",""Thomas Funcks Kalle Stropp och Grodan Boll - Vad händer på ängen?"",""9789190071267 - Thomas Funcks Kalle Stropp och Grodan Boll - Vad händer på ängen?"", Media 24 / Digibook S6993,""Leverantör"",""1005.50"",""1891.00"","".00"","".00"",""Audio Book : Extended distribution"",""71073.00"",""4917.67"","".00"","".00"","".00"","".00"","".00"","".00"","".00"","".00"",""0"",""0""";;
"6993,""2025-09-30"",""2025-07-01"",""FS545511"","".00"",""506.40"",""2432.70"",""59.40"",""13665.20"","".00"","".00"",""434.70"",""166.10"",""664.40"",""324.00"","" "",""Funck, Thomas"",""2"",""SEK"",""4.43"",""2.22"",""9789190071472"",""Thomas Funcks Kalle Stropp och Grodan Boll - På Sommaräventyr"",""9789190071472 - Thomas Funcks Kalle Stropp och Grodan Boll - På Sommaräventyr"", Media 24 / Digibook S6993,""Leverantör"",""1005.50"",""1891.00"","".00"","".00"",""Audio Book : Extended distribution"",""71073.00"",""4917.67"","".00"","".00"","".00"","".00"","".00"","".00"","".00"","".00"",""0"",""0""";;
"6993,""2025-09-30"",""2025-07-01"",""FS545511"","".00"",""506.40"",""2432.70"",""59.40"",""13665.20"","".00"","".00"",""434.70"",""166.10"",""664.40"",""324.00"","" "",""Funck, Thomas"",""1"",""SEK"",""2.70"",""2.70"",""9789189857322"",""Thomas Funcks Kalle Stropp Grodan Boll - Upptäcktsresande Herr Stropp!"",""9789189857322 - Thomas Funcks Kalle Stropp Grodan Boll - Upptäcktsresande Herr Stropp!"", Media 24 / Digibook S6993,""Leverantör"",""1005.50"",""1891.00"","".00"","".00"",""Audio Book : School Subscription"",""71073.00"",""4917.67"","".00"","".00"","".00"","".00"","".00"","".00"","".00"","".00"",""0"",""0""";;
"6993,""2025-09-30"",""2025-07-01"",""FS545511"","".00"",""506.40"",""2432.70"",""59.40"",""13665.20"","".00"","".00"",""434.70"",""166.10"",""664.40"",""324.00"","" "",""Funck, Thomas"",""1"",""SEK"",""2.70"",""2.70"",""9789189857384"",""Thomas Funcks Kalle Stropp och Grodan Boll - På kalas och äventyr"",""9789189857384 - Thomas Funcks Kalle Stropp och Grodan Boll - På kalas och äventyr"", Media 24 / Digibook S6993,""Leverantör"",""1005.50"",""1891.00"","".00"","".00"",""Audio Book : School Subscription"",""71073.00"",""4917.67"","".00"","".00"","".00"","".00"","".00"","".00"","".00"","".00"",""0"",""0""";;
"6993,""2025-09-30"",""2025-07-01"",""FS545511"","".00"",""506.40"",""2432.70"",""59.40"",""13665.20"","".00"","".00"",""434.70"",""166.10"",""664.40"",""324.00"","" "",""Funck, Thomas"",""1"",""SEK"",""2.70"",""2.70"",""9789189857407"",""Thomas Funcks Kalle Stropp och Grodan Boll - Braxenpankan och den magiska fantastmaskinen"",""9789189857407 - Thomas Funcks Kalle Stropp och Grodan Boll - Braxenpankan och den magiska fantastmaskinen"", Media 24 / Digibook S6993,""Leverantör"",""1005.50"",""1891.00"","".00"","".00"",""Audio Book : School Subscription"",""71073.00"",""4917.67"","".00"","".00"","".00"","".00"","".00"","".00"","".00"","".00"",""0"",""0""";;
"6993,""2025-09-30"",""2025-07-01"",""FS545511"","".00"",""506.40"",""2432.70"",""59.40"",""13665.20"","".00"","".00"",""434.70"",""166.10"",""664.40"",""324.00"","" "",""Funck, Thomas"",""1"",""SEK"",""2.70"",""2.70"",""9789189857483"",""Thomas Funcks Kalle Stropp och Grodan Boll - På jullov och uppdrag"",""9789189857483 - Thomas Funcks Kalle Stropp och Grodan Boll - På jullov och uppdrag"", Media 24 / Digibook S6993,""Leverantör"",""1005.50"",""1891.00"","".00"","".00"",""Audio Book : School Subscription"",""71073.00"",""4917.67"","".00"","".00"","".00"","".00"","".00"","".00"","".00"","".00"",""0"",""0""";;
"6993,""2025-09-30"",""2025-07-01"",""FS545511"","".00"",""506.40"",""2432.70"",""59.40"",""13665.20"","".00"","".00"",""434.70"",""166.10"",""664.40"",""324.00"","" "",""Funck, Thomas"",""4"",""SEK"",""16.05"",""4.01"",""9789189857322"",""Thomas Funcks Kalle Stropp Grodan Boll - Upptäcktsresande Herr Stropp!"",""9789189857322 - Thomas Funcks Kalle Stropp Grodan Boll - Upptäcktsresande Herr Stropp!"", Media 24 / Digibook S6993,""Leverantör"",""1005.50"",""1891.00"","".00"","".00"",""Audio Book : Extended distribution"",""71073.00"",""4917.67"","".00"","".00"","".00"","".00"","".00"","".00"","".00"","".00"",""0"",""0""";;
"6993,""2025-09-30"",""2025-07-01"",""FS545511"","".00"",""506.40"",""2432.70"",""59.40"",""13665.20"","".00"","".00"",""434.70"",""166.10"",""664.40"",""324.00"","" "",""Funck, Thomas"",""4"",""SEK"",""16.06"",""4.02"",""9789189857322"",""Thomas Funcks Kalle Stropp Grodan Boll - Upptäcktsresande Herr Stropp!"",""9789189857322 - Thomas Funcks Kalle Stropp Grodan Boll - Upptäcktsresande Herr Stropp!"", Media 24 / Digibook S6993,""Leverantör"",""1005.50"",""1891.00"","".00"","".00"",""Audio Book : Extended distribution"",""71073.00"",""4917.67"","".00"","".00"","".00"","".00"","".00"","".00"","".00"","".00"",""0"",""0""";;
"6993,""2025-09-30"",""2025-07-01"",""FS545511"","".00"",""506.40"",""2432.70"",""59.40"",""13665.20"","".00"","".00"",""434.70"",""166.10"",""664.40"",""324.00"","" "",""Funck, Thomas"",""2"",""SEK"",""8.13"",""4.07"",""9789189857322"",""Thomas Funcks Kalle Stropp Grodan Boll - Upptäcktsresande Herr Stropp!"",""9789189857322 - Thomas Funcks Kalle Stropp Grodan Boll - Upptäcktsresande Herr Stropp!"", Media 24 / Digibook S6993,""Leverantör"",""1005.50"",""1891.00"","".00"","".00"",""Audio Book : Extended distribution"",""71073.00"",""4917.67"","".00"","".00"","".00"","".00"","".00"","".00"","".00"","".00"",""0"",""0""";;
"6993,""2025-09-30"",""2025-07-01"",""FS545511"","".00"",""506.40"",""2432.70"",""59.40"",""13665.20"","".00"","".00"",""434.70"",""166.10"",""664.40"",""324.00"","" "",""Funck, Thomas"",""2"",""SEK"",""8.29"",""4.15"",""9789189857322"",""Thomas Funcks Kalle Stropp Grodan Boll - Upptäcktsresande Herr Stropp!"",""9789189857322 - Thomas Funcks Kalle Stropp Grodan Boll - Upptäcktsresande Herr Stropp!"", Media 24 / Digibook S6993,""Leverantör"",""1005.50"",""1891.00"","".00"","".00"",""Audio Book : Extended distribution"",""71073.00"",""4917.67"","".00"","".00"","".00"","".00"","".00"","".00"","".00"","".00"",""0"",""0""";;
"6993,""2025-09-30"",""2025-07-01"",""FS545511"","".00"",""506.40"",""2432.70"",""59.40"",""13665.20"","".00"","".00"",""434.70"",""166.10"",""664.40"",""324.00"","" "",""Funck, Thomas"",""1"",""SEK"",""4.26"",""4.26"",""9789189857322"",""Thomas Funcks Kalle Stropp Grodan Boll - Upptäcktsresande Herr Stropp!"",""9789189857322 - Thomas Funcks Kalle Stropp Grodan Boll - Upptäcktsresande Herr Stropp!"", Media 24 / Digibook S6993,""Leverantör"",""1005.50"",""1891.00"","".00"","".00"",""Audio Book : Extended distribution"",""71073.00"",""4917.67"","".00"","".00"","".00"","".00"","".00"","".00"","".00"","".00"",""0"",""0""";;
"6993,""2025-09-30"",""2025-07-01"",""FS545511"","".00"",""506.40"",""2432.70"",""59.40"",""13665.20"","".00"","".00"",""434.70"",""166.10"",""664.40"",""324.00"","" "",""Funck, Thomas"",""4"",""SEK"",""19.28"",""4.82"",""9789189857322"",""Thomas Funcks Kalle Stropp Grodan Boll - Upptäcktsresande Herr Stropp!"",""9789189857322 - Thomas Funcks Kalle Stropp Grodan Boll - Upptäcktsresande Herr Stropp!"", Media 24 / Digibook S6993,""Leverantör"",""1005.50"",""1891.00"","".00"","".00"",""Audio Book : Extended distribution"",""71073.00"",""4917.67"","".00"","".00"","".00"","".00"","".00"","".00"","".00"","".00"",""0"",""0""";;
"6993,""2025-09-30"",""2025-07-01"",""FS545511"","".00"",""506.40"",""2432.70"",""59.40"",""13665.20"","".00"","".00"",""434.70"",""166.10"",""664.40"",""324.00"","" "",""Funck, Thomas"",""5"",""SEK"",""48.00"",""9.60"",""9789190071267"",""Thomas Funcks Kalle Stropp och Grodan Boll - Vad händer på ängen?"",""9789190071267 - Thomas Funcks Kalle Stropp och Grodan Boll - Vad händer på ängen?"", Media 24 / Digibook S6993,""Leverantör"",""1005.50"",""1891.00"","".00"","".00"",""Audio Book : Access Loan"",""71073.00"",""4917.67"","".00"","".00"","".00"","".00"","".00"","".00"","".00"","".00"",""0"",""0""";;
"6993,""2025-09-30"",""2025-07-01"",""FS545511"","".00"",""506.40"",""2432.70"",""59.40"",""13665.20"","".00"","".00"",""434.70"",""166.10"",""664.40"",""324.00"","" "",""Funck, Thomas"",""1"",""SEK"",""9.60"",""9.60"",""9789190071472"",""Thomas Funcks Kalle Stropp och Grodan Boll - På Sommaräventyr"",""9789190071472 - Thomas Funcks Kalle Stropp och Grodan Boll - På Sommaräventyr"", Media 24 / Digibook S6993,""Leverantör"",""1005.50"",""1891.00"","".00"","".00"",""Audio Book : Access Loan"",""71073.00"",""4917.67"","".00"","".00"","".00"","".00"","".00"","".00"","".00"","".00"",""0"",""0""";;
"6993,""2025-09-30"",""2025-07-01"",""FS545511"","".00"",""506.40"",""2432.70"",""59.40"",""13665.20"","".00"","".00"",""434.70"",""166.10"",""664.40"",""324.00"","" "",""Funck, Thomas"",""1"",""SEK"",""38.70"",""38.70"",""9789189857384"",""Thomas Funcks Kalle Stropp och Grodan Boll - På kalas och äventyr"",""9789189857384 - Thomas Funcks Kalle Stropp och Grodan Boll - På kalas och äventyr"", Media 24 / Digibook S6993,""Leverantör"",""1005.50"",""1891.00"","".00"","".00"",""Audio Book : Buy"",""71073.00"",""4917.67"","".00"","".00"","".00"","".00"","".00"","".00"","".00"","".00"",""0"",""0""";;
"6993,""2025-09-30"",""2025-07-01"",""FS545511"","".00"",""506.40"",""2432.70"",""59.40"",""13665.20"","".00"","".00"",""434.70"",""166.10"",""664.40"",""324.00"","" "",""Funck, Thomas Funck"",""3"",""SEK"",""3.84"",""1.28"",""9789189857391"",""Thomas Funcks Kalle Stropp och Grodan Boll - Får nya vänner och firar jul"",""9789189857391 - Thomas Funcks Kalle Stropp och Grodan Boll - Får nya vänner och firar jul"", Media 24 / Digibook S6993,""Leverantör"",""1005.50"",""1891.00"","".00"","".00"",""Audio Book : Extended distribution"",""71073.00"",""4917.67"","".00"","".00"","".00"","".00"","".00"","".00"","".00"","".00"",""0"",""0""";;
"6993,""2025-09-30"",""2025-07-01"",""FS545511"","".00"",""506.40"",""2432.70"",""59.40"",""13665.20"","".00"","".00"",""434.70"",""166.10"",""664.40"",""324.00"","" "",""Funck, Thomas Funck"",""2"",""SEK"",""2.59"",""1.30"",""9789189857391"",""Thomas Funcks Kalle Stropp och Grodan Boll - Får nya vänner och firar jul"",""9789189857391 - Thomas Funcks Kalle Stropp och Grodan Boll - Får nya vänner och firar jul"", Media 24 / Digibook S6993,""Leverantör"",""1005.50"",""1891.00"","".00"","".00"",""Audio Book : Extended distribution"",""71073.00"",""4917.67"","".00"","".00"","".00"","".00"","".00"","".00"","".00"","".00"",""0"",""0""";;
"6993,""2025-09-30"",""2025-07-01"",""FS545511"","".00"",""506.40"",""2432.70"",""59.40"",""13665.20"","".00"","".00"",""434.70"",""166.10"",""664.40"",""324.00"","" "",""Funck, Thomas Funck"",""2"",""SEK"",""2.65"",""1.33"",""9789189857391"",""Thomas Funcks Kalle Stropp och Grodan Boll - Får nya vänner och firar jul"",""9789189857391 - Thomas Funcks Kalle Stropp och Grodan Boll - Får nya vänner och firar jul"", Media 24 / Digibook S6993,""Leverantör"",""1005.50"",""1891.00"","".00"","".00"",""Audio Book : Extended distribution"",""71073.00"",""4917.67"","".00"","".00"","".00"","".00"","".00"","".00"","".00"","".00"",""0"",""0""";;
"6993,""2025-09-30"",""2025-07-01"",""FS545511"","".00"",""506.40"",""2432.70"",""59.40"",""13665.20"","".00"","".00"",""434.70"",""166.10"",""664.40"",""324.00"","" "",""Funck, Thomas Funck"",""2"",""SEK"",""2.72"",""1.36"",""9789189857391"",""Thomas Funcks Kalle Stropp och Grodan Boll - Får nya vänner och firar jul"",""9789189857391 - Thomas Funcks Kalle Stropp och Grodan Boll - Får nya vänner och firar jul"", Media 24 / Digibook S6993,""Leverantör"",""1005.50"",""1891.00"","".00"","".00"",""Audio Book : Extended distribution"",""71073.00"",""4917.67"","".00"","".00"","".00"","".00"","".00"","".00"","".00"","".00"",""0"",""0""";;
"6993,""2025-09-30"",""2025-07-01"",""FS545511"","".00"",""506.40"",""2432.70"",""59.40"",""13665.20"","".00"","".00"",""434.70"",""166.10"",""664.40"",""324.00"","" "",""Funck, Thomas Funck"",""4"",""SEK"",""6.16"",""1.54"",""9789189857391"",""Thomas Funcks Kalle Stropp och Grodan Boll - Får nya vänner och firar jul"",""9789189857391 - Thomas Funcks Kalle Stropp och Grodan Boll - Får nya vänner och firar jul"", Media 24 / Digibook S6993,""Leverantör"",""1005.50"",""1891.00"","".00"","".00"",""Audio Book : Extended distribution"",""71073.00"",""4917.67"","".00"","".00"","".00"","".00"","".00"","".00"","".00"","".00"",""0"",""0""";;
"6993,""2025-09-30"",""2025-07-01"",""FS545511"","".00"",""506.40"",""2432.70"",""59.40"",""13665.20"","".00"","".00"",""434.70"",""166.10"",""664.40"",""324.00"","" "",""Funck, Thomas Funck"",""1"",""SEK"",""2.70"",""2.70"",""9789189857377"",""Thomas Funcks Kalle Stropp och Grodan Boll - Resan åt alla håll"",""9789189857377 - Thomas Funcks Kalle Stropp och Grodan Boll - Resan åt alla håll"", Media 24 / Digibook S6993,""Leverantör"",""1005.50"",""1891.00"","".00"","".00"",""Audio Book : School Subscription"",""71073.00"",""4917.67"","".00"","".00"","".00"","".00"","".00"","".00"","".00"","".00"",""0"",""0""";;
"6993,""2025-09-30"",""2025-07-01"",""FS545511"","".00"",""506.40"",""2432.70"",""59.40"",""13665.20"","".00"","".00"",""434.70"",""166.10"",""664.40"",""324.00"","" "",""Funck, Thomas Funck"",""1"",""SEK"",""2.70"",""2.70"",""9789189857391"",""Thomas Funcks Kalle Stropp och Grodan Boll - Får nya vänner och firar jul"",""9789189857391 - Thomas Funcks Kalle Stropp och Grodan Boll - Får nya vänner och firar jul"", Media 24 / Digibook S6993,""Leverantör"",""1005.50"",""1891.00"","".00"","".00"",""Audio Book : School Subscription"",""71073.00"",""4917.67"","".00"","".00"","".00"","".00"","".00"","".00"","".00"","".00"",""0"",""0""";;
"6993,""2025-09-30"",""2025-07-01"",""FS545511"","".00"",""506.40"",""2432.70"",""59.40"",""13665.20"","".00"","".00"",""434.70"",""166.10"",""664.40"",""324.00"","" "",""Funck, Thomas Funck"",""1"",""SEK"",""4.15"",""4.15"",""9789189857377"",""Thomas Funcks Kalle Stropp och Grodan Boll - Resan åt alla håll"",""9789189857377 - Thomas Funcks Kalle Stropp och Grodan Boll - Resan åt alla håll"", Media 24 / Digibook S6993,""Leverantör"",""1005.50"",""1891.00"","".00"","".00"",""Audio Book : Extended distribution"",""71073.00"",""4917.67"","".00"","".00"","".00"","".00"","".00"","".00"","".00"","".00"",""0"",""0""";;
"6993,""2025-09-30"",""2025-07-01"",""FS545511"","".00"",""506.40"",""2432.70"",""59.40"",""13665.20"","".00"","".00"",""434.70"",""166.10"",""664.40"",""324.00"","" "",""Funck, Thomas Funck"",""1"",""SEK"",""4.19"",""4.19"",""9789189857377"",""Thomas Funcks Kalle Stropp och Grodan Boll - Resan åt alla håll"",""9789189857377 - Thomas Funcks Kalle Stropp och Grodan Boll - Resan åt alla håll"", Media 24 / Digibook S6993,""Leverantör"",""1005.50"",""1891.00"","".00"","".00"",""Audio Book : Extended distribution"",""71073.00"",""4917.67"","".00"","".00"","".00"","".00"","".00"","".00"","".00"","".00"",""0"",""0""";;
"6993,""2025-09-30"",""2025-07-01"",""FS545511"","".00"",""506.40"",""2432.70"",""59.40"",""13665.20"","".00"","".00"",""434.70"",""166.10"",""664.40"",""324.00"","" "",""Funck, Thomas Funck"",""4"",""SEK"",""17.11"",""4.28"",""9789189857377"",""Thomas Funcks Kalle Stropp och Grodan Boll - Resan åt alla håll"",""9789189857377 - Thomas Funcks Kalle Stropp och Grodan Boll - Resan åt alla håll"", Media 24 / Digibook S6993,""Leverantör"",""1005.50"",""1891.00"","".00"","".00"",""Audio Book : Extended distribution"",""71073.00"",""4917.67"","".00"","".00"","".00"","".00"","".00"","".00"","".00"","".00"",""0"",""0""";;
"6993,""2025-09-30"",""2025-07-01"",""FS545511"","".00"",""506.40"",""2432.70"",""59.40"",""13665.20"","".00"","".00"",""434.70"",""166.10"",""664.40"",""324.00"","" "",""Funck, Thomas Funck"",""3"",""SEK"",""13.19"",""4.40"",""9789189857377"",""Thomas Funcks Kalle Stropp och Grodan Boll - Resan åt alla håll"",""9789189857377 - Thomas Funcks Kalle Stropp och Grodan Boll - Resan åt alla håll"", Media 24 / Digibook S6993,""Leverantör"",""1005.50"",""1891.00"","".00"","".00"",""Audio Book : Extended distribution"",""71073.00"",""4917.67"","".00"","".00"","".00"","".00"","".00"","".00"","".00"","".00"",""0"",""0""";;
"6993,""2025-09-30"",""2025-07-01"",""FS545511"","".00"",""506.40"",""2432.70"",""59.40"",""13665.20"","".00"","".00"",""434.70"",""166.10"",""664.40"",""324.00"","" "",""Funck, Thomas Funck"",""7"",""SEK"",""34.84"",""4.98"",""9789189857377"",""Thomas Funcks Kalle Stropp och Grodan Boll - Resan åt alla håll"",""9789189857377 - Thomas Funcks Kalle Stropp och Grodan Boll - Resan åt alla håll"", Media 24 / Digibook S6993,""Leverantör"",""1005.50"",""1891.00"","".00"","".00"",""Audio Book : Extended distribution"",""71073.00"",""4917.67"","".00"","".00"","".00"","".00"","".00"","".00"","".00"","".00"",""0"",""0""";;
"6993,""2025-09-30"",""2025-07-01"",""FS545511"","".00"",""506.40"",""2432.70"",""59.40"",""13665.20"","".00"","".00"",""434.70"",""166.10"",""664.40"",""324.00"","" "",""GN Lager, Christer"",""2"",""SEK"",""2.02"",""1.01"",""9789189739161"",""Spanskspanarens spännande spaningar i Spanien Del 4"",""9789189739161 - Spanskspanarens spännande spaningar i Spanien Del 4"", Media 24 / Digibook S6993,""Leverantör"",""1005.50"",""1891.00"","".00"","".00"",""Audio Book : Extended distribution"",""71073.00"",""4917.67"","".00"","".00"","".00"","".00"","".00"","".00"","".00"","".00"",""0"",""0""";;
"6993,""2025-09-30"",""2025-07-01"",""FS545511"","".00"",""506.40"",""2432.70"",""59.40"",""13665.20"","".00"","".00"",""434.70"",""166.10"",""664.40"",""324.00"","" "",""GN Lager, Christer"",""1"",""SEK"",""1.03"",""1.03"",""9789189539792"",""Spanskspanarens spännande spaningar i Spanien, del 1"",""9789189539792 - Spanskspanarens spännande spaningar i Spanien, del 1"", Media 24 / Digibook S6993,""Leverantör"",""1005.50"",""1891.00"","".00"","".00"",""Audio Book : Extended distribution"",""71073.00"",""4917.67"","".00"","".00"","".00"","".00"","".00"","".00"","".00"","".00"",""0"",""0""";;
"6993,""2025-09-30"",""2025-07-01"",""FS545511"","".00"",""506.40"",""2432.70"",""59.40"",""13665.20"","".00"","".00"",""434.70"",""166.10"",""664.40"",""324.00"","" "",""GN Lager, Christer"",""1"",""SEK"",""1.04"",""1.04"",""9789189539884"",""Spanskspanarens spännande spaningar i Spanien Del 2"",""9789189539884 - Spanskspanarens spännande spaningar i Spanien Del 2"", Media 24 / Digibook S6993,""Leverantör"",""1005.50"",""1891.00"","".00"","".00"",""Audio Book : Extended distribution"",""71073.00"",""4917.67"","".00"","".00"","".00"","".00"","".00"","".00"","".00"","".00"",""0"",""0""";;
"6993,""2025-09-30"",""2025-07-01"",""FS545511"","".00"",""506.40"",""2432.70"",""59.40"",""13665.20"","".00"","".00"",""434.70"",""166.10"",""664.40"",""324.00"","" "",""GN Lager, Christer"",""1"",""SEK"",""1.06"",""1.06"",""9789189539884"",""Spanskspanarens spännande spaningar i Spanien Del 2"",""9789189539884 - Spanskspanarens spännande spaningar i Spanien Del 2"", Media 24 / Digibook S6993,""Leverantör"",""1005.50"",""1891.00"","".00"","".00"",""Audio Book : Extended distribution"",""71073.00"",""4917.67"","".00"","".00"","".00"","".00"","".00"","".00"","".00"","".00"",""0"",""0""";;
"6993,""2025-09-30"",""2025-07-01"",""FS545511"","".00"",""506.40"",""2432.70"",""59.40"",""13665.20"","".00"","".00"",""434.70"",""166.10"",""664.40"",""324.00"","" "",""GN Lager, Christer"",""2"",""SEK"",""2.14"",""1.07"",""9789189539792"",""Spanskspanarens spännande spaningar i Spanien, del 1"",""9789189539792 - Spanskspanarens spännande spaningar i Spanien, del 1"", Media 24 / Digibook S6993,""Leverantör"",""1005.50"",""1891.00"","".00"","".00"",""Audio Book : Extended distribution"",""71073.00"",""4917.67"","".00"","".00"","".00"","".00"","".00"","".00"","".00"","".00"",""0"",""0""";;
"6993,""2025-09-30"",""2025-07-01"",""FS545511"","".00"",""506.40"",""2432.70"",""59.40"",""13665.20"","".00"","".00"",""434.70"",""166.10"",""664.40"",""324.00"","" "",""GN Lager, Christer"",""1"",""SEK"",""1.10"",""1.10"",""9789189539792"",""Spanskspanarens spännande spaningar i Spanien, del 1"",""9789189539792 - Spanskspanarens spännande spaningar i Spanien, del 1"", Media 24 / Digibook S6993,""Leverantör"",""1005.50"",""1891.00"","".00"","".00"",""Audio Book : Extended distribution"",""71073.00"",""4917.67"","".00"","".00"","".00"","".00"","".00"","".00"","".00"","".00"",""0"",""0""";;
"6993,""2025-09-30"",""2025-07-01"",""FS545511"","".00"",""506.40"",""2432.70"",""59.40"",""13665.20"","".00"","".00"",""434.70"",""166.10"",""664.40"",""324.00"","" "",""GN Lager, Christer"",""3"",""SEK"",""3.61"",""1.20"",""9789189539884"",""Spanskspanarens spännande spaningar i Spanien Del 2"",""9789189539884 - Spanskspanarens spännande spaningar i Spanien Del 2"", Media 24 / Digibook S6993,""Leverantör"",""1005.50"",""1891.00"","".00"","".00"",""Audio Book : Extended distribution"",""71073.00"",""4917.67"","".00"","".00"","".00"","".00"","".00"","".00"","".00"","".00"",""0"",""0""";;
"6993,""2025-09-30"",""2025-07-01"",""FS545511"","".00"",""506.40"",""2432.70"",""59.40"",""13665.20"","".00"","".00"",""434.70"",""166.10"",""664.40"",""324.00"","" "",""GN Lager, Christer"",""10"",""SEK"",""12.48"",""1.25"",""9789189539792"",""Spanskspanarens spännande spaningar i Spanien, del 1"",""9789189539792 - Spanskspanarens spännande spaningar i Spanien, del 1"", Media 24 / Digibook S6993,""Leverantör"",""1005.50"",""1891.00"","".00"","".00"",""Audio Book : Extended distribution"",""71073.00"",""4917.67"","".00"","".00"","".00"","".00"","".00"","".00"","".00"","".00"",""0"",""0""";;
"6993,""2025-09-30"",""2025-07-01"",""FS545511"","".00"",""506.40"",""2432.70"",""59.40"",""13665.20"","".00"","".00"",""434.70"",""166.10"",""664.40"",""324.00"","" "",""GN Lager, Christer"",""1"",""SEK"",""1.36"",""1.36"",""9789189739079"",""Spanskspanarens spännande spaningar i Spanien Del 3"",""9789189739079 - Spanskspanarens spännande spaningar i Spanien Del 3"", Media 24 / Digibook S6993,""Leverantör"",""1005.50"",""1891.00"","".00"","".00"",""Audio Book : Extended distribution"",""71073.00"",""4917.67"","".00"","".00"","".00"","".00"","".00"","".00"","".00"","".00"",""0"",""0""";;
"6993,""2025-09-30"",""2025-07-01"",""FS545511"","".00"",""506.40"",""2432.70"",""59.40"",""13665.20"","".00"","".00"",""434.70"",""166.10"",""664.40"",""324.00"","" "",""GN Lager, Christer"",""1"",""SEK"",""1.54"",""1.54"",""9789189739079"",""Spanskspanarens spännande spaningar i Spanien Del 3"",""9789189739079 - Spanskspanarens spännande spaningar i Spanien Del 3"", Media 24 / Digibook S6993,""Leverantör"",""1005.50"",""1891.00"","".00"","".00"",""Audio Book : Extended distribution"",""71073.00"",""4917.67"","".00"","".00"","".00"","".00"","".00"","".00"","".00"","".00"",""0"",""0""";;
"6993,""2025-09-30"",""2025-07-01"",""FS545511"","".00"",""506.40"",""2432.70"",""59.40"",""13665.20"","".00"","".00"",""434.70"",""166.10"",""664.40"",""324.00"","" "",""GN Lager, Christer"",""1"",""SEK"",""2.70"",""2.70"",""9789189539792"",""Spanskspanarens spännande spaningar i Spanien, del 1"",""9789189539792 - Spanskspanarens spännande spaningar i Spanien, del 1"", Media 24 / Digibook S6993,""Leverantör"",""1005.50"",""1891.00"","".00"","".00"",""Audio Book : School Subscription"",""71073.00"",""4917.67"","".00"","".00"","".00"","".00"","".00"","".00"","".00"","".00"",""0"",""0""";;
"6993,""2025-09-30"",""2025-07-01"",""FS545511"","".00"",""506.40"",""2432.70"",""59.40"",""13665.20"","".00"","".00"",""434.70"",""166.10"",""664.40"",""324.00"","" "",""GN Lager, Christer"",""1"",""SEK"",""2.70"",""2.70"",""9789189539884"",""Spanskspanarens spännande spaningar i Spanien Del 2"",""9789189539884 - Spanskspanarens spännande spaningar i Spanien Del 2"", Media 24 / Digibook S6993,""Leverantör"",""1005.50"",""1891.00"","".00"","".00"",""Audio Book : School Subscription"",""71073.00"",""4917.67"","".00"","".00"","".00"","".00"","".00"","".00"","".00"","".00"",""0"",""0""";;
"6993,""2025-09-30"",""2025-07-01"",""FS545511"","".00"",""506.40"",""2432.70"",""59.40"",""13665.20"","".00"","".00"",""434.70"",""166.10"",""664.40"",""324.00"","" "",""GN Lager, Christer"",""1"",""SEK"",""2.70"",""2.70"",""9789189739079"",""Spanskspanarens spännande spaningar i Spanien Del 3"",""9789189739079 - Spanskspanarens spännande spaningar i Spanien Del 3"", Media 24 / Digibook S6993,""Leverantör"",""1005.50"",""1891.00"","".00"","".00"",""Audio Book : School Subscription"",""71073.00"",""4917.67"","".00"","".00"","".00"","".00"","".00"","".00"","".00"","".00"",""0"",""0""";;
"6993,""2025-09-30"",""2025-07-01"",""FS545511"","".00"",""506.40"",""2432.70"",""59.40"",""13665.20"","".00"","".00"",""434.70"",""166.10"",""664.40"",""324.00"","" "",""GN Lager, Christer"",""1"",""SEK"",""2.70"",""2.70"",""9789189739161"",""Spanskspanarens spännande spaningar i Spanien Del 4"",""9789189739161 - Spanskspanarens spännande spaningar i Spanien Del 4"", Media 24 / Digibook S6993,""Leverantör"",""1005.50"",""1891.00"","".00"","".00"",""Audio Book : School Subscription"",""71073.00"",""4917.67"","".00"","".00"","".00"","".00"","".00"","".00"","".00"","".00"",""0"",""0""";;
"6993,""2025-09-30"",""2025-07-01"",""FS545511"","".00"",""506.40"",""2432.70"",""59.40"",""13665.20"","".00"","".00"",""434.70"",""166.10"",""664.40"",""324.00"","" "",""GN Lager, Christer"",""1"",""SEK"",""2.70"",""2.70"",""9789189739369"",""Spanskspanarens spännande spaningar i Spanien del 5"",""9789189739369 - Spanskspanarens spännande spaningar i Spanien del 5"", Media 24 / Digibook S6993,""Leverantör"",""1005.50"",""1891.00"","".00"","".00"",""Audio Book : School Subscription"",""71073.00"",""4917.67"","".00"","".00"","".00"","".00"","".00"","".00"","".00"","".00"",""0"",""0""";;
"6993,""2025-09-30"",""2025-07-01"",""FS545511"","".00"",""506.40"",""2432.70"",""59.40"",""13665.20"","".00"","".00"",""434.70"",""166.10"",""664.40"",""324.00"","" "",""GN Lager, Christer"",""1"",""SEK"",""2.70"",""2.70"",""9789189739611"",""Spanskspanarens spännande spaningar i Spanien del 6"",""9789189739611 - Spanskspanarens spännande spaningar i Spanien del 6"", Media 24 / Digibook S6993,""Leverantör"",""1005.50"",""1891.00"","".00"","".00"",""Audio Book : School Subscription"",""71073.00"",""4917.67"","".00"","".00"","".00"","".00"","".00"","".00"","".00"","".00"",""0"",""0""";;
"6993,""2025-09-30"",""2025-07-01"",""FS545511"","".00"",""506.40"",""2432.70"",""59.40"",""13665.20"","".00"","".00"",""434.70"",""166.10"",""664.40"",""324.00"","" "",""GN Lager, Christer"",""1"",""SEK"",""4.00"",""4.00"",""9789189539792"",""Spanskspanarens spännande spaningar i Spanien, del 1"",""9789189539792 - Spanskspanarens spännande spaningar i Spanien, del 1"", Media 24 / Digibook S6993,""Leverantör"",""1005.50"",""1891.00"","".00"","".00"",""Audio Book : Agregated"",""71073.00"",""4917.67"","".00"","".00"","".00"","".00"","".00"","".00"","".00"","".00"",""0"",""0""";;
"6993,""2025-09-30"",""2025-07-01"",""FS545511"","".00"",""506.40"",""2432.70"",""59.40"",""13665.20"","".00"","".00"",""434.70"",""166.10"",""664.40"",""324.00"","" "",""GN Lager, Christer"",""1"",""SEK"",""4.00"",""4.00"",""9789189539884"",""Spanskspanarens spännande spaningar i Spanien Del 2"",""9789189539884 - Spanskspanarens spännande spaningar i Spanien Del 2"", Media 24 / Digibook S6993,""Leverantör"",""1005.50"",""1891.00"","".00"","".00"",""Audio Book : Agregated"",""71073.00"",""4917.67"","".00"","".00"","".00"","".00"","".00"","".00"","".00"","".00"",""0"",""0""";;
"6993,""2025-09-30"",""2025-07-01"",""FS545511"","".00"",""506.40"",""2432.70"",""59.40"",""13665.20"","".00"","".00"",""434.70"",""166.10"",""664.40"",""324.00"","" "",""GN Lager, Christer"",""1"",""SEK"",""4.00"",""4.00"",""9789189739079"",""Spanskspanarens spännande spaningar i Spanien Del 3"",""9789189739079 - Spanskspanarens spännande spaningar i Spanien Del 3"", Media 24 / Digibook S6993,""Leverantör"",""1005.50"",""1891.00"","".00"","".00"",""Audio Book : Agregated"",""71073.00"",""4917.67"","".00"","".00"","".00"","".00"","".00"","".00"","".00"","".00"",""0"",""0""";;
"6993,""2025-09-30"",""2025-07-01"",""FS545511"","".00"",""506.40"",""2432.70"",""59.40"",""13665.20"","".00"","".00"",""434.70"",""166.10"",""664.40"",""324.00"","" "",""Gadnell, Stefan"",""1"",""SEK"",""18.98"",""18.98"",""9789189857995"",""Fem Nedfrysta Pekineser"",""9789189857995 - Fem Nedfrysta Pekineser"", Media 24 / Digibook S6993,""Leverantör"",""1005.50"",""1891.00"","".00"","".00"",""Audio Book : Extended distribution"",""71073.00"",""4917.67"","".00"","".00"","".00"","".00"","".00"","".00"","".00"","".00"",""0"",""0""";;
"6993,""2025-09-30"",""2025-07-01"",""FS545511"","".00"",""506.40"",""2432.70"",""59.40"",""13665.20"","".00"","".00"",""434.70"",""166.10"",""664.40"",""324.00"","" "",""Gadnell, Stefan"",""1"",""SEK"",""19.96"",""19.96"",""9789189857995"",""Fem Nedfrysta Pekineser"",""9789189857995 - Fem Nedfrysta Pekineser"", Media 24 / Digibook S6993,""Leverantör"",""1005.50"",""1891.00"","".00"","".00"",""Audio Book : Extended distribution"",""71073.00"",""4917.67"","".00"","".00"","".00"","".00"","".00"","".00"","".00"","".00"",""0"",""0""";;
"6993,""2025-09-30"",""2025-07-01"",""FS545511"","".00"",""506.40"",""2432.70"",""59.40"",""13665.20"","".00"","".00"",""434.70"",""166.10"",""664.40"",""324.00"","" "",""Gadnell, Stefan"",""1"",""SEK"",""22.53"",""22.53"",""9789189857995"",""Fem Nedfrysta Pekineser"",""9789189857995 - Fem Nedfrysta Pekineser"", Media 24 / Digibook S6993,""Leverantör"",""1005.50"",""1891.00"","".00"","".00"",""Audio Book : Extended distribution"",""71073.00"",""4917.67"","".00"","".00"","".00"","".00"","".00"","".00"","".00"","".00"",""0"",""0""";;
"6993,""2025-09-30"",""2025-07-01"",""FS545511"","".00"",""506.40"",""2432.70"",""59.40"",""13665.20"","".00"","".00"",""434.70"",""166.10"",""664.40"",""324.00"","" "",""Graah, Jan"",""1"",""SEK"",""2.70"",""2.70"",""9789189835733"",""Strandvakterna"",""9789189835733 - Strandvakterna"", Media 24 / Digibook S6993,""Leverantör"",""1005.50"",""1891.00"","".00"","".00"",""Ebook : School Subscription"",""71073.00"",""4917.67"","".00"","".00"","".00"","".00"","".00"","".00"","".00"","".00"",""0"",""0""";;
"6993,""2025-09-30"",""2025-07-01"",""FS545511"","".00"",""506.40"",""2432.70"",""59.40"",""13665.20"","".00"","".00"",""434.70"",""166.10"",""664.40"",""324.00"","" "",""Graah, Jan"",""1"",""SEK"",""2.70"",""2.70"",""9789189857339"",""Mordet på Hans Canon"",""9789189857339 - Mordet på Hans Canon"", Media 24 / Digibook S6993,""Leverantör"",""1005.50"",""1891.00"","".00"","".00"",""Ebook : School Subscription"",""71073.00"",""4917.67"","".00"","".00"","".00"","".00"","".00"","".00"","".00"","".00"",""0"",""0""";;
"6993,""2025-09-30"",""2025-07-01"",""FS545511"","".00"",""506.40"",""2432.70"",""59.40"",""13665.20"","".00"","".00"",""434.70"",""166.10"",""664.40"",""324.00"","" "",""Gustafsson, Annika"",""1"",""SEK"",""4.25"",""4.25"",""9789189539945"",""Säfvelycke By, Jörlanda socken"",""9789189539945 - Säfvelycke By, Jörlanda socken"", Media 24 / Digibook S6993,""Leverantör"",""1005.50"",""1891.00"","".00"","".00"",""Ebook : Extended distribution"",""71073.00"",""4917.67"","".00"","".00"","".00"","".00"","".00"","".00"","".00"","".00"",""0"",""0""";;
"6993,""2025-09-30"",""2025-07-01"",""FS545511"","".00"",""506.40"",""2432.70"",""59.40"",""13665.20"","".00"","".00"",""434.70"",""166.10"",""664.40"",""324.00"","" "",""Hagberg, Albin"",""1"",""SEK"",""2.70"",""2.70"",""9789189857216"",""Drömsamlaren"",""9789189857216 - Drömsamlaren"", Media 24 / Digibook S6993,""Leverantör"",""1005.50"",""1891.00"","".00"","".00"",""Ebook : School Subscription"",""71073.00"",""4917.67"","".00"","".00"","".00"","".00"","".00"","".00"","".00"","".00"",""0"",""0""";;
"6993,""2025-09-30"",""2025-07-01"",""FS545511"","".00"",""506.40"",""2432.70"",""59.40"",""13665.20"","".00"","".00"",""434.70"",""166.10"",""664.40"",""324.00"","" "",""Hagberg, Albin"",""1"",""SEK"",""2.70"",""2.70"",""9789189857223"",""Drömsamlaren"",""9789189857223 - Drömsamlaren"", Media 24 / Digibook S6993,""Leverantör"",""1005.50"",""1891.00"","".00"","".00"",""Audio Book : School Subscription"",""71073.00"",""4917.67"","".00"","".00"","".00"","".00"","".00"","".00"","".00"","".00"",""0"",""0""";;
"6993,""2025-09-30"",""2025-07-01"",""FS545511"","".00"",""506.40"",""2432.70"",""59.40"",""13665.20"","".00"","".00"",""434.70"",""166.10"",""664.40"",""324.00"","" "",""Hagberg, Albin"",""2"",""SEK"",""25.39"",""12.70"",""9789189857223"",""Drömsamlaren"",""9789189857223 - Drömsamlaren"", Media 24 / Digibook S6993,""Leverantör"",""1005.50"",""1891.00"","".00"","".00"",""Audio Book : Extended distribution"",""71073.00"",""4917.67"","".00"","".00"","".00"","".00"","".00"","".00"","".00"","".00"",""0"",""0""";;
"6993,""2025-09-30"",""2025-07-01"",""FS545511"","".00"",""506.40"",""2432.70"",""59.40"",""13665.20"","".00"","".00"",""434.70"",""166.10"",""664.40"",""324.00"","" "",""Hagberg, Albin"",""1"",""SEK"",""15.07"",""15.07"",""9789189857223"",""Drömsamlaren"",""9789189857223 - Drömsamlaren"", Media 24 / Digibook S6993,""Leverantör"",""1005.50"",""1891.00"","".00"","".00"",""Audio Book : Extended distribution"",""71073.00"",""4917.67"","".00"","".00"","".00"","".00"","".00"","".00"","".00"","".00"",""0"",""0""";;
"6993,""2025-09-30"",""2025-07-01"",""FS545511"","".00"",""506.40"",""2432.70"",""59.40"",""13665.20"","".00"","".00"",""434.70"",""166.10"",""664.40"",""324.00"","" "",""Hansen, Thomas"",""1"",""SEK"",""2.70"",""2.70"",""9789189835627"",""Dödslyktan"",""9789189835627 - Dödslyktan"", Media 24 / Digibook S6993,""Leverantör"",""1005.50"",""1891.00"","".00"","".00"",""Audio Book : School Subscription"",""71073.00"",""4917.67"","".00"","".00"","".00"","".00"","".00"","".00"","".00"","".00"",""0"",""0""";;
"6993,""2025-09-30"",""2025-07-01"",""FS545511"","".00"",""506.40"",""2432.70"",""59.40"",""13665.20"","".00"","".00"",""434.70"",""166.10"",""664.40"",""324.00"","" "",""Hansen, Thomas"",""1"",""SEK"",""2.70"",""2.70"",""9789189857476"",""Tunnelbanemorden"",""9789189857476 - Tunnelbanemorden"", Media 24 / Digibook S6993,""Leverantör"",""1005.50"",""1891.00"","".00"","".00"",""Audio Book : School Subscription"",""71073.00"",""4917.67"","".00"","".00"","".00"","".00"","".00"","".00"","".00"","".00"",""0"",""0""";;
"6993,""2025-09-30"",""2025-07-01"",""FS545511"","".00"",""506.40"",""2432.70"",""59.40"",""13665.20"","".00"","".00"",""434.70"",""166.10"",""664.40"",""324.00"","" "",""Hansen, Thomas"",""9"",""SEK"",""127.94"",""14.22"",""9789189835627"",""Dödslyktan"",""9789189835627 - Dödslyktan"", Media 24 / Digibook S6993,""Leverantör"",""1005.50"",""1891.00"","".00"","".00"",""Audio Book : Extended distribution"",""71073.00"",""4917.67"","".00"","".00"","".00"","".00"","".00"","".00"","".00"","".00"",""0"",""0""";;
"6993,""2025-09-30"",""2025-07-01"",""FS545511"","".00"",""506.40"",""2432.70"",""59.40"",""13665.20"","".00"","".00"",""434.70"",""166.10"",""664.40"",""324.00"","" "",""Hansen, Thomas"",""1"",""SEK"",""14.50"",""14.50"",""9789189835627"",""Dödslyktan"",""9789189835627 - Dödslyktan"", Media 24 / Digibook S6993,""Leverantör"",""1005.50"",""1891.00"","".00"","".00"",""Audio Book : Extended distribution"",""71073.00"",""4917.67"","".00"","".00"","".00"","".00"","".00"","".00"","".00"","".00"",""0"",""0""";;
"6993,""2025-09-30"",""2025-07-01"",""FS545511"","".00"",""506.40"",""2432.70"",""59.40"",""13665.20"","".00"","".00"",""434.70"",""166.10"",""664.40"",""324.00"","" "",""Hansen, Thomas"",""4"",""SEK"",""58.03"",""14.51"",""9789189857476"",""Tunnelbanemorden"",""9789189857476 - Tunnelbanemorden"", Media 24 / Digibook S6993,""Leverantör"",""1005.50"",""1891.00"","".00"","".00"",""Audio Book : Extended distribution"",""71073.00"",""4917.67"","".00"","".00"","".00"","".00"","".00"","".00"","".00"","".00"",""0"",""0""";;
"6993,""2025-09-30"",""2025-07-01"",""FS545511"","".00"",""506.40"",""2432.70"",""59.40"",""13665.20"","".00"","".00"",""434.70"",""166.10"",""664.40"",""324.00"","" "",""Hansen, Thomas"",""1"",""SEK"",""14.80"",""14.80"",""9789189857476"",""Tunnelbanemorden"",""9789189857476 - Tunnelbanemorden"", Media 24 / Digibook S6993,""Leverantör"",""1005.50"",""1891.00"","".00"","".00"",""Audio Book : Extended distribution"",""71073.00"",""4917.67"","".00"","".00"","".00"","".00"","".00"","".00"","".00"","".00"",""0"",""0""";;
"6993,""2025-09-30"",""2025-07-01"",""FS545511"","".00"",""506.40"",""2432.70"",""59.40"",""13665.20"","".00"","".00"",""434.70"",""166.10"",""664.40"",""324.00"","" "",""Hansen, Thomas"",""1"",""SEK"",""14.89"",""14.89"",""9789189835627"",""Dödslyktan"",""9789189835627 - Dödslyktan"", Media 24 / Digibook S6993,""Leverantör"",""1005.50"",""1891.00"","".00"","".00"",""Audio Book : Extended distribution"",""71073.00"",""4917.67"","".00"","".00"","".00"","".00"","".00"","".00"","".00"","".00"",""0"",""0""";;
"6993,""2025-09-30"",""2025-07-01"",""FS545511"","".00"",""506.40"",""2432.70"",""59.40"",""13665.20"","".00"","".00"",""434.70"",""166.10"",""664.40"",""324.00"","" "",""Hansen, Thomas"",""18"",""SEK"",""303.70"",""16.87"",""9789189835627"",""Dödslyktan"",""9789189835627 - Dödslyktan"", Media 24 / Digibook S6993,""Leverantör"",""1005.50"",""1891.00"","".00"","".00"",""Audio Book : Extended distribution"",""71073.00"",""4917.67"","".00"","".00"","".00"","".00"","".00"","".00"","".00"","".00"",""0"",""0""";;
"6993,""2025-09-30"",""2025-07-01"",""FS545511"","".00"",""506.40"",""2432.70"",""59.40"",""13665.20"","".00"","".00"",""434.70"",""166.10"",""664.40"",""324.00"","" "",""Hansen, Thomas"",""9"",""SEK"",""154.97"",""17.22"",""9789189857476"",""Tunnelbanemorden"",""9789189857476 - Tunnelbanemorden"", Media 24 / Digibook S6993,""Leverantör"",""1005.50"",""1891.00"","".00"","".00"",""Audio Book : Extended distribution"",""71073.00"",""4917.67"","".00"","".00"","".00"","".00"","".00"","".00"","".00"","".00"",""0"",""0""";;
"6993,""2025-09-30"",""2025-07-01"",""FS545511"","".00"",""506.40"",""2432.70"",""59.40"",""13665.20"","".00"","".00"",""434.70"",""166.10"",""664.40"",""324.00"","" "",""Hansson, Jenny"",""1"",""SEK"",""15.30"",""15.30"",""9789189857841"",""Salta havsvindar och brustna hjärtan"",""9789189857841 - Salta havsvindar och brustna hjärtan"", Media 24 / Digibook S6993,""Leverantör"",""1005.50"",""1891.00"","".00"","".00"",""Ebook : Extended distribution"",""71073.00"",""4917.67"","".00"","".00"","".00"","".00"","".00"","".00"","".00"","".00"",""0"",""0""";;
"6993,""2025-09-30"",""2025-07-01"",""FS545511"","".00"",""506.40"",""2432.70"",""59.40"",""13665.20"","".00"","".00"",""434.70"",""166.10"",""664.40"",""324.00"","" "",""Hansson, Jenny"",""1"",""SEK"",""16.03"",""16.03"",""9789189857841"",""Salta havsvindar och brustna hjärtan"",""9789189857841 - Salta havsvindar och brustna hjärtan"", Media 24 / Digibook S6993,""Leverantör"",""1005.50"",""1891.00"","".00"","".00"",""Ebook : Extended distribution"",""71073.00"",""4917.67"","".00"","".00"","".00"","".00"","".00"","".00"","".00"","".00"",""0"",""0""";;
"6993,""2025-09-30"",""2025-07-01"",""FS545511"","".00"",""506.40"",""2432.70"",""59.40"",""13665.20"","".00"","".00"",""434.70"",""166.10"",""664.40"",""324.00"","" "",""Hansson, Jenny"",""28"",""SEK"",""471.94"",""16.86"",""9789189857841"",""Salta havsvindar och brustna hjärtan"",""9789189857841 - Salta havsvindar och brustna hjärtan"", Media 24 / Digibook S6993,""Leverantör"",""1005.50"",""1891.00"","".00"","".00"",""Ebook : Extended distribution"",""71073.00"",""4917.67"","".00"","".00"","".00"","".00"","".00"","".00"","".00"","".00"",""0"",""0""";;
"6993,""2025-09-30"",""2025-07-01"",""FS545511"","".00"",""506.40"",""2432.70"",""59.40"",""13665.20"","".00"","".00"",""434.70"",""166.10"",""664.40"",""324.00"","" "",""Hansson, Jenny"",""1"",""SEK"",""21.71"",""21.71"",""9789189857841"",""Salta havsvindar och brustna hjärtan"",""9789189857841 - Salta havsvindar och brustna hjärtan"", Media 24 / Digibook S6993,""Leverantör"",""1005.50"",""1891.00"","".00"","".00"",""Ebook : Extended distribution"",""71073.00"",""4917.67"","".00"","".00"","".00"","".00"","".00"","".00"","".00"","".00"",""0"",""0""";;
"6993,""2025-09-30"",""2025-07-01"",""FS545511"","".00"",""506.40"",""2432.70"",""59.40"",""13665.20"","".00"","".00"",""434.70"",""166.10"",""664.40"",""324.00"","" "",""Hayek, Pierre"",""1"",""SEK"",""2.70"",""2.70"",""9789189739673"",""Sjusovaren i Paris"",""9789189739673 - Sjusovaren i Paris"", Media 24 / Digibook S6993,""Leverantör"",""1005.50"",""1891.00"","".00"","".00"",""Audio Book : School Subscription"",""71073.00"",""4917.67"","".00"","".00"","".00"","".00"","".00"","".00"","".00"","".00"",""0"",""0""";;
"6993,""2025-09-30"",""2025-07-01"",""FS545511"","".00"",""506.40"",""2432.70"",""59.40"",""13665.20"","".00"","".00"",""434.70"",""166.10"",""664.40"",""324.00"","" "",""Hayek, Pierre"",""1"",""SEK"",""2.70"",""2.70"",""9789189739833"",""Sjusovaren i Paris"",""9789189739833 - Sjusovaren i Paris"", Media 24 / Digibook S6993,""Leverantör"",""1005.50"",""1891.00"","".00"","".00"",""Ebook : School Subscription"",""71073.00"",""4917.67"","".00"","".00"","".00"","".00"","".00"","".00"","".00"","".00"",""0"",""0""";;
"6993,""2025-09-30"",""2025-07-01"",""FS545511"","".00"",""506.40"",""2432.70"",""59.40"",""13665.20"","".00"","".00"",""434.70"",""166.10"",""664.40"",""324.00"","" "",""Hayek, Pierre"",""1"",""SEK"",""2.70"",""2.70"",""9789189835054"",""Den O Helige Fadern"",""9789189835054 - Den O Helige Fadern"", Media 24 / Digibook S6993,""Leverantör"",""1005.50"",""1891.00"","".00"","".00"",""Ebook : School Subscription"",""71073.00"",""4917.67"","".00"","".00"","".00"","".00"","".00"","".00"","".00"","".00"",""0"",""0""";;
"6993,""2025-09-30"",""2025-07-01"",""FS545511"","".00"",""506.40"",""2432.70"",""59.40"",""13665.20"","".00"","".00"",""434.70"",""166.10"",""664.40"",""324.00"","" "",""Hayek, Pierre"",""1"",""SEK"",""9.60"",""9.60"",""9789189739673"",""Sjusovaren i Paris"",""9789189739673 - Sjusovaren i Paris"", Media 24 / Digibook S6993,""Leverantör"",""1005.50"",""1891.00"","".00"","".00"",""Audio Book : Access Loan"",""71073.00"",""4917.67"","".00"","".00"","".00"","".00"","".00"","".00"","".00"","".00"",""0"",""0""";;
"6993,""2025-09-30"",""2025-07-01"",""FS545511"","".00"",""506.40"",""2432.70"",""59.40"",""13665.20"","".00"","".00"",""434.70"",""166.10"",""664.40"",""324.00"","" "",""Hayek, Pierre"",""1"",""SEK"",""51.30"",""51.30"",""9789190071236"",""Trioene"",""9789190071236 - Trioene"", Media 24 / Digibook S6993,""Leverantör"",""1005.50"",""1891.00"","".00"","".00"",""Ebook : Buy"",""71073.00"",""4917.67"","".00"","".00"","".00"","".00"","".00"","".00"","".00"","".00"",""0"",""0""";;
"6993,""2025-09-30"",""2025-07-01"",""FS545511"","".00"",""506.40"",""2432.70"",""59.40"",""13665.20"","".00"","".00"",""434.70"",""166.10"",""664.40"",""324.00"","" "",""Hedström, Richard"",""1"",""SEK"",""2.70"",""2.70"",""9789189539570"",""Daniel"",""9789189539570 - Daniel"", Media 24 / Digibook S6993,""Leverantör"",""1005.50"",""1891.00"","".00"","".00"",""Ebook : School Subscription"",""71073.00"",""4917.67"","".00"","".00"","".00"","".00"","".00"","".00"","".00"","".00"",""0"",""0""";;
"6993,""2025-09-30"",""2025-07-01"",""FS545511"","".00"",""506.40"",""2432.70"",""59.40"",""13665.20"","".00"","".00"",""434.70"",""166.10"",""664.40"",""324.00"","" "",""Hedström, Richard"",""1"",""SEK"",""2.70"",""2.70"",""9789189539587"",""Eva"",""9789189539587 - Eva"", Media 24 / Digibook S6993,""Leverantör"",""1005.50"",""1891.00"","".00"","".00"",""Ebook : School Subscription"",""71073.00"",""4917.67"","".00"","".00"","".00"","".00"","".00"","".00"","".00"","".00"",""0"",""0""";;
"6993,""2025-09-30"",""2025-07-01"",""FS545511"","".00"",""506.40"",""2432.70"",""59.40"",""13665.20"","".00"","".00"",""434.70"",""166.10"",""664.40"",""324.00"","" "",""Hedström, Richard"",""1"",""SEK"",""2.70"",""2.70"",""9789189539631"",""Henrik"",""9789189539631 - Henrik"", Media 24 / Digibook S6993,""Leverantör"",""1005.50"",""1891.00"","".00"","".00"",""Ebook : School Subscription"",""71073.00"",""4917.67"","".00"","".00"","".00"","".00"","".00"","".00"","".00"","".00"",""0"",""0""";;
"6993,""2025-09-30"",""2025-07-01"",""FS545511"","".00"",""506.40"",""2432.70"",""59.40"",""13665.20"","".00"","".00"",""434.70"",""166.10"",""664.40"",""324.00"","" "",""Hellby, Axel"",""1"",""SEK"",""2.70"",""2.70"",""9789189835559"",""Om man var en gädda - Historier från Hundberget"",""9789189835559 - Om man var en gädda - Historier från Hundberget"", Media 24 / Digibook S6993,""Leverantör"",""1005.50"",""1891.00"","".00"","".00"",""Ebook : School Subscription"",""71073.00"",""4917.67"","".00"","".00"","".00"","".00"","".00"","".00"","".00"","".00"",""0"",""0""";;
"6993,""2025-09-30"",""2025-07-01"",""FS545511"","".00"",""506.40"",""2432.70"",""59.40"",""13665.20"","".00"","".00"",""434.70"",""166.10"",""664.40"",""324.00"","" "",""Hennig, Michaela"",""1"",""SEK"",""2.70"",""2.70"",""9789189739819"",""Bli ditt skarpaste jag"",""9789189739819 - Bli ditt skarpaste jag"", Media 24 / Digibook S6993,""Leverantör"",""1005.50"",""1891.00"","".00"","".00"",""Ebook : School Subscription"",""71073.00"",""4917.67"","".00"","".00"","".00"","".00"","".00"","".00"","".00"","".00"",""0"",""0""";;
"6993,""2025-09-30"",""2025-07-01"",""FS545511"","".00"",""506.40"",""2432.70"",""59.40"",""13665.20"","".00"","".00"",""434.70"",""166.10"",""664.40"",""324.00"","" "",""Hennig, Michaela"",""1"",""SEK"",""125.10"",""125.10"",""9789189739819"",""Bli ditt skarpaste jag"",""9789189739819 - Bli ditt skarpaste jag"", Media 24 / Digibook S6993,""Leverantör"",""1005.50"",""1891.00"","".00"","".00"",""Ebook : Buy"",""71073.00"",""4917.67"","".00"","".00"","".00"","".00"","".00"","".00"","".00"","".00"",""0"",""0""";;
"6993,""2025-09-30"",""2025-07-01"",""FS545511"","".00"",""506.40"",""2432.70"",""59.40"",""13665.20"","".00"","".00"",""434.70"",""166.10"",""664.40"",""324.00"","" "",""Hersoug, Ellef"",""1"",""SEK"",""2.70"",""2.70"",""9789189857247"",""Tidstjuvar"",""9789189857247 - Tidstjuvar"", Media 24 / Digibook S6993,""Leverantör"",""1005.50"",""1891.00"","".00"","".00"",""Ebook : School Subscription"",""71073.00"",""4917.67"","".00"","".00"","".00"","".00"","".00"","".00"","".00"","".00"",""0"",""0""";;
"6993,""2025-09-30"",""2025-07-01"",""FS545511"","".00"",""506.40"",""2432.70"",""59.40"",""13665.20"","".00"","".00"",""434.70"",""166.10"",""664.40"",""324.00"","" "",""Hersoug, Ellef"",""1"",""SEK"",""2.70"",""2.70"",""9789189857490"",""Provisorisk Huvudstad"",""9789189857490 - Provisorisk Huvudstad"", Media 24 / Digibook S6993,""Leverantör"",""1005.50"",""1891.00"","".00"","".00"",""Ebook : School Subscription"",""71073.00"",""4917.67"","".00"","".00"","".00"","".00"","".00"","".00"","".00"","".00"",""0"",""0""";;
"6993,""2025-09-30"",""2025-07-01"",""FS545511"","".00"",""506.40"",""2432.70"",""59.40"",""13665.20"","".00"","".00"",""434.70"",""166.10"",""664.40"",""324.00"","" "",""Holmberg, Malin"",""1"",""SEK"",""2.70"",""2.70"",""9789189539747"",""Trixi på äventyr"",""9789189539747 - Trixi på äventyr"", Media 24 / Digibook S6993,""Leverantör"",""1005.50"",""1891.00"","".00"","".00"",""Ebook : School Subscription"",""71073.00"",""4917.67"","".00"","".00"","".00"","".00"","".00"","".00"","".00"","".00"",""0"",""0""";;
"6993,""2025-09-30"",""2025-07-01"",""FS545511"","".00"",""506.40"",""2432.70"",""59.40"",""13665.20"","".00"","".00"",""434.70"",""166.10"",""664.40"",""324.00"","" "",""Hulth Wallgren, David"",""1"",""SEK"",""2.70"",""2.70"",""9789189857353"",""SPANIEN UNDER YTAN från A till Z: en annorlunda guide"",""9789189857353 - SPANIEN UNDER YTAN från A till Z: en annorlunda guide"", Media 24 / Digibook S6993,""Leverantör"",""1005.50"",""1891.00"","".00"","".00"",""Ebook : School Subscription"",""71073.00"",""4917.67"","".00"","".00"","".00"","".00"","".00"","".00"","".00"","".00"",""0"",""0""";;
"6993,""2025-09-30"",""2025-07-01"",""FS545511"","".00"",""506.40"",""2432.70"",""59.40"",""13665.20"","".00"","".00"",""434.70"",""166.10"",""664.40"",""324.00"","" "",""Hulth Wallgren, David"",""2"",""SEK"",""14.12"",""7.06"",""9789189857353"",""SPANIEN UNDER YTAN från A till Z: en annorlunda guide"",""9789189857353 - SPANIEN UNDER YTAN från A till Z: en annorlunda guide"", Media 24 / Digibook S6993,""Leverantör"",""1005.50"",""1891.00"","".00"","".00"",""Ebook : Extended distribution"",""71073.00"",""4917.67"","".00"","".00"","".00"","".00"","".00"","".00"","".00"","".00"",""0"",""0""";;
"6993,""2025-09-30"",""2025-07-01"",""FS545511"","".00"",""506.40"",""2432.70"",""59.40"",""13665.20"","".00"","".00"",""434.70"",""166.10"",""664.40"",""324.00"","" "",""Hulth Wallgren, David"",""4"",""SEK"",""29.75"",""7.44"",""9789189857353"",""SPANIEN UNDER YTAN från A till Z: en annorlunda guide"",""9789189857353 - SPANIEN UNDER YTAN från A till Z: en annorlunda guide"", Media 24 / Digibook S6993,""Leverantör"",""1005.50"",""1891.00"","".00"","".00"",""Ebook : Extended distribution"",""71073.00"",""4917.67"","".00"","".00"","".00"","".00"","".00"","".00"","".00"","".00"",""0"",""0""";;
"6993,""2025-09-30"",""2025-07-01"",""FS545511"","".00"",""506.40"",""2432.70"",""59.40"",""13665.20"","".00"","".00"",""434.70"",""166.10"",""664.40"",""324.00"","" "",""Hulth Wallgren, David"",""4"",""SEK"",""30.35"",""7.59"",""9789189857353"",""SPANIEN UNDER YTAN från A till Z: en annorlunda guide"",""9789189857353 - SPANIEN UNDER YTAN från A till Z: en annorlunda guide"", Media 24 / Digibook S6993,""Leverantör"",""1005.50"",""1891.00"","".00"","".00"",""Ebook : Extended distribution"",""71073.00"",""4917.67"","".00"","".00"","".00"","".00"","".00"","".00"","".00"","".00"",""0"",""0""";;
"6993,""2025-09-30"",""2025-07-01"",""FS545511"","".00"",""506.40"",""2432.70"",""59.40"",""13665.20"","".00"","".00"",""434.70"",""166.10"",""664.40"",""324.00"","" "",""Hulth Wallgren, David"",""2"",""SEK"",""15.59"",""7.80"",""9789189857353"",""SPANIEN UNDER YTAN från A till Z: en annorlunda guide"",""9789189857353 - SPANIEN UNDER YTAN från A till Z: en annorlunda guide"", Media 24 / Digibook S6993,""Leverantör"",""1005.50"",""1891.00"","".00"","".00"",""Ebook : Extended distribution"",""71073.00"",""4917.67"","".00"","".00"","".00"","".00"","".00"","".00"","".00"","".00"",""0"",""0""";;
"6993,""2025-09-30"",""2025-07-01"",""FS545511"","".00"",""506.40"",""2432.70"",""59.40"",""13665.20"","".00"","".00"",""434.70"",""166.10"",""664.40"",""324.00"","" "",""Hulth Wallgren, David"",""1"",""SEK"",""8.29"",""8.29"",""9789189857353"",""SPANIEN UNDER YTAN från A till Z: en annorlunda guide"",""9789189857353 - SPANIEN UNDER YTAN från A till Z: en annorlunda guide"", Media 24 / Digibook S6993,""Leverantör"",""1005.50"",""1891.00"","".00"","".00"",""Ebook : Extended distribution"",""71073.00"",""4917.67"","".00"","".00"","".00"","".00"","".00"","".00"","".00"","".00"",""0"",""0""";;
"6993,""2025-09-30"",""2025-07-01"",""FS545511"","".00"",""506.40"",""2432.70"",""59.40"",""13665.20"","".00"","".00"",""434.70"",""166.10"",""664.40"",""324.00"","" "",""Hulth Wallgren, David"",""3"",""SEK"",""153.90"",""51.30"",""9789189857353"",""SPANIEN UNDER YTAN från A till Z: en annorlunda guide"",""9789189857353 - SPANIEN UNDER YTAN från A till Z: en annorlunda guide"", Media 24 / Digibook S6993,""Leverantör"",""1005.50"",""1891.00"","".00"","".00"",""Ebook : Buy"",""71073.00"",""4917.67"","".00"","".00"","".00"","".00"","".00"","".00"","".00"","".00"",""0"",""0""";;
"6993,""2025-09-30"",""2025-07-01"",""FS545511"","".00"",""506.40"",""2432.70"",""59.40"",""13665.20"","".00"","".00"",""434.70"",""166.10"",""664.40"",""324.00"","" "",""Häggblom, Simon"",""1"",""SEK"",""2.70"",""2.70"",""9789189739697"",""Kriget mot kommunismen"",""9789189739697 - Kriget mot kommunismen"", Media 24 / Digibook S6993,""Leverantör"",""1005.50"",""1891.00"","".00"","".00"",""Ebook : School Subscription"",""71073.00"",""4917.67"","".00"","".00"","".00"","".00"","".00"","".00"","".00"","".00"",""0"",""0""";;
"6993,""2025-09-30"",""2025-07-01"",""FS545511"","".00"",""506.40"",""2432.70"",""59.40"",""13665.20"","".00"","".00"",""434.70"",""166.10"",""664.40"",""324.00"","" "",""Hågensen, Lisa"",""1"",""SEK"",""2.70"",""2.70"",""9789189539303"",""Defcon Europa #1: Spöket Agenten & En Femme Fatale"",""9789189539303 - Defcon Europa #1: Spöket Agenten & En Femme Fatale"", Media 24 / Digibook S6993,""Leverantör"",""1005.50"",""1891.00"","".00"","".00"",""Ebook : School Subscription"",""71073.00"",""4917.67"","".00"","".00"","".00"","".00"","".00"","".00"","".00"","".00"",""0"",""0""";;
"6993,""2025-09-30"",""2025-07-01"",""FS545511"","".00"",""506.40"",""2432.70"",""59.40"",""13665.20"","".00"","".00"",""434.70"",""166.10"",""664.40"",""324.00"","" "",""Hågensen, Lisa"",""1"",""SEK"",""2.70"",""2.70"",""9789189539358"",""Purebred I Flykten från Olympo"",""9789189539358 - Purebred I Flykten från Olympo"", Media 24 / Digibook S6993,""Leverantör"",""1005.50"",""1891.00"","".00"","".00"",""Ebook : School Subscription"",""71073.00"",""4917.67"","".00"","".00"","".00"","".00"","".00"","".00"","".00"","".00"",""0"",""0""";;
"6993,""2025-09-30"",""2025-07-01"",""FS545511"","".00"",""506.40"",""2432.70"",""59.40"",""13665.20"","".00"","".00"",""434.70"",""166.10"",""664.40"",""324.00"","" "",""Hågensen, Lisa"",""1"",""SEK"",""2.70"",""2.70"",""9789189539365"",""Purebred II Herrefolket"",""9789189539365 - Purebred II Herrefolket"", Media 24 / Digibook S6993,""Leverantör"",""1005.50"",""1891.00"","".00"","".00"",""Ebook : School Subscription"",""71073.00"",""4917.67"","".00"","".00"","".00"","".00"","".00"","".00"","".00"","".00"",""0"",""0""";;
"6993,""2025-09-30"",""2025-07-01"",""FS545511"","".00"",""506.40"",""2432.70"",""59.40"",""13665.20"","".00"","".00"",""434.70"",""166.10"",""664.40"",""324.00"","" "",""Hågensen, Lisa"",""1"",""SEK"",""2.70"",""2.70"",""9789189539372"",""Purebred III Generalens älskarinna del ett"",""9789189539372 - Purebred III Generalens älskarinna del ett"", Media 24 / Digibook S6993,""Leverantör"",""1005.50"",""1891.00"","".00"","".00"",""Ebook : School Subscription"",""71073.00"",""4917.67"","".00"","".00"","".00"","".00"","".00"","".00"","".00"","".00"",""0"",""0""";;
"6993,""2025-09-30"",""2025-07-01"",""FS545511"","".00"",""506.40"",""2432.70"",""59.40"",""13665.20"","".00"","".00"",""434.70"",""166.10"",""664.40"",""324.00"","" "",""Hågensen, Lisa"",""1"",""SEK"",""2.70"",""2.70"",""9789189539389"",""Purebred III Generalens älskarinna del två"",""9789189539389 - Purebred III Generalens älskarinna del två"", Media 24 / Digibook S6993,""Leverantör"",""1005.50"",""1891.00"","".00"","".00"",""Ebook : School Subscription"",""71073.00"",""4917.67"","".00"","".00"","".00"","".00"","".00"","".00"","".00"","".00"",""0"",""0""";;
"6993,""2025-09-30"",""2025-07-01"",""FS545511"","".00"",""506.40"",""2432.70"",""59.40"",""13665.20"","".00"","".00"",""434.70"",""166.10"",""664.40"",""324.00"","" "",""Hågensen, Lisa"",""1"",""SEK"",""2.70"",""2.70"",""9789189739208"",""Defcon Europa #1: Spöket Agenten & En Femme Fatale"",""9789189739208 - Defcon Europa #1: Spöket Agenten & En Femme Fatale"", Media 24 / Digibook S6993,""Leverantör"",""1005.50"",""1891.00"","".00"","".00"",""Audio Book : School Subscription"",""71073.00"",""4917.67"","".00"","".00"","".00"","".00"","".00"","".00"","".00"","".00"",""0"",""0""";;
"6993,""2025-09-30"",""2025-07-01"",""FS545511"","".00"",""506.40"",""2432.70"",""59.40"",""13665.20"","".00"","".00"",""434.70"",""166.10"",""664.40"",""324.00"","" "",""Hågensen, Lisa"",""1"",""SEK"",""12.12"",""12.12"",""9789189739208"",""Defcon Europa #1: Spöket Agenten & En Femme Fatale"",""9789189739208 - Defcon Europa #1: Spöket Agenten & En Femme Fatale"", Media 24 / Digibook S6993,""Leverantör"",""1005.50"",""1891.00"","".00"","".00"",""Audio Book : Extended distribution"",""71073.00"",""4917.67"","".00"","".00"","".00"","".00"","".00"","".00"","".00"","".00"",""0"",""0""";;
"6993,""2025-09-30"",""2025-07-01"",""FS545511"","".00"",""506.40"",""2432.70"",""59.40"",""13665.20"","".00"","".00"",""434.70"",""166.10"",""664.40"",""324.00"","" "",""Hågensen, Lisa"",""1"",""SEK"",""14.39"",""14.39"",""9789189739208"",""Defcon Europa #1: Spöket Agenten & En Femme Fatale"",""9789189739208 - Defcon Europa #1: Spöket Agenten & En Femme Fatale"", Media 24 / Digibook S6993,""Leverantör"",""1005.50"",""1891.00"","".00"","".00"",""Audio Book : Extended distribution"",""71073.00"",""4917.67"","".00"","".00"","".00"","".00"","".00"","".00"","".00"","".00"",""0"",""0""";;
"6993,""2025-09-30"",""2025-07-01"",""FS545511"","".00"",""506.40"",""2432.70"",""59.40"",""13665.20"","".00"","".00"",""434.70"",""166.10"",""664.40"",""324.00"","" "",""Håkan"",""1"",""SEK"",""15.20"",""15.20"",""9789190071106"",""Rättvisan blev en fars. Falska anklagelser och kampen för sanningen."",""9789190071106 - Rättvisan blev en fars. Falska anklagelser och kampen för sanningen."", Media 24 / Digibook S6993,""Leverantör"",""1005.50"",""1891.00"","".00"","".00"",""Audio Book : Access Loan"",""71073.00"",""4917.67"","".00"","".00"","".00"","".00"","".00"","".00"","".00"","".00"",""0"",""0""";;
"6993,""2025-09-30"",""2025-07-01"",""FS545511"","".00"",""506.40"",""2432.70"",""59.40"",""13665.20"","".00"","".00"",""434.70"",""166.10"",""664.40"",""324.00"","" "",""Håkan"",""8"",""SEK"",""198.17"",""24.77"",""9789190071106"",""Rättvisan blev en fars. Falska anklagelser och kampen för sanningen."",""9789190071106 - Rättvisan blev en fars. Falska anklagelser och kampen för sanningen."", Media 24 / Digibook S6993,""Leverantör"",""1005.50"",""1891.00"","".00"","".00"",""Audio Book : Extended distribution"",""71073.00"",""4917.67"","".00"","".00"","".00"","".00"","".00"","".00"","".00"","".00"",""0"",""0""";;
"6993,""2025-09-30"",""2025-07-01"",""FS545511"","".00"",""506.40"",""2432.70"",""59.40"",""13665.20"","".00"","".00"",""434.70"",""166.10"",""664.40"",""324.00"","" "",""Håkan"",""12"",""SEK"",""303.22"",""25.27"",""9789190071106"",""Rättvisan blev en fars. Falska anklagelser och kampen för sanningen."",""9789190071106 - Rättvisan blev en fars. Falska anklagelser och kampen för sanningen."", Media 24 / Digibook S6993,""Leverantör"",""1005.50"",""1891.00"","".00"","".00"",""Audio Book : Extended distribution"",""71073.00"",""4917.67"","".00"","".00"","".00"","".00"","".00"","".00"","".00"","".00"",""0"",""0""";;
"6993,""2025-09-30"",""2025-07-01"",""FS545511"","".00"",""506.40"",""2432.70"",""59.40"",""13665.20"","".00"","".00"",""434.70"",""166.10"",""664.40"",""324.00"","" "",""Håkan"",""12"",""SEK"",""311.49"",""25.96"",""9789190071106"",""Rättvisan blev en fars. Falska anklagelser och kampen för sanningen."",""9789190071106 - Rättvisan blev en fars. Falska anklagelser och kampen för sanningen."", Media 24 / Digibook S6993,""Leverantör"",""1005.50"",""1891.00"","".00"","".00"",""Audio Book : Extended distribution"",""71073.00"",""4917.67"","".00"","".00"","".00"","".00"","".00"","".00"","".00"","".00"",""0"",""0""";;
"6993,""2025-09-30"",""2025-07-01"",""FS545511"","".00"",""506.40"",""2432.70"",""59.40"",""13665.20"","".00"","".00"",""434.70"",""166.10"",""664.40"",""324.00"","" "",""Håkan"",""2"",""SEK"",""54.76"",""27.38"",""9789189857940"",""Rättvisan blev en fars. Falska anklagelser och kampen för sanningen."",""9789189857940 - Rättvisan blev en fars. Falska anklagelser och kampen för sanningen."", Media 24 / Digibook S6993,""Leverantör"",""1005.50"",""1891.00"","".00"","".00"",""Ebook : Extended distribution"",""71073.00"",""4917.67"","".00"","".00"","".00"","".00"","".00"","".00"","".00"","".00"",""0"",""0""";;
"6993,""2025-09-30"",""2025-07-01"",""FS545511"","".00"",""506.40"",""2432.70"",""59.40"",""13665.20"","".00"","".00"",""434.70"",""166.10"",""664.40"",""324.00"","" "",""Håkan"",""4"",""SEK"",""111.71"",""27.93"",""9789189857940"",""Rättvisan blev en fars. Falska anklagelser och kampen för sanningen."",""9789189857940 - Rättvisan blev en fars. Falska anklagelser och kampen för sanningen."", Media 24 / Digibook S6993,""Leverantör"",""1005.50"",""1891.00"","".00"","".00"",""Ebook : Extended distribution"",""71073.00"",""4917.67"","".00"","".00"","".00"","".00"","".00"","".00"","".00"","".00"",""0"",""0""";;
"6993,""2025-09-30"",""2025-07-01"",""FS545511"","".00"",""506.40"",""2432.70"",""59.40"",""13665.20"","".00"","".00"",""434.70"",""166.10"",""664.40"",""324.00"","" "",""Håkan"",""3"",""SEK"",""86.07"",""28.69"",""9789189857940"",""Rättvisan blev en fars. Falska anklagelser och kampen för sanningen."",""9789189857940 - Rättvisan blev en fars. Falska anklagelser och kampen för sanningen."", Media 24 / Digibook S6993,""Leverantör"",""1005.50"",""1891.00"","".00"","".00"",""Ebook : Extended distribution"",""71073.00"",""4917.67"","".00"","".00"","".00"","".00"","".00"","".00"","".00"","".00"",""0"",""0""";;
"6993,""2025-09-30"",""2025-07-01"",""FS545511"","".00"",""506.40"",""2432.70"",""59.40"",""13665.20"","".00"","".00"",""434.70"",""166.10"",""664.40"",""324.00"","" "",""Håkan"",""8"",""SEK"",""235.20"",""29.40"",""9789190071106"",""Rättvisan blev en fars. Falska anklagelser och kampen för sanningen."",""9789190071106 - Rättvisan blev en fars. Falska anklagelser och kampen för sanningen."", Media 24 / Digibook S6993,""Leverantör"",""1005.50"",""1891.00"","".00"","".00"",""Audio Book : Extended distribution"",""71073.00"",""4917.67"","".00"","".00"","".00"","".00"","".00"","".00"","".00"","".00"",""0"",""0""";;
"6993,""2025-09-30"",""2025-07-01"",""FS545511"","".00"",""506.40"",""2432.70"",""59.40"",""13665.20"","".00"","".00"",""434.70"",""166.10"",""664.40"",""324.00"","" "",""Håkan"",""2"",""SEK"",""60.74"",""30.37"",""9789189857940"",""Rättvisan blev en fars. Falska anklagelser och kampen för sanningen."",""9789189857940 - Rättvisan blev en fars. Falska anklagelser och kampen för sanningen."", Media 24 / Digibook S6993,""Leverantör"",""1005.50"",""1891.00"","".00"","".00"",""Ebook : Extended distribution"",""71073.00"",""4917.67"","".00"","".00"","".00"","".00"","".00"","".00"","".00"","".00"",""0"",""0""";;
"6993,""2025-09-30"",""2025-07-01"",""FS545511"","".00"",""506.40"",""2432.70"",""59.40"",""13665.20"","".00"","".00"",""434.70"",""166.10"",""664.40"",""324.00"","" "",""Håkan"",""1"",""SEK"",""30.38"",""30.38"",""9789189857940"",""Rättvisan blev en fars. Falska anklagelser och kampen för sanningen."",""9789189857940 - Rättvisan blev en fars. Falska anklagelser och kampen för sanningen."", Media 24 / Digibook S6993,""Leverantör"",""1005.50"",""1891.00"","".00"","".00"",""Ebook : Extended distribution"",""71073.00"",""4917.67"","".00"","".00"","".00"","".00"","".00"","".00"","".00"","".00"",""0"",""0""";;
"6993,""2025-09-30"",""2025-07-01"",""FS545511"","".00"",""506.40"",""2432.70"",""59.40"",""13665.20"","".00"","".00"",""434.70"",""166.10"",""664.40"",""324.00"","" "",""Håkan"",""12"",""SEK"",""440.96"",""36.75"",""9789190071106"",""Rättvisan blev en fars. Falska anklagelser och kampen för sanningen."",""9789190071106 - Rättvisan blev en fars. Falska anklagelser och kampen för sanningen."", Media 24 / Digibook S6993,""Leverantör"",""1005.50"",""1891.00"","".00"","".00"",""Audio Book : Extended distribution"",""71073.00"",""4917.67"","".00"","".00"","".00"","".00"","".00"","".00"","".00"","".00"",""0"",""0""";;
"6993,""2025-09-30"",""2025-07-01"",""FS545511"","".00"",""506.40"",""2432.70"",""59.40"",""13665.20"","".00"","".00"",""434.70"",""166.10"",""664.40"",""324.00"","" "",""Håkan"",""1"",""SEK"",""38.14"",""38.14"",""9789189857940"",""Rättvisan blev en fars. Falska anklagelser och kampen för sanningen."",""9789189857940 - Rättvisan blev en fars. Falska anklagelser och kampen för sanningen."", Media 24 / Digibook S6993,""Leverantör"",""1005.50"",""1891.00"","".00"","".00"",""Ebook : Extended distribution"",""71073.00"",""4917.67"","".00"","".00"","".00"","".00"","".00"","".00"","".00"","".00"",""0"",""0""";;
"6993,""2025-09-30"",""2025-07-01"",""FS545511"","".00"",""506.40"",""2432.70"",""59.40"",""13665.20"","".00"","".00"",""434.70"",""166.10"",""664.40"",""324.00"","" "",""Håkan"",""1"",""SEK"",""121.50"",""121.50"",""9789189857940"",""Rättvisan blev en fars. Falska anklagelser och kampen för sanningen."",""9789189857940 - Rättvisan blev en fars. Falska anklagelser och kampen för sanningen."", Media 24 / Digibook S6993,""Leverantör"",""1005.50"",""1891.00"","".00"","".00"",""Ebook : Buy"",""71073.00"",""4917.67"","".00"","".00"","".00"","".00"","".00"","".00"","".00"","".00"",""0"",""0""";;
"6993,""2025-09-30"",""2025-07-01"",""FS545511"","".00"",""506.40"",""2432.70"",""59.40"",""13665.20"","".00"","".00"",""434.70"",""166.10"",""664.40"",""324.00"","" "",""Höök, Anna"",""1"",""SEK"",""2.70"",""2.70"",""9789189739529"",""Havet, sanden, kärleken - Det eviga"",""9789189739529 - Havet, sanden, kärleken - Det eviga"", Media 24 / Digibook S6993,""Leverantör"",""1005.50"",""1891.00"","".00"","".00"",""Audio Book : School Subscription"",""71073.00"",""4917.67"","".00"","".00"","".00"","".00"","".00"","".00"","".00"","".00"",""0"",""0""";;
"6993,""2025-09-30"",""2025-07-01"",""FS545511"","".00"",""506.40"",""2432.70"",""59.40"",""13665.20"","".00"","".00"",""434.70"",""166.10"",""664.40"",""324.00"","" "",""Höök, Anna"",""1"",""SEK"",""2.70"",""2.70"",""9789189835115"",""Havet, sanden, kärleken - Det eviga"",""9789189835115 - Havet, sanden, kärleken - Det eviga"", Media 24 / Digibook S6993,""Leverantör"",""1005.50"",""1891.00"","".00"","".00"",""Ebook : School Subscription"",""71073.00"",""4917.67"","".00"","".00"","".00"","".00"","".00"","".00"","".00"","".00"",""0"",""0""";;
"6993,""2025-09-30"",""2025-07-01"",""FS545511"","".00"",""506.40"",""2432.70"",""59.40"",""13665.20"","".00"","".00"",""434.70"",""166.10"",""664.40"",""324.00"","" "",""Höök, Anna"",""1"",""SEK"",""2.70"",""2.70"",""9789189835160"",""Hon reste sig ur askan"",""9789189835160 - Hon reste sig ur askan"", Media 24 / Digibook S6993,""Leverantör"",""1005.50"",""1891.00"","".00"","".00"",""Ebook : School Subscription"",""71073.00"",""4917.67"","".00"","".00"","".00"","".00"","".00"","".00"","".00"","".00"",""0"",""0""";;
"6993,""2025-09-30"",""2025-07-01"",""FS545511"","".00"",""506.40"",""2432.70"",""59.40"",""13665.20"","".00"","".00"",""434.70"",""166.10"",""664.40"",""324.00"","" "",""Höök, Anna"",""1"",""SEK"",""2.70"",""2.70"",""9789189835443"",""Hon reste sig ur askan"",""9789189835443 - Hon reste sig ur askan"", Media 24 / Digibook S6993,""Leverantör"",""1005.50"",""1891.00"","".00"","".00"",""Audio Book : School Subscription"",""71073.00"",""4917.67"","".00"","".00"","".00"","".00"","".00"","".00"","".00"","".00"",""0"",""0""";;
"6993,""2025-09-30"",""2025-07-01"",""FS545511"","".00"",""506.40"",""2432.70"",""59.40"",""13665.20"","".00"","".00"",""434.70"",""166.10"",""664.40"",""324.00"","" "",""Höök, Anna"",""1"",""SEK"",""15.57"",""15.57"",""9789189835443"",""Hon reste sig ur askan"",""9789189835443 - Hon reste sig ur askan"", Media 24 / Digibook S6993,""Leverantör"",""1005.50"",""1891.00"","".00"","".00"",""Audio Book : Extended distribution"",""71073.00"",""4917.67"","".00"","".00"","".00"","".00"","".00"","".00"","".00"","".00"",""0"",""0""";;
"6993,""2025-09-30"",""2025-07-01"",""FS545511"","".00"",""506.40"",""2432.70"",""59.40"",""13665.20"","".00"","".00"",""434.70"",""166.10"",""664.40"",""324.00"","" "",""Ibrahim, Aso"",""1"",""SEK"",""2.70"",""2.70"",""9789189739192"",""Understand Her"",""9789189739192 - Understand Her"", Media 24 / Digibook S6993,""Leverantör"",""1005.50"",""1891.00"","".00"","".00"",""Audio Book : School Subscription"",""71073.00"",""4917.67"","".00"","".00"","".00"","".00"","".00"","".00"","".00"","".00"",""0"",""0""";;
"6993,""2025-09-30"",""2025-07-01"",""FS545511"","".00"",""506.40"",""2432.70"",""59.40"",""13665.20"","".00"","".00"",""434.70"",""166.10"",""664.40"",""324.00"","" "",""Ibrahim, Aso"",""1"",""SEK"",""2.70"",""2.70"",""9789189739291"",""Understand Him"",""9789189739291 - Understand Him"", Media 24 / Digibook S6993,""Leverantör"",""1005.50"",""1891.00"","".00"","".00"",""Audio Book : School Subscription"",""71073.00"",""4917.67"","".00"","".00"","".00"","".00"","".00"","".00"","".00"","".00"",""0"",""0""";;
"6993,""2025-09-30"",""2025-07-01"",""FS545511"","".00"",""506.40"",""2432.70"",""59.40"",""13665.20"","".00"","".00"",""434.70"",""166.10"",""664.40"",""324.00"","" "",""Ibrahim, Aso"",""1"",""SEK"",""5.00"",""5.00"",""9789189739291"",""Understand Him"",""9789189739291 - Understand Him"", Media 24 / Digibook S6993,""Leverantör"",""1005.50"",""1891.00"","".00"","".00"",""Audio Book : Access Loan"",""71073.00"",""4917.67"","".00"","".00"","".00"","".00"","".00"","".00"","".00"","".00"",""0"",""0""";;
"6993,""2025-09-30"",""2025-07-01"",""FS545511"","".00"",""506.40"",""2432.70"",""59.40"",""13665.20"","".00"","".00"",""434.70"",""166.10"",""664.40"",""324.00"","" "",""Ibrahim, Aso"",""1"",""SEK"",""5.98"",""5.98"",""9789189739291"",""Understand Him"",""9789189739291 - Understand Him"", Media 24 / Digibook S6993,""Leverantör"",""1005.50"",""1891.00"","".00"","".00"",""Audio Book : Extended distribution"",""71073.00"",""4917.67"","".00"","".00"","".00"","".00"","".00"","".00"","".00"","".00"",""0"",""0""";;
"6993,""2025-09-30"",""2025-07-01"",""FS545511"","".00"",""506.40"",""2432.70"",""59.40"",""13665.20"","".00"","".00"",""434.70"",""166.10"",""664.40"",""324.00"","" "",""Ingemarsdotter, Ulrika"",""1"",""SEK"",""2.70"",""2.70"",""9789189539594"",""Cavatina & Sophie"",""9789189539594 - Cavatina & Sophie"", Media 24 / Digibook S6993,""Leverantör"",""1005.50"",""1891.00"","".00"","".00"",""Ebook : School Subscription"",""71073.00"",""4917.67"","".00"","".00"","".00"","".00"","".00"","".00"","".00"","".00"",""0"",""0""";;
"6993,""2025-09-30"",""2025-07-01"",""FS545511"","".00"",""506.40"",""2432.70"",""59.40"",""13665.20"","".00"","".00"",""434.70"",""166.10"",""664.40"",""324.00"","" "",""JHM van Doorn, Paul"",""1"",""SEK"",""2.70"",""2.70"",""9789189739727"",""The Big Day - A deadline thriller"",""9789189739727 - The Big Day - A deadline thriller"", Media 24 / Digibook S6993,""Leverantör"",""1005.50"",""1891.00"","".00"","".00"",""Audio Book : School Subscription"",""71073.00"",""4917.67"","".00"","".00"","".00"","".00"","".00"","".00"","".00"","".00"",""0"",""0""";;
"6993,""2025-09-30"",""2025-07-01"",""FS545511"","".00"",""506.40"",""2432.70"",""59.40"",""13665.20"","".00"","".00"",""434.70"",""166.10"",""664.40"",""324.00"","" "",""Johansson, Alice"",""1"",""SEK"",""2.70"",""2.70"",""9789189857292"",""Viskaren"",""9789189857292 - Viskaren"", Media 24 / Digibook S6993,""Leverantör"",""1005.50"",""1891.00"","".00"","".00"",""Audio Book : School Subscription"",""71073.00"",""4917.67"","".00"","".00"","".00"","".00"","".00"","".00"","".00"","".00"",""0"",""0""";;
"6993,""2025-09-30"",""2025-07-01"",""FS545511"","".00"",""506.40"",""2432.70"",""59.40"",""13665.20"","".00"","".00"",""434.70"",""166.10"",""664.40"",""324.00"","" "",""Johansson, Alice"",""3"",""SEK"",""58.05"",""19.35"",""9789189857292"",""Viskaren"",""9789189857292 - Viskaren"", Media 24 / Digibook S6993,""Leverantör"",""1005.50"",""1891.00"","".00"","".00"",""Audio Book : Extended distribution"",""71073.00"",""4917.67"","".00"","".00"","".00"","".00"","".00"","".00"","".00"","".00"",""0"",""0""";;
"6993,""2025-09-30"",""2025-07-01"",""FS545511"","".00"",""506.40"",""2432.70"",""59.40"",""13665.20"","".00"","".00"",""434.70"",""166.10"",""664.40"",""324.00"","" "",""Johansson, Alice"",""2"",""SEK"",""39.13"",""19.57"",""9789189857292"",""Viskaren"",""9789189857292 - Viskaren"", Media 24 / Digibook S6993,""Leverantör"",""1005.50"",""1891.00"","".00"","".00"",""Audio Book : Extended distribution"",""71073.00"",""4917.67"","".00"","".00"","".00"","".00"","".00"","".00"","".00"","".00"",""0"",""0""";;
"6993,""2025-09-30"",""2025-07-01"",""FS545511"","".00"",""506.40"",""2432.70"",""59.40"",""13665.20"","".00"","".00"",""434.70"",""166.10"",""664.40"",""324.00"","" "",""Johansson, Alice"",""5"",""SEK"",""99.78"",""19.96"",""9789189857292"",""Viskaren"",""9789189857292 - Viskaren"", Media 24 / Digibook S6993,""Leverantör"",""1005.50"",""1891.00"","".00"","".00"",""Audio Book : Extended distribution"",""71073.00"",""4917.67"","".00"","".00"","".00"","".00"","".00"","".00"","".00"","".00"",""0"",""0""";;
"6993,""2025-09-30"",""2025-07-01"",""FS545511"","".00"",""506.40"",""2432.70"",""59.40"",""13665.20"","".00"","".00"",""434.70"",""166.10"",""664.40"",""324.00"","" "",""Johansson, Alice"",""2"",""SEK"",""41.00"",""20.50"",""9789189857292"",""Viskaren"",""9789189857292 - Viskaren"", Media 24 / Digibook S6993,""Leverantör"",""1005.50"",""1891.00"","".00"","".00"",""Audio Book : Extended distribution"",""71073.00"",""4917.67"","".00"","".00"","".00"","".00"","".00"","".00"","".00"","".00"",""0"",""0""";;
"6993,""2025-09-30"",""2025-07-01"",""FS545511"","".00"",""506.40"",""2432.70"",""59.40"",""13665.20"","".00"","".00"",""434.70"",""166.10"",""664.40"",""324.00"","" "",""Johansson, Alice"",""1"",""SEK"",""22.50"",""22.50"",""9789189857292"",""Viskaren"",""9789189857292 - Viskaren"", Media 24 / Digibook S6993,""Leverantör"",""1005.50"",""1891.00"","".00"","".00"",""Audio Book : Agregated"",""71073.00"",""4917.67"","".00"","".00"","".00"","".00"","".00"","".00"","".00"","".00"",""0"",""0""";;
"6993,""2025-09-30"",""2025-07-01"",""FS545511"","".00"",""506.40"",""2432.70"",""59.40"",""13665.20"","".00"","".00"",""434.70"",""166.10"",""664.40"",""324.00"","" "",""Johansson, Alice"",""13"",""SEK"",""301.86"",""23.22"",""9789189857292"",""Viskaren"",""9789189857292 - Viskaren"", Media 24 / Digibook S6993,""Leverantör"",""1005.50"",""1891.00"","".00"","".00"",""Audio Book : Extended distribution"",""71073.00"",""4917.67"","".00"","".00"","".00"","".00"","".00"","".00"","".00"","".00"",""0"",""0""";;
"6993,""2025-09-30"",""2025-07-01"",""FS545511"","".00"",""506.40"",""2432.70"",""59.40"",""13665.20"","".00"","".00"",""434.70"",""166.10"",""664.40"",""324.00"","" "",""Johansson, Alice"",""3"",""SEK"",""73.26"",""24.42"",""9789189857933"",""Spåraren"",""9789189857933 - Spåraren"", Media 24 / Digibook S6993,""Leverantör"",""1005.50"",""1891.00"","".00"","".00"",""Audio Book : Extended distribution"",""71073.00"",""4917.67"","".00"","".00"","".00"","".00"","".00"","".00"","".00"","".00"",""0"",""0""";;
"6993,""2025-09-30"",""2025-07-01"",""FS545511"","".00"",""506.40"",""2432.70"",""59.40"",""13665.20"","".00"","".00"",""434.70"",""166.10"",""664.40"",""324.00"","" "",""Johansson, Alice"",""2"",""SEK"",""49.81"",""24.91"",""9789189857933"",""Spåraren"",""9789189857933 - Spåraren"", Media 24 / Digibook S6993,""Leverantör"",""1005.50"",""1891.00"","".00"","".00"",""Audio Book : Extended distribution"",""71073.00"",""4917.67"","".00"","".00"","".00"","".00"","".00"","".00"","".00"","".00"",""0"",""0""";;
"6993,""2025-09-30"",""2025-07-01"",""FS545511"","".00"",""506.40"",""2432.70"",""59.40"",""13665.20"","".00"","".00"",""434.70"",""166.10"",""664.40"",""324.00"","" "",""Johansson, Alice"",""2"",""SEK"",""51.17"",""25.59"",""9789189857933"",""Spåraren"",""9789189857933 - Spåraren"", Media 24 / Digibook S6993,""Leverantör"",""1005.50"",""1891.00"","".00"","".00"",""Audio Book : Extended distribution"",""71073.00"",""4917.67"","".00"","".00"","".00"","".00"","".00"","".00"","".00"","".00"",""0"",""0""";;
"6993,""2025-09-30"",""2025-07-01"",""FS545511"","".00"",""506.40"",""2432.70"",""59.40"",""13665.20"","".00"","".00"",""434.70"",""166.10"",""664.40"",""324.00"","" "",""Johansson, Alice"",""12"",""SEK"",""347.80"",""28.98"",""9789189857933"",""Spåraren"",""9789189857933 - Spåraren"", Media 24 / Digibook S6993,""Leverantör"",""1005.50"",""1891.00"","".00"","".00"",""Audio Book : Extended distribution"",""71073.00"",""4917.67"","".00"","".00"","".00"","".00"","".00"","".00"","".00"","".00"",""0"",""0""";;
"6993,""2025-09-30"",""2025-07-01"",""FS545511"","".00"",""506.40"",""2432.70"",""59.40"",""13665.20"","".00"","".00"",""434.70"",""166.10"",""664.40"",""324.00"","" "",""Johansson, Alice"",""2"",""SEK"",""72.00"",""36.00"",""9789189857933"",""Spåraren"",""9789189857933 - Spåraren"", Media 24 / Digibook S6993,""Leverantör"",""1005.50"",""1891.00"","".00"","".00"",""Audio Book : Agregated"",""71073.00"",""4917.67"","".00"","".00"","".00"","".00"","".00"","".00"","".00"","".00"",""0"",""0""";;
"6993,""2025-09-30"",""2025-07-01"",""FS545511"","".00"",""506.40"",""2432.70"",""59.40"",""13665.20"","".00"","".00"",""434.70"",""166.10"",""664.40"",""324.00"","" "",""Johansson, Alice"",""1"",""SEK"",""36.22"",""36.22"",""9789189857933"",""Spåraren"",""9789189857933 - Spåraren"", Media 24 / Digibook S6993,""Leverantör"",""1005.50"",""1891.00"","".00"","".00"",""Audio Book : Extended distribution"",""71073.00"",""4917.67"","".00"","".00"","".00"","".00"","".00"","".00"","".00"","".00"",""0"",""0""";;
"6993,""2025-09-30"",""2025-07-01"",""FS545511"","".00"",""506.40"",""2432.70"",""59.40"",""13665.20"","".00"","".00"",""434.70"",""166.10"",""664.40"",""324.00"","" "",""Johansson, Daniel"",""1"",""SEK"",""11.00"",""11.00"",""9789190071083"",""Utvärdering av sociala insatser med utgångspunkt i genomförandeplanen"",""9789190071083 - Utvärdering av sociala insatser med utgångspunkt i genomförandeplanen"", Media 24 / Digibook S6993,""Leverantör"",""1005.50"",""1891.00"","".00"","".00"",""Ebook : Buy"",""71073.00"",""4917.67"","".00"","".00"","".00"","".00"","".00"","".00"","".00"","".00"",""0"",""0""";;
"6993,""2025-09-30"",""2025-07-01"",""FS545511"","".00"",""506.40"",""2432.70"",""59.40"",""13665.20"","".00"","".00"",""434.70"",""166.10"",""664.40"",""324.00"","" "",""Jones, Maria"",""1"",""SEK"",""2.70"",""2.70"",""9789189857308"",""Inside the Fog"",""9789189857308 - Inside the Fog"", Media 24 / Digibook S6993,""Leverantör"",""1005.50"",""1891.00"","".00"","".00"",""Ebook : School Subscription"",""71073.00"",""4917.67"","".00"","".00"","".00"","".00"","".00"","".00"","".00"","".00"",""0"",""0""";;
"6993,""2025-09-30"",""2025-07-01"",""FS545511"","".00"",""506.40"",""2432.70"",""59.40"",""13665.20"","".00"","".00"",""434.70"",""166.10"",""664.40"",""324.00"","" "",""Kare, Gunilla"",""1"",""SEK"",""2.70"",""2.70"",""9789189539327"",""Roar och oroar - en lärares dagbok"",""9789189539327 - Roar och oroar - en lärares dagbok"", Media 24 / Digibook S6993,""Leverantör"",""1005.50"",""1891.00"","".00"","".00"",""Audio Book : School Subscription"",""71073.00"",""4917.67"","".00"","".00"","".00"","".00"","".00"","".00"","".00"","".00"",""0"",""0""";;
"6993,""2025-09-30"",""2025-07-01"",""FS545511"","".00"",""506.40"",""2432.70"",""59.40"",""13665.20"","".00"","".00"",""434.70"",""166.10"",""664.40"",""324.00"","" "",""Kare, Gunilla"",""1"",""SEK"",""2.70"",""2.70"",""9789189739963"",""Tränaren"",""9789189739963 - Tränaren"", Media 24 / Digibook S6993,""Leverantör"",""1005.50"",""1891.00"","".00"","".00"",""Audio Book : School Subscription"",""71073.00"",""4917.67"","".00"","".00"","".00"","".00"","".00"","".00"","".00"","".00"",""0"",""0""";;
"6993,""2025-09-30"",""2025-07-01"",""FS545511"","".00"",""506.40"",""2432.70"",""59.40"",""13665.20"","".00"","".00"",""434.70"",""166.10"",""664.40"",""324.00"","" "",""Kare, Gunilla"",""13"",""SEK"",""87.39"",""6.72"",""9789189739963"",""Tränaren"",""9789189739963 - Tränaren"", Media 24 / Digibook S6993,""Leverantör"",""1005.50"",""1891.00"","".00"","".00"",""Audio Book : Extended distribution"",""71073.00"",""4917.67"","".00"","".00"","".00"","".00"","".00"","".00"","".00"","".00"",""0"",""0""";;
"6993,""2025-09-30"",""2025-07-01"",""FS545511"","".00"",""506.40"",""2432.70"",""59.40"",""13665.20"","".00"","".00"",""434.70"",""166.10"",""664.40"",""324.00"","" "",""Kare, Gunilla"",""2"",""SEK"",""13.60"",""6.80"",""9789189739963"",""Tränaren"",""9789189739963 - Tränaren"", Media 24 / Digibook S6993,""Leverantör"",""1005.50"",""1891.00"","".00"","".00"",""Audio Book : Extended distribution"",""71073.00"",""4917.67"","".00"","".00"","".00"","".00"","".00"","".00"","".00"","".00"",""0"",""0""";;
"6993,""2025-09-30"",""2025-07-01"",""FS545511"","".00"",""506.40"",""2432.70"",""59.40"",""13665.20"","".00"","".00"",""434.70"",""166.10"",""664.40"",""324.00"","" "",""Kare, Gunilla"",""12"",""SEK"",""83.23"",""6.94"",""9789189739963"",""Tränaren"",""9789189739963 - Tränaren"", Media 24 / Digibook S6993,""Leverantör"",""1005.50"",""1891.00"","".00"","".00"",""Audio Book : Extended distribution"",""71073.00"",""4917.67"","".00"","".00"","".00"","".00"","".00"","".00"","".00"","".00"",""0"",""0""";;
"6993,""2025-09-30"",""2025-07-01"",""FS545511"","".00"",""506.40"",""2432.70"",""59.40"",""13665.20"","".00"","".00"",""434.70"",""166.10"",""664.40"",""324.00"","" "",""Kare, Gunilla"",""12"",""SEK"",""85.50"",""7.13"",""9789189739963"",""Tränaren"",""9789189739963 - Tränaren"", Media 24 / Digibook S6993,""Leverantör"",""1005.50"",""1891.00"","".00"","".00"",""Audio Book : Extended distribution"",""71073.00"",""4917.67"","".00"","".00"","".00"","".00"","".00"","".00"","".00"","".00"",""0"",""0""";;
"6993,""2025-09-30"",""2025-07-01"",""FS545511"","".00"",""506.40"",""2432.70"",""59.40"",""13665.20"","".00"","".00"",""434.70"",""166.10"",""664.40"",""324.00"","" "",""Kare, Gunilla"",""14"",""SEK"",""113.00"",""8.07"",""9789189739963"",""Tränaren"",""9789189739963 - Tränaren"", Media 24 / Digibook S6993,""Leverantör"",""1005.50"",""1891.00"","".00"","".00"",""Audio Book : Extended distribution"",""71073.00"",""4917.67"","".00"","".00"","".00"","".00"","".00"","".00"","".00"","".00"",""0"",""0""";;
"6993,""2025-09-30"",""2025-07-01"",""FS545511"","".00"",""506.40"",""2432.70"",""59.40"",""13665.20"","".00"","".00"",""434.70"",""166.10"",""664.40"",""324.00"","" "",""Kare, Gunilla"",""1"",""SEK"",""18.00"",""18.00"",""9789189739963"",""Tränaren"",""9789189739963 - Tränaren"", Media 24 / Digibook S6993,""Leverantör"",""1005.50"",""1891.00"","".00"","".00"",""Audio Book : Agregated"",""71073.00"",""4917.67"","".00"","".00"","".00"","".00"","".00"","".00"","".00"","".00"",""0"",""0""";;
"6993,""2025-09-30"",""2025-07-01"",""FS545511"","".00"",""506.40"",""2432.70"",""59.40"",""13665.20"","".00"","".00"",""434.70"",""166.10"",""664.40"",""324.00"","" "",""Karlsson, Anders"",""1"",""SEK"","".76"","".76"",""9789189857902"",""100 tips för bättre bilder med din mobil"",""9789189857902 - 100 tips för bättre bilder med din mobil"", Media 24 / Digibook S6993,""Leverantör"",""1005.50"",""1891.00"","".00"","".00"",""Ebook : Extended distribution"",""71073.00"",""4917.67"","".00"","".00"","".00"","".00"","".00"","".00"","".00"","".00"",""0"",""0""";;
"6993,""2025-09-30"",""2025-07-01"",""FS545511"","".00"",""506.40"",""2432.70"",""59.40"",""13665.20"","".00"","".00"",""434.70"",""166.10"",""664.40"",""324.00"","" "",""Karlsson, Anders"",""1"",""SEK"",""1.05"",""1.05"",""9789189857902"",""100 tips för bättre bilder med din mobil"",""9789189857902 - 100 tips för bättre bilder med din mobil"", Media 24 / Digibook S6993,""Leverantör"",""1005.50"",""1891.00"","".00"","".00"",""Ebook : Extended distribution"",""71073.00"",""4917.67"","".00"","".00"","".00"","".00"","".00"","".00"","".00"","".00"",""0"",""0""";;
"6993,""2025-09-30"",""2025-07-01"",""FS545511"","".00"",""506.40"",""2432.70"",""59.40"",""13665.20"","".00"","".00"",""434.70"",""166.10"",""664.40"",""324.00"","" "",""Karlsson, Anders"",""1"",""SEK"",""12.00"",""12.00"",""9789189857902"",""100 tips för bättre bilder med din mobil"",""9789189857902 - 100 tips för bättre bilder med din mobil"", Media 24 / Digibook S6993,""Leverantör"",""1005.50"",""1891.00"","".00"","".00"",""Ebook : Agregated"",""71073.00"",""4917.67"","".00"","".00"","".00"","".00"","".00"","".00"","".00"","".00"",""0"",""0""";;
"6993,""2025-09-30"",""2025-07-01"",""FS545511"","".00"",""506.40"",""2432.70"",""59.40"",""13665.20"","".00"","".00"",""434.70"",""166.10"",""664.40"",""324.00"","" "",""Karlsson, Anders"",""1"",""SEK"",""51.30"",""51.30"",""9789189857902"",""100 tips för bättre bilder med din mobil"",""9789189857902 - 100 tips för bättre bilder med din mobil"", Media 24 / Digibook S6993,""Leverantör"",""1005.50"",""1891.00"","".00"","".00"",""Ebook : Buy"",""71073.00"",""4917.67"","".00"","".00"","".00"","".00"","".00"","".00"","".00"","".00"",""0"",""0""";;
"6993,""2025-09-30"",""2025-07-01"",""FS545511"","".00"",""506.40"",""2432.70"",""59.40"",""13665.20"","".00"","".00"",""434.70"",""166.10"",""664.40"",""324.00"","" "",""Karlsson, Johnny Boris"",""2"",""SEK"",""2.48"",""1.24"",""9789189857926"",""Paraply"",""9789189857926 - Paraply"", Media 24 / Digibook S6993,""Leverantör"",""1005.50"",""1891.00"","".00"","".00"",""Audio Book : Extended distribution"",""71073.00"",""4917.67"","".00"","".00"","".00"","".00"","".00"","".00"","".00"","".00"",""0"",""0""";;
"6993,""2025-09-30"",""2025-07-01"",""FS545511"","".00"",""506.40"",""2432.70"",""59.40"",""13665.20"","".00"","".00"",""434.70"",""166.10"",""664.40"",""324.00"","" "",""Kentell, Catarina"",""1"",""SEK"",""2.70"",""2.70"",""9789189539716"",""Feedback (r)Evolutionen"",""9789189539716 - Feedback (r)Evolutionen"", Media 24 / Digibook S6993,""Leverantör"",""1005.50"",""1891.00"","".00"","".00"",""Audio Book : School Subscription"",""71073.00"",""4917.67"","".00"","".00"","".00"","".00"","".00"","".00"","".00"","".00"",""0"",""0""";;
"6993,""2025-09-30"",""2025-07-01"",""FS545511"","".00"",""506.40"",""2432.70"",""59.40"",""13665.20"","".00"","".00"",""434.70"",""166.10"",""664.40"",""324.00"","" "",""Kentell, Catarina"",""1"",""SEK"",""4.05"",""4.05"",""9789189539716"",""Feedback (r)Evolutionen"",""9789189539716 - Feedback (r)Evolutionen"", Media 24 / Digibook S6993,""Leverantör"",""1005.50"",""1891.00"","".00"","".00"",""Audio Book : Extended distribution"",""71073.00"",""4917.67"","".00"","".00"","".00"","".00"","".00"","".00"","".00"","".00"",""0"",""0""";;
"6993,""2025-09-30"",""2025-07-01"",""FS545511"","".00"",""506.40"",""2432.70"",""59.40"",""13665.20"","".00"","".00"",""434.70"",""166.10"",""664.40"",""324.00"","" "",""Kentell, Catarina"",""1"",""SEK"",""4.13"",""4.13"",""9789189539716"",""Feedback (r)Evolutionen"",""9789189539716 - Feedback (r)Evolutionen"", Media 24 / Digibook S6993,""Leverantör"",""1005.50"",""1891.00"","".00"","".00"",""Audio Book : Extended distribution"",""71073.00"",""4917.67"","".00"","".00"","".00"","".00"","".00"","".00"","".00"","".00"",""0"",""0""";;
"6993,""2025-09-30"",""2025-07-01"",""FS545511"","".00"",""506.40"",""2432.70"",""59.40"",""13665.20"","".00"","".00"",""434.70"",""166.10"",""664.40"",""324.00"","" "",""Kentell, Catarina"",""1"",""SEK"",""4.25"",""4.25"",""9789189539716"",""Feedback (r)Evolutionen"",""9789189539716 - Feedback (r)Evolutionen"", Media 24 / Digibook S6993,""Leverantör"",""1005.50"",""1891.00"","".00"","".00"",""Audio Book : Extended distribution"",""71073.00"",""4917.67"","".00"","".00"","".00"","".00"","".00"","".00"","".00"","".00"",""0"",""0""";;
"6993,""2025-09-30"",""2025-07-01"",""FS545511"","".00"",""506.40"",""2432.70"",""59.40"",""13665.20"","".00"","".00"",""434.70"",""166.10"",""664.40"",""324.00"","" "",""Klang, Lisbeth"",""1"",""SEK"",""2.70"",""2.70"",""9789189857285"",""Axel vid axel"",""9789189857285 - Axel vid axel"", Media 24 / Digibook S6993,""Leverantör"",""1005.50"",""1891.00"","".00"","".00"",""Ebook : School Subscription"",""71073.00"",""4917.67"","".00"","".00"","".00"","".00"","".00"","".00"","".00"","".00"",""0"",""0""";;
"6993,""2025-09-30"",""2025-07-01"",""FS545511"","".00"",""506.40"",""2432.70"",""59.40"",""13665.20"","".00"","".00"",""434.70"",""166.10"",""664.40"",""324.00"","" "",""Klintenberg, Kristina"",""1"",""SEK"",""2.70"",""2.70"",""9789189835979"",""Nike och Leo - SOMMAR"",""9789189835979 - Nike och Leo - SOMMAR"", Media 24 / Digibook S6993,""Leverantör"",""1005.50"",""1891.00"","".00"","".00"",""Ebook : School Subscription"",""71073.00"",""4917.67"","".00"","".00"","".00"","".00"","".00"","".00"","".00"","".00"",""0"",""0""";;
"6993,""2025-09-30"",""2025-07-01"",""FS545511"","".00"",""506.40"",""2432.70"",""59.40"",""13665.20"","".00"","".00"",""434.70"",""166.10"",""664.40"",""324.00"","" "",""Knutsdotter, Ulrika"",""1"",""SEK"",""2.70"",""2.70"",""9789189857315"",""Det sitter en elefant på min rygg - en liten bok om sorg"",""9789189857315 - Det sitter en elefant på min rygg - en liten bok om sorg"", Media 24 / Digibook S6993,""Leverantör"",""1005.50"",""1891.00"","".00"","".00"",""Audio Book : School Subscription"",""71073.00"",""4917.67"","".00"","".00"","".00"","".00"","".00"","".00"","".00"","".00"",""0"",""0""";;
"6993,""2025-09-30"",""2025-07-01"",""FS545511"","".00"",""506.40"",""2432.70"",""59.40"",""13665.20"","".00"","".00"",""434.70"",""166.10"",""664.40"",""324.00"","" "",""Knutsdotter, Ulrika"",""1"",""SEK"",""2.87"",""2.87"",""9789189857315"",""Det sitter en elefant på min rygg - en liten bok om sorg"",""9789189857315 - Det sitter en elefant på min rygg - en liten bok om sorg"", Media 24 / Digibook S6993,""Leverantör"",""1005.50"",""1891.00"","".00"","".00"",""Audio Book : Extended distribution"",""71073.00"",""4917.67"","".00"","".00"","".00"","".00"","".00"","".00"","".00"","".00"",""0"",""0""";;
"6993,""2025-09-30"",""2025-07-01"",""FS545511"","".00"",""506.40"",""2432.70"",""59.40"",""13665.20"","".00"","".00"",""434.70"",""166.10"",""664.40"",""324.00"","" "",""Knutsdotter, Ulrika"",""1"",""SEK"",""2.91"",""2.91"",""9789189857315"",""Det sitter en elefant på min rygg - en liten bok om sorg"",""9789189857315 - Det sitter en elefant på min rygg - en liten bok om sorg"", Media 24 / Digibook S6993,""Leverantör"",""1005.50"",""1891.00"","".00"","".00"",""Audio Book : Extended distribution"",""71073.00"",""4917.67"","".00"","".00"","".00"","".00"","".00"","".00"","".00"","".00"",""0"",""0""";;
"6993,""2025-09-30"",""2025-07-01"",""FS545511"","".00"",""506.40"",""2432.70"",""59.40"",""13665.20"","".00"","".00"",""434.70"",""166.10"",""664.40"",""324.00"","" "",""Knutsdotter, Ulrika"",""2"",""SEK"",""6.09"",""3.05"",""9789189857315"",""Det sitter en elefant på min rygg - en liten bok om sorg"",""9789189857315 - Det sitter en elefant på min rygg - en liten bok om sorg"", Media 24 / Digibook S6993,""Leverantör"",""1005.50"",""1891.00"","".00"","".00"",""Audio Book : Extended distribution"",""71073.00"",""4917.67"","".00"","".00"","".00"","".00"","".00"","".00"","".00"","".00"",""0"",""0""";;
"6993,""2025-09-30"",""2025-07-01"",""FS545511"","".00"",""506.40"",""2432.70"",""59.40"",""13665.20"","".00"","".00"",""434.70"",""166.10"",""664.40"",""324.00"","" "",""Kocon, Fredrik"",""2"",""SEK"",""5.08"",""2.54"",""9789189857452"",""Självledarskap 6.0"",""9789189857452 - Självledarskap 6.0"", Media 24 / Digibook S6993,""Leverantör"",""1005.50"",""1891.00"","".00"","".00"",""Audio Book : Extended distribution"",""71073.00"",""4917.67"","".00"","".00"","".00"","".00"","".00"","".00"","".00"","".00"",""0"",""0""";;
"6993,""2025-09-30"",""2025-07-01"",""FS545511"","".00"",""506.40"",""2432.70"",""59.40"",""13665.20"","".00"","".00"",""434.70"",""166.10"",""664.40"",""324.00"","" "",""Kocon, Fredrik"",""2"",""SEK"",""5.14"",""2.57"",""9789189857452"",""Självledarskap 6.0"",""9789189857452 - Självledarskap 6.0"", Media 24 / Digibook S6993,""Leverantör"",""1005.50"",""1891.00"","".00"","".00"",""Audio Book : Extended distribution"",""71073.00"",""4917.67"","".00"","".00"","".00"","".00"","".00"","".00"","".00"","".00"",""0"",""0""";;
"6993,""2025-09-30"",""2025-07-01"",""FS545511"","".00"",""506.40"",""2432.70"",""59.40"",""13665.20"","".00"","".00"",""434.70"",""166.10"",""664.40"",""324.00"","" "",""Kocon, Fredrik"",""1"",""SEK"",""2.62"",""2.62"",""9789189857452"",""Självledarskap 6.0"",""9789189857452 - Självledarskap 6.0"", Media 24 / Digibook S6993,""Leverantör"",""1005.50"",""1891.00"","".00"","".00"",""Audio Book : Extended distribution"",""71073.00"",""4917.67"","".00"","".00"","".00"","".00"","".00"","".00"","".00"","".00"",""0"",""0""";;
"6993,""2025-09-30"",""2025-07-01"",""FS545511"","".00"",""506.40"",""2432.70"",""59.40"",""13665.20"","".00"","".00"",""434.70"",""166.10"",""664.40"",""324.00"","" "",""Kocon, Fredrik"",""1"",""SEK"",""2.69"",""2.69"",""9789189857452"",""Självledarskap 6.0"",""9789189857452 - Självledarskap 6.0"", Media 24 / Digibook S6993,""Leverantör"",""1005.50"",""1891.00"","".00"","".00"",""Audio Book : Extended distribution"",""71073.00"",""4917.67"","".00"","".00"","".00"","".00"","".00"","".00"","".00"","".00"",""0"",""0""";;
"6993,""2025-09-30"",""2025-07-01"",""FS545511"","".00"",""506.40"",""2432.70"",""59.40"",""13665.20"","".00"","".00"",""434.70"",""166.10"",""664.40"",""324.00"","" "",""Kocon, Fredrik"",""1"",""SEK"",""2.70"",""2.70"",""9789189857452"",""Självledarskap 6.0"",""9789189857452 - Självledarskap 6.0"", Media 24 / Digibook S6993,""Leverantör"",""1005.50"",""1891.00"","".00"","".00"",""Audio Book : School Subscription"",""71073.00"",""4917.67"","".00"","".00"","".00"","".00"","".00"","".00"","".00"","".00"",""0"",""0""";;
"6993,""2025-09-30"",""2025-07-01"",""FS545511"","".00"",""506.40"",""2432.70"",""59.40"",""13665.20"","".00"","".00"",""434.70"",""166.10"",""664.40"",""324.00"","" "",""Kocon, Fredrik"",""2"",""SEK"",""6.10"",""3.05"",""9789189857452"",""Självledarskap 6.0"",""9789189857452 - Självledarskap 6.0"", Media 24 / Digibook S6993,""Leverantör"",""1005.50"",""1891.00"","".00"","".00"",""Audio Book : Extended distribution"",""71073.00"",""4917.67"","".00"","".00"","".00"","".00"","".00"","".00"","".00"","".00"",""0"",""0""";;
"6993,""2025-09-30"",""2025-07-01"",""FS545511"","".00"",""506.40"",""2432.70"",""59.40"",""13665.20"","".00"","".00"",""434.70"",""166.10"",""664.40"",""324.00"","" "",""Kocon, Fredrik"",""1"",""SEK"",""11.20"",""11.20"",""9789189857452"",""Självledarskap 6.0"",""9789189857452 - Självledarskap 6.0"", Media 24 / Digibook S6993,""Leverantör"",""1005.50"",""1891.00"","".00"","".00"",""Audio Book : Access Loan"",""71073.00"",""4917.67"","".00"","".00"","".00"","".00"","".00"","".00"","".00"","".00"",""0"",""0""";;
"6993,""2025-09-30"",""2025-07-01"",""FS545511"","".00"",""506.40"",""2432.70"",""59.40"",""13665.20"","".00"","".00"",""434.70"",""166.10"",""664.40"",""324.00"","" "",""Kommentar, Klockren"",""1"",""SEK"",""2.70"",""2.70"",""9789189835696"",""Svanar & dickpics - En femstjärnig resa genom oförglömliga kommentarsfält"",""9789189835696 - Svanar & dickpics - En femstjärnig resa genom oförglömliga kommentarsfält"", Media 24 / Digibook S6993,""Leverantör"",""1005.50"",""1891.00"","".00"","".00"",""Ebook : School Subscription"",""71073.00"",""4917.67"","".00"","".00"","".00"","".00"","".00"","".00"","".00"","".00"",""0"",""0""";;
"6993,""2025-09-30"",""2025-07-01"",""FS545511"","".00"",""506.40"",""2432.70"",""59.40"",""13665.20"","".00"","".00"",""434.70"",""166.10"",""664.40"",""324.00"","" "",""Kosmisk kunskap"",""1"",""SEK"",""2.70"",""2.70"",""9789189857414"",""Dimensionella medium - Esoteriska rådgivare - Änglamedium - 2024"",""9789189857414 - Dimensionella medium - Esoteriska rådgivare - Änglamedium - 2024"", Media 24 / Digibook S6993,""Leverantör"",""1005.50"",""1891.00"","".00"","".00"",""Ebook : School Subscription"",""71073.00"",""4917.67"","".00"","".00"","".00"","".00"","".00"","".00"","".00"","".00"",""0"",""0""";;
"6993,""2025-09-30"",""2025-07-01"",""FS545511"","".00"",""506.40"",""2432.70"",""59.40"",""13665.20"","".00"","".00"",""434.70"",""166.10"",""664.40"",""324.00"","" "",""Kosmisk kunskap"",""1"",""SEK"",""7.37"",""7.37"",""9789189857414"",""Dimensionella medium - Esoteriska rådgivare - Änglamedium - 2024"",""9789189857414 - Dimensionella medium - Esoteriska rådgivare - Änglamedium - 2024"", Media 24 / Digibook S6993,""Leverantör"",""1005.50"",""1891.00"","".00"","".00"",""Ebook : Extended distribution"",""71073.00"",""4917.67"","".00"","".00"","".00"","".00"","".00"","".00"","".00"","".00"",""0"",""0""";;
"6993,""2025-09-30"",""2025-07-01"",""FS545511"","".00"",""506.40"",""2432.70"",""59.40"",""13665.20"","".00"","".00"",""434.70"",""166.10"",""664.40"",""324.00"","" "",""Kosmisk kunskap"",""1"",""SEK"",""7.95"",""7.95"",""9789189857414"",""Dimensionella medium - Esoteriska rådgivare - Änglamedium - 2024"",""9789189857414 - Dimensionella medium - Esoteriska rådgivare - Änglamedium - 2024"", Media 24 / Digibook S6993,""Leverantör"",""1005.50"",""1891.00"","".00"","".00"",""Ebook : Extended distribution"",""71073.00"",""4917.67"","".00"","".00"","".00"","".00"","".00"","".00"","".00"","".00"",""0"",""0""";;
"6993,""2025-09-30"",""2025-07-01"",""FS545511"","".00"",""506.40"",""2432.70"",""59.40"",""13665.20"","".00"","".00"",""434.70"",""166.10"",""664.40"",""324.00"","" "",""Kraaft, Katarina"",""2"",""SEK"",""3.56"",""1.78"",""9789189539136"",""Mental avslappning"",""9789189539136 - Mental avslappning"", Media 24 / Digibook S6993,""Leverantör"",""1005.50"",""1891.00"","".00"","".00"",""Audio Book : Extended distribution"",""71073.00"",""4917.67"","".00"","".00"","".00"","".00"","".00"","".00"","".00"","".00"",""0"",""0""";;
"6993,""2025-09-30"",""2025-07-01"",""FS545511"","".00"",""506.40"",""2432.70"",""59.40"",""13665.20"","".00"","".00"",""434.70"",""166.10"",""664.40"",""324.00"","" "",""Kraaft, Katarina"",""11"",""SEK"",""19.79"",""1.80"",""9789189539136"",""Mental avslappning"",""9789189539136 - Mental avslappning"", Media 24 / Digibook S6993,""Leverantör"",""1005.50"",""1891.00"","".00"","".00"",""Audio Book : Extended distribution"",""71073.00"",""4917.67"","".00"","".00"","".00"","".00"","".00"","".00"","".00"","".00"",""0"",""0""";;
"6993,""2025-09-30"",""2025-07-01"",""FS545511"","".00"",""506.40"",""2432.70"",""59.40"",""13665.20"","".00"","".00"",""434.70"",""166.10"",""664.40"",""324.00"","" "",""Kraaft, Katarina"",""17"",""SEK"",""31.20"",""1.84"",""9789189539136"",""Mental avslappning"",""9789189539136 - Mental avslappning"", Media 24 / Digibook S6993,""Leverantör"",""1005.50"",""1891.00"","".00"","".00"",""Audio Book : Extended distribution"",""71073.00"",""4917.67"","".00"","".00"","".00"","".00"","".00"","".00"","".00"","".00"",""0"",""0""";;
"6993,""2025-09-30"",""2025-07-01"",""FS545511"","".00"",""506.40"",""2432.70"",""59.40"",""13665.20"","".00"","".00"",""434.70"",""166.10"",""664.40"",""324.00"","" "",""Kraaft, Katarina"",""18"",""SEK"",""33.94"",""1.89"",""9789189539136"",""Mental avslappning"",""9789189539136 - Mental avslappning"", Media 24 / Digibook S6993,""Leverantör"",""1005.50"",""1891.00"","".00"","".00"",""Audio Book : Extended distribution"",""71073.00"",""4917.67"","".00"","".00"","".00"","".00"","".00"","".00"","".00"","".00"",""0"",""0""";;
"6993,""2025-09-30"",""2025-07-01"",""FS545511"","".00"",""506.40"",""2432.70"",""59.40"",""13665.20"","".00"","".00"",""434.70"",""166.10"",""664.40"",""324.00"","" "",""Kraaft, Katarina"",""1"",""SEK"",""2.70"",""2.70"",""9789189539136"",""Mental avslappning"",""9789189539136 - Mental avslappning"", Media 24 / Digibook S6993,""Leverantör"",""1005.50"",""1891.00"","".00"","".00"",""Audio Book : School Subscription"",""71073.00"",""4917.67"","".00"","".00"","".00"","".00"","".00"","".00"","".00"","".00"",""0"",""0""";;
"6993,""2025-09-30"",""2025-07-01"",""FS545511"","".00"",""506.40"",""2432.70"",""59.40"",""13665.20"","".00"","".00"",""434.70"",""166.10"",""664.40"",""324.00"","" "",""Kraaft, Katarina"",""1"",""SEK"",""4.00"",""4.00"",""9789189539136"",""Mental avslappning"",""9789189539136 - Mental avslappning"", Media 24 / Digibook S6993,""Leverantör"",""1005.50"",""1891.00"","".00"","".00"",""Audio Book : Agregated"",""71073.00"",""4917.67"","".00"","".00"","".00"","".00"","".00"","".00"","".00"","".00"",""0"",""0""";;
"6993,""2025-09-30"",""2025-07-01"",""FS545511"","".00"",""506.40"",""2432.70"",""59.40"",""13665.20"","".00"","".00"",""434.70"",""166.10"",""664.40"",""324.00"","" "",""Kraaft, Katarina"",""1"",""SEK"",""8.00"",""8.00"",""9789189539136"",""Mental avslappning"",""9789189539136 - Mental avslappning"", Media 24 / Digibook S6993,""Leverantör"",""1005.50"",""1891.00"","".00"","".00"",""Audio Book : Access Loan"",""71073.00"",""4917.67"","".00"","".00"","".00"","".00"","".00"","".00"","".00"","".00"",""0"",""0""";;
"6993,""2025-09-30"",""2025-07-01"",""FS545511"","".00"",""506.40"",""2432.70"",""59.40"",""13665.20"","".00"","".00"",""434.70"",""166.10"",""664.40"",""324.00"","" "",""Kuusela, Kirsti"",""1"",""SEK"",""2.11"",""2.11"",""9789189835931"",""Berättelser från Kalevala"",""9789189835931 - Berättelser från Kalevala"", Media 24 / Digibook S6993,""Leverantör"",""1005.50"",""1891.00"","".00"","".00"",""Ebook : Extended distribution"",""71073.00"",""4917.67"","".00"","".00"","".00"","".00"","".00"","".00"","".00"","".00"",""0"",""0""";;
"6993,""2025-09-30"",""2025-07-01"",""FS545511"","".00"",""506.40"",""2432.70"",""59.40"",""13665.20"","".00"","".00"",""434.70"",""166.10"",""664.40"",""324.00"","" "",""Kuusela, Kirsti"",""1"",""SEK"",""2.70"",""2.70"",""9789189835931"",""Berättelser från Kalevala"",""9789189835931 - Berättelser från Kalevala"", Media 24 / Digibook S6993,""Leverantör"",""1005.50"",""1891.00"","".00"","".00"",""Ebook : School Subscription"",""71073.00"",""4917.67"","".00"","".00"","".00"","".00"","".00"","".00"","".00"","".00"",""0"",""0""";;
"6993,""2025-09-30"",""2025-07-01"",""FS545511"","".00"",""506.40"",""2432.70"",""59.40"",""13665.20"","".00"","".00"",""434.70"",""166.10"",""664.40"",""324.00"","" "",""Kvickrot, Lovisa"",""1"",""SEK"",""2.70"",""2.70"",""9789189539259"",""Garizimoff i Sankt Petersburg - Del 1 av 3, E-bok"",""9789189539259 - Garizimoff i Sankt Petersburg - Del 1 av 3, E-bok"", Media 24 / Digibook S6993,""Leverantör"",""1005.50"",""1891.00"","".00"","".00"",""Ebook : School Subscription"",""71073.00"",""4917.67"","".00"","".00"","".00"","".00"","".00"","".00"","".00"","".00"",""0"",""0""";;
"6993,""2025-09-30"",""2025-07-01"",""FS545511"","".00"",""506.40"",""2432.70"",""59.40"",""13665.20"","".00"","".00"",""434.70"",""166.10"",""664.40"",""324.00"","" "",""Kvickrot, Lovisa"",""1"",""SEK"",""2.70"",""2.70"",""9789189539266"",""Garizimoff - Ryssen som förnyar Rysslands regementen men flyr till Sverige - Del 2 av 3"",""9789189539266 - Garizimoff - Ryssen som förnyar Rysslands regementen men flyr till Sverige - Del 2 av 3"", Media 24 / Digibook S6993,""Leverantör"",""1005.50"",""1891.00"","".00"","".00"",""Ebook : School Subscription"",""71073.00"",""4917.67"","".00"","".00"","".00"","".00"","".00"","".00"","".00"","".00"",""0"",""0""";;
"6993,""2025-09-30"",""2025-07-01"",""FS545511"","".00"",""506.40"",""2432.70"",""59.40"",""13665.20"","".00"","".00"",""434.70"",""166.10"",""664.40"",""324.00"","" "",""Kvickrot, Lovisa"",""1"",""SEK"",""8.00"",""8.00"",""9789189539259"",""Garizimoff i Sankt Petersburg - Del 1 av 3, E-bok"",""9789189539259 - Garizimoff i Sankt Petersburg - Del 1 av 3, E-bok"", Media 24 / Digibook S6993,""Leverantör"",""1005.50"",""1891.00"","".00"","".00"",""Ebook : Access Loan"",""71073.00"",""4917.67"","".00"","".00"","".00"","".00"","".00"","".00"","".00"","".00"",""0"",""0""";;
"6993,""2025-09-30"",""2025-07-01"",""FS545511"","".00"",""506.40"",""2432.70"",""59.40"",""13665.20"","".00"","".00"",""434.70"",""166.10"",""664.40"",""324.00"","" "",""Kvickrot, Lovisa"",""3"",""SEK"",""229.50"",""76.50"",""9789189539259"",""Garizimoff i Sankt Petersburg - Del 1 av 3, E-bok"",""9789189539259 - Garizimoff i Sankt Petersburg - Del 1 av 3, E-bok"", Media 24 / Digibook S6993,""Leverantör"",""1005.50"",""1891.00"","".00"","".00"",""Ebook : Buy"",""71073.00"",""4917.67"","".00"","".00"","".00"","".00"","".00"","".00"","".00"","".00"",""0"",""0""";;
"6993,""2025-09-30"",""2025-07-01"",""FS545511"","".00"",""506.40"",""2432.70"",""59.40"",""13665.20"","".00"","".00"",""434.70"",""166.10"",""664.40"",""324.00"","" "",""L Gustavsson, Erik"",""2"",""SEK"",""52.49"",""26.25"",""9789190071113"",""Ytspänning"",""9789190071113 - Ytspänning"", Media 24 / Digibook S6993,""Leverantör"",""1005.50"",""1891.00"","".00"","".00"",""Ebook : Extended distribution"",""71073.00"",""4917.67"","".00"","".00"","".00"","".00"","".00"","".00"","".00"","".00"",""0"",""0""";;
"6993,""2025-09-30"",""2025-07-01"",""FS545511"","".00"",""506.40"",""2432.70"",""59.40"",""13665.20"","".00"","".00"",""434.70"",""166.10"",""664.40"",""324.00"","" "",""L Gustavsson, Erik"",""1"",""SEK"",""26.78"",""26.78"",""9789190071113"",""Ytspänning"",""9789190071113 - Ytspänning"", Media 24 / Digibook S6993,""Leverantör"",""1005.50"",""1891.00"","".00"","".00"",""Ebook : Extended distribution"",""71073.00"",""4917.67"","".00"","".00"","".00"","".00"","".00"","".00"","".00"","".00"",""0"",""0""";;
"6993,""2025-09-30"",""2025-07-01"",""FS545511"","".00"",""506.40"",""2432.70"",""59.40"",""13665.20"","".00"","".00"",""434.70"",""166.10"",""664.40"",""324.00"","" "",""L Gustavsson, Erik"",""1"",""SEK"",""63.00"",""63.00"",""9789190071113"",""Ytspänning"",""9789190071113 - Ytspänning"", Media 24 / Digibook S6993,""Leverantör"",""1005.50"",""1891.00"","".00"","".00"",""Ebook : Agregated"",""71073.00"",""4917.67"","".00"","".00"","".00"","".00"","".00"","".00"","".00"","".00"",""0"",""0""";;
"6993,""2025-09-30"",""2025-07-01"",""FS545511"","".00"",""506.40"",""2432.70"",""59.40"",""13665.20"","".00"","".00"",""434.70"",""166.10"",""664.40"",""324.00"","" "",""Lager, Christer GN"",""1"",""SEK"",""2.70"",""2.70"",""9789189539433"",""Luv Story"",""9789189539433 - Luv Story"", Media 24 / Digibook S6993,""Leverantör"",""1005.50"",""1891.00"","".00"","".00"",""Ebook : School Subscription"",""71073.00"",""4917.67"","".00"","".00"","".00"","".00"","".00"","".00"","".00"","".00"",""0"",""0""";;
"6993,""2025-09-30"",""2025-07-01"",""FS545511"","".00"",""506.40"",""2432.70"",""59.40"",""13665.20"","".00"","".00"",""434.70"",""166.10"",""664.40"",""324.00"","" "",""Lagerstrand, Sandra"",""1"",""SEK"",""2.70"",""2.70"",""9789189835009"",""Att slåss mot livet"",""9789189835009 - Att slåss mot livet"", Media 24 / Digibook S6993,""Leverantör"",""1005.50"",""1891.00"","".00"","".00"",""Audio Book : School Subscription"",""71073.00"",""4917.67"","".00"","".00"","".00"","".00"","".00"","".00"","".00"","".00"",""0"",""0""";;
"6993,""2025-09-30"",""2025-07-01"",""FS545511"","".00"",""506.40"",""2432.70"",""59.40"",""13665.20"","".00"","".00"",""434.70"",""166.10"",""664.40"",""324.00"","" "",""Lagerstrand, Sandra"",""1"",""SEK"",""5.56"",""5.56"",""9789189835009"",""Att slåss mot livet"",""9789189835009 - Att slåss mot livet"", Media 24 / Digibook S6993,""Leverantör"",""1005.50"",""1891.00"","".00"","".00"",""Audio Book : Extended distribution"",""71073.00"",""4917.67"","".00"","".00"","".00"","".00"","".00"","".00"","".00"","".00"",""0"",""0""";;
"6993,""2025-09-30"",""2025-07-01"",""FS545511"","".00"",""506.40"",""2432.70"",""59.40"",""13665.20"","".00"","".00"",""434.70"",""166.10"",""664.40"",""324.00"","" "",""Lagerstrand, Sandra"",""1"",""SEK"",""5.74"",""5.74"",""9789189835009"",""Att slåss mot livet"",""9789189835009 - Att slåss mot livet"", Media 24 / Digibook S6993,""Leverantör"",""1005.50"",""1891.00"","".00"","".00"",""Audio Book : Extended distribution"",""71073.00"",""4917.67"","".00"","".00"","".00"","".00"","".00"","".00"","".00"","".00"",""0"",""0""";;
"6993,""2025-09-30"",""2025-07-01"",""FS545511"","".00"",""506.40"",""2432.70"",""59.40"",""13665.20"","".00"","".00"",""434.70"",""166.10"",""664.40"",""324.00"","" "",""Lagerstrand, Sandra"",""1"",""SEK"",""5.89"",""5.89"",""9789189835009"",""Att slåss mot livet"",""9789189835009 - Att slåss mot livet"", Media 24 / Digibook S6993,""Leverantör"",""1005.50"",""1891.00"","".00"","".00"",""Audio Book : Extended distribution"",""71073.00"",""4917.67"","".00"","".00"","".00"","".00"","".00"","".00"","".00"","".00"",""0"",""0""";;
"6993,""2025-09-30"",""2025-07-01"",""FS545511"","".00"",""506.40"",""2432.70"",""59.40"",""13665.20"","".00"","".00"",""434.70"",""166.10"",""664.40"",""324.00"","" "",""Lagerstrand, Sandra"",""18"",""SEK"",""120.23"",""6.68"",""9789189835009"",""Att slåss mot livet"",""9789189835009 - Att slåss mot livet"", Media 24 / Digibook S6993,""Leverantör"",""1005.50"",""1891.00"","".00"","".00"",""Audio Book : Extended distribution"",""71073.00"",""4917.67"","".00"","".00"","".00"","".00"","".00"","".00"","".00"","".00"",""0"",""0""";;
"6993,""2025-09-30"",""2025-07-01"",""FS545511"","".00"",""506.40"",""2432.70"",""59.40"",""13665.20"","".00"","".00"",""434.70"",""166.10"",""664.40"",""324.00"","" "",""Landahl, Hanna"",""1"",""SEK"","".61"","".61"",""9789189835764"",""Elvis, kom hem!"",""9789189835764 - Elvis, kom hem!"", Media 24 / Digibook S6993,""Leverantör"",""1005.50"",""1891.00"","".00"","".00"",""Audio Book : Extended distribution"",""71073.00"",""4917.67"","".00"","".00"","".00"","".00"","".00"","".00"","".00"","".00"",""0"",""0""";;
"6993,""2025-09-30"",""2025-07-01"",""FS545511"","".00"",""506.40"",""2432.70"",""59.40"",""13665.20"","".00"","".00"",""434.70"",""166.10"",""664.40"",""324.00"","" "",""Landahl, Hanna"",""2"",""SEK"",""1.23"","".62"",""9789189835764"",""Elvis, kom hem!"",""9789189835764 - Elvis, kom hem!"", Media 24 / Digibook S6993,""Leverantör"",""1005.50"",""1891.00"","".00"","".00"",""Audio Book : Extended distribution"",""71073.00"",""4917.67"","".00"","".00"","".00"","".00"","".00"","".00"","".00"","".00"",""0"",""0""";;
"6993,""2025-09-30"",""2025-07-01"",""FS545511"","".00"",""506.40"",""2432.70"",""59.40"",""13665.20"","".00"","".00"",""434.70"",""166.10"",""664.40"",""324.00"","" "",""Landahl, Hanna"",""2"",""SEK"",""1.46"","".73"",""9789189835764"",""Elvis, kom hem!"",""9789189835764 - Elvis, kom hem!"", Media 24 / Digibook S6993,""Leverantör"",""1005.50"",""1891.00"","".00"","".00"",""Audio Book : Extended distribution"",""71073.00"",""4917.67"","".00"","".00"","".00"","".00"","".00"","".00"","".00"","".00"",""0"",""0""";;
"6993,""2025-09-30"",""2025-07-01"",""FS545511"","".00"",""506.40"",""2432.70"",""59.40"",""13665.20"","".00"","".00"",""434.70"",""166.10"",""664.40"",""324.00"","" "",""Landahl, Hanna"",""1"",""SEK"",""2.70"",""2.70"",""9789189835535"",""Välkommen till Himmelsta"",""9789189835535 - Välkommen till Himmelsta"", Media 24 / Digibook S6993,""Leverantör"",""1005.50"",""1891.00"","".00"","".00"",""Ebook : School Subscription"",""71073.00"",""4917.67"","".00"","".00"","".00"","".00"","".00"","".00"","".00"","".00"",""0"",""0""";;
"6993,""2025-09-30"",""2025-07-01"",""FS545511"","".00"",""506.40"",""2432.70"",""59.40"",""13665.20"","".00"","".00"",""434.70"",""166.10"",""664.40"",""324.00"","" "",""Landahl, Hanna"",""1"",""SEK"",""2.70"",""2.70"",""9789189835580"",""14 and in Love"",""9789189835580 - 14 and in Love"", Media 24 / Digibook S6993,""Leverantör"",""1005.50"",""1891.00"","".00"","".00"",""Ebook : School Subscription"",""71073.00"",""4917.67"","".00"","".00"","".00"","".00"","".00"","".00"","".00"","".00"",""0"",""0""";;
"6993,""2025-09-30"",""2025-07-01"",""FS545511"","".00"",""506.40"",""2432.70"",""59.40"",""13665.20"","".00"","".00"",""434.70"",""166.10"",""664.40"",""324.00"","" "",""Landahl, Hanna"",""1"",""SEK"",""2.70"",""2.70"",""9789189835764"",""Elvis, kom hem!"",""9789189835764 - Elvis, kom hem!"", Media 24 / Digibook S6993,""Leverantör"",""1005.50"",""1891.00"","".00"","".00"",""Audio Book : School Subscription"",""71073.00"",""4917.67"","".00"","".00"","".00"","".00"","".00"","".00"","".00"","".00"",""0"",""0""";;
"6993,""2025-09-30"",""2025-07-01"",""FS545511"","".00"",""506.40"",""2432.70"",""59.40"",""13665.20"","".00"","".00"",""434.70"",""166.10"",""664.40"",""324.00"","" "",""Langlé, Annika"",""1"",""SEK"",""2.70"",""2.70"",""9789189539204"",""Numerologi i vår tid - en esoterisk kunskapsväg"",""9789189539204 - Numerologi i vår tid - en esoterisk kunskapsväg"", Media 24 / Digibook S6993,""Leverantör"",""1005.50"",""1891.00"","".00"","".00"",""Ebook : School Subscription"",""71073.00"",""4917.67"","".00"","".00"","".00"","".00"","".00"","".00"","".00"","".00"",""0"",""0""";;
"6993,""2025-09-30"",""2025-07-01"",""FS545511"","".00"",""506.40"",""2432.70"",""59.40"",""13665.20"","".00"","".00"",""434.70"",""166.10"",""664.40"",""324.00"","" "",""Langlé, Annika"",""1"",""SEK"",""11.23"",""11.23"",""9789189539204"",""Numerologi i vår tid - en esoterisk kunskapsväg"",""9789189539204 - Numerologi i vår tid - en esoterisk kunskapsväg"", Media 24 / Digibook S6993,""Leverantör"",""1005.50"",""1891.00"","".00"","".00"",""Ebook : Extended distribution"",""71073.00"",""4917.67"","".00"","".00"","".00"","".00"","".00"","".00"","".00"","".00"",""0"",""0""";;
"6993,""2025-09-30"",""2025-07-01"",""FS545511"","".00"",""506.40"",""2432.70"",""59.40"",""13665.20"","".00"","".00"",""434.70"",""166.10"",""664.40"",""324.00"","" "",""Langlé, Annika"",""1"",""SEK"",""47.70"",""47.70"",""9789189539204"",""Numerologi i vår tid - en esoterisk kunskapsväg"",""9789189539204 - Numerologi i vår tid - en esoterisk kunskapsväg"", Media 24 / Digibook S6993,""Leverantör"",""1005.50"",""1891.00"","".00"","".00"",""Ebook : Agregated"",""71073.00"",""4917.67"","".00"","".00"","".00"","".00"","".00"","".00"","".00"","".00"",""0"",""0""";;
"6993,""2025-09-30"",""2025-07-01"",""FS545511"","".00"",""506.40"",""2432.70"",""59.40"",""13665.20"","".00"","".00"",""434.70"",""166.10"",""664.40"",""324.00"","" "",""Langlé, Annika"",""2"",""SEK"",""144.00"",""72.00"",""9789189539204"",""Numerologi i vår tid - en esoterisk kunskapsväg"",""9789189539204 - Numerologi i vår tid - en esoterisk kunskapsväg"", Media 24 / Digibook S6993,""Leverantör"",""1005.50"",""1891.00"","".00"","".00"",""Ebook : Buy"",""71073.00"",""4917.67"","".00"","".00"","".00"","".00"","".00"","".00"","".00"","".00"",""0"",""0""";;
"6993,""2025-09-30"",""2025-07-01"",""FS545511"","".00"",""506.40"",""2432.70"",""59.40"",""13665.20"","".00"","".00"",""434.70"",""166.10"",""664.40"",""324.00"","" "",""Lantz, Julia"",""28"",""SEK"",""414.10"",""14.79"",""9789190071465"",""Gården"",""9789190071465 - Gården"", Media 24 / Digibook S6993,""Leverantör"",""1005.50"",""1891.00"","".00"","".00"",""Audio Book : Extended distribution"",""71073.00"",""4917.67"","".00"","".00"","".00"","".00"","".00"","".00"","".00"","".00"",""0"",""0""";;
"6993,""2025-09-30"",""2025-07-01"",""FS545511"","".00"",""506.40"",""2432.70"",""59.40"",""13665.20"","".00"","".00"",""434.70"",""166.10"",""664.40"",""324.00"","" "",""Lantz, Julia"",""1"",""SEK"",""36.00"",""36.00"",""9789190071465"",""Gården"",""9789190071465 - Gården"", Media 24 / Digibook S6993,""Leverantör"",""1005.50"",""1891.00"","".00"","".00"",""Audio Book : Agregated"",""71073.00"",""4917.67"","".00"","".00"","".00"","".00"","".00"","".00"","".00"","".00"",""0"",""0""";;
"6993,""2025-09-30"",""2025-07-01"",""FS545511"","".00"",""506.40"",""2432.70"",""59.40"",""13665.20"","".00"","".00"",""434.70"",""166.10"",""664.40"",""324.00"","" "",""Larson, Anders"",""1"",""SEK"",""2.70"",""2.70"",""9789189739956"",""Psykosocial spilltid - ett sätt att mäta effektivitet i organisationer"",""9789189739956 - Psykosocial spilltid - ett sätt att mäta effektivitet i organisationer"", Media 24 / Digibook S6993,""Leverantör"",""1005.50"",""1891.00"","".00"","".00"",""Ebook : School Subscription"",""71073.00"",""4917.67"","".00"","".00"","".00"","".00"","".00"","".00"","".00"","".00"",""0"",""0""";;
"6993,""2025-09-30"",""2025-07-01"",""FS545511"","".00"",""506.40"",""2432.70"",""59.40"",""13665.20"","".00"","".00"",""434.70"",""166.10"",""664.40"",""324.00"","" "",""Larson, Conny"",""1"",""SEK"",""2.70"",""2.70"",""9789189539679"",""Land möter Hav möter Himmel"",""9789189539679 - Land möter Hav möter Himmel"", Media 24 / Digibook S6993,""Leverantör"",""1005.50"",""1891.00"","".00"","".00"",""Ebook : School Subscription"",""71073.00"",""4917.67"","".00"","".00"","".00"","".00"","".00"","".00"","".00"","".00"",""0"",""0""";;
"6993,""2025-09-30"",""2025-07-01"",""FS545511"","".00"",""506.40"",""2432.70"",""59.40"",""13665.20"","".00"","".00"",""434.70"",""166.10"",""664.40"",""324.00"","" "",""Larsson, Ingrid"",""2"",""SEK"",""9.54"",""4.77"",""9789190071458"",""Medan alla sover"",""9789190071458 - Medan alla sover"", Media 24 / Digibook S6993,""Leverantör"",""1005.50"",""1891.00"","".00"","".00"",""Ebook : Extended distribution"",""71073.00"",""4917.67"","".00"","".00"","".00"","".00"","".00"","".00"","".00"","".00"",""0"",""0""";;
"6993,""2025-09-30"",""2025-07-01"",""FS545511"","".00"",""506.40"",""2432.70"",""59.40"",""13665.20"","".00"","".00"",""434.70"",""166.10"",""664.40"",""324.00"","" "",""Larsson, Ingrid"",""7"",""SEK"",""359.10"",""51.30"",""9789190071458"",""Medan alla sover"",""9789190071458 - Medan alla sover"", Media 24 / Digibook S6993,""Leverantör"",""1005.50"",""1891.00"","".00"","".00"",""Ebook : Buy"",""71073.00"",""4917.67"","".00"","".00"","".00"","".00"","".00"","".00"","".00"","".00"",""0"",""0""";;
"6993,""2025-09-30"",""2025-07-01"",""FS545511"","".00"",""506.40"",""2432.70"",""59.40"",""13665.20"","".00"","".00"",""434.70"",""166.10"",""664.40"",""324.00"","" "",""Larsson, Svante"",""1"",""SEK"",""2.23"",""2.23"",""9789189539198"",""Smärtlindring …"",""9789189539198 - Smärtlindring …"", Media 24 / Digibook S6993,""Leverantör"",""1005.50"",""1891.00"","".00"","".00"",""Audio Book : Extended distribution"",""71073.00"",""4917.67"","".00"","".00"","".00"","".00"","".00"","".00"","".00"","".00"",""0"",""0""";;
"6993,""2025-09-30"",""2025-07-01"",""FS545511"","".00"",""506.40"",""2432.70"",""59.40"",""13665.20"","".00"","".00"",""434.70"",""166.10"",""664.40"",""324.00"","" "",""Larsson, Svante"",""1"",""SEK"",""2.70"",""2.70"",""9789189539198"",""Smärtlindring …"",""9789189539198 - Smärtlindring …"", Media 24 / Digibook S6993,""Leverantör"",""1005.50"",""1891.00"","".00"","".00"",""Audio Book : School Subscription"",""71073.00"",""4917.67"","".00"","".00"","".00"","".00"","".00"","".00"","".00"","".00"",""0"",""0""";;
"6993,""2025-09-30"",""2025-07-01"",""FS545511"","".00"",""506.40"",""2432.70"",""59.40"",""13665.20"","".00"","".00"",""434.70"",""166.10"",""664.40"",""324.00"","" "",""Lieng, Kristoffer"",""6"",""SEK"",""61.34"",""10.22"",""9789190071069"",""Sill i päls - 20 år i Putins skugga"",""9789190071069 - Sill i päls - 20 år i Putins skugga"", Media 24 / Digibook S6993,""Leverantör"",""1005.50"",""1891.00"","".00"","".00"",""Audio Book : Extended distribution"",""71073.00"",""4917.67"","".00"","".00"","".00"","".00"","".00"","".00"","".00"","".00"",""0"",""0""";;
"6993,""2025-09-30"",""2025-07-01"",""FS545511"","".00"",""506.40"",""2432.70"",""59.40"",""13665.20"","".00"","".00"",""434.70"",""166.10"",""664.40"",""324.00"","" "",""Lieng, Kristoffer"",""2"",""SEK"",""21.01"",""10.51"",""9789190071069"",""Sill i päls - 20 år i Putins skugga"",""9789190071069 - Sill i päls - 20 år i Putins skugga"", Media 24 / Digibook S6993,""Leverantör"",""1005.50"",""1891.00"","".00"","".00"",""Audio Book : Extended distribution"",""71073.00"",""4917.67"","".00"","".00"","".00"","".00"","".00"","".00"","".00"","".00"",""0"",""0""";;
"6993,""2025-09-30"",""2025-07-01"",""FS545511"","".00"",""506.40"",""2432.70"",""59.40"",""13665.20"","".00"","".00"",""434.70"",""166.10"",""664.40"",""324.00"","" "",""Lieng, Kristoffer"",""9"",""SEK"",""107.06"",""11.90"",""9789190071069"",""Sill i päls - 20 år i Putins skugga"",""9789190071069 - Sill i päls - 20 år i Putins skugga"", Media 24 / Digibook S6993,""Leverantör"",""1005.50"",""1891.00"","".00"","".00"",""Audio Book : Extended distribution"",""71073.00"",""4917.67"","".00"","".00"","".00"","".00"","".00"","".00"","".00"","".00"",""0"",""0""";;
"6993,""2025-09-30"",""2025-07-01"",""FS545511"","".00"",""506.40"",""2432.70"",""59.40"",""13665.20"","".00"","".00"",""434.70"",""166.10"",""664.40"",""324.00"","" "",""Lieng, Kristoffer"",""1"",""SEK"",""14.87"",""14.87"",""9789190071069"",""Sill i päls - 20 år i Putins skugga"",""9789190071069 - Sill i päls - 20 år i Putins skugga"", Media 24 / Digibook S6993,""Leverantör"",""1005.50"",""1891.00"","".00"","".00"",""Audio Book : Extended distribution"",""71073.00"",""4917.67"","".00"","".00"","".00"","".00"","".00"","".00"","".00"","".00"",""0"",""0""";;
"6993,""2025-09-30"",""2025-07-01"",""FS545511"","".00"",""506.40"",""2432.70"",""59.40"",""13665.20"","".00"","".00"",""434.70"",""166.10"",""664.40"",""324.00"","" "",""Lieng, Kristoffer"",""1"",""SEK"",""15.20"",""15.20"",""9789190071069"",""Sill i päls - 20 år i Putins skugga"",""9789190071069 - Sill i päls - 20 år i Putins skugga"", Media 24 / Digibook S6993,""Leverantör"",""1005.50"",""1891.00"","".00"","".00"",""Audio Book : Access Loan"",""71073.00"",""4917.67"","".00"","".00"","".00"","".00"","".00"","".00"","".00"","".00"",""0"",""0""";;
"6993,""2025-09-30"",""2025-07-01"",""FS545511"","".00"",""506.40"",""2432.70"",""59.40"",""13665.20"","".00"","".00"",""434.70"",""166.10"",""664.40"",""324.00"","" "",""Lind, Carola"",""1"",""SEK"",""1.47"",""1.47"",""9789189539020"",""Djurkommunikation"",""9789189539020 - Djurkommunikation"", Media 24 / Digibook S6993,""Leverantör"",""1005.50"",""1891.00"","".00"","".00"",""Audio Book : Extended distribution"",""71073.00"",""4917.67"","".00"","".00"","".00"","".00"","".00"","".00"","".00"","".00"",""0"",""0""";;
"6993,""2025-09-30"",""2025-07-01"",""FS545511"","".00"",""506.40"",""2432.70"",""59.40"",""13665.20"","".00"","".00"",""434.70"",""166.10"",""664.40"",""324.00"","" "",""Lind, Carola"",""1"",""SEK"",""1.48"",""1.48"",""9789189539020"",""Djurkommunikation"",""9789189539020 - Djurkommunikation"", Media 24 / Digibook S6993,""Leverantör"",""1005.50"",""1891.00"","".00"","".00"",""Audio Book : Extended distribution"",""71073.00"",""4917.67"","".00"","".00"","".00"","".00"","".00"","".00"","".00"","".00"",""0"",""0""";;
"6993,""2025-09-30"",""2025-07-01"",""FS545511"","".00"",""506.40"",""2432.70"",""59.40"",""13665.20"","".00"","".00"",""434.70"",""166.10"",""664.40"",""324.00"","" "",""Lind, Carola"",""1"",""SEK"",""1.51"",""1.51"",""9789189539020"",""Djurkommunikation"",""9789189539020 - Djurkommunikation"", Media 24 / Digibook S6993,""Leverantör"",""1005.50"",""1891.00"","".00"","".00"",""Audio Book : Extended distribution"",""71073.00"",""4917.67"","".00"","".00"","".00"","".00"","".00"","".00"","".00"","".00"",""0"",""0""";;
"6993,""2025-09-30"",""2025-07-01"",""FS545511"","".00"",""506.40"",""2432.70"",""59.40"",""13665.20"","".00"","".00"",""434.70"",""166.10"",""664.40"",""324.00"","" "",""Lind, Carola"",""2"",""SEK"",""3.10"",""1.55"",""9789189539020"",""Djurkommunikation"",""9789189539020 - Djurkommunikation"", Media 24 / Digibook S6993,""Leverantör"",""1005.50"",""1891.00"","".00"","".00"",""Audio Book : Extended distribution"",""71073.00"",""4917.67"","".00"","".00"","".00"","".00"","".00"","".00"","".00"","".00"",""0"",""0""";;
"6993,""2025-09-30"",""2025-07-01"",""FS545511"","".00"",""506.40"",""2432.70"",""59.40"",""13665.20"","".00"","".00"",""434.70"",""166.10"",""664.40"",""324.00"","" "",""Lind, Carola"",""1"",""SEK"",""2.70"",""2.70"",""9789189539020"",""Djurkommunikation"",""9789189539020 - Djurkommunikation"", Media 24 / Digibook S6993,""Leverantör"",""1005.50"",""1891.00"","".00"","".00"",""Audio Book : School Subscription"",""71073.00"",""4917.67"","".00"","".00"","".00"","".00"","".00"","".00"","".00"","".00"",""0"",""0""";;
"6993,""2025-09-30"",""2025-07-01"",""FS545511"","".00"",""506.40"",""2432.70"",""59.40"",""13665.20"","".00"","".00"",""434.70"",""166.10"",""664.40"",""324.00"","" "",""Lindéh, Beatrice"",""2"",""SEK"",""28.24"",""14.12"",""9789189539297"",""Vill du ha stryk? En bok om BDSM för nyfikna, utövare och alla andra"",""9789189539297 - Vill du ha stryk? En bok om BDSM för nyfikna, utövare och alla andra"", Media 24 / Digibook S6993,""Leverantör"",""1005.50"",""1891.00"","".00"","".00"",""Ebook : Extended distribution"",""71073.00"",""4917.67"","".00"","".00"","".00"","".00"","".00"","".00"","".00"","".00"",""0"",""0""";;
"6993,""2025-09-30"",""2025-07-01"",""FS545511"","".00"",""506.40"",""2432.70"",""59.40"",""13665.20"","".00"","".00"",""434.70"",""166.10"",""664.40"",""324.00"","" "",""Lindéh, Beatrice"",""2"",""SEK"",""95.40"",""47.70"",""9789189539297"",""Vill du ha stryk? En bok om BDSM för nyfikna, utövare och alla andra"",""9789189539297 - Vill du ha stryk? En bok om BDSM för nyfikna, utövare och alla andra"", Media 24 / Digibook S6993,""Leverantör"",""1005.50"",""1891.00"","".00"","".00"",""Ebook : Agregated"",""71073.00"",""4917.67"","".00"","".00"","".00"","".00"","".00"","".00"","".00"","".00"",""0"",""0""";;
"6993,""2025-09-30"",""2025-07-01"",""FS545511"","".00"",""506.40"",""2432.70"",""59.40"",""13665.20"","".00"","".00"",""434.70"",""166.10"",""664.40"",""324.00"","" "",""Lindéh, Beatrice"",""4"",""SEK"",""306.00"",""76.50"",""9789189539297"",""Vill du ha stryk? En bok om BDSM för nyfikna, utövare och alla andra"",""9789189539297 - Vill du ha stryk? En bok om BDSM för nyfikna, utövare och alla andra"", Media 24 / Digibook S6993,""Leverantör"",""1005.50"",""1891.00"","".00"","".00"",""Ebook : Buy"",""71073.00"",""4917.67"","".00"","".00"","".00"","".00"","".00"","".00"","".00"","".00"",""0"",""0""";;
"6993,""2025-09-30"",""2025-07-01"",""FS545511"","".00"",""506.40"",""2432.70"",""59.40"",""13665.20"","".00"","".00"",""434.70"",""166.10"",""664.40"",""324.00"","" "",""Lumme, Krister"",""1"",""SEK"",""5.00"",""5.00"",""9789189739000"",""Olle"",""9789189739000 - Olle"", Media 24 / Digibook S6993,""Leverantör"",""1005.50"",""1891.00"","".00"","".00"",""Ebook : Access Loan"",""71073.00"",""4917.67"","".00"","".00"","".00"","".00"","".00"","".00"","".00"","".00"",""0"",""0""";;
"6993,""2025-09-30"",""2025-07-01"",""FS545511"","".00"",""506.40"",""2432.70"",""59.40"",""13665.20"","".00"","".00"",""434.70"",""166.10"",""664.40"",""324.00"","" "",""Lövstedt, Solinda"",""1"",""SEK"",""2.70"",""2.70"",""9789189835344"",""Med Hjärta i Vården"",""9789189835344 - Med Hjärta i Vården"", Media 24 / Digibook S6993,""Leverantör"",""1005.50"",""1891.00"","".00"","".00"",""Audio Book : School Subscription"",""71073.00"",""4917.67"","".00"","".00"","".00"","".00"","".00"","".00"","".00"","".00"",""0"",""0""";;
"6993,""2025-09-30"",""2025-07-01"",""FS545511"","".00"",""506.40"",""2432.70"",""59.40"",""13665.20"","".00"","".00"",""434.70"",""166.10"",""664.40"",""324.00"","" "",""Lövstedt, Solinda"",""1"",""SEK"",""2.70"",""2.70"",""9789189835399"",""Med Hjärta i Vården"",""9789189835399 - Med Hjärta i Vården"", Media 24 / Digibook S6993,""Leverantör"",""1005.50"",""1891.00"","".00"","".00"",""Ebook : School Subscription"",""71073.00"",""4917.67"","".00"","".00"","".00"","".00"","".00"","".00"","".00"","".00"",""0"",""0""";;
"6993,""2025-09-30"",""2025-07-01"",""FS545511"","".00"",""506.40"",""2432.70"",""59.40"",""13665.20"","".00"","".00"",""434.70"",""166.10"",""664.40"",""324.00"","" "",""Lövstedt, Solinda"",""1"",""SEK"",""38.70"",""38.70"",""9789189835344"",""Med Hjärta i Vården"",""9789189835344 - Med Hjärta i Vården"", Media 24 / Digibook S6993,""Leverantör"",""1005.50"",""1891.00"","".00"","".00"",""Audio Book : Buy"",""71073.00"",""4917.67"","".00"","".00"","".00"","".00"","".00"","".00"","".00"","".00"",""0"",""0""";;
"6993,""2025-09-30"",""2025-07-01"",""FS545511"","".00"",""506.40"",""2432.70"",""59.40"",""13665.20"","".00"","".00"",""434.70"",""166.10"",""664.40"",""324.00"","" "",""Mahlén-Selenius, Alexandra"",""2"",""SEK"","".69"","".35"",""9789190071014"",""Bekännelsen"",""9789190071014 - Bekännelsen"", Media 24 / Digibook S6993,""Leverantör"",""1005.50"",""1891.00"","".00"","".00"",""Ebook : Extended distribution"",""71073.00"",""4917.67"","".00"","".00"","".00"","".00"","".00"","".00"","".00"","".00"",""0"",""0""";;
"6993,""2025-09-30"",""2025-07-01"",""FS545511"","".00"",""506.40"",""2432.70"",""59.40"",""13665.20"","".00"","".00"",""434.70"",""166.10"",""664.40"",""324.00"","" "",""Mahlén-Selenius, Alexandra"",""3"",""SEK"",""1.34"","".45"",""9789190071021"",""Bekännelsen"",""9789190071021 - Bekännelsen"", Media 24 / Digibook S6993,""Leverantör"",""1005.50"",""1891.00"","".00"","".00"",""Audio Book : Extended distribution"",""71073.00"",""4917.67"","".00"","".00"","".00"","".00"","".00"","".00"","".00"","".00"",""0"",""0""";;
"6993,""2025-09-30"",""2025-07-01"",""FS545511"","".00"",""506.40"",""2432.70"",""59.40"",""13665.20"","".00"","".00"",""434.70"",""166.10"",""664.40"",""324.00"","" "",""Mahlén-Selenius, Alexandra"",""2"",""SEK"",""1.00"","".50"",""9789190071021"",""Bekännelsen"",""9789190071021 - Bekännelsen"", Media 24 / Digibook S6993,""Leverantör"",""1005.50"",""1891.00"","".00"","".00"",""Audio Book : Extended distribution"",""71073.00"",""4917.67"","".00"","".00"","".00"","".00"","".00"","".00"","".00"","".00"",""0"",""0""";;
"6993,""2025-09-30"",""2025-07-01"",""FS545511"","".00"",""506.40"",""2432.70"",""59.40"",""13665.20"","".00"","".00"",""434.70"",""166.10"",""664.40"",""324.00"","" "",""Mahlén-Selenius, Alexandra"",""1"",""SEK"","".63"","".63"",""9789190071021"",""Bekännelsen"",""9789190071021 - Bekännelsen"", Media 24 / Digibook S6993,""Leverantör"",""1005.50"",""1891.00"","".00"","".00"",""Audio Book : Extended distribution"",""71073.00"",""4917.67"","".00"","".00"","".00"","".00"","".00"","".00"","".00"","".00"",""0"",""0""";;
"6993,""2025-09-30"",""2025-07-01"",""FS545511"","".00"",""506.40"",""2432.70"",""59.40"",""13665.20"","".00"","".00"",""434.70"",""166.10"",""664.40"",""324.00"","" "",""Mahlén-Selenius, Alexandra"",""1"",""SEK"",""4.00"",""4.00"",""9789190071021"",""Bekännelsen"",""9789190071021 - Bekännelsen"", Media 24 / Digibook S6993,""Leverantör"",""1005.50"",""1891.00"","".00"","".00"",""Audio Book : Access Loan"",""71073.00"",""4917.67"","".00"","".00"","".00"","".00"","".00"","".00"","".00"","".00"",""0"",""0""";;
"6993,""2025-09-30"",""2025-07-01"",""FS545511"","".00"",""506.40"",""2432.70"",""59.40"",""13665.20"","".00"","".00"",""434.70"",""166.10"",""664.40"",""324.00"","" "",""Mahlén-Selenius, Alexandra"",""1"",""SEK"",""11.00"",""11.00"",""9789190071014"",""Bekännelsen"",""9789190071014 - Bekännelsen"", Media 24 / Digibook S6993,""Leverantör"",""1005.50"",""1891.00"","".00"","".00"",""Ebook : Buy"",""71073.00"",""4917.67"","".00"","".00"","".00"","".00"","".00"","".00"","".00"","".00"",""0"",""0""";;
"6993,""2025-09-30"",""2025-07-01"",""FS545511"","".00"",""506.40"",""2432.70"",""59.40"",""13665.20"","".00"","".00"",""434.70"",""166.10"",""664.40"",""324.00"","" "",""Mahlén-Selenius, Alexandra"",""1"",""SEK"",""166.10"",""166.10"",""9789190071021"",""Bekännelsen"",""9789190071021 - Bekännelsen"", Media 24 / Digibook S6993,""Leverantör"",""1005.50"",""1891.00"","".00"","".00"",""Audio Book : School Subscription"",""71073.00"",""4917.67"","".00"","".00"","".00"","".00"","".00"","".00"","".00"","".00"",""0"",""0""";;
"6993,""2025-09-30"",""2025-07-01"",""FS545511"","".00"",""506.40"",""2432.70"",""59.40"",""13665.20"","".00"","".00"",""434.70"",""166.10"",""664.40"",""324.00"","" "",""Malmström, Per-Olof"",""1"",""SEK"",""2.70"",""2.70"",""9789189857469"",""Plågad Ande"",""9789189857469 - Plågad Ande"", Media 24 / Digibook S6993,""Leverantör"",""1005.50"",""1891.00"","".00"","".00"",""Ebook : School Subscription"",""71073.00"",""4917.67"","".00"","".00"","".00"","".00"","".00"","".00"","".00"","".00"",""0"",""0""";;
"6993,""2025-09-30"",""2025-07-01"",""FS545511"","".00"",""506.40"",""2432.70"",""59.40"",""13665.20"","".00"","".00"",""434.70"",""166.10"",""664.40"",""324.00"","" "",""Meldrum, Ewa"",""1"",""SEK"",""2.70"",""2.70"",""9789189835986"",""Allt är så jävla bra"",""9789189835986 - Allt är så jävla bra"", Media 24 / Digibook S6993,""Leverantör"",""1005.50"",""1891.00"","".00"","".00"",""Ebook : School Subscription"",""71073.00"",""4917.67"","".00"","".00"","".00"","".00"","".00"","".00"","".00"","".00"",""0"",""0""";;
"6993,""2025-09-30"",""2025-07-01"",""FS545511"","".00"",""506.40"",""2432.70"",""59.40"",""13665.20"","".00"","".00"",""434.70"",""166.10"",""664.40"",""324.00"","" "",""Milton, Jörgen"",""1"",""SEK"",""2.70"",""2.70"",""9789189539600"",""I Tigerns Käftar"",""9789189539600 - I Tigerns Käftar"", Media 24 / Digibook S6993,""Leverantör"",""1005.50"",""1891.00"","".00"","".00"",""Audio Book : School Subscription"",""71073.00"",""4917.67"","".00"","".00"","".00"","".00"","".00"","".00"","".00"","".00"",""0"",""0""";;
"6993,""2025-09-30"",""2025-07-01"",""FS545511"","".00"",""506.40"",""2432.70"",""59.40"",""13665.20"","".00"","".00"",""434.70"",""166.10"",""664.40"",""324.00"","" "",""Milton, Jörgen"",""3"",""SEK"",""15.00"",""5.00"",""9789189539600"",""I Tigerns Käftar"",""9789189539600 - I Tigerns Käftar"", Media 24 / Digibook S6993,""Leverantör"",""1005.50"",""1891.00"","".00"","".00"",""Audio Book : Access Loan"",""71073.00"",""4917.67"","".00"","".00"","".00"","".00"","".00"","".00"","".00"","".00"",""0"",""0""";;
"6993,""2025-09-30"",""2025-07-01"",""FS545511"","".00"",""506.40"",""2432.70"",""59.40"",""13665.20"","".00"","".00"",""434.70"",""166.10"",""664.40"",""324.00"","" "",""Neander, E-L"",""1"",""SEK"",""2.70"",""2.70"",""9789189835566"",""Midvinterblot"",""9789189835566 - Midvinterblot"", Media 24 / Digibook S6993,""Leverantör"",""1005.50"",""1891.00"","".00"","".00"",""Ebook : School Subscription"",""71073.00"",""4917.67"","".00"","".00"","".00"","".00"","".00"","".00"","".00"","".00"",""0"",""0""";;
"6993,""2025-09-30"",""2025-07-01"",""FS545511"","".00"",""506.40"",""2432.70"",""59.40"",""13665.20"","".00"","".00"",""434.70"",""166.10"",""664.40"",""324.00"","" "",""Neander, E-L"",""1"",""SEK"",""2.70"",""2.70"",""9789189857360"",""Särling"",""9789189857360 - Särling"", Media 24 / Digibook S6993,""Leverantör"",""1005.50"",""1891.00"","".00"","".00"",""Audio Book : School Subscription"",""71073.00"",""4917.67"","".00"","".00"","".00"","".00"","".00"","".00"","".00"","".00"",""0"",""0""";;
"6993,""2025-09-30"",""2025-07-01"",""FS545511"","".00"",""506.40"",""2432.70"",""59.40"",""13665.20"","".00"","".00"",""434.70"",""166.10"",""664.40"",""324.00"","" "",""Neander, E-L"",""1"",""SEK"",""25.06"",""25.06"",""9789189857360"",""Särling"",""9789189857360 - Särling"", Media 24 / Digibook S6993,""Leverantör"",""1005.50"",""1891.00"","".00"","".00"",""Audio Book : Extended distribution"",""71073.00"",""4917.67"","".00"","".00"","".00"","".00"","".00"","".00"","".00"","".00"",""0"",""0""";;
"6993,""2025-09-30"",""2025-07-01"",""FS545511"","".00"",""506.40"",""2432.70"",""59.40"",""13665.20"","".00"","".00"",""434.70"",""166.10"",""664.40"",""324.00"","" "",""Neander, E-L"",""1"",""SEK"",""47.70"",""47.70"",""9789189835566"",""Midvinterblot"",""9789189835566 - Midvinterblot"", Media 24 / Digibook S6993,""Leverantör"",""1005.50"",""1891.00"","".00"","".00"",""Ebook : Agregated"",""71073.00"",""4917.67"","".00"","".00"","".00"","".00"","".00"","".00"","".00"","".00"",""0"",""0""";;
"6993,""2025-09-30"",""2025-07-01"",""FS545511"","".00"",""506.40"",""2432.70"",""59.40"",""13665.20"","".00"","".00"",""434.70"",""166.10"",""664.40"",""324.00"","" "",""Nicklasson, Birger"",""1"",""SEK"",""2.70"",""2.70"",""9789189835245"",""Exterminii - Återuppbyggnaden"",""9789189835245 - Exterminii - Återuppbyggnaden"", Media 24 / Digibook S6993,""Leverantör"",""1005.50"",""1891.00"","".00"","".00"",""Audio Book : School Subscription"",""71073.00"",""4917.67"","".00"","".00"","".00"","".00"","".00"","".00"","".00"","".00"",""0"",""0""";;
"6993,""2025-09-30"",""2025-07-01"",""FS545511"","".00"",""506.40"",""2432.70"",""59.40"",""13665.20"","".00"","".00"",""434.70"",""166.10"",""664.40"",""324.00"","" "",""Nicklasson, Birger"",""1"",""SEK"",""2.70"",""2.70"",""9789189835412"",""Exterminii - Återuppbyggnaden"",""9789189835412 - Exterminii - Återuppbyggnaden"", Media 24 / Digibook S6993,""Leverantör"",""1005.50"",""1891.00"","".00"","".00"",""Ebook : School Subscription"",""71073.00"",""4917.67"","".00"","".00"","".00"","".00"","".00"","".00"","".00"","".00"",""0"",""0""";;
"6993,""2025-09-30"",""2025-07-01"",""FS545511"","".00"",""506.40"",""2432.70"",""59.40"",""13665.20"","".00"","".00"",""434.70"",""166.10"",""664.40"",""324.00"","" "",""Nicklasson, Birger"",""1"",""SEK"",""2.70"",""2.70"",""9789189835429"",""Exterminii - Terror"",""9789189835429 - Exterminii - Terror"", Media 24 / Digibook S6993,""Leverantör"",""1005.50"",""1891.00"","".00"","".00"",""Ebook : School Subscription"",""71073.00"",""4917.67"","".00"","".00"","".00"","".00"","".00"","".00"","".00"","".00"",""0"",""0""";;
"6993,""2025-09-30"",""2025-07-01"",""FS545511"","".00"",""506.40"",""2432.70"",""59.40"",""13665.20"","".00"","".00"",""434.70"",""166.10"",""664.40"",""324.00"","" "",""Nicklasson, Birger"",""1"",""SEK"",""2.70"",""2.70"",""9789189835467"",""Exterminii - Terror"",""9789189835467 - Exterminii - Terror"", Media 24 / Digibook S6993,""Leverantör"",""1005.50"",""1891.00"","".00"","".00"",""Audio Book : School Subscription"",""71073.00"",""4917.67"","".00"","".00"","".00"","".00"","".00"","".00"","".00"","".00"",""0"",""0""";;
"6993,""2025-09-30"",""2025-07-01"",""FS545511"","".00"",""506.40"",""2432.70"",""59.40"",""13665.20"","".00"","".00"",""434.70"",""166.10"",""664.40"",""324.00"","" "",""Nicklasson, Birger"",""1"",""SEK"",""2.70"",""2.70"",""9789189835672"",""Exterminii - Genom blod och eld"",""9789189835672 - Exterminii - Genom blod och eld"", Media 24 / Digibook S6993,""Leverantör"",""1005.50"",""1891.00"","".00"","".00"",""Ebook : School Subscription"",""71073.00"",""4917.67"","".00"","".00"","".00"","".00"","".00"","".00"","".00"","".00"",""0"",""0""";;
"6993,""2025-09-30"",""2025-07-01"",""FS545511"","".00"",""506.40"",""2432.70"",""59.40"",""13665.20"","".00"","".00"",""434.70"",""166.10"",""664.40"",""324.00"","" "",""Nicklasson, Birger"",""1"",""SEK"",""2.70"",""2.70"",""9789189835689"",""Exterminii - Genom blod och eld"",""9789189835689 - Exterminii - Genom blod och eld"", Media 24 / Digibook S6993,""Leverantör"",""1005.50"",""1891.00"","".00"","".00"",""Audio Book : School Subscription"",""71073.00"",""4917.67"","".00"","".00"","".00"","".00"","".00"","".00"","".00"","".00"",""0"",""0""";;
"6993,""2025-09-30"",""2025-07-01"",""FS545511"","".00"",""506.40"",""2432.70"",""59.40"",""13665.20"","".00"","".00"",""434.70"",""166.10"",""664.40"",""324.00"","" "",""Nicklasson, Birger"",""1"",""SEK"",""2.70"",""2.70"",""9789189835832"",""Exterminii Del 4 Flykt"",""9789189835832 - Exterminii Del 4 Flykt"", Media 24 / Digibook S6993,""Leverantör"",""1005.50"",""1891.00"","".00"","".00"",""Ebook : School Subscription"",""71073.00"",""4917.67"","".00"","".00"","".00"","".00"","".00"","".00"","".00"","".00"",""0"",""0""";;
"6993,""2025-09-30"",""2025-07-01"",""FS545511"","".00"",""506.40"",""2432.70"",""59.40"",""13665.20"","".00"","".00"",""434.70"",""166.10"",""664.40"",""324.00"","" "",""Nicklasson, Birger"",""1"",""SEK"",""2.70"",""2.70"",""9789189835849"",""Exterminii - Flykt"",""9789189835849 - Exterminii - Flykt"", Media 24 / Digibook S6993,""Leverantör"",""1005.50"",""1891.00"","".00"","".00"",""Audio Book : School Subscription"",""71073.00"",""4917.67"","".00"","".00"","".00"","".00"","".00"","".00"","".00"","".00"",""0"",""0""";;
"6993,""2025-09-30"",""2025-07-01"",""FS545511"","".00"",""506.40"",""2432.70"",""59.40"",""13665.20"","".00"","".00"",""434.70"",""166.10"",""664.40"",""324.00"","" "",""Nicklasson, Birger"",""4"",""SEK"",""36.31"",""9.08"",""9789190071441"",""Daniel Seger och dubbelagenten"",""9789190071441 - Daniel Seger och dubbelagenten"", Media 24 / Digibook S6993,""Leverantör"",""1005.50"",""1891.00"","".00"","".00"",""Audio Book : Extended distribution"",""71073.00"",""4917.67"","".00"","".00"","".00"","".00"","".00"","".00"","".00"","".00"",""0"",""0""";;
"6993,""2025-09-30"",""2025-07-01"",""FS545511"","".00"",""506.40"",""2432.70"",""59.40"",""13665.20"","".00"","".00"",""434.70"",""166.10"",""664.40"",""324.00"","" "",""Nicklasson, Birger"",""4"",""SEK"",""37.03"",""9.26"",""9789190071441"",""Daniel Seger och dubbelagenten"",""9789190071441 - Daniel Seger och dubbelagenten"", Media 24 / Digibook S6993,""Leverantör"",""1005.50"",""1891.00"","".00"","".00"",""Audio Book : Extended distribution"",""71073.00"",""4917.67"","".00"","".00"","".00"","".00"","".00"","".00"","".00"","".00"",""0"",""0""";;
"6993,""2025-09-30"",""2025-07-01"",""FS545511"","".00"",""506.40"",""2432.70"",""59.40"",""13665.20"","".00"","".00"",""434.70"",""166.10"",""664.40"",""324.00"","" "",""Nicklasson, Birger"",""2"",""SEK"",""19.17"",""9.59"",""9789190071403"",""Daniel Seger och dubbelagenten"",""9789190071403 - Daniel Seger och dubbelagenten"", Media 24 / Digibook S6993,""Leverantör"",""1005.50"",""1891.00"","".00"","".00"",""Ebook : Extended distribution"",""71073.00"",""4917.67"","".00"","".00"","".00"","".00"","".00"","".00"","".00"","".00"",""0"",""0""";;
"6993,""2025-09-30"",""2025-07-01"",""FS545511"","".00"",""506.40"",""2432.70"",""59.40"",""13665.20"","".00"","".00"",""434.70"",""166.10"",""664.40"",""324.00"","" "",""Nicklasson, Birger"",""23"",""SEK"",""232.81"",""10.12"",""9789189857698"",""Svårigheten att förhindra mord på direktör Hansson"",""9789189857698 - Svårigheten att förhindra mord på direktör Hansson"", Media 24 / Digibook S6993,""Leverantör"",""1005.50"",""1891.00"","".00"","".00"",""Audio Book : Extended distribution"",""71073.00"",""4917.67"","".00"","".00"","".00"","".00"","".00"","".00"","".00"","".00"",""0"",""0""";;
"6993,""2025-09-30"",""2025-07-01"",""FS545511"","".00"",""506.40"",""2432.70"",""59.40"",""13665.20"","".00"","".00"",""434.70"",""166.10"",""664.40"",""324.00"","" "",""Nicklasson, Birger"",""3"",""SEK"",""30.98"",""10.33"",""9789189857698"",""Svårigheten att förhindra mord på direktör Hansson"",""9789189857698 - Svårigheten att förhindra mord på direktör Hansson"", Media 24 / Digibook S6993,""Leverantör"",""1005.50"",""1891.00"","".00"","".00"",""Audio Book : Extended distribution"",""71073.00"",""4917.67"","".00"","".00"","".00"","".00"","".00"","".00"","".00"","".00"",""0"",""0""";;
"6993,""2025-09-30"",""2025-07-01"",""FS545511"","".00"",""506.40"",""2432.70"",""59.40"",""13665.20"","".00"","".00"",""434.70"",""166.10"",""664.40"",""324.00"","" "",""Nicklasson, Birger"",""8"",""SEK"",""84.86"",""10.61"",""9789189857698"",""Svårigheten att förhindra mord på direktör Hansson"",""9789189857698 - Svårigheten att förhindra mord på direktör Hansson"", Media 24 / Digibook S6993,""Leverantör"",""1005.50"",""1891.00"","".00"","".00"",""Audio Book : Extended distribution"",""71073.00"",""4917.67"","".00"","".00"","".00"","".00"","".00"","".00"","".00"","".00"",""0"",""0""";;
"6993,""2025-09-30"",""2025-07-01"",""FS545511"","".00"",""506.40"",""2432.70"",""59.40"",""13665.20"","".00"","".00"",""434.70"",""166.10"",""664.40"",""324.00"","" "",""Nicklasson, Birger"",""4"",""SEK"",""43.09"",""10.77"",""9789190071441"",""Daniel Seger och dubbelagenten"",""9789190071441 - Daniel Seger och dubbelagenten"", Media 24 / Digibook S6993,""Leverantör"",""1005.50"",""1891.00"","".00"","".00"",""Audio Book : Extended distribution"",""71073.00"",""4917.67"","".00"","".00"","".00"","".00"","".00"","".00"","".00"","".00"",""0"",""0""";;
"6993,""2025-09-30"",""2025-07-01"",""FS545511"","".00"",""506.40"",""2432.70"",""59.40"",""13665.20"","".00"","".00"",""434.70"",""166.10"",""664.40"",""324.00"","" "",""Nicklasson, Birger"",""1"",""SEK"",""11.20"",""11.20"",""9789189835849"",""Exterminii - Flykt"",""9789189835849 - Exterminii - Flykt"", Media 24 / Digibook S6993,""Leverantör"",""1005.50"",""1891.00"","".00"","".00"",""Audio Book : Access Loan"",""71073.00"",""4917.67"","".00"","".00"","".00"","".00"","".00"","".00"","".00"","".00"",""0"",""0""";;
"6993,""2025-09-30"",""2025-07-01"",""FS545511"","".00"",""506.40"",""2432.70"",""59.40"",""13665.20"","".00"","".00"",""434.70"",""166.10"",""664.40"",""324.00"","" "",""Nicklasson, Birger"",""2"",""SEK"",""22.85"",""11.43"",""9789189857612"",""Svårigheten att förhindra mord på direktör Hansson"",""9789189857612 - Svårigheten att förhindra mord på direktör Hansson"", Media 24 / Digibook S6993,""Leverantör"",""1005.50"",""1891.00"","".00"","".00"",""Ebook : Extended distribution"",""71073.00"",""4917.67"","".00"","".00"","".00"","".00"","".00"","".00"","".00"","".00"",""0"",""0""";;
"6993,""2025-09-30"",""2025-07-01"",""FS545511"","".00"",""506.40"",""2432.70"",""59.40"",""13665.20"","".00"","".00"",""434.70"",""166.10"",""664.40"",""324.00"","" "",""Nicklasson, Birger"",""6"",""SEK"",""72.08"",""12.01"",""9789189857698"",""Svårigheten att förhindra mord på direktör Hansson"",""9789189857698 - Svårigheten att förhindra mord på direktör Hansson"", Media 24 / Digibook S6993,""Leverantör"",""1005.50"",""1891.00"","".00"","".00"",""Audio Book : Extended distribution"",""71073.00"",""4917.67"","".00"","".00"","".00"","".00"","".00"","".00"","".00"","".00"",""0"",""0""";;
"6993,""2025-09-30"",""2025-07-01"",""FS545511"","".00"",""506.40"",""2432.70"",""59.40"",""13665.20"","".00"","".00"",""434.70"",""166.10"",""664.40"",""324.00"","" "",""Nicklasson, Birger"",""3"",""SEK"",""36.05"",""12.02"",""9789189857698"",""Svårigheten att förhindra mord på direktör Hansson"",""9789189857698 - Svårigheten att förhindra mord på direktör Hansson"", Media 24 / Digibook S6993,""Leverantör"",""1005.50"",""1891.00"","".00"","".00"",""Audio Book : Extended distribution"",""71073.00"",""4917.67"","".00"","".00"","".00"","".00"","".00"","".00"","".00"","".00"",""0"",""0""";;
"6993,""2025-09-30"",""2025-07-01"",""FS545511"","".00"",""506.40"",""2432.70"",""59.40"",""13665.20"","".00"","".00"",""434.70"",""166.10"",""664.40"",""324.00"","" "",""Nicklasson, Birger"",""1"",""SEK"",""12.80"",""12.80"",""9789189835245"",""Exterminii - Återuppbyggnaden"",""9789189835245 - Exterminii - Återuppbyggnaden"", Media 24 / Digibook S6993,""Leverantör"",""1005.50"",""1891.00"","".00"","".00"",""Audio Book : Access Loan"",""71073.00"",""4917.67"","".00"","".00"","".00"","".00"","".00"","".00"","".00"","".00"",""0"",""0""";;
"6993,""2025-09-30"",""2025-07-01"",""FS545511"","".00"",""506.40"",""2432.70"",""59.40"",""13665.20"","".00"","".00"",""434.70"",""166.10"",""664.40"",""324.00"","" "",""Nicklasson, Birger"",""1"",""SEK"",""12.80"",""12.80"",""9789189835467"",""Exterminii - Terror"",""9789189835467 - Exterminii - Terror"", Media 24 / Digibook S6993,""Leverantör"",""1005.50"",""1891.00"","".00"","".00"",""Audio Book : Access Loan"",""71073.00"",""4917.67"","".00"","".00"","".00"","".00"","".00"","".00"","".00"","".00"",""0"",""0""";;
"6993,""2025-09-30"",""2025-07-01"",""FS545511"","".00"",""506.40"",""2432.70"",""59.40"",""13665.20"","".00"","".00"",""434.70"",""166.10"",""664.40"",""324.00"","" "",""Nicklasson, Birger"",""1"",""SEK"",""12.80"",""12.80"",""9789189835689"",""Exterminii - Genom blod och eld"",""9789189835689 - Exterminii - Genom blod och eld"", Media 24 / Digibook S6993,""Leverantör"",""1005.50"",""1891.00"","".00"","".00"",""Audio Book : Access Loan"",""71073.00"",""4917.67"","".00"","".00"","".00"","".00"","".00"","".00"","".00"","".00"",""0"",""0""";;
"6993,""2025-09-30"",""2025-07-01"",""FS545511"","".00"",""506.40"",""2432.70"",""59.40"",""13665.20"","".00"","".00"",""434.70"",""166.10"",""664.40"",""324.00"","" "",""Nicklasson, Birger"",""1"",""SEK"",""13.46"",""13.46"",""9789190071441"",""Daniel Seger och dubbelagenten"",""9789190071441 - Daniel Seger och dubbelagenten"", Media 24 / Digibook S6993,""Leverantör"",""1005.50"",""1891.00"","".00"","".00"",""Audio Book : Extended distribution"",""71073.00"",""4917.67"","".00"","".00"","".00"","".00"","".00"","".00"","".00"","".00"",""0"",""0""";;
"6993,""2025-09-30"",""2025-07-01"",""FS545511"","".00"",""506.40"",""2432.70"",""59.40"",""13665.20"","".00"","".00"",""434.70"",""166.10"",""664.40"",""324.00"","" "",""Nicklasson, Birger"",""2"",""SEK"",""30.04"",""15.02"",""9789189857698"",""Svårigheten att förhindra mord på direktör Hansson"",""9789189857698 - Svårigheten att förhindra mord på direktör Hansson"", Media 24 / Digibook S6993,""Leverantör"",""1005.50"",""1891.00"","".00"","".00"",""Audio Book : Extended distribution"",""71073.00"",""4917.67"","".00"","".00"","".00"","".00"","".00"","".00"","".00"","".00"",""0"",""0""";;
"6993,""2025-09-30"",""2025-07-01"",""FS545511"","".00"",""506.40"",""2432.70"",""59.40"",""13665.20"","".00"","".00"",""434.70"",""166.10"",""664.40"",""324.00"","" "",""Nicklasson, Birger"",""1"",""SEK"",""35.50"",""35.50"",""9789189835672"",""Exterminii - Genom blod och eld"",""9789189835672 - Exterminii - Genom blod och eld"", Media 24 / Digibook S6993,""Leverantör"",""1005.50"",""1891.00"","".00"","".00"",""Ebook : Extended distribution"",""71073.00"",""4917.67"","".00"","".00"","".00"","".00"","".00"","".00"","".00"","".00"",""0"",""0""";;
"6993,""2025-09-30"",""2025-07-01"",""FS545511"","".00"",""506.40"",""2432.70"",""59.40"",""13665.20"","".00"","".00"",""434.70"",""166.10"",""664.40"",""324.00"","" "",""Nicklasson, Birger"",""2"",""SEK"",""71.65"",""35.83"",""9789189835245"",""Exterminii - Återuppbyggnaden"",""9789189835245 - Exterminii - Återuppbyggnaden"", Media 24 / Digibook S6993,""Leverantör"",""1005.50"",""1891.00"","".00"","".00"",""Audio Book : Extended distribution"",""71073.00"",""4917.67"","".00"","".00"","".00"","".00"","".00"","".00"","".00"","".00"",""0"",""0""";;
"6993,""2025-09-30"",""2025-07-01"",""FS545511"","".00"",""506.40"",""2432.70"",""59.40"",""13665.20"","".00"","".00"",""434.70"",""166.10"",""664.40"",""324.00"","" "",""Nicklasson, Birger"",""5"",""SEK"",""180.00"",""36.00"",""9789190071441"",""Daniel Seger och dubbelagenten"",""9789190071441 - Daniel Seger och dubbelagenten"", Media 24 / Digibook S6993,""Leverantör"",""1005.50"",""1891.00"","".00"","".00"",""Audio Book : Agregated"",""71073.00"",""4917.67"","".00"","".00"","".00"","".00"","".00"","".00"","".00"","".00"",""0"",""0""";;
"6993,""2025-09-30"",""2025-07-01"",""FS545511"","".00"",""506.40"",""2432.70"",""59.40"",""13665.20"","".00"","".00"",""434.70"",""166.10"",""664.40"",""324.00"","" "",""Nicklasson, Birger"",""1"",""SEK"",""37.04"",""37.04"",""9789189835467"",""Exterminii - Terror"",""9789189835467 - Exterminii - Terror"", Media 24 / Digibook S6993,""Leverantör"",""1005.50"",""1891.00"","".00"","".00"",""Audio Book : Extended distribution"",""71073.00"",""4917.67"","".00"","".00"","".00"","".00"","".00"","".00"","".00"","".00"",""0"",""0""";;
"6993,""2025-09-30"",""2025-07-01"",""FS545511"","".00"",""506.40"",""2432.70"",""59.40"",""13665.20"","".00"","".00"",""434.70"",""166.10"",""664.40"",""324.00"","" "",""Nicklasson, Birger"",""1"",""SEK"",""37.62"",""37.62"",""9789189835689"",""Exterminii - Genom blod och eld"",""9789189835689 - Exterminii - Genom blod och eld"", Media 24 / Digibook S6993,""Leverantör"",""1005.50"",""1891.00"","".00"","".00"",""Audio Book : Extended distribution"",""71073.00"",""4917.67"","".00"","".00"","".00"","".00"","".00"","".00"","".00"","".00"",""0"",""0""";;
"6993,""2025-09-30"",""2025-07-01"",""FS545511"","".00"",""506.40"",""2432.70"",""59.40"",""13665.20"","".00"","".00"",""434.70"",""166.10"",""664.40"",""324.00"","" "",""Nicklasson, Birger"",""1"",""SEK"",""37.83"",""37.83"",""9789189835412"",""Exterminii - Återuppbyggnaden"",""9789189835412 - Exterminii - Återuppbyggnaden"", Media 24 / Digibook S6993,""Leverantör"",""1005.50"",""1891.00"","".00"","".00"",""Ebook : Extended distribution"",""71073.00"",""4917.67"","".00"","".00"","".00"","".00"","".00"","".00"","".00"","".00"",""0"",""0""";;
"6993,""2025-09-30"",""2025-07-01"",""FS545511"","".00"",""506.40"",""2432.70"",""59.40"",""13665.20"","".00"","".00"",""434.70"",""166.10"",""664.40"",""324.00"","" "",""Nicklasson, Birger"",""1"",""SEK"",""42.52"",""42.52"",""9789189835245"",""Exterminii - Återuppbyggnaden"",""9789189835245 - Exterminii - Återuppbyggnaden"", Media 24 / Digibook S6993,""Leverantör"",""1005.50"",""1891.00"","".00"","".00"",""Audio Book : Extended distribution"",""71073.00"",""4917.67"","".00"","".00"","".00"","".00"","".00"","".00"","".00"","".00"",""0"",""0""";;
"6993,""2025-09-30"",""2025-07-01"",""FS545511"","".00"",""506.40"",""2432.70"",""59.40"",""13665.20"","".00"","".00"",""434.70"",""166.10"",""664.40"",""324.00"","" "",""Nicklasson, Birger"",""1"",""SEK"",""43.15"",""43.15"",""9789189835832"",""Exterminii Del 4 Flykt"",""9789189835832 - Exterminii Del 4 Flykt"", Media 24 / Digibook S6993,""Leverantör"",""1005.50"",""1891.00"","".00"","".00"",""Ebook : Extended distribution"",""71073.00"",""4917.67"","".00"","".00"","".00"","".00"","".00"","".00"","".00"","".00"",""0"",""0""";;
"6993,""2025-09-30"",""2025-07-01"",""FS545511"","".00"",""506.40"",""2432.70"",""59.40"",""13665.20"","".00"","".00"",""434.70"",""166.10"",""664.40"",""324.00"","" "",""Nicklasson, Birger"",""1"",""SEK"",""46.43"",""46.43"",""9789189835849"",""Exterminii - Flykt"",""9789189835849 - Exterminii - Flykt"", Media 24 / Digibook S6993,""Leverantör"",""1005.50"",""1891.00"","".00"","".00"",""Audio Book : Extended distribution"",""71073.00"",""4917.67"","".00"","".00"","".00"","".00"","".00"","".00"","".00"","".00"",""0"",""0""";;
"6993,""2025-09-30"",""2025-07-01"",""FS545511"","".00"",""506.40"",""2432.70"",""59.40"",""13665.20"","".00"","".00"",""434.70"",""166.10"",""664.40"",""324.00"","" "",""Nicklasson, Birger"",""1"",""SEK"",""51.30"",""51.30"",""9789189835245"",""Exterminii - Återuppbyggnaden"",""9789189835245 - Exterminii - Återuppbyggnaden"", Media 24 / Digibook S6993,""Leverantör"",""1005.50"",""1891.00"","".00"","".00"",""Audio Book : Buy"",""71073.00"",""4917.67"","".00"","".00"","".00"","".00"","".00"","".00"","".00"","".00"",""0"",""0""";;
"6993,""2025-09-30"",""2025-07-01"",""FS545511"","".00"",""506.40"",""2432.70"",""59.40"",""13665.20"","".00"","".00"",""434.70"",""166.10"",""664.40"",""324.00"","" "",""Nicklasson, Birger"",""1"",""SEK"",""51.30"",""51.30"",""9789189835429"",""Exterminii - Terror"",""9789189835429 - Exterminii - Terror"", Media 24 / Digibook S6993,""Leverantör"",""1005.50"",""1891.00"","".00"","".00"",""Ebook : Buy"",""71073.00"",""4917.67"","".00"","".00"","".00"","".00"","".00"","".00"","".00"","".00"",""0"",""0""";;
"6993,""2025-09-30"",""2025-07-01"",""FS545511"","".00"",""506.40"",""2432.70"",""59.40"",""13665.20"","".00"","".00"",""434.70"",""166.10"",""664.40"",""324.00"","" "",""Nicklasson, Birger"",""1"",""SEK"",""51.30"",""51.30"",""9789189835467"",""Exterminii - Terror"",""9789189835467 - Exterminii - Terror"", Media 24 / Digibook S6993,""Leverantör"",""1005.50"",""1891.00"","".00"","".00"",""Audio Book : Buy"",""71073.00"",""4917.67"","".00"","".00"","".00"","".00"","".00"","".00"","".00"","".00"",""0"",""0""";;
"6993,""2025-09-30"",""2025-07-01"",""FS545511"","".00"",""506.40"",""2432.70"",""59.40"",""13665.20"","".00"","".00"",""434.70"",""166.10"",""664.40"",""324.00"","" "",""Nicklasson, Birger"",""1"",""SEK"",""51.30"",""51.30"",""9789189835689"",""Exterminii - Genom blod och eld"",""9789189835689 - Exterminii - Genom blod och eld"", Media 24 / Digibook S6993,""Leverantör"",""1005.50"",""1891.00"","".00"","".00"",""Audio Book : Buy"",""71073.00"",""4917.67"","".00"","".00"","".00"","".00"","".00"","".00"","".00"","".00"",""0"",""0""";;
"6993,""2025-09-30"",""2025-07-01"",""FS545511"","".00"",""506.40"",""2432.70"",""59.40"",""13665.20"","".00"","".00"",""434.70"",""166.10"",""664.40"",""324.00"","" "",""Nicklasson, Birger"",""1"",""SEK"",""52.60"",""52.60"",""9789189835849"",""Exterminii - Flykt"",""9789189835849 - Exterminii - Flykt"", Media 24 / Digibook S6993,""Leverantör"",""1005.50"",""1891.00"","".00"","".00"",""Audio Book : Extended distribution"",""71073.00"",""4917.67"","".00"","".00"","".00"","".00"","".00"","".00"","".00"","".00"",""0"",""0""";;
"6993,""2025-09-30"",""2025-07-01"",""FS545511"","".00"",""506.40"",""2432.70"",""59.40"",""13665.20"","".00"","".00"",""434.70"",""166.10"",""664.40"",""324.00"","" "",""Nilsson, Rebecca"",""1"",""SEK"",""2.70"",""2.70"",""9789189835382"",""Fångad av narcissisten"",""9789189835382 - Fångad av narcissisten"", Media 24 / Digibook S6993,""Leverantör"",""1005.50"",""1891.00"","".00"","".00"",""Ebook : School Subscription"",""71073.00"",""4917.67"","".00"","".00"","".00"","".00"","".00"","".00"","".00"","".00"",""0"",""0""";;
"6993,""2025-09-30"",""2025-07-01"",""FS545511"","".00"",""506.40"",""2432.70"",""59.40"",""13665.20"","".00"","".00"",""434.70"",""166.10"",""664.40"",""324.00"","" "",""Nilsson, Rebecca"",""1"",""SEK"",""11.97"",""11.97"",""9789189835382"",""Fångad av narcissisten"",""9789189835382 - Fångad av narcissisten"", Media 24 / Digibook S6993,""Leverantör"",""1005.50"",""1891.00"","".00"","".00"",""Ebook : Extended distribution"",""71073.00"",""4917.67"","".00"","".00"","".00"","".00"","".00"","".00"","".00"","".00"",""0"",""0""";;
"6993,""2025-09-30"",""2025-07-01"",""FS545511"","".00"",""506.40"",""2432.70"",""59.40"",""13665.20"","".00"","".00"",""434.70"",""166.10"",""664.40"",""324.00"","" "",""Nilsson, Sven"",""1"",""SEK"",""2.70"",""2.70"",""9789189739949"",""Vilse i livet"",""9789189739949 - Vilse i livet"", Media 24 / Digibook S6993,""Leverantör"",""1005.50"",""1891.00"","".00"","".00"",""Audio Book : School Subscription"",""71073.00"",""4917.67"","".00"","".00"","".00"","".00"","".00"","".00"","".00"","".00"",""0"",""0""";;
"6993,""2025-09-30"",""2025-07-01"",""FS545511"","".00"",""506.40"",""2432.70"",""59.40"",""13665.20"","".00"","".00"",""434.70"",""166.10"",""664.40"",""324.00"","" "",""Nygren, Per"",""1"",""SEK"",""2.70"",""2.70"",""9789189539143"",""Lasse & Lenin -En bok om Lasse Diding som hotellägare, kommunist, alkoholist, samlare, miljonär, boknörd, varbergsbo, frankofil, kubafrälst, retsticka och klosterägare"",""9789189539143 - Lasse & Lenin -En bok om Lasse Diding som hotellägare, kommunist, alkoholist, samlare, miljonär, boknörd, varbergsbo, frankofil, kubafrälst, retsticka och klosterägare"", Media 24 / Digibook S6993,""Leverantör"",""1005.50"",""1891.00"","".00"","".00"",""Audio Book : School Subscription"",""71073.00"",""4917.67"","".00"","".00"","".00"","".00"","".00"","".00"","".00"","".00"",""0"",""0""";;
"6993,""2025-09-30"",""2025-07-01"",""FS545511"","".00"",""506.40"",""2432.70"",""59.40"",""13665.20"","".00"","".00"",""434.70"",""166.10"",""664.40"",""324.00"","" "",""Nygren, Per"",""5"",""SEK"",""75.50"",""15.10"",""9789189539143"",""Lasse & Lenin -En bok om Lasse Diding som hotellägare, kommunist, alkoholist, samlare, miljonär, boknörd, varbergsbo, frankofil, kubafrälst, retsticka och klosterägare"",""9789189539143 - Lasse & Lenin -En bok om Lasse Diding som hotellägare, kommunist, alkoholist, samlare, miljonär, boknörd, varbergsbo, frankofil, kubafrälst, retsticka och klosterägare"", Media 24 / Digibook S6993,""Leverantör"",""1005.50"",""1891.00"","".00"","".00"",""Audio Book : Extended distribution"",""71073.00"",""4917.67"","".00"","".00"","".00"","".00"","".00"","".00"","".00"","".00"",""0"",""0""";;
"6993,""2025-09-30"",""2025-07-01"",""FS545511"","".00"",""506.40"",""2432.70"",""59.40"",""13665.20"","".00"","".00"",""434.70"",""166.10"",""664.40"",""324.00"","" "",""Nygren, Per"",""2"",""SEK"",""30.54"",""15.27"",""9789189539143"",""Lasse & Lenin -En bok om Lasse Diding som hotellägare, kommunist, alkoholist, samlare, miljonär, boknörd, varbergsbo, frankofil, kubafrälst, retsticka och klosterägare"",""9789189539143 - Lasse & Lenin -En bok om Lasse Diding som hotellägare, kommunist, alkoholist, samlare, miljonär, boknörd, varbergsbo, frankofil, kubafrälst, retsticka och klosterägare"", Media 24 / Digibook S6993,""Leverantör"",""1005.50"",""1891.00"","".00"","".00"",""Audio Book : Extended distribution"",""71073.00"",""4917.67"","".00"","".00"","".00"","".00"","".00"","".00"","".00"","".00"",""0"",""0""";;
"6993,""2025-09-30"",""2025-07-01"",""FS545511"","".00"",""506.40"",""2432.70"",""59.40"",""13665.20"","".00"","".00"",""434.70"",""166.10"",""664.40"",""324.00"","" "",""Nygren, Per"",""4"",""SEK"",""62.29"",""15.57"",""9789189539143"",""Lasse & Lenin -En bok om Lasse Diding som hotellägare, kommunist, alkoholist, samlare, miljonär, boknörd, varbergsbo, frankofil, kubafrälst, retsticka och klosterägare"",""9789189539143 - Lasse & Lenin -En bok om Lasse Diding som hotellägare, kommunist, alkoholist, samlare, miljonär, boknörd, varbergsbo, frankofil, kubafrälst, retsticka och klosterägare"", Media 24 / Digibook S6993,""Leverantör"",""1005.50"",""1891.00"","".00"","".00"",""Audio Book : Extended distribution"",""71073.00"",""4917.67"","".00"","".00"","".00"","".00"","".00"","".00"","".00"","".00"",""0"",""0""";;
"6993,""2025-09-30"",""2025-07-01"",""FS545511"","".00"",""506.40"",""2432.70"",""59.40"",""13665.20"","".00"","".00"",""434.70"",""166.10"",""664.40"",""324.00"","" "",""Nygren, Per"",""3"",""SEK"",""47.99"",""16.00"",""9789189539143"",""Lasse & Lenin -En bok om Lasse Diding som hotellägare, kommunist, alkoholist, samlare, miljonär, boknörd, varbergsbo, frankofil, kubafrälst, retsticka och klosterägare"",""9789189539143 - Lasse & Lenin -En bok om Lasse Diding som hotellägare, kommunist, alkoholist, samlare, miljonär, boknörd, varbergsbo, frankofil, kubafrälst, retsticka och klosterägare"", Media 24 / Digibook S6993,""Leverantör"",""1005.50"",""1891.00"","".00"","".00"",""Audio Book : Extended distribution"",""71073.00"",""4917.67"","".00"","".00"","".00"","".00"","".00"","".00"","".00"","".00"",""0"",""0""";;
"6993,""2025-09-30"",""2025-07-01"",""FS545511"","".00"",""506.40"",""2432.70"",""59.40"",""13665.20"","".00"","".00"",""434.70"",""166.10"",""664.40"",""324.00"","" "",""Nygren, Per"",""2"",""SEK"",""36.24"",""18.12"",""9789189539143"",""Lasse & Lenin -En bok om Lasse Diding som hotellägare, kommunist, alkoholist, samlare, miljonär, boknörd, varbergsbo, frankofil, kubafrälst, retsticka och klosterägare"",""9789189539143 - Lasse & Lenin -En bok om Lasse Diding som hotellägare, kommunist, alkoholist, samlare, miljonär, boknörd, varbergsbo, frankofil, kubafrälst, retsticka och klosterägare"", Media 24 / Digibook S6993,""Leverantör"",""1005.50"",""1891.00"","".00"","".00"",""Audio Book : Extended distribution"",""71073.00"",""4917.67"","".00"","".00"","".00"","".00"","".00"","".00"","".00"","".00"",""0"",""0""";;
"6993,""2025-09-30"",""2025-07-01"",""FS545511"","".00"",""506.40"",""2432.70"",""59.40"",""13665.20"","".00"","".00"",""434.70"",""166.10"",""664.40"",""324.00"","" "",""Nystedt, Anders"",""1"",""SEK"",""2.70"",""2.70"",""9789189539426"",""Fågeltornet"",""9789189539426 - Fågeltornet"", Media 24 / Digibook S6993,""Leverantör"",""1005.50"",""1891.00"","".00"","".00"",""Ebook : School Subscription"",""71073.00"",""4917.67"","".00"","".00"","".00"","".00"","".00"","".00"","".00"","".00"",""0"",""0""";;
"6993,""2025-09-30"",""2025-07-01"",""FS545511"","".00"",""506.40"",""2432.70"",""59.40"",""13665.20"","".00"","".00"",""434.70"",""166.10"",""664.40"",""324.00"","" "",""Nystedt, Anders"",""1"",""SEK"",""2.70"",""2.70"",""9789189539525"",""Den tredje vändpunkten"",""9789189539525 - Den tredje vändpunkten"", Media 24 / Digibook S6993,""Leverantör"",""1005.50"",""1891.00"","".00"","".00"",""Ebook : School Subscription"",""71073.00"",""4917.67"","".00"","".00"","".00"","".00"","".00"","".00"","".00"","".00"",""0"",""0""";;
"6993,""2025-09-30"",""2025-07-01"",""FS545511"","".00"",""506.40"",""2432.70"",""59.40"",""13665.20"","".00"","".00"",""434.70"",""166.10"",""664.40"",""324.00"","" "",""Nährström, Ralf"",""3"",""SEK"",""48.63"",""16.21"",""9789189857636"",""Yxsjön Från roten av ondska"",""9789189857636 - Yxsjön Från roten av ondska"", Media 24 / Digibook S6993,""Leverantör"",""1005.50"",""1891.00"","".00"","".00"",""Audio Book : Extended distribution"",""71073.00"",""4917.67"","".00"","".00"","".00"","".00"","".00"","".00"","".00"","".00"",""0"",""0""";;
"6993,""2025-09-30"",""2025-07-01"",""FS545511"","".00"",""506.40"",""2432.70"",""59.40"",""13665.20"","".00"","".00"",""434.70"",""166.10"",""664.40"",""324.00"","" "",""Nährström, Ralf"",""1"",""SEK"",""16.53"",""16.53"",""9789189857636"",""Yxsjön Från roten av ondska"",""9789189857636 - Yxsjön Från roten av ondska"", Media 24 / Digibook S6993,""Leverantör"",""1005.50"",""1891.00"","".00"","".00"",""Audio Book : Extended distribution"",""71073.00"",""4917.67"","".00"","".00"","".00"","".00"","".00"","".00"","".00"","".00"",""0"",""0""";;
"6993,""2025-09-30"",""2025-07-01"",""FS545511"","".00"",""506.40"",""2432.70"",""59.40"",""13665.20"","".00"","".00"",""434.70"",""166.10"",""664.40"",""324.00"","" "",""Nährström, Ralf"",""1"",""SEK"",""16.98"",""16.98"",""9789189857636"",""Yxsjön Från roten av ondska"",""9789189857636 - Yxsjön Från roten av ondska"", Media 24 / Digibook S6993,""Leverantör"",""1005.50"",""1891.00"","".00"","".00"",""Audio Book : Extended distribution"",""71073.00"",""4917.67"","".00"","".00"","".00"","".00"","".00"","".00"","".00"","".00"",""0"",""0""";;
"6993,""2025-09-30"",""2025-07-01"",""FS545511"","".00"",""506.40"",""2432.70"",""59.40"",""13665.20"","".00"","".00"",""434.70"",""166.10"",""664.40"",""324.00"","" "",""O Bengtson, Jan"",""1"",""SEK"",""63.00"",""63.00"",""9789190071489"",""Johnsson & Jonsson AB"",""9789190071489 - Johnsson & Jonsson AB"", Media 24 / Digibook S6993,""Leverantör"",""1005.50"",""1891.00"","".00"","".00"",""Ebook : Agregated"",""71073.00"",""4917.67"","".00"","".00"","".00"","".00"","".00"","".00"","".00"","".00"",""0"",""0""";;
"6993,""2025-09-30"",""2025-07-01"",""FS545511"","".00"",""506.40"",""2432.70"",""59.40"",""13665.20"","".00"","".00"",""434.70"",""166.10"",""664.40"",""324.00"","" "",""O Bengtson, Jan"",""2"",""SEK"",""153.00"",""76.50"",""9789189857575"",""Teologie Pettersson"",""9789189857575 - Teologie Pettersson"", Media 24 / Digibook S6993,""Leverantör"",""1005.50"",""1891.00"","".00"","".00"",""Ebook : Buy"",""71073.00"",""4917.67"","".00"","".00"","".00"","".00"","".00"","".00"","".00"","".00"",""0"",""0""";;
"6993,""2025-09-30"",""2025-07-01"",""FS545511"","".00"",""506.40"",""2432.70"",""59.40"",""13665.20"","".00"","".00"",""434.70"",""166.10"",""664.40"",""324.00"","" "",""Olin, Lennarth"",""1"",""SEK"",""2.70"",""2.70"",""9789189539723"",""Dit och Här"",""9789189539723 - Dit och Här"", Media 24 / Digibook S6993,""Leverantör"",""1005.50"",""1891.00"","".00"","".00"",""Ebook : School Subscription"",""71073.00"",""4917.67"","".00"","".00"","".00"","".00"","".00"","".00"","".00"","".00"",""0"",""0""";;
"6993,""2025-09-30"",""2025-07-01"",""FS545511"","".00"",""506.40"",""2432.70"",""59.40"",""13665.20"","".00"","".00"",""434.70"",""166.10"",""664.40"",""324.00"","" "",""Olin, Lennarth"",""1"",""SEK"",""2.70"",""2.70"",""9789189739628"",""Dit och Här Igen"",""9789189739628 - Dit och Här Igen"", Media 24 / Digibook S6993,""Leverantör"",""1005.50"",""1891.00"","".00"","".00"",""Ebook : School Subscription"",""71073.00"",""4917.67"","".00"","".00"","".00"","".00"","".00"","".00"","".00"","".00"",""0"",""0""";;
"6993,""2025-09-30"",""2025-07-01"",""FS545511"","".00"",""506.40"",""2432.70"",""59.40"",""13665.20"","".00"","".00"",""434.70"",""166.10"",""664.40"",""324.00"","" "",""Olsson, Sophie"",""1"",""SEK"",""13.69"",""13.69"",""9789190071090"",""Gaia - Vanadisens hemlighet"",""9789190071090 - Gaia - Vanadisens hemlighet"", Media 24 / Digibook S6993,""Leverantör"",""1005.50"",""1891.00"","".00"","".00"",""Audio Book : Extended distribution"",""71073.00"",""4917.67"","".00"","".00"","".00"","".00"","".00"","".00"","".00"","".00"",""0"",""0""";;
"6993,""2025-09-30"",""2025-07-01"",""FS545511"","".00"",""506.40"",""2432.70"",""59.40"",""13665.20"","".00"","".00"",""434.70"",""166.10"",""664.40"",""324.00"","" "",""Olsson, Sophie"",""1"",""SEK"",""16.25"",""16.25"",""9789190071090"",""Gaia - Vanadisens hemlighet"",""9789190071090 - Gaia - Vanadisens hemlighet"", Media 24 / Digibook S6993,""Leverantör"",""1005.50"",""1891.00"","".00"","".00"",""Audio Book : Extended distribution"",""71073.00"",""4917.67"","".00"","".00"","".00"","".00"","".00"","".00"","".00"","".00"",""0"",""0""";;
"6993,""2025-09-30"",""2025-07-01"",""FS545511"","".00"",""506.40"",""2432.70"",""59.40"",""13665.20"","".00"","".00"",""434.70"",""166.10"",""664.40"",""324.00"","" "",""Olsson, Sophie"",""1"",""SEK"",""76.50"",""76.50"",""9789190071076"",""Gaia - Vanadisens hemlighet"",""9789190071076 - Gaia - Vanadisens hemlighet"", Media 24 / Digibook S6993,""Leverantör"",""1005.50"",""1891.00"","".00"","".00"",""Ebook : Buy"",""71073.00"",""4917.67"","".00"","".00"","".00"","".00"","".00"","".00"","".00"","".00"",""0"",""0""";;
"6993,""2025-09-30"",""2025-07-01"",""FS545511"","".00"",""506.40"",""2432.70"",""59.40"",""13665.20"","".00"","".00"",""434.70"",""166.10"",""664.40"",""324.00"","" "",""Oreheim, Hans"",""1"",""SEK"",""2.70"",""2.70"",""9789189739062"",""Den Fördolda Kunskapen"",""9789189739062 - Den Fördolda Kunskapen"", Media 24 / Digibook S6993,""Leverantör"",""1005.50"",""1891.00"","".00"","".00"",""Audio Book : School Subscription"",""71073.00"",""4917.67"","".00"","".00"","".00"","".00"","".00"","".00"","".00"","".00"",""0"",""0""";;
"6993,""2025-09-30"",""2025-07-01"",""FS545511"","".00"",""506.40"",""2432.70"",""59.40"",""13665.20"","".00"","".00"",""434.70"",""166.10"",""664.40"",""324.00"","" "",""Oreheim, Hans"",""1"",""SEK"",""2.70"",""2.70"",""9789189739895"",""DEN FÖRBJUDNA KUNSKAPEN"",""9789189739895 - DEN FÖRBJUDNA KUNSKAPEN"", Media 24 / Digibook S6993,""Leverantör"",""1005.50"",""1891.00"","".00"","".00"",""Audio Book : School Subscription"",""71073.00"",""4917.67"","".00"","".00"","".00"","".00"","".00"","".00"","".00"","".00"",""0"",""0""";;
"6993,""2025-09-30"",""2025-07-01"",""FS545511"","".00"",""506.40"",""2432.70"",""59.40"",""13665.20"","".00"","".00"",""434.70"",""166.10"",""664.40"",""324.00"","" "",""Oreheim, Hans"",""1"",""SEK"",""2.70"",""2.70"",""9789189739932"",""DEN FÖRLORADE KUNSKAPEN"",""9789189739932 - DEN FÖRLORADE KUNSKAPEN"", Media 24 / Digibook S6993,""Leverantör"",""1005.50"",""1891.00"","".00"","".00"",""Audio Book : School Subscription"",""71073.00"",""4917.67"","".00"","".00"","".00"","".00"","".00"","".00"","".00"","".00"",""0"",""0""";;
"6993,""2025-09-30"",""2025-07-01"",""FS545511"","".00"",""506.40"",""2432.70"",""59.40"",""13665.20"","".00"","".00"",""434.70"",""166.10"",""664.40"",""324.00"","" "",""Oreheim, Hans"",""1"",""SEK"",""2.70"",""2.70"",""9789189857278"",""Tempelriddare John Lionheart och den heliga blodslinjen"",""9789189857278 - Tempelriddare John Lionheart och den heliga blodslinjen"", Media 24 / Digibook S6993,""Leverantör"",""1005.50"",""1891.00"","".00"","".00"",""Audio Book : School Subscription"",""71073.00"",""4917.67"","".00"","".00"","".00"","".00"","".00"","".00"","".00"","".00"",""0"",""0""";;
"6993,""2025-09-30"",""2025-07-01"",""FS545511"","".00"",""506.40"",""2432.70"",""59.40"",""13665.20"","".00"","".00"",""434.70"",""166.10"",""664.40"",""324.00"","" "",""Oreheim, Hans"",""11"",""SEK"",""69.70"",""6.34"",""9789189857278"",""Tempelriddare John Lionheart och den heliga blodslinjen"",""9789189857278 - Tempelriddare John Lionheart och den heliga blodslinjen"", Media 24 / Digibook S6993,""Leverantör"",""1005.50"",""1891.00"","".00"","".00"",""Audio Book : Extended distribution"",""71073.00"",""4917.67"","".00"","".00"","".00"","".00"","".00"","".00"","".00"","".00"",""0"",""0""";;
"6993,""2025-09-30"",""2025-07-01"",""FS545511"","".00"",""506.40"",""2432.70"",""59.40"",""13665.20"","".00"","".00"",""434.70"",""166.10"",""664.40"",""324.00"","" "",""Oreheim, Hans"",""7"",""SEK"",""44.86"",""6.41"",""9789189857278"",""Tempelriddare John Lionheart och den heliga blodslinjen"",""9789189857278 - Tempelriddare John Lionheart och den heliga blodslinjen"", Media 24 / Digibook S6993,""Leverantör"",""1005.50"",""1891.00"","".00"","".00"",""Audio Book : Extended distribution"",""71073.00"",""4917.67"","".00"","".00"","".00"","".00"","".00"","".00"","".00"","".00"",""0"",""0""";;
"6993,""2025-09-30"",""2025-07-01"",""FS545511"","".00"",""506.40"",""2432.70"",""59.40"",""13665.20"","".00"","".00"",""434.70"",""166.10"",""664.40"",""324.00"","" "",""Oreheim, Hans"",""8"",""SEK"",""52.31"",""6.54"",""9789189857278"",""Tempelriddare John Lionheart och den heliga blodslinjen"",""9789189857278 - Tempelriddare John Lionheart och den heliga blodslinjen"", Media 24 / Digibook S6993,""Leverantör"",""1005.50"",""1891.00"","".00"","".00"",""Audio Book : Extended distribution"",""71073.00"",""4917.67"","".00"","".00"","".00"","".00"","".00"","".00"","".00"","".00"",""0"",""0""";;
"6993,""2025-09-30"",""2025-07-01"",""FS545511"","".00"",""506.40"",""2432.70"",""59.40"",""13665.20"","".00"","".00"",""434.70"",""166.10"",""664.40"",""324.00"","" "",""Oreheim, Hans"",""6"",""SEK"",""40.30"",""6.72"",""9789189857278"",""Tempelriddare John Lionheart och den heliga blodslinjen"",""9789189857278 - Tempelriddare John Lionheart och den heliga blodslinjen"", Media 24 / Digibook S6993,""Leverantör"",""1005.50"",""1891.00"","".00"","".00"",""Audio Book : Extended distribution"",""71073.00"",""4917.67"","".00"","".00"","".00"","".00"","".00"","".00"","".00"","".00"",""0"",""0""";;
"6993,""2025-09-30"",""2025-07-01"",""FS545511"","".00"",""506.40"",""2432.70"",""59.40"",""13665.20"","".00"","".00"",""434.70"",""166.10"",""664.40"",""324.00"","" "",""Oreheim, Hans"",""12"",""SEK"",""91.29"",""7.61"",""9789189857278"",""Tempelriddare John Lionheart och den heliga blodslinjen"",""9789189857278 - Tempelriddare John Lionheart och den heliga blodslinjen"", Media 24 / Digibook S6993,""Leverantör"",""1005.50"",""1891.00"","".00"","".00"",""Audio Book : Extended distribution"",""71073.00"",""4917.67"","".00"","".00"","".00"","".00"","".00"","".00"","".00"","".00"",""0"",""0""";;
"6993,""2025-09-30"",""2025-07-01"",""FS545511"","".00"",""506.40"",""2432.70"",""59.40"",""13665.20"","".00"","".00"",""434.70"",""166.10"",""664.40"",""324.00"","" "",""Oreheim, Hans"",""4"",""SEK"",""32.47"",""8.12"",""9789189739062"",""Den Fördolda Kunskapen"",""9789189739062 - Den Fördolda Kunskapen"", Media 24 / Digibook S6993,""Leverantör"",""1005.50"",""1891.00"","".00"","".00"",""Audio Book : Extended distribution"",""71073.00"",""4917.67"","".00"","".00"","".00"","".00"","".00"","".00"","".00"","".00"",""0"",""0""";;
"6993,""2025-09-30"",""2025-07-01"",""FS545511"","".00"",""506.40"",""2432.70"",""59.40"",""13665.20"","".00"","".00"",""434.70"",""166.10"",""664.40"",""324.00"","" "",""Oreheim, Hans"",""6"",""SEK"",""49.26"",""8.21"",""9789189739062"",""Den Fördolda Kunskapen"",""9789189739062 - Den Fördolda Kunskapen"", Media 24 / Digibook S6993,""Leverantör"",""1005.50"",""1891.00"","".00"","".00"",""Audio Book : Extended distribution"",""71073.00"",""4917.67"","".00"","".00"","".00"","".00"","".00"","".00"","".00"","".00"",""0"",""0""";;
"6993,""2025-09-30"",""2025-07-01"",""FS545511"","".00"",""506.40"",""2432.70"",""59.40"",""13665.20"","".00"","".00"",""434.70"",""166.10"",""664.40"",""324.00"","" "",""Oreheim, Hans"",""9"",""SEK"",""75.37"",""8.37"",""9789189739062"",""Den Fördolda Kunskapen"",""9789189739062 - Den Fördolda Kunskapen"", Media 24 / Digibook S6993,""Leverantör"",""1005.50"",""1891.00"","".00"","".00"",""Audio Book : Extended distribution"",""71073.00"",""4917.67"","".00"","".00"","".00"","".00"","".00"","".00"","".00"","".00"",""0"",""0""";;
"6993,""2025-09-30"",""2025-07-01"",""FS545511"","".00"",""506.40"",""2432.70"",""59.40"",""13665.20"","".00"","".00"",""434.70"",""166.10"",""664.40"",""324.00"","" "",""Oreheim, Hans"",""6"",""SEK"",""51.62"",""8.60"",""9789189739062"",""Den Fördolda Kunskapen"",""9789189739062 - Den Fördolda Kunskapen"", Media 24 / Digibook S6993,""Leverantör"",""1005.50"",""1891.00"","".00"","".00"",""Audio Book : Extended distribution"",""71073.00"",""4917.67"","".00"","".00"","".00"","".00"","".00"","".00"","".00"","".00"",""0"",""0""";;
"6993,""2025-09-30"",""2025-07-01"",""FS545511"","".00"",""506.40"",""2432.70"",""59.40"",""13665.20"","".00"","".00"",""434.70"",""166.10"",""664.40"",""324.00"","" "",""Oreheim, Hans"",""9"",""SEK"",""87.69"",""9.74"",""9789189739062"",""Den Fördolda Kunskapen"",""9789189739062 - Den Fördolda Kunskapen"", Media 24 / Digibook S6993,""Leverantör"",""1005.50"",""1891.00"","".00"","".00"",""Audio Book : Extended distribution"",""71073.00"",""4917.67"","".00"","".00"","".00"","".00"","".00"","".00"","".00"","".00"",""0"",""0""";;
"6993,""2025-09-30"",""2025-07-01"",""FS545511"","".00"",""506.40"",""2432.70"",""59.40"",""13665.20"","".00"","".00"",""434.70"",""166.10"",""664.40"",""324.00"","" "",""Oreheim, Hans"",""1"",""SEK"",""9.75"",""9.75"",""9789189739062"",""Den Fördolda Kunskapen"",""9789189739062 - Den Fördolda Kunskapen"", Media 24 / Digibook S6993,""Leverantör"",""1005.50"",""1891.00"","".00"","".00"",""Audio Book : Extended distribution"",""71073.00"",""4917.67"","".00"","".00"","".00"","".00"","".00"","".00"","".00"","".00"",""0"",""0""";;
"6993,""2025-09-30"",""2025-07-01"",""FS545511"","".00"",""506.40"",""2432.70"",""59.40"",""13665.20"","".00"","".00"",""434.70"",""166.10"",""664.40"",""324.00"","" "",""Oreheim, Hans"",""15"",""SEK"",""163.35"",""10.89"",""9789189739895"",""DEN FÖRBJUDNA KUNSKAPEN"",""9789189739895 - DEN FÖRBJUDNA KUNSKAPEN"", Media 24 / Digibook S6993,""Leverantör"",""1005.50"",""1891.00"","".00"","".00"",""Audio Book : Extended distribution"",""71073.00"",""4917.67"","".00"","".00"","".00"","".00"","".00"","".00"","".00"","".00"",""0"",""0""";;
"6993,""2025-09-30"",""2025-07-01"",""FS545511"","".00"",""506.40"",""2432.70"",""59.40"",""13665.20"","".00"","".00"",""434.70"",""166.10"",""664.40"",""324.00"","" "",""Oreheim, Hans"",""21"",""SEK"",""231.29"",""11.01"",""9789189739895"",""DEN FÖRBJUDNA KUNSKAPEN"",""9789189739895 - DEN FÖRBJUDNA KUNSKAPEN"", Media 24 / Digibook S6993,""Leverantör"",""1005.50"",""1891.00"","".00"","".00"",""Audio Book : Extended distribution"",""71073.00"",""4917.67"","".00"","".00"","".00"","".00"","".00"","".00"","".00"","".00"",""0"",""0""";;
"6993,""2025-09-30"",""2025-07-01"",""FS545511"","".00"",""506.40"",""2432.70"",""59.40"",""13665.20"","".00"","".00"",""434.70"",""166.10"",""664.40"",""324.00"","" "",""Oreheim, Hans"",""10"",""SEK"",""110.52"",""11.05"",""9789189739932"",""DEN FÖRLORADE KUNSKAPEN"",""9789189739932 - DEN FÖRLORADE KUNSKAPEN"", Media 24 / Digibook S6993,""Leverantör"",""1005.50"",""1891.00"","".00"","".00"",""Audio Book : Extended distribution"",""71073.00"",""4917.67"","".00"","".00"","".00"","".00"","".00"","".00"","".00"","".00"",""0"",""0""";;
"6993,""2025-09-30"",""2025-07-01"",""FS545511"","".00"",""506.40"",""2432.70"",""59.40"",""13665.20"","".00"","".00"",""434.70"",""166.10"",""664.40"",""324.00"","" "",""Oreheim, Hans"",""9"",""SEK"",""100.53"",""11.17"",""9789189739932"",""DEN FÖRLORADE KUNSKAPEN"",""9789189739932 - DEN FÖRLORADE KUNSKAPEN"", Media 24 / Digibook S6993,""Leverantör"",""1005.50"",""1891.00"","".00"","".00"",""Audio Book : Extended distribution"",""71073.00"",""4917.67"","".00"","".00"","".00"","".00"","".00"","".00"","".00"","".00"",""0"",""0""";;
"6993,""2025-09-30"",""2025-07-01"",""FS545511"","".00"",""506.40"",""2432.70"",""59.40"",""13665.20"","".00"","".00"",""434.70"",""166.10"",""664.40"",""324.00"","" "",""Oreheim, Hans"",""28"",""SEK"",""314.57"",""11.23"",""9789189739895"",""DEN FÖRBJUDNA KUNSKAPEN"",""9789189739895 - DEN FÖRBJUDNA KUNSKAPEN"", Media 24 / Digibook S6993,""Leverantör"",""1005.50"",""1891.00"","".00"","".00"",""Audio Book : Extended distribution"",""71073.00"",""4917.67"","".00"","".00"","".00"","".00"","".00"","".00"","".00"","".00"",""0"",""0""";;
"6993,""2025-09-30"",""2025-07-01"",""FS545511"","".00"",""506.40"",""2432.70"",""59.40"",""13665.20"","".00"","".00"",""434.70"",""166.10"",""664.40"",""324.00"","" "",""Oreheim, Hans"",""12"",""SEK"",""136.74"",""11.40"",""9789189739932"",""DEN FÖRLORADE KUNSKAPEN"",""9789189739932 - DEN FÖRLORADE KUNSKAPEN"", Media 24 / Digibook S6993,""Leverantör"",""1005.50"",""1891.00"","".00"","".00"",""Audio Book : Extended distribution"",""71073.00"",""4917.67"","".00"","".00"","".00"","".00"","".00"","".00"","".00"","".00"",""0"",""0""";;
"6993,""2025-09-30"",""2025-07-01"",""FS545511"","".00"",""506.40"",""2432.70"",""59.40"",""13665.20"","".00"","".00"",""434.70"",""166.10"",""664.40"",""324.00"","" "",""Oreheim, Hans"",""9"",""SEK"",""103.87"",""11.54"",""9789189739895"",""DEN FÖRBJUDNA KUNSKAPEN"",""9789189739895 - DEN FÖRBJUDNA KUNSKAPEN"", Media 24 / Digibook S6993,""Leverantör"",""1005.50"",""1891.00"","".00"","".00"",""Audio Book : Extended distribution"",""71073.00"",""4917.67"","".00"","".00"","".00"","".00"","".00"","".00"","".00"","".00"",""0"",""0""";;
"6993,""2025-09-30"",""2025-07-01"",""FS545511"","".00"",""506.40"",""2432.70"",""59.40"",""13665.20"","".00"","".00"",""434.70"",""166.10"",""664.40"",""324.00"","" "",""Oreheim, Hans"",""8"",""SEK"",""93.65"",""11.71"",""9789189739932"",""DEN FÖRLORADE KUNSKAPEN"",""9789189739932 - DEN FÖRLORADE KUNSKAPEN"", Media 24 / Digibook S6993,""Leverantör"",""1005.50"",""1891.00"","".00"","".00"",""Audio Book : Extended distribution"",""71073.00"",""4917.67"","".00"","".00"","".00"","".00"","".00"","".00"","".00"","".00"",""0"",""0""";;
"6993,""2025-09-30"",""2025-07-01"",""FS545511"","".00"",""506.40"",""2432.70"",""59.40"",""13665.20"","".00"","".00"",""434.70"",""166.10"",""664.40"",""324.00"","" "",""Oreheim, Hans"",""25"",""SEK"",""326.80"",""13.07"",""9789189739895"",""DEN FÖRBJUDNA KUNSKAPEN"",""9789189739895 - DEN FÖRBJUDNA KUNSKAPEN"", Media 24 / Digibook S6993,""Leverantör"",""1005.50"",""1891.00"","".00"","".00"",""Audio Book : Extended distribution"",""71073.00"",""4917.67"","".00"","".00"","".00"","".00"","".00"","".00"","".00"","".00"",""0"",""0""";;
"6993,""2025-09-30"",""2025-07-01"",""FS545511"","".00"",""506.40"",""2432.70"",""59.40"",""13665.20"","".00"","".00"",""434.70"",""166.10"",""664.40"",""324.00"","" "",""Oreheim, Hans"",""14"",""SEK"",""185.63"",""13.26"",""9789189739932"",""DEN FÖRLORADE KUNSKAPEN"",""9789189739932 - DEN FÖRLORADE KUNSKAPEN"", Media 24 / Digibook S6993,""Leverantör"",""1005.50"",""1891.00"","".00"","".00"",""Audio Book : Extended distribution"",""71073.00"",""4917.67"","".00"","".00"","".00"","".00"","".00"","".00"","".00"","".00"",""0"",""0""";;
"6993,""2025-09-30"",""2025-07-01"",""FS545511"","".00"",""506.40"",""2432.70"",""59.40"",""13665.20"","".00"","".00"",""434.70"",""166.10"",""664.40"",""324.00"","" "",""Oreheim, Hans"",""1"",""SEK"",""18.00"",""18.00"",""9789189739895"",""DEN FÖRBJUDNA KUNSKAPEN"",""9789189739895 - DEN FÖRBJUDNA KUNSKAPEN"", Media 24 / Digibook S6993,""Leverantör"",""1005.50"",""1891.00"","".00"","".00"",""Audio Book : Agregated"",""71073.00"",""4917.67"","".00"","".00"","".00"","".00"","".00"","".00"","".00"","".00"",""0"",""0""";;
"6993,""2025-09-30"",""2025-07-01"",""FS545511"","".00"",""506.40"",""2432.70"",""59.40"",""13665.20"","".00"","".00"",""434.70"",""166.10"",""664.40"",""324.00"","" "",""Oreheim, Hans"",""1"",""SEK"",""18.00"",""18.00"",""9789189739932"",""DEN FÖRLORADE KUNSKAPEN"",""9789189739932 - DEN FÖRLORADE KUNSKAPEN"", Media 24 / Digibook S6993,""Leverantör"",""1005.50"",""1891.00"","".00"","".00"",""Audio Book : Agregated"",""71073.00"",""4917.67"","".00"","".00"","".00"","".00"","".00"","".00"","".00"","".00"",""0"",""0""";;
"6993,""2025-09-30"",""2025-07-01"",""FS545511"","".00"",""506.40"",""2432.70"",""59.40"",""13665.20"","".00"","".00"",""434.70"",""166.10"",""664.40"",""324.00"","" "",""Oreheim, Hans"",""4"",""SEK"",""205.20"",""51.30"",""9789189857278"",""Tempelriddare John Lionheart och den heliga blodslinjen"",""9789189857278 - Tempelriddare John Lionheart och den heliga blodslinjen"", Media 24 / Digibook S6993,""Leverantör"",""1005.50"",""1891.00"","".00"","".00"",""Audio Book : Buy"",""71073.00"",""4917.67"","".00"","".00"","".00"","".00"","".00"","".00"","".00"","".00"",""0"",""0""";;
"6993,""2025-09-30"",""2025-07-01"",""FS545511"","".00"",""506.40"",""2432.70"",""59.40"",""13665.20"","".00"","".00"",""434.70"",""166.10"",""664.40"",""324.00"","" "",""Oreheim, Hans"",""1"",""SEK"",""76.50"",""76.50"",""9789189739062"",""Den Fördolda Kunskapen"",""9789189739062 - Den Fördolda Kunskapen"", Media 24 / Digibook S6993,""Leverantör"",""1005.50"",""1891.00"","".00"","".00"",""Audio Book : Buy"",""71073.00"",""4917.67"","".00"","".00"","".00"","".00"","".00"","".00"","".00"","".00"",""0"",""0""";;
"6993,""2025-09-30"",""2025-07-01"",""FS545511"","".00"",""506.40"",""2432.70"",""59.40"",""13665.20"","".00"","".00"",""434.70"",""166.10"",""664.40"",""324.00"","" "",""Oreheim, Hans"",""1"",""SEK"",""76.50"",""76.50"",""9789189739895"",""DEN FÖRBJUDNA KUNSKAPEN"",""9789189739895 - DEN FÖRBJUDNA KUNSKAPEN"", Media 24 / Digibook S6993,""Leverantör"",""1005.50"",""1891.00"","".00"","".00"",""Audio Book : Buy"",""71073.00"",""4917.67"","".00"","".00"","".00"","".00"","".00"","".00"","".00"","".00"",""0"",""0""";;
"6993,""2025-09-30"",""2025-07-01"",""FS545511"","".00"",""506.40"",""2432.70"",""59.40"",""13665.20"","".00"","".00"",""434.70"",""166.10"",""664.40"",""324.00"","" "",""Oreheim, Hans"",""3"",""SEK"",""229.50"",""76.50"",""9789189739932"",""DEN FÖRLORADE KUNSKAPEN"",""9789189739932 - DEN FÖRLORADE KUNSKAPEN"", Media 24 / Digibook S6993,""Leverantör"",""1005.50"",""1891.00"","".00"","".00"",""Audio Book : Buy"",""71073.00"",""4917.67"","".00"","".00"","".00"","".00"","".00"","".00"","".00"","".00"",""0"",""0""";;
"6993,""2025-09-30"",""2025-07-01"",""FS545511"","".00"",""506.40"",""2432.70"",""59.40"",""13665.20"","".00"","".00"",""434.70"",""166.10"",""664.40"",""324.00"","" "",""Pettersson, Annelie"",""1"",""SEK"",""2.70"",""2.70"",""9789189539488"",""Var är mormor?"",""9789189539488 - Var är mormor?"", Media 24 / Digibook S6993,""Leverantör"",""1005.50"",""1891.00"","".00"","".00"",""Ebook : School Subscription"",""71073.00"",""4917.67"","".00"","".00"","".00"","".00"","".00"","".00"","".00"","".00"",""0"",""0""";;
"6993,""2025-09-30"",""2025-07-01"",""FS545511"","".00"",""506.40"",""2432.70"",""59.40"",""13665.20"","".00"","".00"",""434.70"",""166.10"",""664.40"",""324.00"","" "",""Pettersson, Annelie"",""1"",""SEK"",""2.70"",""2.70"",""9789189539495"",""Var är mormor?"",""9789189539495 - Var är mormor?"", Media 24 / Digibook S6993,""Leverantör"",""1005.50"",""1891.00"","".00"","".00"",""Audio Book : School Subscription"",""71073.00"",""4917.67"","".00"","".00"","".00"","".00"","".00"","".00"","".00"","".00"",""0"",""0""";;
"6993,""2025-09-30"",""2025-07-01"",""FS545511"","".00"",""506.40"",""2432.70"",""59.40"",""13665.20"","".00"","".00"",""434.70"",""166.10"",""664.40"",""324.00"","" "",""Prada, Detta"",""1"",""SEK"",""2.70"",""2.70"",""9789189739567"",""I fyra par skor"",""9789189739567 - I fyra par skor"", Media 24 / Digibook S6993,""Leverantör"",""1005.50"",""1891.00"","".00"","".00"",""Ebook : School Subscription"",""71073.00"",""4917.67"","".00"","".00"","".00"","".00"","".00"","".00"","".00"","".00"",""0"",""0""";;
"6993,""2025-09-30"",""2025-07-01"",""FS545511"","".00"",""506.40"",""2432.70"",""59.40"",""13665.20"","".00"","".00"",""434.70"",""166.10"",""664.40"",""324.00"","" "",""Rockström, Pia"",""1"",""SEK"",""2.70"",""2.70"",""9789189539396"",""Leva för två - tvillingar som förlorat sin tvilling berättar"",""9789189539396 - Leva för två - tvillingar som förlorat sin tvilling berättar"", Media 24 / Digibook S6993,""Leverantör"",""1005.50"",""1891.00"","".00"","".00"",""Audio Book : School Subscription"",""71073.00"",""4917.67"","".00"","".00"","".00"","".00"","".00"","".00"","".00"","".00"",""0"",""0""";;
"6993,""2025-09-30"",""2025-07-01"",""FS545511"","".00"",""506.40"",""2432.70"",""59.40"",""13665.20"","".00"","".00"",""434.70"",""166.10"",""664.40"",""324.00"","" "",""Rockström, Pia"",""1"",""SEK"",""2.70"",""2.70"",""9789189835801"",""Högsensitiva berättar"",""9789189835801 - Högsensitiva berättar"", Media 24 / Digibook S6993,""Leverantör"",""1005.50"",""1891.00"","".00"","".00"",""Audio Book : School Subscription"",""71073.00"",""4917.67"","".00"","".00"","".00"","".00"","".00"","".00"","".00"","".00"",""0"",""0""";;
"6993,""2025-09-30"",""2025-07-01"",""FS545511"","".00"",""506.40"",""2432.70"",""59.40"",""13665.20"","".00"","".00"",""434.70"",""166.10"",""664.40"",""324.00"","" "",""Rockström, Pia"",""1"",""SEK"",""8.58"",""8.58"",""9789189835801"",""Högsensitiva berättar"",""9789189835801 - Högsensitiva berättar"", Media 24 / Digibook S6993,""Leverantör"",""1005.50"",""1891.00"","".00"","".00"",""Audio Book : Extended distribution"",""71073.00"",""4917.67"","".00"","".00"","".00"","".00"","".00"","".00"","".00"","".00"",""0"",""0""";;
"6993,""2025-09-30"",""2025-07-01"",""FS545511"","".00"",""506.40"",""2432.70"",""59.40"",""13665.20"","".00"","".00"",""434.70"",""166.10"",""664.40"",""324.00"","" "",""Rockström, Pia"",""1"",""SEK"",""9.02"",""9.02"",""9789190071212"",""Sensitivt ledarskap"",""9789190071212 - Sensitivt ledarskap"", Media 24 / Digibook S6993,""Leverantör"",""1005.50"",""1891.00"","".00"","".00"",""Audio Book : Extended distribution"",""71073.00"",""4917.67"","".00"","".00"","".00"","".00"","".00"","".00"","".00"","".00"",""0"",""0""";;
"6993,""2025-09-30"",""2025-07-01"",""FS545511"","".00"",""506.40"",""2432.70"",""59.40"",""13665.20"","".00"","".00"",""434.70"",""166.10"",""664.40"",""324.00"","" "",""Rockström, Pia"",""1"",""SEK"",""9.20"",""9.20"",""9789190071212"",""Sensitivt ledarskap"",""9789190071212 - Sensitivt ledarskap"", Media 24 / Digibook S6993,""Leverantör"",""1005.50"",""1891.00"","".00"","".00"",""Audio Book : Extended distribution"",""71073.00"",""4917.67"","".00"","".00"","".00"","".00"","".00"","".00"","".00"","".00"",""0"",""0""";;
"6993,""2025-09-30"",""2025-07-01"",""FS545511"","".00"",""506.40"",""2432.70"",""59.40"",""13665.20"","".00"","".00"",""434.70"",""166.10"",""664.40"",""324.00"","" "",""Rockström, Pia"",""1"",""SEK"",""9.45"",""9.45"",""9789190071212"",""Sensitivt ledarskap"",""9789190071212 - Sensitivt ledarskap"", Media 24 / Digibook S6993,""Leverantör"",""1005.50"",""1891.00"","".00"","".00"",""Audio Book : Extended distribution"",""71073.00"",""4917.67"","".00"","".00"","".00"","".00"","".00"","".00"","".00"","".00"",""0"",""0""";;
"6993,""2025-09-30"",""2025-07-01"",""FS545511"","".00"",""506.40"",""2432.70"",""59.40"",""13665.20"","".00"","".00"",""434.70"",""166.10"",""664.40"",""324.00"","" "",""Rockström, Pia"",""3"",""SEK"",""30.54"",""10.18"",""9789189835801"",""Högsensitiva berättar"",""9789189835801 - Högsensitiva berättar"", Media 24 / Digibook S6993,""Leverantör"",""1005.50"",""1891.00"","".00"","".00"",""Audio Book : Extended distribution"",""71073.00"",""4917.67"","".00"","".00"","".00"","".00"","".00"","".00"","".00"","".00"",""0"",""0""";;
"6993,""2025-09-30"",""2025-07-01"",""FS545511"","".00"",""506.40"",""2432.70"",""59.40"",""13665.20"","".00"","".00"",""434.70"",""166.10"",""664.40"",""324.00"","" "",""Rockström, Pia"",""1"",""SEK"",""12.73"",""12.73"",""9789189539396"",""Leva för två - tvillingar som förlorat sin tvilling berättar"",""9789189539396 - Leva för två - tvillingar som förlorat sin tvilling berättar"", Media 24 / Digibook S6993,""Leverantör"",""1005.50"",""1891.00"","".00"","".00"",""Audio Book : Extended distribution"",""71073.00"",""4917.67"","".00"","".00"","".00"","".00"","".00"","".00"","".00"","".00"",""0"",""0""";;
"6993,""2025-09-30"",""2025-07-01"",""FS545511"","".00"",""506.40"",""2432.70"",""59.40"",""13665.20"","".00"","".00"",""434.70"",""166.10"",""664.40"",""324.00"","" "",""Rockström, Pia"",""1"",""SEK"",""13.37"",""13.37"",""9789190071212"",""Sensitivt ledarskap"",""9789190071212 - Sensitivt ledarskap"", Media 24 / Digibook S6993,""Leverantör"",""1005.50"",""1891.00"","".00"","".00"",""Audio Book : Extended distribution"",""71073.00"",""4917.67"","".00"","".00"","".00"","".00"","".00"","".00"","".00"","".00"",""0"",""0""";;
"6993,""2025-09-30"",""2025-07-01"",""FS545511"","".00"",""506.40"",""2432.70"",""59.40"",""13665.20"","".00"","".00"",""434.70"",""166.10"",""664.40"",""324.00"","" "",""Rockström, Pia"",""2"",""SEK"",""26.75"",""13.38"",""9789190071212"",""Sensitivt ledarskap"",""9789190071212 - Sensitivt ledarskap"", Media 24 / Digibook S6993,""Leverantör"",""1005.50"",""1891.00"","".00"","".00"",""Audio Book : Extended distribution"",""71073.00"",""4917.67"","".00"","".00"","".00"","".00"","".00"","".00"","".00"","".00"",""0"",""0""";;
"6993,""2025-09-30"",""2025-07-01"",""FS545511"","".00"",""506.40"",""2432.70"",""59.40"",""13665.20"","".00"","".00"",""434.70"",""166.10"",""664.40"",""324.00"","" "",""Rockström, Pia"",""1"",""SEK"",""18.00"",""18.00"",""9789189835801"",""Högsensitiva berättar"",""9789189835801 - Högsensitiva berättar"", Media 24 / Digibook S6993,""Leverantör"",""1005.50"",""1891.00"","".00"","".00"",""Audio Book : Agregated"",""71073.00"",""4917.67"","".00"","".00"","".00"","".00"","".00"","".00"","".00"","".00"",""0"",""0""";;
"6993,""2025-09-30"",""2025-07-01"",""FS545511"","".00"",""506.40"",""2432.70"",""59.40"",""13665.20"","".00"","".00"",""434.70"",""166.10"",""664.40"",""324.00"","" "",""Rooth, Mija"",""2"",""SEK"",""30.40"",""15.20"",""9789190071304"",""INFÖR DINA ÖGON"",""9789190071304 - INFÖR DINA ÖGON"", Media 24 / Digibook S6993,""Leverantör"",""1005.50"",""1891.00"","".00"","".00"",""Audio Book : Access Loan"",""71073.00"",""4917.67"","".00"","".00"","".00"","".00"","".00"","".00"","".00"","".00"",""0"",""0""";;
"6993,""2025-09-30"",""2025-07-01"",""FS545511"","".00"",""506.40"",""2432.70"",""59.40"",""13665.20"","".00"","".00"",""434.70"",""166.10"",""664.40"",""324.00"","" "",""Rooth, Mija"",""20"",""SEK"",""351.44"",""17.57"",""9789190071304"",""INFÖR DINA ÖGON"",""9789190071304 - INFÖR DINA ÖGON"", Media 24 / Digibook S6993,""Leverantör"",""1005.50"",""1891.00"","".00"","".00"",""Audio Book : Extended distribution"",""71073.00"",""4917.67"","".00"","".00"","".00"","".00"","".00"","".00"","".00"","".00"",""0"",""0""";;
"6993,""2025-09-30"",""2025-07-01"",""FS545511"","".00"",""506.40"",""2432.70"",""59.40"",""13665.20"","".00"","".00"",""434.70"",""166.10"",""664.40"",""324.00"","" "",""Rooth, Mija"",""58"",""SEK"",""1039.63"",""17.92"",""9789190071304"",""INFÖR DINA ÖGON"",""9789190071304 - INFÖR DINA ÖGON"", Media 24 / Digibook S6993,""Leverantör"",""1005.50"",""1891.00"","".00"","".00"",""Audio Book : Extended distribution"",""71073.00"",""4917.67"","".00"","".00"","".00"","".00"","".00"","".00"","".00"","".00"",""0"",""0""";;
"6993,""2025-09-30"",""2025-07-01"",""FS545511"","".00"",""506.40"",""2432.70"",""59.40"",""13665.20"","".00"","".00"",""434.70"",""166.10"",""664.40"",""324.00"","" "",""Rooth, Mija"",""30"",""SEK"",""625.67"",""20.86"",""9789190071304"",""INFÖR DINA ÖGON"",""9789190071304 - INFÖR DINA ÖGON"", Media 24 / Digibook S6993,""Leverantör"",""1005.50"",""1891.00"","".00"","".00"",""Audio Book : Extended distribution"",""71073.00"",""4917.67"","".00"","".00"","".00"","".00"","".00"","".00"","".00"","".00"",""0"",""0""";;
"6993,""2025-09-30"",""2025-07-01"",""FS545511"","".00"",""506.40"",""2432.70"",""59.40"",""13665.20"","".00"","".00"",""434.70"",""166.10"",""664.40"",""324.00"","" "",""Rooth, Mija"",""1"",""SEK"",""24.94"",""24.94"",""9789190071304"",""INFÖR DINA ÖGON"",""9789190071304 - INFÖR DINA ÖGON"", Media 24 / Digibook S6993,""Leverantör"",""1005.50"",""1891.00"","".00"","".00"",""Audio Book : Extended distribution"",""71073.00"",""4917.67"","".00"","".00"","".00"","".00"","".00"","".00"","".00"","".00"",""0"",""0""";;
"6993,""2025-09-30"",""2025-07-01"",""FS545511"","".00"",""506.40"",""2432.70"",""59.40"",""13665.20"","".00"","".00"",""434.70"",""166.10"",""664.40"",""324.00"","" "",""Rooth, Mija"",""9"",""SEK"",""234.66"",""26.07"",""9789190071304"",""INFÖR DINA ÖGON"",""9789190071304 - INFÖR DINA ÖGON"", Media 24 / Digibook S6993,""Leverantör"",""1005.50"",""1891.00"","".00"","".00"",""Audio Book : Extended distribution"",""71073.00"",""4917.67"","".00"","".00"","".00"","".00"","".00"","".00"","".00"","".00"",""0"",""0""";;
"6993,""2025-09-30"",""2025-07-01"",""FS545511"","".00"",""506.40"",""2432.70"",""59.40"",""13665.20"","".00"","".00"",""434.70"",""166.10"",""664.40"",""324.00"","" "",""Rooth, Mija"",""2"",""SEK"",""72.00"",""36.00"",""9789190071304"",""INFÖR DINA ÖGON"",""9789190071304 - INFÖR DINA ÖGON"", Media 24 / Digibook S6993,""Leverantör"",""1005.50"",""1891.00"","".00"","".00"",""Audio Book : Agregated"",""71073.00"",""4917.67"","".00"","".00"","".00"","".00"","".00"","".00"","".00"","".00"",""0"",""0""";;
"6993,""2025-09-30"",""2025-07-01"",""FS545511"","".00"",""506.40"",""2432.70"",""59.40"",""13665.20"","".00"","".00"",""434.70"",""166.10"",""664.40"",""324.00"","" "",""Rosencranz, John"",""2"",""SEK"",""153.00"",""76.50"",""9789190071557"",""Buddha Business"",""9789190071557 - Buddha Business"", Media 24 / Digibook S6993,""Leverantör"",""1005.50"",""1891.00"","".00"","".00"",""Ebook : Buy"",""71073.00"",""4917.67"","".00"","".00"","".00"","".00"","".00"","".00"","".00"","".00"",""0"",""0""";;
"6993,""2025-09-30"",""2025-07-01"",""FS545511"","".00"",""506.40"",""2432.70"",""59.40"",""13665.20"","".00"","".00"",""434.70"",""166.10"",""664.40"",""324.00"","" "",""Roxfelt, Susanna"",""6"",""SEK"",""116.10"",""19.35"",""9789189857957"",""Allt det jag sökte fann jag hos dig"",""9789189857957 - Allt det jag sökte fann jag hos dig"", Media 24 / Digibook S6993,""Leverantör"",""1005.50"",""1891.00"","".00"","".00"",""Ebook : Extended distribution"",""71073.00"",""4917.67"","".00"","".00"","".00"","".00"","".00"","".00"","".00"","".00"",""0"",""0""";;
"6993,""2025-09-30"",""2025-07-01"",""FS545511"","".00"",""506.40"",""2432.70"",""59.40"",""13665.20"","".00"","".00"",""434.70"",""166.10"",""664.40"",""324.00"","" "",""Roxfelt, Susanna"",""1"",""SEK"",""19.74"",""19.74"",""9789189857957"",""Allt det jag sökte fann jag hos dig"",""9789189857957 - Allt det jag sökte fann jag hos dig"", Media 24 / Digibook S6993,""Leverantör"",""1005.50"",""1891.00"","".00"","".00"",""Ebook : Extended distribution"",""71073.00"",""4917.67"","".00"","".00"","".00"","".00"","".00"","".00"","".00"","".00"",""0"",""0""";;
"6993,""2025-09-30"",""2025-07-01"",""FS545511"","".00"",""506.40"",""2432.70"",""59.40"",""13665.20"","".00"","".00"",""434.70"",""166.10"",""664.40"",""324.00"","" "",""Roxfelt, Susanna"",""6"",""SEK"",""127.92"",""21.32"",""9789189857957"",""Allt det jag sökte fann jag hos dig"",""9789189857957 - Allt det jag sökte fann jag hos dig"", Media 24 / Digibook S6993,""Leverantör"",""1005.50"",""1891.00"","".00"","".00"",""Ebook : Extended distribution"",""71073.00"",""4917.67"","".00"","".00"","".00"","".00"","".00"","".00"","".00"","".00"",""0"",""0""";;
"6993,""2025-09-30"",""2025-07-01"",""FS545511"","".00"",""506.40"",""2432.70"",""59.40"",""13665.20"","".00"","".00"",""434.70"",""166.10"",""664.40"",""324.00"","" "",""Roxfelt, Susanna"",""1"",""SEK"",""63.00"",""63.00"",""9789189857957"",""Allt det jag sökte fann jag hos dig"",""9789189857957 - Allt det jag sökte fann jag hos dig"", Media 24 / Digibook S6993,""Leverantör"",""1005.50"",""1891.00"","".00"","".00"",""Ebook : Agregated"",""71073.00"",""4917.67"","".00"","".00"","".00"","".00"","".00"","".00"","".00"","".00"",""0"",""0""";;
"6993,""2025-09-30"",""2025-07-01"",""FS545511"","".00"",""506.40"",""2432.70"",""59.40"",""13665.20"","".00"","".00"",""434.70"",""166.10"",""664.40"",""324.00"","" "",""Rydberg, Ulf"",""1"",""SEK"",""16.39"",""16.39"",""9789190071274"",""Ödets bila faller tungt"",""9789190071274 - Ödets bila faller tungt"", Media 24 / Digibook S6993,""Leverantör"",""1005.50"",""1891.00"","".00"","".00"",""Ebook : Extended distribution"",""71073.00"",""4917.67"","".00"","".00"","".00"","".00"","".00"","".00"","".00"","".00"",""0"",""0""";;
"6993,""2025-09-30"",""2025-07-01"",""FS545511"","".00"",""506.40"",""2432.70"",""59.40"",""13665.20"","".00"","".00"",""434.70"",""166.10"",""664.40"",""324.00"","" "",""Rydberg, Ulf"",""1"",""SEK"",""18.94"",""18.94"",""9789189857568"",""Lotusblommans sav är röd som blod"",""9789189857568 - Lotusblommans sav är röd som blod"", Media 24 / Digibook S6993,""Leverantör"",""1005.50"",""1891.00"","".00"","".00"",""Ebook : Extended distribution"",""71073.00"",""4917.67"","".00"","".00"","".00"","".00"","".00"","".00"","".00"","".00"",""0"",""0""";;
"6993,""2025-09-30"",""2025-07-01"",""FS545511"","".00"",""506.40"",""2432.70"",""59.40"",""13665.20"","".00"","".00"",""434.70"",""166.10"",""664.40"",""324.00"","" "",""S, Ella"",""2"",""SEK"",""1.40"","".70"",""9789189835092"",""Naket äventyr - Att låna en fru"",""9789189835092 - Naket äventyr - Att låna en fru"", Media 24 / Digibook S6993,""Leverantör"",""1005.50"",""1891.00"","".00"","".00"",""Ebook : Extended distribution"",""71073.00"",""4917.67"","".00"","".00"","".00"","".00"","".00"","".00"","".00"","".00"",""0"",""0""";;
"6993,""2025-09-30"",""2025-07-01"",""FS545511"","".00"",""506.40"",""2432.70"",""59.40"",""13665.20"","".00"","".00"",""434.70"",""166.10"",""664.40"",""324.00"","" "",""S, Ella"",""11"",""SEK"",""7.82"","".71"",""9789189835337"",""Naket äventyr - Att låna en fru"",""9789189835337 - Naket äventyr - Att låna en fru"", Media 24 / Digibook S6993,""Leverantör"",""1005.50"",""1891.00"","".00"","".00"",""Audio Book : Extended distribution"",""71073.00"",""4917.67"","".00"","".00"","".00"","".00"","".00"","".00"","".00"","".00"",""0"",""0""";;
"6993,""2025-09-30"",""2025-07-01"",""FS545511"","".00"",""506.40"",""2432.70"",""59.40"",""13665.20"","".00"","".00"",""434.70"",""166.10"",""664.40"",""324.00"","" "",""S, Ella"",""25"",""SEK"",""17.98"","".72"",""9789189835337"",""Naket äventyr - Att låna en fru"",""9789189835337 - Naket äventyr - Att låna en fru"", Media 24 / Digibook S6993,""Leverantör"",""1005.50"",""1891.00"","".00"","".00"",""Audio Book : Extended distribution"",""71073.00"",""4917.67"","".00"","".00"","".00"","".00"","".00"","".00"","".00"","".00"",""0"",""0""";;
"6993,""2025-09-30"",""2025-07-01"",""FS545511"","".00"",""506.40"",""2432.70"",""59.40"",""13665.20"","".00"","".00"",""434.70"",""166.10"",""664.40"",""324.00"","" "",""S, Ella"",""13"",""SEK"",""9.54"","".73"",""9789189835337"",""Naket äventyr - Att låna en fru"",""9789189835337 - Naket äventyr - Att låna en fru"", Media 24 / Digibook S6993,""Leverantör"",""1005.50"",""1891.00"","".00"","".00"",""Audio Book : Extended distribution"",""71073.00"",""4917.67"","".00"","".00"","".00"","".00"","".00"","".00"","".00"","".00"",""0"",""0""";;
"6993,""2025-09-30"",""2025-07-01"",""FS545511"","".00"",""506.40"",""2432.70"",""59.40"",""13665.20"","".00"","".00"",""434.70"",""166.10"",""664.40"",""324.00"","" "",""S, Ella"",""4"",""SEK"",""3.00"","".75"",""9789189835092"",""Naket äventyr - Att låna en fru"",""9789189835092 - Naket äventyr - Att låna en fru"", Media 24 / Digibook S6993,""Leverantör"",""1005.50"",""1891.00"","".00"","".00"",""Ebook : Extended distribution"",""71073.00"",""4917.67"","".00"","".00"","".00"","".00"","".00"","".00"","".00"","".00"",""0"",""0""";;
"6993,""2025-09-30"",""2025-07-01"",""FS545511"","".00"",""506.40"",""2432.70"",""59.40"",""13665.20"","".00"","".00"",""434.70"",""166.10"",""664.40"",""324.00"","" "",""S, Ella"",""6"",""SEK"",""4.58"","".76"",""9789189835092"",""Naket äventyr - Att låna en fru"",""9789189835092 - Naket äventyr - Att låna en fru"", Media 24 / Digibook S6993,""Leverantör"",""1005.50"",""1891.00"","".00"","".00"",""Ebook : Extended distribution"",""71073.00"",""4917.67"","".00"","".00"","".00"","".00"","".00"","".00"","".00"","".00"",""0"",""0""";;
"6993,""2025-09-30"",""2025-07-01"",""FS545511"","".00"",""506.40"",""2432.70"",""59.40"",""13665.20"","".00"","".00"",""434.70"",""166.10"",""664.40"",""324.00"","" "",""S, Ella"",""1"",""SEK"","".76"","".76"",""9789189835337"",""Naket äventyr - Att låna en fru"",""9789189835337 - Naket äventyr - Att låna en fru"", Media 24 / Digibook S6993,""Leverantör"",""1005.50"",""1891.00"","".00"","".00"",""Audio Book : Extended distribution"",""71073.00"",""4917.67"","".00"","".00"","".00"","".00"","".00"","".00"","".00"","".00"",""0"",""0""";;
"6993,""2025-09-30"",""2025-07-01"",""FS545511"","".00"",""506.40"",""2432.70"",""59.40"",""13665.20"","".00"","".00"",""434.70"",""166.10"",""664.40"",""324.00"","" "",""S, Ella"",""1"",""SEK"","".78"","".78"",""9789189835092"",""Naket äventyr - Att låna en fru"",""9789189835092 - Naket äventyr - Att låna en fru"", Media 24 / Digibook S6993,""Leverantör"",""1005.50"",""1891.00"","".00"","".00"",""Ebook : Extended distribution"",""71073.00"",""4917.67"","".00"","".00"","".00"","".00"","".00"","".00"","".00"","".00"",""0"",""0""";;
"6993,""2025-09-30"",""2025-07-01"",""FS545511"","".00"",""506.40"",""2432.70"",""59.40"",""13665.20"","".00"","".00"",""434.70"",""166.10"",""664.40"",""324.00"","" "",""S, Ella"",""1"",""SEK"","".79"","".79"",""9789189739987"",""Naket äventyr - Att låna en man"",""9789189739987 - Naket äventyr - Att låna en man"", Media 24 / Digibook S6993,""Leverantör"",""1005.50"",""1891.00"","".00"","".00"",""Ebook : Extended distribution"",""71073.00"",""4917.67"","".00"","".00"","".00"","".00"","".00"","".00"","".00"","".00"",""0"",""0""";;
"6993,""2025-09-30"",""2025-07-01"",""FS545511"","".00"",""506.40"",""2432.70"",""59.40"",""13665.20"","".00"","".00"",""434.70"",""166.10"",""664.40"",""324.00"","" "",""S, Ella"",""25"",""SEK"",""21.03"","".84"",""9789189739987"",""Naket äventyr - Att låna en man"",""9789189739987 - Naket äventyr - Att låna en man"", Media 24 / Digibook S6993,""Leverantör"",""1005.50"",""1891.00"","".00"","".00"",""Ebook : Extended distribution"",""71073.00"",""4917.67"","".00"","".00"","".00"","".00"","".00"","".00"","".00"","".00"",""0"",""0""";;
"6993,""2025-09-30"",""2025-07-01"",""FS545511"","".00"",""506.40"",""2432.70"",""59.40"",""13665.20"","".00"","".00"",""434.70"",""166.10"",""664.40"",""324.00"","" "",""S, Ella"",""77"",""SEK"",""64.77"","".84"",""9789189835320"",""Naket äventyr - Att låna en man"",""9789189835320 - Naket äventyr - Att låna en man"", Media 24 / Digibook S6993,""Leverantör"",""1005.50"",""1891.00"","".00"","".00"",""Audio Book : Extended distribution"",""71073.00"",""4917.67"","".00"","".00"","".00"","".00"","".00"","".00"","".00"","".00"",""0"",""0""";;
"6993,""2025-09-30"",""2025-07-01"",""FS545511"","".00"",""506.40"",""2432.70"",""59.40"",""13665.20"","".00"","".00"",""434.70"",""166.10"",""664.40"",""324.00"","" "",""S, Ella"",""14"",""SEK"",""12.02"","".86"",""9789189739987"",""Naket äventyr - Att låna en man"",""9789189739987 - Naket äventyr - Att låna en man"", Media 24 / Digibook S6993,""Leverantör"",""1005.50"",""1891.00"","".00"","".00"",""Ebook : Extended distribution"",""71073.00"",""4917.67"","".00"","".00"","".00"","".00"","".00"","".00"","".00"","".00"",""0"",""0""";;
"6993,""2025-09-30"",""2025-07-01"",""FS545511"","".00"",""506.40"",""2432.70"",""59.40"",""13665.20"","".00"","".00"",""434.70"",""166.10"",""664.40"",""324.00"","" "",""S, Ella"",""33"",""SEK"",""28.35"","".86"",""9789189835320"",""Naket äventyr - Att låna en man"",""9789189835320 - Naket äventyr - Att låna en man"", Media 24 / Digibook S6993,""Leverantör"",""1005.50"",""1891.00"","".00"","".00"",""Audio Book : Extended distribution"",""71073.00"",""4917.67"","".00"","".00"","".00"","".00"","".00"","".00"","".00"","".00"",""0"",""0""";;
"6993,""2025-09-30"",""2025-07-01"",""FS545511"","".00"",""506.40"",""2432.70"",""59.40"",""13665.20"","".00"","".00"",""434.70"",""166.10"",""664.40"",""324.00"","" "",""S, Ella"",""3"",""SEK"",""2.57"","".86"",""9789189835337"",""Naket äventyr - Att låna en fru"",""9789189835337 - Naket äventyr - Att låna en fru"", Media 24 / Digibook S6993,""Leverantör"",""1005.50"",""1891.00"","".00"","".00"",""Audio Book : Extended distribution"",""71073.00"",""4917.67"","".00"","".00"","".00"","".00"","".00"","".00"","".00"","".00"",""0"",""0""";;
"6993,""2025-09-30"",""2025-07-01"",""FS545511"","".00"",""506.40"",""2432.70"",""59.40"",""13665.20"","".00"","".00"",""434.70"",""166.10"",""664.40"",""324.00"","" "",""S, Ella"",""2"",""SEK"",""1.76"","".88"",""9789189739987"",""Naket äventyr - Att låna en man"",""9789189739987 - Naket äventyr - Att låna en man"", Media 24 / Digibook S6993,""Leverantör"",""1005.50"",""1891.00"","".00"","".00"",""Ebook : Extended distribution"",""71073.00"",""4917.67"","".00"","".00"","".00"","".00"","".00"","".00"","".00"","".00"",""0"",""0""";;
"6993,""2025-09-30"",""2025-07-01"",""FS545511"","".00"",""506.40"",""2432.70"",""59.40"",""13665.20"","".00"","".00"",""434.70"",""166.10"",""664.40"",""324.00"","" "",""S, Ella"",""4"",""SEK"",""3.53"","".88"",""9789189835320"",""Naket äventyr - Att låna en man"",""9789189835320 - Naket äventyr - Att låna en man"", Media 24 / Digibook S6993,""Leverantör"",""1005.50"",""1891.00"","".00"","".00"",""Audio Book : Extended distribution"",""71073.00"",""4917.67"","".00"","".00"","".00"","".00"","".00"","".00"","".00"","".00"",""0"",""0""";;
"6993,""2025-09-30"",""2025-07-01"",""FS545511"","".00"",""506.40"",""2432.70"",""59.40"",""13665.20"","".00"","".00"",""434.70"",""166.10"",""664.40"",""324.00"","" "",""S, Ella"",""3"",""SEK"",""3.00"",""1.00"",""9789189835320"",""Naket äventyr - Att låna en man"",""9789189835320 - Naket äventyr - Att låna en man"", Media 24 / Digibook S6993,""Leverantör"",""1005.50"",""1891.00"","".00"","".00"",""Audio Book : Extended distribution"",""71073.00"",""4917.67"","".00"","".00"","".00"","".00"","".00"","".00"","".00"","".00"",""0"",""0""";;
"6993,""2025-09-30"",""2025-07-01"",""FS545511"","".00"",""506.40"",""2432.70"",""59.40"",""13665.20"","".00"","".00"",""434.70"",""166.10"",""664.40"",""324.00"","" "",""S, Ella"",""1"",""SEK"",""2.70"",""2.70"",""9789189739987"",""Naket äventyr - Att låna en man"",""9789189739987 - Naket äventyr - Att låna en man"", Media 24 / Digibook S6993,""Leverantör"",""1005.50"",""1891.00"","".00"","".00"",""Ebook : School Subscription"",""71073.00"",""4917.67"","".00"","".00"","".00"","".00"","".00"","".00"","".00"","".00"",""0"",""0""";;
"6993,""2025-09-30"",""2025-07-01"",""FS545511"","".00"",""506.40"",""2432.70"",""59.40"",""13665.20"","".00"","".00"",""434.70"",""166.10"",""664.40"",""324.00"","" "",""S, Ella"",""1"",""SEK"",""2.70"",""2.70"",""9789189835092"",""Naket äventyr - Att låna en fru"",""9789189835092 - Naket äventyr - Att låna en fru"", Media 24 / Digibook S6993,""Leverantör"",""1005.50"",""1891.00"","".00"","".00"",""Ebook : School Subscription"",""71073.00"",""4917.67"","".00"","".00"","".00"","".00"","".00"","".00"","".00"","".00"",""0"",""0""";;
"6993,""2025-09-30"",""2025-07-01"",""FS545511"","".00"",""506.40"",""2432.70"",""59.40"",""13665.20"","".00"","".00"",""434.70"",""166.10"",""664.40"",""324.00"","" "",""S, Ella"",""1"",""SEK"",""2.70"",""2.70"",""9789189835320"",""Naket äventyr - Att låna en man"",""9789189835320 - Naket äventyr - Att låna en man"", Media 24 / Digibook S6993,""Leverantör"",""1005.50"",""1891.00"","".00"","".00"",""Audio Book : School Subscription"",""71073.00"",""4917.67"","".00"","".00"","".00"","".00"","".00"","".00"","".00"","".00"",""0"",""0""";;
"6993,""2025-09-30"",""2025-07-01"",""FS545511"","".00"",""506.40"",""2432.70"",""59.40"",""13665.20"","".00"","".00"",""434.70"",""166.10"",""664.40"",""324.00"","" "",""S, Ella"",""1"",""SEK"",""2.70"",""2.70"",""9789189835337"",""Naket äventyr - Att låna en fru"",""9789189835337 - Naket äventyr - Att låna en fru"", Media 24 / Digibook S6993,""Leverantör"",""1005.50"",""1891.00"","".00"","".00"",""Audio Book : School Subscription"",""71073.00"",""4917.67"","".00"","".00"","".00"","".00"","".00"","".00"","".00"","".00"",""0"",""0""";;
"6993,""2025-09-30"",""2025-07-01"",""FS545511"","".00"",""506.40"",""2432.70"",""59.40"",""13665.20"","".00"","".00"",""434.70"",""166.10"",""664.40"",""324.00"","" "",""S, Ella"",""1"",""SEK"",""8.60"",""8.60"",""9789189835092"",""Naket äventyr - Att låna en fru"",""9789189835092 - Naket äventyr - Att låna en fru"", Media 24 / Digibook S6993,""Leverantör"",""1005.50"",""1891.00"","".00"","".00"",""Ebook : Agregated"",""71073.00"",""4917.67"","".00"","".00"","".00"","".00"","".00"","".00"","".00"","".00"",""0"",""0""";;
"6993,""2025-09-30"",""2025-07-01"",""FS545511"","".00"",""506.40"",""2432.70"",""59.40"",""13665.20"","".00"","".00"",""434.70"",""166.10"",""664.40"",""324.00"","" "",""Salo, Sanna"",""1"",""SEK"",""1.61"",""1.61"",""9789189835214"",""Skimrande pärlor"",""9789189835214 - Skimrande pärlor"", Media 24 / Digibook S6993,""Leverantör"",""1005.50"",""1891.00"","".00"","".00"",""Audio Book : Extended distribution"",""71073.00"",""4917.67"","".00"","".00"","".00"","".00"","".00"","".00"","".00"","".00"",""0"",""0""";;
"6993,""2025-09-30"",""2025-07-01"",""FS545511"","".00"",""506.40"",""2432.70"",""59.40"",""13665.20"","".00"","".00"",""434.70"",""166.10"",""664.40"",""324.00"","" "",""Salo, Sanna"",""8"",""SEK"",""13.00"",""1.63"",""9789189835214"",""Skimrande pärlor"",""9789189835214 - Skimrande pärlor"", Media 24 / Digibook S6993,""Leverantör"",""1005.50"",""1891.00"","".00"","".00"",""Audio Book : Extended distribution"",""71073.00"",""4917.67"","".00"","".00"","".00"","".00"","".00"","".00"","".00"","".00"",""0"",""0""";;
"6993,""2025-09-30"",""2025-07-01"",""FS545511"","".00"",""506.40"",""2432.70"",""59.40"",""13665.20"","".00"","".00"",""434.70"",""166.10"",""664.40"",""324.00"","" "",""Salo, Sanna"",""10"",""SEK"",""16.58"",""1.66"",""9789189835214"",""Skimrande pärlor"",""9789189835214 - Skimrande pärlor"", Media 24 / Digibook S6993,""Leverantör"",""1005.50"",""1891.00"","".00"","".00"",""Audio Book : Extended distribution"",""71073.00"",""4917.67"","".00"","".00"","".00"","".00"","".00"","".00"","".00"","".00"",""0"",""0""";;
"6993,""2025-09-30"",""2025-07-01"",""FS545511"","".00"",""506.40"",""2432.70"",""59.40"",""13665.20"","".00"","".00"",""434.70"",""166.10"",""664.40"",""324.00"","" "",""Salo, Sanna"",""14"",""SEK"",""23.84"",""1.70"",""9789189835085"",""Skimrande pärlor"",""9789189835085 - Skimrande pärlor"", Media 24 / Digibook S6993,""Leverantör"",""1005.50"",""1891.00"","".00"","".00"",""Ebook : Extended distribution"",""71073.00"",""4917.67"","".00"","".00"","".00"","".00"","".00"","".00"","".00"","".00"",""0"",""0""";;
"6993,""2025-09-30"",""2025-07-01"",""FS545511"","".00"",""506.40"",""2432.70"",""59.40"",""13665.20"","".00"","".00"",""434.70"",""166.10"",""664.40"",""324.00"","" "",""Salo, Sanna"",""15"",""SEK"",""25.54"",""1.70"",""9789189835214"",""Skimrande pärlor"",""9789189835214 - Skimrande pärlor"", Media 24 / Digibook S6993,""Leverantör"",""1005.50"",""1891.00"","".00"","".00"",""Audio Book : Extended distribution"",""71073.00"",""4917.67"","".00"","".00"","".00"","".00"","".00"","".00"","".00"","".00"",""0"",""0""";;
"6993,""2025-09-30"",""2025-07-01"",""FS545511"","".00"",""506.40"",""2432.70"",""59.40"",""13665.20"","".00"","".00"",""434.70"",""166.10"",""664.40"",""324.00"","" "",""Salo, Sanna"",""9"",""SEK"",""15.63"",""1.74"",""9789189835085"",""Skimrande pärlor"",""9789189835085 - Skimrande pärlor"", Media 24 / Digibook S6993,""Leverantör"",""1005.50"",""1891.00"","".00"","".00"",""Ebook : Extended distribution"",""71073.00"",""4917.67"","".00"","".00"","".00"","".00"","".00"","".00"","".00"","".00"",""0"",""0""";;
"6993,""2025-09-30"",""2025-07-01"",""FS545511"","".00"",""506.40"",""2432.70"",""59.40"",""13665.20"","".00"","".00"",""434.70"",""166.10"",""664.40"",""324.00"","" "",""Salo, Sanna"",""13"",""SEK"",""23.19"",""1.78"",""9789189835085"",""Skimrande pärlor"",""9789189835085 - Skimrande pärlor"", Media 24 / Digibook S6993,""Leverantör"",""1005.50"",""1891.00"","".00"","".00"",""Ebook : Extended distribution"",""71073.00"",""4917.67"","".00"","".00"","".00"","".00"","".00"","".00"","".00"","".00"",""0"",""0""";;
"6993,""2025-09-30"",""2025-07-01"",""FS545511"","".00"",""506.40"",""2432.70"",""59.40"",""13665.20"","".00"","".00"",""434.70"",""166.10"",""664.40"",""324.00"","" "",""Salo, Sanna"",""1"",""SEK"",""1.91"",""1.91"",""9789189835085"",""Skimrande pärlor"",""9789189835085 - Skimrande pärlor"", Media 24 / Digibook S6993,""Leverantör"",""1005.50"",""1891.00"","".00"","".00"",""Ebook : Extended distribution"",""71073.00"",""4917.67"","".00"","".00"","".00"","".00"","".00"","".00"","".00"","".00"",""0"",""0""";;
"6993,""2025-09-30"",""2025-07-01"",""FS545511"","".00"",""506.40"",""2432.70"",""59.40"",""13665.20"","".00"","".00"",""434.70"",""166.10"",""664.40"",""324.00"","" "",""Salo, Sanna"",""1"",""SEK"",""1.93"",""1.93"",""9789189835214"",""Skimrande pärlor"",""9789189835214 - Skimrande pärlor"", Media 24 / Digibook S6993,""Leverantör"",""1005.50"",""1891.00"","".00"","".00"",""Audio Book : Extended distribution"",""71073.00"",""4917.67"","".00"","".00"","".00"","".00"","".00"","".00"","".00"","".00"",""0"",""0""";;
"6993,""2025-09-30"",""2025-07-01"",""FS545511"","".00"",""506.40"",""2432.70"",""59.40"",""13665.20"","".00"","".00"",""434.70"",""166.10"",""664.40"",""324.00"","" "",""Salo, Sanna"",""1"",""SEK"",""2.70"",""2.70"",""9789189835085"",""Skimrande pärlor"",""9789189835085 - Skimrande pärlor"", Media 24 / Digibook S6993,""Leverantör"",""1005.50"",""1891.00"","".00"","".00"",""Ebook : School Subscription"",""71073.00"",""4917.67"","".00"","".00"","".00"","".00"","".00"","".00"","".00"","".00"",""0"",""0""";;
"6993,""2025-09-30"",""2025-07-01"",""FS545511"","".00"",""506.40"",""2432.70"",""59.40"",""13665.20"","".00"","".00"",""434.70"",""166.10"",""664.40"",""324.00"","" "",""Salo, Sanna"",""1"",""SEK"",""2.70"",""2.70"",""9789189835214"",""Skimrande pärlor"",""9789189835214 - Skimrande pärlor"", Media 24 / Digibook S6993,""Leverantör"",""1005.50"",""1891.00"","".00"","".00"",""Audio Book : School Subscription"",""71073.00"",""4917.67"","".00"","".00"","".00"","".00"","".00"","".00"","".00"","".00"",""0"",""0""";;
"6993,""2025-09-30"",""2025-07-01"",""FS545511"","".00"",""506.40"",""2432.70"",""59.40"",""13665.20"","".00"","".00"",""434.70"",""166.10"",""664.40"",""324.00"","" "",""Salo, Sanna"",""1"",""SEK"",""4.00"",""4.00"",""9789189835214"",""Skimrande pärlor"",""9789189835214 - Skimrande pärlor"", Media 24 / Digibook S6993,""Leverantör"",""1005.50"",""1891.00"","".00"","".00"",""Audio Book : Agregated"",""71073.00"",""4917.67"","".00"","".00"","".00"","".00"","".00"","".00"","".00"","".00"",""0"",""0""";;
"6993,""2025-09-30"",""2025-07-01"",""FS545511"","".00"",""506.40"",""2432.70"",""59.40"",""13665.20"","".00"","".00"",""434.70"",""166.10"",""664.40"",""324.00"","" "",""Salo, Sanna"",""1"",""SEK"",""11.00"",""11.00"",""9789189835085"",""Skimrande pärlor"",""9789189835085 - Skimrande pärlor"", Media 24 / Digibook S6993,""Leverantör"",""1005.50"",""1891.00"","".00"","".00"",""Ebook : Buy"",""71073.00"",""4917.67"","".00"","".00"","".00"","".00"","".00"","".00"","".00"","".00"",""0"",""0""";;
"6993,""2025-09-30"",""2025-07-01"",""FS545511"","".00"",""506.40"",""2432.70"",""59.40"",""13665.20"","".00"","".00"",""434.70"",""166.10"",""664.40"",""324.00"","" "",""Sandgren, Wilhelm"",""2"",""SEK"",""226.80"",""113.40"",""9789190071571"",""Kultur dödar strategi - Alltid"",""9789190071571 - Kultur dödar strategi - Alltid"", Media 24 / Digibook S6993,""Leverantör"",""1005.50"",""1891.00"","".00"","".00"",""Ebook : Buy"",""71073.00"",""4917.67"","".00"","".00"","".00"","".00"","".00"","".00"","".00"","".00"",""0"",""0""";;
"6993,""2025-09-30"",""2025-07-01"",""FS545511"","".00"",""506.40"",""2432.70"",""59.40"",""13665.20"","".00"","".00"",""434.70"",""166.10"",""664.40"",""324.00"","" "",""Silverfall, Giakou"",""1"",""SEK"",""2.70"",""2.70"",""9789189835177"",""Tigerns alla ränder"",""9789189835177 - Tigerns alla ränder"", Media 24 / Digibook S6993,""Leverantör"",""1005.50"",""1891.00"","".00"","".00"",""Ebook : School Subscription"",""71073.00"",""4917.67"","".00"","".00"","".00"","".00"","".00"","".00"","".00"","".00"",""0"",""0""";;
"6993,""2025-09-30"",""2025-07-01"",""FS545511"","".00"",""506.40"",""2432.70"",""59.40"",""13665.20"","".00"","".00"",""434.70"",""166.10"",""664.40"",""324.00"","" "",""Simonsson, Stig"",""1"",""SEK"",""2.70"",""2.70"",""9789189739635"",""Myglaren"",""9789189739635 - Myglaren"", Media 24 / Digibook S6993,""Leverantör"",""1005.50"",""1891.00"","".00"","".00"",""Ebook : School Subscription"",""71073.00"",""4917.67"","".00"","".00"","".00"","".00"","".00"","".00"","".00"","".00"",""0"",""0""";;
"6993,""2025-09-30"",""2025-07-01"",""FS545511"","".00"",""506.40"",""2432.70"",""59.40"",""13665.20"","".00"","".00"",""434.70"",""166.10"",""664.40"",""324.00"","" "",""Simonsson, Stig"",""1"",""SEK"",""2.70"",""2.70"",""9789189739888"",""Skelettet"",""9789189739888 - Skelettet"", Media 24 / Digibook S6993,""Leverantör"",""1005.50"",""1891.00"","".00"","".00"",""Ebook : School Subscription"",""71073.00"",""4917.67"","".00"","".00"","".00"","".00"","".00"","".00"","".00"","".00"",""0"",""0""";;
"6993,""2025-09-30"",""2025-07-01"",""FS545511"","".00"",""506.40"",""2432.70"",""59.40"",""13665.20"","".00"","".00"",""434.70"",""166.10"",""664.40"",""324.00"","" "",""Simonsson, Stig"",""1"",""SEK"",""2.70"",""2.70"",""9789189739918"",""Skelettet"",""9789189739918 - Skelettet"", Media 24 / Digibook S6993,""Leverantör"",""1005.50"",""1891.00"","".00"","".00"",""Audio Book : School Subscription"",""71073.00"",""4917.67"","".00"","".00"","".00"","".00"","".00"","".00"","".00"","".00"",""0"",""0""";;
"6993,""2025-09-30"",""2025-07-01"",""FS545511"","".00"",""506.40"",""2432.70"",""59.40"",""13665.20"","".00"","".00"",""434.70"",""166.10"",""664.40"",""324.00"","" "",""Simonsson, Stig"",""1"",""SEK"",""2.70"",""2.70"",""9789189835481"",""Mannens ädlaste ägodel"",""9789189835481 - Mannens ädlaste ägodel"", Media 24 / Digibook S6993,""Leverantör"",""1005.50"",""1891.00"","".00"","".00"",""Ebook : School Subscription"",""71073.00"",""4917.67"","".00"","".00"","".00"","".00"","".00"","".00"","".00"","".00"",""0"",""0""";;
"6993,""2025-09-30"",""2025-07-01"",""FS545511"","".00"",""506.40"",""2432.70"",""59.40"",""13665.20"","".00"","".00"",""434.70"",""166.10"",""664.40"",""324.00"","" "",""Simonsson, Stig"",""1"",""SEK"",""2.70"",""2.70"",""9789189835498"",""Mannens ädlaste ägodel"",""9789189835498 - Mannens ädlaste ägodel"", Media 24 / Digibook S6993,""Leverantör"",""1005.50"",""1891.00"","".00"","".00"",""Audio Book : School Subscription"",""71073.00"",""4917.67"","".00"","".00"","".00"","".00"","".00"","".00"","".00"","".00"",""0"",""0""";;
"6993,""2025-09-30"",""2025-07-01"",""FS545511"","".00"",""506.40"",""2432.70"",""59.40"",""13665.20"","".00"","".00"",""434.70"",""166.10"",""664.40"",""324.00"","" "",""Simonsson, Stig"",""1"",""SEK"",""2.70"",""2.70"",""9789189835894"",""Viagonal"",""9789189835894 - Viagonal"", Media 24 / Digibook S6993,""Leverantör"",""1005.50"",""1891.00"","".00"","".00"",""Ebook : School Subscription"",""71073.00"",""4917.67"","".00"","".00"","".00"","".00"","".00"","".00"","".00"","".00"",""0"",""0""";;
"6993,""2025-09-30"",""2025-07-01"",""FS545511"","".00"",""506.40"",""2432.70"",""59.40"",""13665.20"","".00"","".00"",""434.70"",""166.10"",""664.40"",""324.00"","" "",""Simonsson, Stig"",""1"",""SEK"",""2.70"",""2.70"",""9789189835900"",""Viagonal"",""9789189835900 - Viagonal"", Media 24 / Digibook S6993,""Leverantör"",""1005.50"",""1891.00"","".00"","".00"",""Audio Book : School Subscription"",""71073.00"",""4917.67"","".00"","".00"","".00"","".00"","".00"","".00"","".00"","".00"",""0"",""0""";;
"6993,""2025-09-30"",""2025-07-01"",""FS545511"","".00"",""506.40"",""2432.70"",""59.40"",""13665.20"","".00"","".00"",""434.70"",""166.10"",""664.40"",""324.00"","" "",""Simonsson, Stig"",""1"",""SEK"",""2.70"",""2.70"",""9789189857421"",""TorZ"",""9789189857421 - TorZ"", Media 24 / Digibook S6993,""Leverantör"",""1005.50"",""1891.00"","".00"","".00"",""Ebook : School Subscription"",""71073.00"",""4917.67"","".00"","".00"","".00"","".00"","".00"","".00"","".00"","".00"",""0"",""0""";;
"6993,""2025-09-30"",""2025-07-01"",""FS545511"","".00"",""506.40"",""2432.70"",""59.40"",""13665.20"","".00"","".00"",""434.70"",""166.10"",""664.40"",""324.00"","" "",""Simonsson, Stig"",""1"",""SEK"",""2.70"",""2.70"",""9789189857438"",""TorZ"",""9789189857438 - TorZ"", Media 24 / Digibook S6993,""Leverantör"",""1005.50"",""1891.00"","".00"","".00"",""Audio Book : School Subscription"",""71073.00"",""4917.67"","".00"","".00"","".00"","".00"","".00"","".00"","".00"","".00"",""0"",""0""";;
"6993,""2025-09-30"",""2025-07-01"",""FS545511"","".00"",""506.40"",""2432.70"",""59.40"",""13665.20"","".00"","".00"",""434.70"",""166.10"",""664.40"",""324.00"","" "",""Simonsson, Stig"",""1"",""SEK"",""2.70"",""2.70"",""9789189857445"",""Myglaren"",""9789189857445 - Myglaren"", Media 24 / Digibook S6993,""Leverantör"",""1005.50"",""1891.00"","".00"","".00"",""Audio Book : School Subscription"",""71073.00"",""4917.67"","".00"","".00"","".00"","".00"","".00"","".00"","".00"","".00"",""0"",""0""";;
"6993,""2025-09-30"",""2025-07-01"",""FS545511"","".00"",""506.40"",""2432.70"",""59.40"",""13665.20"","".00"","".00"",""434.70"",""166.10"",""664.40"",""324.00"","" "",""Simonsson, Stig"",""1"",""SEK"",""10.21"",""10.21"",""9789189835900"",""Viagonal"",""9789189835900 - Viagonal"", Media 24 / Digibook S6993,""Leverantör"",""1005.50"",""1891.00"","".00"","".00"",""Audio Book : Extended distribution"",""71073.00"",""4917.67"","".00"","".00"","".00"","".00"","".00"","".00"","".00"","".00"",""0"",""0""";;
"6993,""2025-09-30"",""2025-07-01"",""FS545511"","".00"",""506.40"",""2432.70"",""59.40"",""13665.20"","".00"","".00"",""434.70"",""166.10"",""664.40"",""324.00"","" "",""Simonsson, Stig"",""1"",""SEK"",""10.67"",""10.67"",""9789189857445"",""Myglaren"",""9789189857445 - Myglaren"", Media 24 / Digibook S6993,""Leverantör"",""1005.50"",""1891.00"","".00"","".00"",""Audio Book : Extended distribution"",""71073.00"",""4917.67"","".00"","".00"","".00"","".00"","".00"","".00"","".00"","".00"",""0"",""0""";;
"6993,""2025-09-30"",""2025-07-01"",""FS545511"","".00"",""506.40"",""2432.70"",""59.40"",""13665.20"","".00"","".00"",""434.70"",""166.10"",""664.40"",""324.00"","" "",""Simonsson, Stig"",""1"",""SEK"",""10.98"",""10.98"",""9789190071007"",""Valrossen"",""9789190071007 - Valrossen"", Media 24 / Digibook S6993,""Leverantör"",""1005.50"",""1891.00"","".00"","".00"",""Audio Book : Extended distribution"",""71073.00"",""4917.67"","".00"","".00"","".00"","".00"","".00"","".00"","".00"","".00"",""0"",""0""";;
"6993,""2025-09-30"",""2025-07-01"",""FS545511"","".00"",""506.40"",""2432.70"",""59.40"",""13665.20"","".00"","".00"",""434.70"",""166.10"",""664.40"",""324.00"","" "",""Simonsson, Stig"",""1"",""SEK"",""11.12"",""11.12"",""9789189835498"",""Mannens ädlaste ägodel"",""9789189835498 - Mannens ädlaste ägodel"", Media 24 / Digibook S6993,""Leverantör"",""1005.50"",""1891.00"","".00"","".00"",""Audio Book : Extended distribution"",""71073.00"",""4917.67"","".00"","".00"","".00"","".00"","".00"","".00"","".00"","".00"",""0"",""0""";;
"6993,""2025-09-30"",""2025-07-01"",""FS545511"","".00"",""506.40"",""2432.70"",""59.40"",""13665.20"","".00"","".00"",""434.70"",""166.10"",""664.40"",""324.00"","" "",""Simonsson, Stig"",""2"",""SEK"",""22.40"",""11.20"",""9789190071007"",""Valrossen"",""9789190071007 - Valrossen"", Media 24 / Digibook S6993,""Leverantör"",""1005.50"",""1891.00"","".00"","".00"",""Audio Book : Extended distribution"",""71073.00"",""4917.67"","".00"","".00"","".00"","".00"","".00"","".00"","".00"","".00"",""0"",""0""";;
"6993,""2025-09-30"",""2025-07-01"",""FS545511"","".00"",""506.40"",""2432.70"",""59.40"",""13665.20"","".00"","".00"",""434.70"",""166.10"",""664.40"",""324.00"","" "",""Simonsson, Stig"",""1"",""SEK"",""11.51"",""11.51"",""9789189739918"",""Skelettet"",""9789189739918 - Skelettet"", Media 24 / Digibook S6993,""Leverantör"",""1005.50"",""1891.00"","".00"","".00"",""Audio Book : Extended distribution"",""71073.00"",""4917.67"","".00"","".00"","".00"","".00"","".00"","".00"","".00"","".00"",""0"",""0""";;
"6993,""2025-09-30"",""2025-07-01"",""FS545511"","".00"",""506.40"",""2432.70"",""59.40"",""13665.20"","".00"","".00"",""434.70"",""166.10"",""664.40"",""324.00"","" "",""Simonsson, Stig"",""2"",""SEK"",""23.03"",""11.52"",""9789189739918"",""Skelettet"",""9789189739918 - Skelettet"", Media 24 / Digibook S6993,""Leverantör"",""1005.50"",""1891.00"","".00"","".00"",""Audio Book : Extended distribution"",""71073.00"",""4917.67"","".00"","".00"","".00"","".00"","".00"","".00"","".00"","".00"",""0"",""0""";;
"6993,""2025-09-30"",""2025-07-01"",""FS545511"","".00"",""506.40"",""2432.70"",""59.40"",""13665.20"","".00"","".00"",""434.70"",""166.10"",""664.40"",""324.00"","" "",""Simonsson, Stig"",""5"",""SEK"",""59.45"",""11.89"",""9789189835900"",""Viagonal"",""9789189835900 - Viagonal"", Media 24 / Digibook S6993,""Leverantör"",""1005.50"",""1891.00"","".00"","".00"",""Audio Book : Extended distribution"",""71073.00"",""4917.67"","".00"","".00"","".00"","".00"","".00"","".00"","".00"","".00"",""0"",""0""";;
"6993,""2025-09-30"",""2025-07-01"",""FS545511"","".00"",""506.40"",""2432.70"",""59.40"",""13665.20"","".00"","".00"",""434.70"",""166.10"",""664.40"",""324.00"","" "",""Simonsson, Stig"",""1"",""SEK"",""12.29"",""12.29"",""9789189857421"",""TorZ"",""9789189857421 - TorZ"", Media 24 / Digibook S6993,""Leverantör"",""1005.50"",""1891.00"","".00"","".00"",""Ebook : Extended distribution"",""71073.00"",""4917.67"","".00"","".00"","".00"","".00"","".00"","".00"","".00"","".00"",""0"",""0""";;
"6993,""2025-09-30"",""2025-07-01"",""FS545511"","".00"",""506.40"",""2432.70"",""59.40"",""13665.20"","".00"","".00"",""434.70"",""166.10"",""664.40"",""324.00"","" "",""Simonsson, Stig"",""1"",""SEK"",""12.35"",""12.35"",""9789189857438"",""TorZ"",""9789189857438 - TorZ"", Media 24 / Digibook S6993,""Leverantör"",""1005.50"",""1891.00"","".00"","".00"",""Audio Book : Extended distribution"",""71073.00"",""4917.67"","".00"","".00"","".00"","".00"","".00"","".00"","".00"","".00"",""0"",""0""";;
"6993,""2025-09-30"",""2025-07-01"",""FS545511"","".00"",""506.40"",""2432.70"",""59.40"",""13665.20"","".00"","".00"",""434.70"",""166.10"",""664.40"",""324.00"","" "",""Simonsson, Stig"",""1"",""SEK"",""12.38"",""12.38"",""9789189857971"",""Valrossen"",""9789189857971 - Valrossen"", Media 24 / Digibook S6993,""Leverantör"",""1005.50"",""1891.00"","".00"","".00"",""Ebook : Extended distribution"",""71073.00"",""4917.67"","".00"","".00"","".00"","".00"","".00"","".00"","".00"","".00"",""0"",""0""";;
"6993,""2025-09-30"",""2025-07-01"",""FS545511"","".00"",""506.40"",""2432.70"",""59.40"",""13665.20"","".00"","".00"",""434.70"",""166.10"",""664.40"",""324.00"","" "",""Simonsson, Stig"",""1"",""SEK"",""12.67"",""12.67"",""9789189857445"",""Myglaren"",""9789189857445 - Myglaren"", Media 24 / Digibook S6993,""Leverantör"",""1005.50"",""1891.00"","".00"","".00"",""Audio Book : Extended distribution"",""71073.00"",""4917.67"","".00"","".00"","".00"","".00"","".00"","".00"","".00"","".00"",""0"",""0""";;
"6993,""2025-09-30"",""2025-07-01"",""FS545511"","".00"",""506.40"",""2432.70"",""59.40"",""13665.20"","".00"","".00"",""434.70"",""166.10"",""664.40"",""324.00"","" "",""Simonsson, Stig"",""2"",""SEK"",""26.36"",""13.18"",""9789189835498"",""Mannens ädlaste ägodel"",""9789189835498 - Mannens ädlaste ägodel"", Media 24 / Digibook S6993,""Leverantör"",""1005.50"",""1891.00"","".00"","".00"",""Audio Book : Extended distribution"",""71073.00"",""4917.67"","".00"","".00"","".00"","".00"","".00"","".00"","".00"","".00"",""0"",""0""";;
"6993,""2025-09-30"",""2025-07-01"",""FS545511"","".00"",""506.40"",""2432.70"",""59.40"",""13665.20"","".00"","".00"",""434.70"",""166.10"",""664.40"",""324.00"","" "",""Simonsson, Stig"",""1"",""SEK"",""14.65"",""14.65"",""9789189857438"",""TorZ"",""9789189857438 - TorZ"", Media 24 / Digibook S6993,""Leverantör"",""1005.50"",""1891.00"","".00"","".00"",""Audio Book : Extended distribution"",""71073.00"",""4917.67"","".00"","".00"","".00"","".00"","".00"","".00"","".00"","".00"",""0"",""0""";;
"6993,""2025-09-30"",""2025-07-01"",""FS545511"","".00"",""506.40"",""2432.70"",""59.40"",""13665.20"","".00"","".00"",""434.70"",""166.10"",""664.40"",""324.00"","" "",""Simonsson, Stig"",""1"",""SEK"",""28.80"",""28.80"",""9789189739888"",""Skelettet"",""9789189739888 - Skelettet"", Media 24 / Digibook S6993,""Leverantör"",""1005.50"",""1891.00"","".00"","".00"",""Ebook : Buy"",""71073.00"",""4917.67"","".00"","".00"","".00"","".00"","".00"","".00"","".00"","".00"",""0"",""0""";;
"6993,""2025-09-30"",""2025-07-01"",""FS545511"","".00"",""506.40"",""2432.70"",""59.40"",""13665.20"","".00"","".00"",""434.70"",""166.10"",""664.40"",""324.00"","" "",""Simson, Anette"",""1"",""SEK"",""15.20"",""15.20"",""9789190071359"",""Den sista Bergmästaren"",""9789190071359 - Den sista Bergmästaren"", Media 24 / Digibook S6993,""Leverantör"",""1005.50"",""1891.00"","".00"","".00"",""Audio Book : Access Loan"",""71073.00"",""4917.67"","".00"","".00"","".00"","".00"","".00"","".00"","".00"","".00"",""0"",""0""";;
"6993,""2025-09-30"",""2025-07-01"",""FS545511"","".00"",""506.40"",""2432.70"",""59.40"",""13665.20"","".00"","".00"",""434.70"",""166.10"",""664.40"",""324.00"","" "",""Simson, Anette"",""21"",""SEK"",""332.31"",""15.82"",""9789190071359"",""Den sista Bergmästaren"",""9789190071359 - Den sista Bergmästaren"", Media 24 / Digibook S6993,""Leverantör"",""1005.50"",""1891.00"","".00"","".00"",""Audio Book : Extended distribution"",""71073.00"",""4917.67"","".00"","".00"","".00"","".00"","".00"","".00"","".00"","".00"",""0"",""0""";;
"6993,""2025-09-30"",""2025-07-01"",""FS545511"","".00"",""506.40"",""2432.70"",""59.40"",""13665.20"","".00"","".00"",""434.70"",""166.10"",""664.40"",""324.00"","" "",""Simson, Anette"",""41"",""SEK"",""661.80"",""16.14"",""9789190071359"",""Den sista Bergmästaren"",""9789190071359 - Den sista Bergmästaren"", Media 24 / Digibook S6993,""Leverantör"",""1005.50"",""1891.00"","".00"","".00"",""Audio Book : Extended distribution"",""71073.00"",""4917.67"","".00"","".00"","".00"","".00"","".00"","".00"","".00"","".00"",""0"",""0""";;
"6993,""2025-09-30"",""2025-07-01"",""FS545511"","".00"",""506.40"",""2432.70"",""59.40"",""13665.20"","".00"","".00"",""434.70"",""166.10"",""664.40"",""324.00"","" "",""Simson, Anette"",""1"",""SEK"",""18.78"",""18.78"",""9789190071359"",""Den sista Bergmästaren"",""9789190071359 - Den sista Bergmästaren"", Media 24 / Digibook S6993,""Leverantör"",""1005.50"",""1891.00"","".00"","".00"",""Audio Book : Extended distribution"",""71073.00"",""4917.67"","".00"","".00"","".00"","".00"","".00"","".00"","".00"","".00"",""0"",""0""";;
"6993,""2025-09-30"",""2025-07-01"",""FS545511"","".00"",""506.40"",""2432.70"",""59.40"",""13665.20"","".00"","".00"",""434.70"",""166.10"",""664.40"",""324.00"","" "",""Simson, Anette"",""6"",""SEK"",""140.84"",""23.47"",""9789190071359"",""Den sista Bergmästaren"",""9789190071359 - Den sista Bergmästaren"", Media 24 / Digibook S6993,""Leverantör"",""1005.50"",""1891.00"","".00"","".00"",""Audio Book : Extended distribution"",""71073.00"",""4917.67"","".00"","".00"","".00"","".00"","".00"","".00"","".00"","".00"",""0"",""0""";;
"6993,""2025-09-30"",""2025-07-01"",""FS545511"","".00"",""506.40"",""2432.70"",""59.40"",""13665.20"","".00"","".00"",""434.70"",""166.10"",""664.40"",""324.00"","" "",""Simson, Anette"",""4"",""SEK"",""144.00"",""36.00"",""9789190071359"",""Den sista Bergmästaren"",""9789190071359 - Den sista Bergmästaren"", Media 24 / Digibook S6993,""Leverantör"",""1005.50"",""1891.00"","".00"","".00"",""Audio Book : Agregated"",""71073.00"",""4917.67"","".00"","".00"","".00"","".00"","".00"","".00"","".00"","".00"",""0"",""0""";;
"6993,""2025-09-30"",""2025-07-01"",""FS545511"","".00"",""506.40"",""2432.70"",""59.40"",""13665.20"","".00"","".00"",""434.70"",""166.10"",""664.40"",""324.00"","" "",""Simson, Anette"",""1"",""SEK"",""76.50"",""76.50"",""9789190071359"",""Den sista Bergmästaren"",""9789190071359 - Den sista Bergmästaren"", Media 24 / Digibook S6993,""Leverantör"",""1005.50"",""1891.00"","".00"","".00"",""Audio Book : Buy"",""71073.00"",""4917.67"","".00"","".00"","".00"","".00"","".00"","".00"","".00"","".00"",""0"",""0""";;
"6993,""2025-09-30"",""2025-07-01"",""FS545511"","".00"",""506.40"",""2432.70"",""59.40"",""13665.20"","".00"","".00"",""434.70"",""166.10"",""664.40"",""324.00"","" "",""Sinnligkunskap, Solkarina"",""1"",""SEK"",""2.70"",""2.70"",""9789189835474"",""Vem vill Du vara"",""9789189835474 - Vem vill Du vara"", Media 24 / Digibook S6993,""Leverantör"",""1005.50"",""1891.00"","".00"","".00"",""Ebook : School Subscription"",""71073.00"",""4917.67"","".00"","".00"","".00"","".00"","".00"","".00"","".00"","".00"",""0"",""0""";;
"6993,""2025-09-30"",""2025-07-01"",""FS545511"","".00"",""506.40"",""2432.70"",""59.40"",""13665.20"","".00"","".00"",""434.70"",""166.10"",""664.40"",""324.00"","" "",""Sinnligkunskap, Solkarina"",""1"",""SEK"",""2.70"",""2.70"",""9789189835542"",""Dimensionsmedium, esoteriska rådgivare och änglamedium"",""9789189835542 - Dimensionsmedium, esoteriska rådgivare och änglamedium"", Media 24 / Digibook S6993,""Leverantör"",""1005.50"",""1891.00"","".00"","".00"",""Ebook : School Subscription"",""71073.00"",""4917.67"","".00"","".00"","".00"","".00"","".00"","".00"","".00"","".00"",""0"",""0""";;
"6993,""2025-09-30"",""2025-07-01"",""FS545511"","".00"",""506.40"",""2432.70"",""59.40"",""13665.20"","".00"","".00"",""434.70"",""166.10"",""664.40"",""324.00"","" "",""Slätt, Andreas"",""1"",""SEK"",""2.70"",""2.70"",""9789189835726"",""Honken Biografi ""Stolparna var mina bästa vänner"""",""9789189835726 - Honken Biografi ""Stolparna var mina bästa vänner"""", Media 24 / Digibook S6993,""Leverantör"",""1005.50"",""1891.00"","".00"","".00"",""Ebook : School Subscription"",""71073.00"",""4917.67"","".00"","".00"","".00"","".00"","".00"","".00"","".00"","".00"",""0"",""0""";;
"6993,""2025-09-30"",""2025-07-01"",""FS545511"","".00"",""506.40"",""2432.70"",""59.40"",""13665.20"","".00"","".00"",""434.70"",""166.10"",""664.40"",""324.00"","" "",""Slätt, Andreas"",""1"",""SEK"",""7.50"",""7.50"",""9789189835726"",""Honken Biografi ""Stolparna var mina bästa vänner"""",""9789189835726 - Honken Biografi ""Stolparna var mina bästa vänner"""", Media 24 / Digibook S6993,""Leverantör"",""1005.50"",""1891.00"","".00"","".00"",""Ebook : Extended distribution"",""71073.00"",""4917.67"","".00"","".00"","".00"","".00"","".00"","".00"","".00"","".00"",""0"",""0""";;
"6993,""2025-09-30"",""2025-07-01"",""FS545511"","".00"",""506.40"",""2432.70"",""59.40"",""13665.20"","".00"","".00"",""434.70"",""166.10"",""664.40"",""324.00"","" "",""Solkarina"",""4"",""SEK"",""2.99"","".75"",""9789189539938"",""Korta Reiki-meditationer med Solkarina"",""9789189539938 - Korta Reiki-meditationer med Solkarina"", Media 24 / Digibook S6993,""Leverantör"",""1005.50"",""1891.00"","".00"","".00"",""Audio Book : Extended distribution"",""71073.00"",""4917.67"","".00"","".00"","".00"","".00"","".00"","".00"","".00"","".00"",""0"",""0""";;
"6993,""2025-09-30"",""2025-07-01"",""FS545511"","".00"",""506.40"",""2432.70"",""59.40"",""13665.20"","".00"","".00"",""434.70"",""166.10"",""664.40"",""324.00"","" "",""Solkarina"",""7"",""SEK"",""5.30"","".76"",""9789189539938"",""Korta Reiki-meditationer med Solkarina"",""9789189539938 - Korta Reiki-meditationer med Solkarina"", Media 24 / Digibook S6993,""Leverantör"",""1005.50"",""1891.00"","".00"","".00"",""Audio Book : Extended distribution"",""71073.00"",""4917.67"","".00"","".00"","".00"","".00"","".00"","".00"","".00"","".00"",""0"",""0""";;
"6993,""2025-09-30"",""2025-07-01"",""FS545511"","".00"",""506.40"",""2432.70"",""59.40"",""13665.20"","".00"","".00"",""434.70"",""166.10"",""664.40"",""324.00"","" "",""Solkarina"",""2"",""SEK"",""1.55"","".78"",""9789189539938"",""Korta Reiki-meditationer med Solkarina"",""9789189539938 - Korta Reiki-meditationer med Solkarina"", Media 24 / Digibook S6993,""Leverantör"",""1005.50"",""1891.00"","".00"","".00"",""Audio Book : Extended distribution"",""71073.00"",""4917.67"","".00"","".00"","".00"","".00"","".00"","".00"","".00"","".00"",""0"",""0""";;
"6993,""2025-09-30"",""2025-07-01"",""FS545511"","".00"",""506.40"",""2432.70"",""59.40"",""13665.20"","".00"","".00"",""434.70"",""166.10"",""664.40"",""324.00"","" "",""Solkarina"",""9"",""SEK"",""7.15"","".79"",""9789189539938"",""Korta Reiki-meditationer med Solkarina"",""9789189539938 - Korta Reiki-meditationer med Solkarina"", Media 24 / Digibook S6993,""Leverantör"",""1005.50"",""1891.00"","".00"","".00"",""Audio Book : Extended distribution"",""71073.00"",""4917.67"","".00"","".00"","".00"","".00"","".00"","".00"","".00"","".00"",""0"",""0""";;
"6993,""2025-09-30"",""2025-07-01"",""FS545511"","".00"",""506.40"",""2432.70"",""59.40"",""13665.20"","".00"","".00"",""434.70"",""166.10"",""664.40"",""324.00"","" "",""Solkarina"",""2"",""SEK"",""1.80"","".90"",""9789189539938"",""Korta Reiki-meditationer med Solkarina"",""9789189539938 - Korta Reiki-meditationer med Solkarina"", Media 24 / Digibook S6993,""Leverantör"",""1005.50"",""1891.00"","".00"","".00"",""Audio Book : Extended distribution"",""71073.00"",""4917.67"","".00"","".00"","".00"","".00"","".00"","".00"","".00"","".00"",""0"",""0""";;
"6993,""2025-09-30"",""2025-07-01"",""FS545511"","".00"",""506.40"",""2432.70"",""59.40"",""13665.20"","".00"","".00"",""434.70"",""166.10"",""664.40"",""324.00"","" "",""Solkarina"",""6"",""SEK"",""9.78"",""1.63"",""9789189539921"",""Reiki - meditationer för andlig och personlig utveckling"",""9789189539921 - Reiki - meditationer för andlig och personlig utveckling"", Media 24 / Digibook S6993,""Leverantör"",""1005.50"",""1891.00"","".00"","".00"",""Audio Book : Extended distribution"",""71073.00"",""4917.67"","".00"","".00"","".00"","".00"","".00"","".00"","".00"","".00"",""0"",""0""";;
"6993,""2025-09-30"",""2025-07-01"",""FS545511"","".00"",""506.40"",""2432.70"",""59.40"",""13665.20"","".00"","".00"",""434.70"",""166.10"",""664.40"",""324.00"","" "",""Solkarina"",""1"",""SEK"",""1.65"",""1.65"",""9789189539921"",""Reiki - meditationer för andlig och personlig utveckling"",""9789189539921 - Reiki - meditationer för andlig och personlig utveckling"", Media 24 / Digibook S6993,""Leverantör"",""1005.50"",""1891.00"","".00"","".00"",""Audio Book : Extended distribution"",""71073.00"",""4917.67"","".00"","".00"","".00"","".00"","".00"","".00"","".00"","".00"",""0"",""0""";;
"6993,""2025-09-30"",""2025-07-01"",""FS545511"","".00"",""506.40"",""2432.70"",""59.40"",""13665.20"","".00"","".00"",""434.70"",""166.10"",""664.40"",""324.00"","" "",""Solkarina"",""2"",""SEK"",""3.37"",""1.69"",""9789189539921"",""Reiki - meditationer för andlig och personlig utveckling"",""9789189539921 - Reiki - meditationer för andlig och personlig utveckling"", Media 24 / Digibook S6993,""Leverantör"",""1005.50"",""1891.00"","".00"","".00"",""Audio Book : Extended distribution"",""71073.00"",""4917.67"","".00"","".00"","".00"","".00"","".00"","".00"","".00"","".00"",""0"",""0""";;
"6993,""2025-09-30"",""2025-07-01"",""FS545511"","".00"",""506.40"",""2432.70"",""59.40"",""13665.20"","".00"","".00"",""434.70"",""166.10"",""664.40"",""324.00"","" "",""Solkarina"",""5"",""SEK"",""8.64"",""1.73"",""9789189539921"",""Reiki - meditationer för andlig och personlig utveckling"",""9789189539921 - Reiki - meditationer för andlig och personlig utveckling"", Media 24 / Digibook S6993,""Leverantör"",""1005.50"",""1891.00"","".00"","".00"",""Audio Book : Extended distribution"",""71073.00"",""4917.67"","".00"","".00"","".00"","".00"","".00"","".00"","".00"","".00"",""0"",""0""";;
"6993,""2025-09-30"",""2025-07-01"",""FS545511"","".00"",""506.40"",""2432.70"",""59.40"",""13665.20"","".00"","".00"",""434.70"",""166.10"",""664.40"",""324.00"","" "",""Solkarina"",""2"",""SEK"",""3.92"",""1.96"",""9789189539914"",""Ljusmeditationer för högre kunskap"",""9789189539914 - Ljusmeditationer för högre kunskap"", Media 24 / Digibook S6993,""Leverantör"",""1005.50"",""1891.00"","".00"","".00"",""Audio Book : Extended distribution"",""71073.00"",""4917.67"","".00"","".00"","".00"","".00"","".00"","".00"","".00"","".00"",""0"",""0""";;
"6993,""2025-09-30"",""2025-07-01"",""FS545511"","".00"",""506.40"",""2432.70"",""59.40"",""13665.20"","".00"","".00"",""434.70"",""166.10"",""664.40"",""324.00"","" "",""Solkarina"",""1"",""SEK"",""1.96"",""1.96"",""9789189539921"",""Reiki - meditationer för andlig och personlig utveckling"",""9789189539921 - Reiki - meditationer för andlig och personlig utveckling"", Media 24 / Digibook S6993,""Leverantör"",""1005.50"",""1891.00"","".00"","".00"",""Audio Book : Extended distribution"",""71073.00"",""4917.67"","".00"","".00"","".00"","".00"","".00"","".00"","".00"","".00"",""0"",""0""";;
"6993,""2025-09-30"",""2025-07-01"",""FS545511"","".00"",""506.40"",""2432.70"",""59.40"",""13665.20"","".00"","".00"",""434.70"",""166.10"",""664.40"",""324.00"","" "",""Solkarina"",""6"",""SEK"",""11.88"",""1.98"",""9789189539914"",""Ljusmeditationer för högre kunskap"",""9789189539914 - Ljusmeditationer för högre kunskap"", Media 24 / Digibook S6993,""Leverantör"",""1005.50"",""1891.00"","".00"","".00"",""Audio Book : Extended distribution"",""71073.00"",""4917.67"","".00"","".00"","".00"","".00"","".00"","".00"","".00"","".00"",""0"",""0""";;
"6993,""2025-09-30"",""2025-07-01"",""FS545511"","".00"",""506.40"",""2432.70"",""59.40"",""13665.20"","".00"","".00"",""434.70"",""166.10"",""664.40"",""324.00"","" "",""Solkarina"",""3"",""SEK"",""6.06"",""2.02"",""9789189539914"",""Ljusmeditationer för högre kunskap"",""9789189539914 - Ljusmeditationer för högre kunskap"", Media 24 / Digibook S6993,""Leverantör"",""1005.50"",""1891.00"","".00"","".00"",""Audio Book : Extended distribution"",""71073.00"",""4917.67"","".00"","".00"","".00"","".00"","".00"","".00"","".00"","".00"",""0"",""0""";;
"6993,""2025-09-30"",""2025-07-01"",""FS545511"","".00"",""506.40"",""2432.70"",""59.40"",""13665.20"","".00"","".00"",""434.70"",""166.10"",""664.40"",""324.00"","" "",""Solkarina"",""4"",""SEK"",""8.30"",""2.08"",""9789189539914"",""Ljusmeditationer för högre kunskap"",""9789189539914 - Ljusmeditationer för högre kunskap"", Media 24 / Digibook S6993,""Leverantör"",""1005.50"",""1891.00"","".00"","".00"",""Audio Book : Extended distribution"",""71073.00"",""4917.67"","".00"","".00"","".00"","".00"","".00"","".00"","".00"","".00"",""0"",""0""";;
"6993,""2025-09-30"",""2025-07-01"",""FS545511"","".00"",""506.40"",""2432.70"",""59.40"",""13665.20"","".00"","".00"",""434.70"",""166.10"",""664.40"",""324.00"","" "",""Solkarina"",""6"",""SEK"",""14.11"",""2.35"",""9789189539914"",""Ljusmeditationer för högre kunskap"",""9789189539914 - Ljusmeditationer för högre kunskap"", Media 24 / Digibook S6993,""Leverantör"",""1005.50"",""1891.00"","".00"","".00"",""Audio Book : Extended distribution"",""71073.00"",""4917.67"","".00"","".00"","".00"","".00"","".00"","".00"","".00"","".00"",""0"",""0""";;
"6993,""2025-09-30"",""2025-07-01"",""FS545511"","".00"",""506.40"",""2432.70"",""59.40"",""13665.20"","".00"","".00"",""434.70"",""166.10"",""664.40"",""324.00"","" "",""Solkarina"",""1"",""SEK"",""2.70"",""2.70"",""9789189539662"",""Lär dig läsa i Akasha-biblioteket"",""9789189539662 - Lär dig läsa i Akasha-biblioteket"", Media 24 / Digibook S6993,""Leverantör"",""1005.50"",""1891.00"","".00"","".00"",""Ebook : School Subscription"",""71073.00"",""4917.67"","".00"","".00"","".00"","".00"","".00"","".00"","".00"","".00"",""0"",""0""";;
"6993,""2025-09-30"",""2025-07-01"",""FS545511"","".00"",""506.40"",""2432.70"",""59.40"",""13665.20"","".00"","".00"",""434.70"",""166.10"",""664.40"",""324.00"","" "",""Solkarina"",""1"",""SEK"",""2.70"",""2.70"",""9789189539907"",""Allt om änglar"",""9789189539907 - Allt om änglar"", Media 24 / Digibook S6993,""Leverantör"",""1005.50"",""1891.00"","".00"","".00"",""Audio Book : School Subscription"",""71073.00"",""4917.67"","".00"","".00"","".00"","".00"","".00"","".00"","".00"","".00"",""0"",""0""";;
"6993,""2025-09-30"",""2025-07-01"",""FS545511"","".00"",""506.40"",""2432.70"",""59.40"",""13665.20"","".00"","".00"",""434.70"",""166.10"",""664.40"",""324.00"","" "",""Solkarina"",""1"",""SEK"",""2.70"",""2.70"",""9789189539914"",""Ljusmeditationer för högre kunskap"",""9789189539914 - Ljusmeditationer för högre kunskap"", Media 24 / Digibook S6993,""Leverantör"",""1005.50"",""1891.00"","".00"","".00"",""Audio Book : School Subscription"",""71073.00"",""4917.67"","".00"","".00"","".00"","".00"","".00"","".00"","".00"","".00"",""0"",""0""";;
"6993,""2025-09-30"",""2025-07-01"",""FS545511"","".00"",""506.40"",""2432.70"",""59.40"",""13665.20"","".00"","".00"",""434.70"",""166.10"",""664.40"",""324.00"","" "",""Solkarina"",""1"",""SEK"",""2.70"",""2.70"",""9789189539921"",""Reiki - meditationer för andlig och personlig utveckling"",""9789189539921 - Reiki - meditationer för andlig och personlig utveckling"", Media 24 / Digibook S6993,""Leverantör"",""1005.50"",""1891.00"","".00"","".00"",""Audio Book : School Subscription"",""71073.00"",""4917.67"","".00"","".00"","".00"","".00"","".00"","".00"","".00"","".00"",""0"",""0""";;
"6993,""2025-09-30"",""2025-07-01"",""FS545511"","".00"",""506.40"",""2432.70"",""59.40"",""13665.20"","".00"","".00"",""434.70"",""166.10"",""664.40"",""324.00"","" "",""Solkarina"",""1"",""SEK"",""2.70"",""2.70"",""9789189539938"",""Korta Reiki-meditationer med Solkarina"",""9789189539938 - Korta Reiki-meditationer med Solkarina"", Media 24 / Digibook S6993,""Leverantör"",""1005.50"",""1891.00"","".00"","".00"",""Audio Book : School Subscription"",""71073.00"",""4917.67"","".00"","".00"","".00"","".00"","".00"","".00"","".00"","".00"",""0"",""0""";;
"6993,""2025-09-30"",""2025-07-01"",""FS545511"","".00"",""506.40"",""2432.70"",""59.40"",""13665.20"","".00"","".00"",""434.70"",""166.10"",""664.40"",""324.00"","" "",""Solkarina"",""1"",""SEK"",""2.86"",""2.86"",""9789189539914"",""Ljusmeditationer för högre kunskap"",""9789189539914 - Ljusmeditationer för högre kunskap"", Media 24 / Digibook S6993,""Leverantör"",""1005.50"",""1891.00"","".00"","".00"",""Audio Book : Extended distribution"",""71073.00"",""4917.67"","".00"","".00"","".00"","".00"","".00"","".00"","".00"","".00"",""0"",""0""";;
"6993,""2025-09-30"",""2025-07-01"",""FS545511"","".00"",""506.40"",""2432.70"",""59.40"",""13665.20"","".00"","".00"",""434.70"",""166.10"",""664.40"",""324.00"","" "",""Solkarina"",""4"",""SEK"",""20.84"",""5.21"",""9789189539662"",""Lär dig läsa i Akasha-biblioteket"",""9789189539662 - Lär dig läsa i Akasha-biblioteket"", Media 24 / Digibook S6993,""Leverantör"",""1005.50"",""1891.00"","".00"","".00"",""Ebook : Extended distribution"",""71073.00"",""4917.67"","".00"","".00"","".00"","".00"","".00"","".00"","".00"","".00"",""0"",""0""";;
"6993,""2025-09-30"",""2025-07-01"",""FS545511"","".00"",""506.40"",""2432.70"",""59.40"",""13665.20"","".00"","".00"",""434.70"",""166.10"",""664.40"",""324.00"","" "",""Solkarina"",""2"",""SEK"",""11.03"",""5.52"",""9789189539662"",""Lär dig läsa i Akasha-biblioteket"",""9789189539662 - Lär dig läsa i Akasha-biblioteket"", Media 24 / Digibook S6993,""Leverantör"",""1005.50"",""1891.00"","".00"","".00"",""Ebook : Extended distribution"",""71073.00"",""4917.67"","".00"","".00"","".00"","".00"","".00"","".00"","".00"","".00"",""0"",""0""";;
"6993,""2025-09-30"",""2025-07-01"",""FS545511"","".00"",""506.40"",""2432.70"",""59.40"",""13665.20"","".00"","".00"",""434.70"",""166.10"",""664.40"",""324.00"","" "",""Solkarina"",""3"",""SEK"",""16.68"",""5.56"",""9789189739093"",""En dold verklighet, demoners närvaro och agenda"",""9789189739093 - En dold verklighet, demoners närvaro och agenda"", Media 24 / Digibook S6993,""Leverantör"",""1005.50"",""1891.00"","".00"","".00"",""Ebook : Extended distribution"",""71073.00"",""4917.67"","".00"","".00"","".00"","".00"","".00"","".00"","".00"","".00"",""0"",""0""";;
"6993,""2025-09-30"",""2025-07-01"",""FS545511"","".00"",""506.40"",""2432.70"",""59.40"",""13665.20"","".00"","".00"",""434.70"",""166.10"",""664.40"",""324.00"","" "",""Solkarina"",""1"",""SEK"",""5.63"",""5.63"",""9789189539662"",""Lär dig läsa i Akasha-biblioteket"",""9789189539662 - Lär dig läsa i Akasha-biblioteket"", Media 24 / Digibook S6993,""Leverantör"",""1005.50"",""1891.00"","".00"","".00"",""Ebook : Extended distribution"",""71073.00"",""4917.67"","".00"","".00"","".00"","".00"","".00"","".00"","".00"","".00"",""0"",""0""";;
"6993,""2025-09-30"",""2025-07-01"",""FS545511"","".00"",""506.40"",""2432.70"",""59.40"",""13665.20"","".00"","".00"",""434.70"",""166.10"",""664.40"",""324.00"","" "",""Solkarina"",""2"",""SEK"",""11.55"",""5.78"",""9789189539662"",""Lär dig läsa i Akasha-biblioteket"",""9789189539662 - Lär dig läsa i Akasha-biblioteket"", Media 24 / Digibook S6993,""Leverantör"",""1005.50"",""1891.00"","".00"","".00"",""Ebook : Extended distribution"",""71073.00"",""4917.67"","".00"","".00"","".00"","".00"","".00"","".00"","".00"","".00"",""0"",""0""";;
"6993,""2025-09-30"",""2025-07-01"",""FS545511"","".00"",""506.40"",""2432.70"",""59.40"",""13665.20"","".00"","".00"",""434.70"",""166.10"",""664.40"",""324.00"","" "",""Solkarina"",""1"",""SEK"",""5.94"",""5.94"",""9789189739093"",""En dold verklighet, demoners närvaro och agenda"",""9789189739093 - En dold verklighet, demoners närvaro och agenda"", Media 24 / Digibook S6993,""Leverantör"",""1005.50"",""1891.00"","".00"","".00"",""Ebook : Extended distribution"",""71073.00"",""4917.67"","".00"","".00"","".00"","".00"","".00"","".00"","".00"","".00"",""0"",""0""";;
"6993,""2025-09-30"",""2025-07-01"",""FS545511"","".00"",""506.40"",""2432.70"",""59.40"",""13665.20"","".00"","".00"",""434.70"",""166.10"",""664.40"",""324.00"","" "",""Solkarina"",""2"",""SEK"",""11.98"",""5.99"",""9789189539907"",""Allt om änglar"",""9789189539907 - Allt om änglar"", Media 24 / Digibook S6993,""Leverantör"",""1005.50"",""1891.00"","".00"","".00"",""Audio Book : Extended distribution"",""71073.00"",""4917.67"","".00"","".00"","".00"","".00"","".00"","".00"","".00"","".00"",""0"",""0""";;
"6993,""2025-09-30"",""2025-07-01"",""FS545511"","".00"",""506.40"",""2432.70"",""59.40"",""13665.20"","".00"","".00"",""434.70"",""166.10"",""664.40"",""324.00"","" "",""Solkarina"",""2"",""SEK"",""11.99"",""6.00"",""9789189539907"",""Allt om änglar"",""9789189539907 - Allt om änglar"", Media 24 / Digibook S6993,""Leverantör"",""1005.50"",""1891.00"","".00"","".00"",""Audio Book : Extended distribution"",""71073.00"",""4917.67"","".00"","".00"","".00"","".00"","".00"","".00"","".00"","".00"",""0"",""0""";;
"6993,""2025-09-30"",""2025-07-01"",""FS545511"","".00"",""506.40"",""2432.70"",""59.40"",""13665.20"","".00"","".00"",""434.70"",""166.10"",""664.40"",""324.00"","" "",""Solkarina"",""13"",""SEK"",""78.77"",""6.06"",""9789189539907"",""Allt om änglar"",""9789189539907 - Allt om änglar"", Media 24 / Digibook S6993,""Leverantör"",""1005.50"",""1891.00"","".00"","".00"",""Audio Book : Extended distribution"",""71073.00"",""4917.67"","".00"","".00"","".00"","".00"","".00"","".00"","".00"","".00"",""0"",""0""";;
"6993,""2025-09-30"",""2025-07-01"",""FS545511"","".00"",""506.40"",""2432.70"",""59.40"",""13665.20"","".00"","".00"",""434.70"",""166.10"",""664.40"",""324.00"","" "",""Solkarina"",""4"",""SEK"",""24.72"",""6.18"",""9789189539907"",""Allt om änglar"",""9789189539907 - Allt om änglar"", Media 24 / Digibook S6993,""Leverantör"",""1005.50"",""1891.00"","".00"","".00"",""Audio Book : Extended distribution"",""71073.00"",""4917.67"","".00"","".00"","".00"","".00"","".00"","".00"","".00"","".00"",""0"",""0""";;
"6993,""2025-09-30"",""2025-07-01"",""FS545511"","".00"",""506.40"",""2432.70"",""59.40"",""13665.20"","".00"","".00"",""434.70"",""166.10"",""664.40"",""324.00"","" "",""Solkarina"",""1"",""SEK"",""6.21"",""6.21"",""9789189539662"",""Lär dig läsa i Akasha-biblioteket"",""9789189539662 - Lär dig läsa i Akasha-biblioteket"", Media 24 / Digibook S6993,""Leverantör"",""1005.50"",""1891.00"","".00"","".00"",""Ebook : Extended distribution"",""71073.00"",""4917.67"","".00"","".00"","".00"","".00"","".00"","".00"","".00"","".00"",""0"",""0""";;
"6993,""2025-09-30"",""2025-07-01"",""FS545511"","".00"",""506.40"",""2432.70"",""59.40"",""13665.20"","".00"","".00"",""434.70"",""166.10"",""664.40"",""324.00"","" "",""Solkarina"",""5"",""SEK"",""31.74"",""6.35"",""9789189539907"",""Allt om änglar"",""9789189539907 - Allt om änglar"", Media 24 / Digibook S6993,""Leverantör"",""1005.50"",""1891.00"","".00"","".00"",""Audio Book : Extended distribution"",""71073.00"",""4917.67"","".00"","".00"","".00"","".00"","".00"","".00"","".00"","".00"",""0"",""0""";;
"6993,""2025-09-30"",""2025-07-01"",""FS545511"","".00"",""506.40"",""2432.70"",""59.40"",""13665.20"","".00"","".00"",""434.70"",""166.10"",""664.40"",""324.00"","" "",""Solkarina"",""6"",""SEK"",""43.15"",""7.19"",""9789189539907"",""Allt om änglar"",""9789189539907 - Allt om änglar"", Media 24 / Digibook S6993,""Leverantör"",""1005.50"",""1891.00"","".00"","".00"",""Audio Book : Extended distribution"",""71073.00"",""4917.67"","".00"","".00"","".00"","".00"","".00"","".00"","".00"","".00"",""0"",""0""";;
"6993,""2025-09-30"",""2025-07-01"",""FS545511"","".00"",""506.40"",""2432.70"",""59.40"",""13665.20"","".00"","".00"",""434.70"",""166.10"",""664.40"",""324.00"","" "",""Solkarina"",""2"",""SEK"",""17.20"",""8.60"",""9789189539907"",""Allt om änglar"",""9789189539907 - Allt om änglar"", Media 24 / Digibook S6993,""Leverantör"",""1005.50"",""1891.00"","".00"","".00"",""Audio Book : Extended distribution"",""71073.00"",""4917.67"","".00"","".00"","".00"","".00"","".00"","".00"","".00"","".00"",""0"",""0""";;
"6993,""2025-09-30"",""2025-07-01"",""FS545511"","".00"",""506.40"",""2432.70"",""59.40"",""13665.20"","".00"","".00"",""434.70"",""166.10"",""664.40"",""324.00"","" "",""Solkarina"",""2"",""SEK"",""22.06"",""11.03"",""9789189739086"",""Psykometri och energiavläsningar, medial utveckling steg 1"",""9789189739086 - Psykometri och energiavläsningar, medial utveckling steg 1"", Media 24 / Digibook S6993,""Leverantör"",""1005.50"",""1891.00"","".00"","".00"",""Ebook : Extended distribution"",""71073.00"",""4917.67"","".00"","".00"","".00"","".00"","".00"","".00"","".00"","".00"",""0"",""0""";;
"6993,""2025-09-30"",""2025-07-01"",""FS545511"","".00"",""506.40"",""2432.70"",""59.40"",""13665.20"","".00"","".00"",""434.70"",""166.10"",""664.40"",""324.00"","" "",""Solkarina"",""2"",""SEK"",""23.57"",""11.79"",""9789189739086"",""Psykometri och energiavläsningar, medial utveckling steg 1"",""9789189739086 - Psykometri och energiavläsningar, medial utveckling steg 1"", Media 24 / Digibook S6993,""Leverantör"",""1005.50"",""1891.00"","".00"","".00"",""Ebook : Extended distribution"",""71073.00"",""4917.67"","".00"","".00"","".00"","".00"","".00"","".00"","".00"","".00"",""0"",""0""";;
"6993,""2025-09-30"",""2025-07-01"",""FS545511"","".00"",""506.40"",""2432.70"",""59.40"",""13665.20"","".00"","".00"",""434.70"",""166.10"",""664.40"",""324.00"","" "",""Solkarina"",""1"",""SEK"",""12.02"",""12.02"",""9789189739086"",""Psykometri och energiavläsningar, medial utveckling steg 1"",""9789189739086 - Psykometri och energiavläsningar, medial utveckling steg 1"", Media 24 / Digibook S6993,""Leverantör"",""1005.50"",""1891.00"","".00"","".00"",""Ebook : Extended distribution"",""71073.00"",""4917.67"","".00"","".00"","".00"","".00"","".00"","".00"","".00"","".00"",""0"",""0""";;
"6993,""2025-09-30"",""2025-07-01"",""FS545511"","".00"",""506.40"",""2432.70"",""59.40"",""13665.20"","".00"","".00"",""434.70"",""166.10"",""664.40"",""324.00"","" "",""Solkarina"",""2"",""SEK"",""24.38"",""12.19"",""9789189539846"",""Reiki naturligt helande och mjuk beröring"",""9789189539846 - Reiki naturligt helande och mjuk beröring"", Media 24 / Digibook S6993,""Leverantör"",""1005.50"",""1891.00"","".00"","".00"",""Ebook : Extended distribution"",""71073.00"",""4917.67"","".00"","".00"","".00"","".00"","".00"","".00"","".00"","".00"",""0"",""0""";;
"6993,""2025-09-30"",""2025-07-01"",""FS545511"","".00"",""506.40"",""2432.70"",""59.40"",""13665.20"","".00"","".00"",""434.70"",""166.10"",""664.40"",""324.00"","" "",""Solkarina"",""1"",""SEK"",""13.03"",""13.03"",""9789189539846"",""Reiki naturligt helande och mjuk beröring"",""9789189539846 - Reiki naturligt helande och mjuk beröring"", Media 24 / Digibook S6993,""Leverantör"",""1005.50"",""1891.00"","".00"","".00"",""Ebook : Extended distribution"",""71073.00"",""4917.67"","".00"","".00"","".00"","".00"","".00"","".00"","".00"","".00"",""0"",""0""";;
"6993,""2025-09-30"",""2025-07-01"",""FS545511"","".00"",""506.40"",""2432.70"",""59.40"",""13665.20"","".00"","".00"",""434.70"",""166.10"",""664.40"",""324.00"","" "",""Solkarina"",""2"",""SEK"",""26.58"",""13.29"",""9789189539846"",""Reiki naturligt helande och mjuk beröring"",""9789189539846 - Reiki naturligt helande och mjuk beröring"", Media 24 / Digibook S6993,""Leverantör"",""1005.50"",""1891.00"","".00"","".00"",""Ebook : Extended distribution"",""71073.00"",""4917.67"","".00"","".00"","".00"","".00"","".00"","".00"","".00"","".00"",""0"",""0""";;
"6993,""2025-09-30"",""2025-07-01"",""FS545511"","".00"",""506.40"",""2432.70"",""59.40"",""13665.20"","".00"","".00"",""434.70"",""166.10"",""664.40"",""324.00"","" "",""Solkarina"",""1"",""SEK"",""13.65"",""13.65"",""9789189539846"",""Reiki naturligt helande och mjuk beröring"",""9789189539846 - Reiki naturligt helande och mjuk beröring"", Media 24 / Digibook S6993,""Leverantör"",""1005.50"",""1891.00"","".00"","".00"",""Ebook : Extended distribution"",""71073.00"",""4917.67"","".00"","".00"","".00"","".00"","".00"","".00"","".00"","".00"",""0"",""0""";;
"6993,""2025-09-30"",""2025-07-01"",""FS545511"","".00"",""506.40"",""2432.70"",""59.40"",""13665.20"","".00"","".00"",""434.70"",""166.10"",""664.40"",""324.00"","" "",""Solkarina"",""1"",""SEK"",""14.78"",""14.78"",""9789189539846"",""Reiki naturligt helande och mjuk beröring"",""9789189539846 - Reiki naturligt helande och mjuk beröring"", Media 24 / Digibook S6993,""Leverantör"",""1005.50"",""1891.00"","".00"","".00"",""Ebook : Extended distribution"",""71073.00"",""4917.67"","".00"","".00"","".00"","".00"","".00"","".00"","".00"","".00"",""0"",""0""";;
"6993,""2025-09-30"",""2025-07-01"",""FS545511"","".00"",""506.40"",""2432.70"",""59.40"",""13665.20"","".00"","".00"",""434.70"",""166.10"",""664.40"",""324.00"","" "",""Solkarina"",""1"",""SEK"",""18.00"",""18.00"",""9789189539907"",""Allt om änglar"",""9789189539907 - Allt om änglar"", Media 24 / Digibook S6993,""Leverantör"",""1005.50"",""1891.00"","".00"","".00"",""Audio Book : Agregated"",""71073.00"",""4917.67"","".00"","".00"","".00"","".00"","".00"","".00"","".00"","".00"",""0"",""0""";;
"6993,""2025-09-30"",""2025-07-01"",""FS545511"","".00"",""506.40"",""2432.70"",""59.40"",""13665.20"","".00"","".00"",""434.70"",""166.10"",""664.40"",""324.00"","" "",""Solkarina"",""2"",""SEK"",""95.40"",""47.70"",""9789189539846"",""Reiki naturligt helande och mjuk beröring"",""9789189539846 - Reiki naturligt helande och mjuk beröring"", Media 24 / Digibook S6993,""Leverantör"",""1005.50"",""1891.00"","".00"","".00"",""Ebook : Agregated"",""71073.00"",""4917.67"","".00"","".00"","".00"","".00"","".00"","".00"","".00"","".00"",""0"",""0""";;
"6993,""2025-09-30"",""2025-07-01"",""FS545511"","".00"",""506.40"",""2432.70"",""59.40"",""13665.20"","".00"","".00"",""434.70"",""166.10"",""664.40"",""324.00"","" "",""Solkarina"",""1"",""SEK"",""112.50"",""112.50"",""9789189539921"",""Reiki - meditationer för andlig och personlig utveckling"",""9789189539921 - Reiki - meditationer för andlig och personlig utveckling"", Media 24 / Digibook S6993,""Leverantör"",""1005.50"",""1891.00"","".00"","".00"",""Audio Book : Buy"",""71073.00"",""4917.67"","".00"","".00"","".00"","".00"","".00"","".00"","".00"","".00"",""0"",""0""";;
"6993,""2025-09-30"",""2025-07-01"",""FS545511"","".00"",""506.40"",""2432.70"",""59.40"",""13665.20"","".00"","".00"",""434.70"",""166.10"",""664.40"",""324.00"","" "",""Solkarina"",""3"",""SEK"",""359.10"",""119.70"",""9789189539662"",""Lär dig läsa i Akasha-biblioteket"",""9789189539662 - Lär dig läsa i Akasha-biblioteket"", Media 24 / Digibook S6993,""Leverantör"",""1005.50"",""1891.00"","".00"","".00"",""Ebook : Buy"",""71073.00"",""4917.67"","".00"","".00"","".00"","".00"","".00"","".00"","".00"","".00"",""0"",""0""";;
"6993,""2025-09-30"",""2025-07-01"",""FS545511"","".00"",""506.40"",""2432.70"",""59.40"",""13665.20"","".00"","".00"",""434.70"",""166.10"",""664.40"",""324.00"","" "",""Solkarina"",""3"",""SEK"",""359.10"",""119.70"",""9789189539846"",""Reiki naturligt helande och mjuk beröring"",""9789189539846 - Reiki naturligt helande och mjuk beröring"", Media 24 / Digibook S6993,""Leverantör"",""1005.50"",""1891.00"","".00"","".00"",""Ebook : Buy"",""71073.00"",""4917.67"","".00"","".00"","".00"","".00"","".00"","".00"","".00"","".00"",""0"",""0""";;
"6993,""2025-09-30"",""2025-07-01"",""FS545511"","".00"",""506.40"",""2432.70"",""59.40"",""13665.20"","".00"","".00"",""434.70"",""166.10"",""664.40"",""324.00"","" "",""Solkarina"",""3"",""SEK"",""420.00"",""140.00"",""9789189739086"",""Psykometri och energiavläsningar, medial utveckling steg 1"",""9789189739086 - Psykometri och energiavläsningar, medial utveckling steg 1"", Media 24 / Digibook S6993,""Leverantör"",""1005.50"",""1891.00"","".00"","".00"",""Ebook : Buy"",""71073.00"",""4917.67"","".00"","".00"","".00"","".00"","".00"","".00"","".00"","".00"",""0"",""0""";;
"6993,""2025-09-30"",""2025-07-01"",""FS545511"","".00"",""506.40"",""2432.70"",""59.40"",""13665.20"","".00"","".00"",""434.70"",""166.10"",""664.40"",""324.00"","" "",""Solkarina"",""3"",""SEK"",""693.00"",""231.00"",""9789189835351"",""13 healingmetoder i en bok "",""9789189835351 - 13 healingmetoder i en bok "", Media 24 / Digibook S6993,""Leverantör"",""1005.50"",""1891.00"","".00"","".00"",""Ebook : Buy"",""71073.00"",""4917.67"","".00"","".00"","".00"","".00"","".00"","".00"","".00"","".00"",""0"",""0""";;
"6993,""2025-09-30"",""2025-07-01"",""FS545511"","".00"",""506.40"",""2432.70"",""59.40"",""13665.20"","".00"","".00"",""434.70"",""166.10"",""664.40"",""324.00"","" "",""Sourander, Julia"",""2"",""SEK"",""6.32"",""3.16"",""9789190071175"",""Försenade brev - Sanningen om min narcissistiska syster"",""9789190071175 - Försenade brev - Sanningen om min narcissistiska syster"", Media 24 / Digibook S6993,""Leverantör"",""1005.50"",""1891.00"","".00"","".00"",""Ebook : Extended distribution"",""71073.00"",""4917.67"","".00"","".00"","".00"","".00"","".00"","".00"","".00"","".00"",""0"",""0""";;
"6993,""2025-09-30"",""2025-07-01"",""FS545511"","".00"",""506.40"",""2432.70"",""59.40"",""13665.20"","".00"","".00"",""434.70"",""166.10"",""664.40"",""324.00"","" "",""Stefors, Jan"",""1"",""SEK"",""15.20"",""15.20"",""9789189857803"",""Ledarskap med Hjärta och Mod"",""9789189857803 - Ledarskap med Hjärta och Mod"", Media 24 / Digibook S6993,""Leverantör"",""1005.50"",""1891.00"","".00"","".00"",""Ebook : Access Loan"",""71073.00"",""4917.67"","".00"","".00"","".00"","".00"","".00"","".00"","".00"","".00"",""0"",""0""";;
"6993,""2025-09-30"",""2025-07-01"",""FS545511"","".00"",""506.40"",""2432.70"",""59.40"",""13665.20"","".00"","".00"",""434.70"",""166.10"",""664.40"",""324.00"","" "",""Stefors, Jan"",""1"",""SEK"",""21.20"",""21.20"",""9789189857803"",""Ledarskap med Hjärta och Mod"",""9789189857803 - Ledarskap med Hjärta och Mod"", Media 24 / Digibook S6993,""Leverantör"",""1005.50"",""1891.00"","".00"","".00"",""Ebook : Extended distribution"",""71073.00"",""4917.67"","".00"","".00"","".00"","".00"","".00"","".00"","".00"","".00"",""0"",""0""";;
"6993,""2025-09-30"",""2025-07-01"",""FS545511"","".00"",""506.40"",""2432.70"",""59.40"",""13665.20"","".00"","".00"",""434.70"",""166.10"",""664.40"",""324.00"","" "",""Stefors, Jan"",""1"",""SEK"",""22.83"",""22.83"",""9789189857803"",""Ledarskap med Hjärta och Mod"",""9789189857803 - Ledarskap med Hjärta och Mod"", Media 24 / Digibook S6993,""Leverantör"",""1005.50"",""1891.00"","".00"","".00"",""Ebook : Extended distribution"",""71073.00"",""4917.67"","".00"","".00"","".00"","".00"","".00"","".00"","".00"","".00"",""0"",""0""";;
"6993,""2025-09-30"",""2025-07-01"",""FS545511"","".00"",""506.40"",""2432.70"",""59.40"",""13665.20"","".00"","".00"",""434.70"",""166.10"",""664.40"",""324.00"","" "",""Stefors, Jan"",""2"",""SEK"",""59.08"",""29.54"",""9789189857803"",""Ledarskap med Hjärta och Mod"",""9789189857803 - Ledarskap med Hjärta och Mod"", Media 24 / Digibook S6993,""Leverantör"",""1005.50"",""1891.00"","".00"","".00"",""Ebook : Extended distribution"",""71073.00"",""4917.67"","".00"","".00"","".00"","".00"","".00"","".00"","".00"","".00"",""0"",""0""";;
"6993,""2025-09-30"",""2025-07-01"",""FS545511"","".00"",""506.40"",""2432.70"",""59.40"",""13665.20"","".00"","".00"",""434.70"",""166.10"",""664.40"",""324.00"","" "",""Stefors, Jan"",""1"",""SEK"",""63.00"",""63.00"",""9789189857803"",""Ledarskap med Hjärta och Mod"",""9789189857803 - Ledarskap med Hjärta och Mod"", Media 24 / Digibook S6993,""Leverantör"",""1005.50"",""1891.00"","".00"","".00"",""Ebook : Agregated"",""71073.00"",""4917.67"","".00"","".00"","".00"","".00"","".00"","".00"","".00"","".00"",""0"",""0""";;
"6993,""2025-09-30"",""2025-07-01"",""FS545511"","".00"",""506.40"",""2432.70"",""59.40"",""13665.20"","".00"","".00"",""434.70"",""166.10"",""664.40"",""324.00"","" "",""Stefors, Jan"",""15"",""SEK"",""1147.50"",""76.50"",""9789189857803"",""Ledarskap med Hjärta och Mod"",""9789189857803 - Ledarskap med Hjärta och Mod"", Media 24 / Digibook S6993,""Leverantör"",""1005.50"",""1891.00"","".00"","".00"",""Ebook : Buy"",""71073.00"",""4917.67"","".00"","".00"","".00"","".00"","".00"","".00"","".00"","".00"",""0"",""0""";;
"6993,""2025-09-30"",""2025-07-01"",""FS545511"","".00"",""506.40"",""2432.70"",""59.40"",""13665.20"","".00"","".00"",""434.70"",""166.10"",""664.40"",""324.00"","" "",""Stefors, Jan"",""1"",""SEK"",""76.66"",""76.66"",""9789189857803"",""Ledarskap med Hjärta och Mod"",""9789189857803 - Ledarskap med Hjärta och Mod"", Media 24 / Digibook S6993,""Leverantör"",""1005.50"",""1891.00"","".00"","".00"",""Ebook : Extended distribution"",""71073.00"",""4917.67"","".00"","".00"","".00"","".00"","".00"","".00"","".00"","".00"",""0"",""0""";;
"6993,""2025-09-30"",""2025-07-01"",""FS545511"","".00"",""506.40"",""2432.70"",""59.40"",""13665.20"","".00"","".00"",""434.70"",""166.10"",""664.40"",""324.00"","" "",""Strandberg, Nina"",""1"",""SEK"",""2.70"",""2.70"",""9789189835962"",""Ninas receptsamling"",""9789189835962 - Ninas receptsamling"", Media 24 / Digibook S6993,""Leverantör"",""1005.50"",""1891.00"","".00"","".00"",""Ebook : School Subscription"",""71073.00"",""4917.67"","".00"","".00"","".00"","".00"","".00"","".00"","".00"","".00"",""0"",""0""";;
"6993,""2025-09-30"",""2025-07-01"",""FS545511"","".00"",""506.40"",""2432.70"",""59.40"",""13665.20"","".00"","".00"",""434.70"",""166.10"",""664.40"",""324.00"","" "",""Ström, Gun-Christine"",""1"",""SEK"",""2.70"",""2.70"",""9789189739031"",""Allt mellan himmel och jord - en lärares roliga minnen"",""9789189739031 - Allt mellan himmel och jord - en lärares roliga minnen"", Media 24 / Digibook S6993,""Leverantör"",""1005.50"",""1891.00"","".00"","".00"",""Audio Book : School Subscription"",""71073.00"",""4917.67"","".00"","".00"","".00"","".00"","".00"","".00"","".00"","".00"",""0"",""0""";;
"6993,""2025-09-30"",""2025-07-01"",""FS545511"","".00"",""506.40"",""2432.70"",""59.40"",""13665.20"","".00"","".00"",""434.70"",""166.10"",""664.40"",""324.00"","" "",""Ström, Gun-Christine"",""1"",""SEK"",""2.70"",""2.70"",""9789189739642"",""Rapport från Paradiset"",""9789189739642 - Rapport från Paradiset"", Media 24 / Digibook S6993,""Leverantör"",""1005.50"",""1891.00"","".00"","".00"",""Ebook : School Subscription"",""71073.00"",""4917.67"","".00"","".00"","".00"","".00"","".00"","".00"","".00"","".00"",""0"",""0""";;
"6993,""2025-09-30"",""2025-07-01"",""FS545511"","".00"",""506.40"",""2432.70"",""59.40"",""13665.20"","".00"","".00"",""434.70"",""166.10"",""664.40"",""324.00"","" "",""Ström, Gun-Christine"",""1"",""SEK"",""2.70"",""2.70"",""9789189739734"",""Kvinnor som hatar män"",""9789189739734 - Kvinnor som hatar män"", Media 24 / Digibook S6993,""Leverantör"",""1005.50"",""1891.00"","".00"","".00"",""Ebook : School Subscription"",""71073.00"",""4917.67"","".00"","".00"","".00"","".00"","".00"","".00"","".00"","".00"",""0"",""0""";;
"6993,""2025-09-30"",""2025-07-01"",""FS545511"","".00"",""506.40"",""2432.70"",""59.40"",""13665.20"","".00"","".00"",""434.70"",""166.10"",""664.40"",""324.00"","" "",""Ström, Gun-Christine"",""1"",""SEK"",""2.70"",""2.70"",""9789189739871"",""Murmeldjuren"",""9789189739871 - Murmeldjuren"", Media 24 / Digibook S6993,""Leverantör"",""1005.50"",""1891.00"","".00"","".00"",""Ebook : School Subscription"",""71073.00"",""4917.67"","".00"","".00"","".00"","".00"","".00"","".00"","".00"","".00"",""0"",""0""";;
"6993,""2025-09-30"",""2025-07-01"",""FS545511"","".00"",""506.40"",""2432.70"",""59.40"",""13665.20"","".00"","".00"",""434.70"",""166.10"",""664.40"",""324.00"","" "",""Ström, Gun-Christine"",""1"",""SEK"",""2.70"",""2.70"",""9789189835078"",""Mitt liv med hund"",""9789189835078 - Mitt liv med hund"", Media 24 / Digibook S6993,""Leverantör"",""1005.50"",""1891.00"","".00"","".00"",""Ebook : School Subscription"",""71073.00"",""4917.67"","".00"","".00"","".00"","".00"","".00"","".00"","".00"","".00"",""0"",""0""";;
"6993,""2025-09-30"",""2025-07-01"",""FS545511"","".00"",""506.40"",""2432.70"",""59.40"",""13665.20"","".00"","".00"",""434.70"",""166.10"",""664.40"",""324.00"","" "",""Ström, Gun-Christine"",""1"",""SEK"",""2.70"",""2.70"",""9789189835825"",""Rapport från Paradiset 2"",""9789189835825 - Rapport från Paradiset 2"", Media 24 / Digibook S6993,""Leverantör"",""1005.50"",""1891.00"","".00"","".00"",""Ebook : School Subscription"",""71073.00"",""4917.67"","".00"","".00"","".00"","".00"","".00"","".00"","".00"","".00"",""0"",""0""";;
"6993,""2025-09-30"",""2025-07-01"",""FS545511"","".00"",""506.40"",""2432.70"",""59.40"",""13665.20"","".00"","".00"",""434.70"",""166.10"",""664.40"",""324.00"","" "",""Sundlöf, Tina"",""1"",""SEK"",""2.15"",""2.15"",""9789189835887"",""Fastighetsrevolutionen"",""9789189835887 - Fastighetsrevolutionen"", Media 24 / Digibook S6993,""Leverantör"",""1005.50"",""1891.00"","".00"","".00"",""Ebook : Extended distribution"",""71073.00"",""4917.67"","".00"","".00"","".00"","".00"","".00"","".00"","".00"","".00"",""0"",""0""";;
"6993,""2025-09-30"",""2025-07-01"",""FS545511"","".00"",""506.40"",""2432.70"",""59.40"",""13665.20"","".00"","".00"",""434.70"",""166.10"",""664.40"",""324.00"","" "",""Sundlöf, Tina"",""1"",""SEK"",""2.70"",""2.70"",""9789189835887"",""Fastighetsrevolutionen"",""9789189835887 - Fastighetsrevolutionen"", Media 24 / Digibook S6993,""Leverantör"",""1005.50"",""1891.00"","".00"","".00"",""Ebook : School Subscription"",""71073.00"",""4917.67"","".00"","".00"","".00"","".00"","".00"","".00"","".00"","".00"",""0"",""0""";;
"6993,""2025-09-30"",""2025-07-01"",""FS545511"","".00"",""506.40"",""2432.70"",""59.40"",""13665.20"","".00"","".00"",""434.70"",""166.10"",""664.40"",""324.00"","" "",""Svensson, Bo Göran"",""2"",""SEK"",""41.60"",""20.80"",""9789190071045"",""Marängbottnar"",""9789190071045 - Marängbottnar"", Media 24 / Digibook S6993,""Leverantör"",""1005.50"",""1891.00"","".00"","".00"",""Audio Book : Extended distribution"",""71073.00"",""4917.67"","".00"","".00"","".00"","".00"","".00"","".00"","".00"","".00"",""0"",""0""";;
"6993,""2025-09-30"",""2025-07-01"",""FS545511"","".00"",""506.40"",""2432.70"",""59.40"",""13665.20"","".00"","".00"",""434.70"",""166.10"",""664.40"",""324.00"","" "",""Svensson, Bo Göran"",""1"",""SEK"",""21.80"",""21.80"",""9789190071045"",""Marängbottnar"",""9789190071045 - Marängbottnar"", Media 24 / Digibook S6993,""Leverantör"",""1005.50"",""1891.00"","".00"","".00"",""Audio Book : Extended distribution"",""71073.00"",""4917.67"","".00"","".00"","".00"","".00"","".00"","".00"","".00"","".00"",""0"",""0""";;
"6993,""2025-09-30"",""2025-07-01"",""FS545511"","".00"",""506.40"",""2432.70"",""59.40"",""13665.20"","".00"","".00"",""434.70"",""166.10"",""664.40"",""324.00"","" "",""Svensson, Bo Göran"",""1"",""SEK"",""24.69"",""24.69"",""9789190071045"",""Marängbottnar"",""9789190071045 - Marängbottnar"", Media 24 / Digibook S6993,""Leverantör"",""1005.50"",""1891.00"","".00"","".00"",""Audio Book : Extended distribution"",""71073.00"",""4917.67"","".00"","".00"","".00"","".00"","".00"","".00"","".00"","".00"",""0"",""0""";;
"6993,""2025-09-30"",""2025-07-01"",""FS545511"","".00"",""506.40"",""2432.70"",""59.40"",""13665.20"","".00"","".00"",""434.70"",""166.10"",""664.40"",""324.00"","" "",""Svensson, Bo Göran"",""1"",""SEK"",""76.50"",""76.50"",""9789190071045"",""Marängbottnar"",""9789190071045 - Marängbottnar"", Media 24 / Digibook S6993,""Leverantör"",""1005.50"",""1891.00"","".00"","".00"",""Audio Book : Buy"",""71073.00"",""4917.67"","".00"","".00"","".00"","".00"","".00"","".00"","".00"","".00"",""0"",""0""";;
"6993,""2025-09-30"",""2025-07-01"",""FS545511"","".00"",""506.40"",""2432.70"",""59.40"",""13665.20"","".00"","".00"",""434.70"",""166.10"",""664.40"",""324.00"","" "",""Söderlund, Bosse"",""1"",""SEK"",""2.70"",""2.70"",""9789189539457"",""Hämnden"",""9789189539457 - Hämnden"", Media 24 / Digibook S6993,""Leverantör"",""1005.50"",""1891.00"","".00"","".00"",""Ebook : School Subscription"",""71073.00"",""4917.67"","".00"","".00"","".00"","".00"","".00"","".00"","".00"","".00"",""0"",""0""";;
"6993,""2025-09-30"",""2025-07-01"",""FS545511"","".00"",""506.40"",""2432.70"",""59.40"",""13665.20"","".00"","".00"",""434.70"",""166.10"",""664.40"",""324.00"","" "",""Söderlund, Bosse"",""1"",""SEK"",""2.70"",""2.70"",""9789189539471"",""Huset med tusen dörrar"",""9789189539471 - Huset med tusen dörrar"", Media 24 / Digibook S6993,""Leverantör"",""1005.50"",""1891.00"","".00"","".00"",""Ebook : School Subscription"",""71073.00"",""4917.67"","".00"","".00"","".00"","".00"","".00"","".00"","".00"","".00"",""0"",""0""";;
"6993,""2025-09-30"",""2025-07-01"",""FS545511"","".00"",""506.40"",""2432.70"",""59.40"",""13665.20"","".00"","".00"",""434.70"",""166.10"",""664.40"",""324.00"","" "",""Söderlund, Bosse"",""1"",""SEK"",""2.70"",""2.70"",""9789189539501"",""Anders och Lillmonstret"",""9789189539501 - Anders och Lillmonstret"", Media 24 / Digibook S6993,""Leverantör"",""1005.50"",""1891.00"","".00"","".00"",""Ebook : School Subscription"",""71073.00"",""4917.67"","".00"","".00"","".00"","".00"","".00"","".00"","".00"","".00"",""0"",""0""";;
"6993,""2025-09-30"",""2025-07-01"",""FS545511"","".00"",""506.40"",""2432.70"",""59.40"",""13665.20"","".00"","".00"",""434.70"",""166.10"",""664.40"",""324.00"","" "",""Söderlund, Bosse"",""1"",""SEK"",""2.70"",""2.70"",""9789189539556"",""Bertil - drömmen om Rödkallen"",""9789189539556 - Bertil - drömmen om Rödkallen"", Media 24 / Digibook S6993,""Leverantör"",""1005.50"",""1891.00"","".00"","".00"",""Ebook : School Subscription"",""71073.00"",""4917.67"","".00"","".00"","".00"","".00"","".00"","".00"","".00"","".00"",""0"",""0""";;
"6993,""2025-09-30"",""2025-07-01"",""FS545511"","".00"",""506.40"",""2432.70"",""59.40"",""13665.20"","".00"","".00"",""434.70"",""166.10"",""664.40"",""324.00"","" "",""Söderlund, Bosse"",""1"",""SEK"",""2.70"",""2.70"",""9789189539648"",""Olleland"",""9789189539648 - Olleland"", Media 24 / Digibook S6993,""Leverantör"",""1005.50"",""1891.00"","".00"","".00"",""Ebook : School Subscription"",""71073.00"",""4917.67"","".00"","".00"","".00"","".00"","".00"","".00"","".00"","".00"",""0"",""0""";;
"6993,""2025-09-30"",""2025-07-01"",""FS545511"","".00"",""506.40"",""2432.70"",""59.40"",""13665.20"","".00"","".00"",""434.70"",""166.10"",""664.40"",""324.00"","" "",""Söderlund, Bosse"",""1"",""SEK"",""2.70"",""2.70"",""9789189739505"",""Drömmaren"",""9789189739505 - Drömmaren"", Media 24 / Digibook S6993,""Leverantör"",""1005.50"",""1891.00"","".00"","".00"",""Ebook : School Subscription"",""71073.00"",""4917.67"","".00"","".00"","".00"","".00"","".00"","".00"","".00"","".00"",""0"",""0""";;
"6993,""2025-09-30"",""2025-07-01"",""FS545511"","".00"",""506.40"",""2432.70"",""59.40"",""13665.20"","".00"","".00"",""434.70"",""166.10"",""664.40"",""324.00"","" "",""Söderlund, Bosse"",""1"",""SEK"",""2.70"",""2.70"",""9789189835450"",""Byns ende nazist eller Byfånen som blev nazist"",""9789189835450 - Byns ende nazist eller Byfånen som blev nazist"", Media 24 / Digibook S6993,""Leverantör"",""1005.50"",""1891.00"","".00"","".00"",""Ebook : School Subscription"",""71073.00"",""4917.67"","".00"","".00"","".00"","".00"","".00"","".00"","".00"","".00"",""0"",""0""";;
"6993,""2025-09-30"",""2025-07-01"",""FS545511"","".00"",""506.40"",""2432.70"",""59.40"",""13665.20"","".00"","".00"",""434.70"",""166.10"",""664.40"",""324.00"","" "",""Söderlund, Bosse"",""1"",""SEK"",""38.70"",""38.70"",""9789189835450"",""Byns ende nazist eller Byfånen som blev nazist"",""9789189835450 - Byns ende nazist eller Byfånen som blev nazist"", Media 24 / Digibook S6993,""Leverantör"",""1005.50"",""1891.00"","".00"","".00"",""Ebook : Buy"",""71073.00"",""4917.67"","".00"","".00"","".00"","".00"","".00"","".00"","".00"","".00"",""0"",""0""";;
"6993,""2025-09-30"",""2025-07-01"",""FS545511"","".00"",""506.40"",""2432.70"",""59.40"",""13665.20"","".00"","".00"",""434.70"",""166.10"",""664.40"",""324.00"","" "",""TellUs"",""2"",""SEK"",""1.02"","".51"",""9789189835511"",""Kalenderkvinnorna Januari"",""9789189835511 - Kalenderkvinnorna Januari"", Media 24 / Digibook S6993,""Leverantör"",""1005.50"",""1891.00"","".00"","".00"",""Ebook : Extended distribution"",""71073.00"",""4917.67"","".00"","".00"","".00"","".00"","".00"","".00"","".00"","".00"",""0"",""0""";;
"6993,""2025-09-30"",""2025-07-01"",""FS545511"","".00"",""506.40"",""2432.70"",""59.40"",""13665.20"","".00"","".00"",""434.70"",""166.10"",""664.40"",""324.00"","" "",""TellUs"",""27"",""SEK"",""14.72"","".55"",""9789189835511"",""Kalenderkvinnorna Januari"",""9789189835511 - Kalenderkvinnorna Januari"", Media 24 / Digibook S6993,""Leverantör"",""1005.50"",""1891.00"","".00"","".00"",""Ebook : Extended distribution"",""71073.00"",""4917.67"","".00"","".00"","".00"","".00"","".00"","".00"","".00"","".00"",""0"",""0""";;
"6993,""2025-09-30"",""2025-07-01"",""FS545511"","".00"",""506.40"",""2432.70"",""59.40"",""13665.20"","".00"","".00"",""434.70"",""166.10"",""664.40"",""324.00"","" "",""TellUs"",""10"",""SEK"",""5.56"","".56"",""9789189835511"",""Kalenderkvinnorna Januari"",""9789189835511 - Kalenderkvinnorna Januari"", Media 24 / Digibook S6993,""Leverantör"",""1005.50"",""1891.00"","".00"","".00"",""Ebook : Extended distribution"",""71073.00"",""4917.67"","".00"","".00"","".00"","".00"","".00"","".00"","".00"","".00"",""0"",""0""";;
"6993,""2025-09-30"",""2025-07-01"",""FS545511"","".00"",""506.40"",""2432.70"",""59.40"",""13665.20"","".00"","".00"",""434.70"",""166.10"",""664.40"",""324.00"","" "",""TellUs"",""3"",""SEK"",""1.71"","".57"",""9789189835511"",""Kalenderkvinnorna Januari"",""9789189835511 - Kalenderkvinnorna Januari"", Media 24 / Digibook S6993,""Leverantör"",""1005.50"",""1891.00"","".00"","".00"",""Ebook : Extended distribution"",""71073.00"",""4917.67"","".00"","".00"","".00"","".00"","".00"","".00"","".00"","".00"",""0"",""0""";;
"6993,""2025-09-30"",""2025-07-01"",""FS545511"","".00"",""506.40"",""2432.70"",""59.40"",""13665.20"","".00"","".00"",""434.70"",""166.10"",""664.40"",""324.00"","" "",""TellUs"",""51"",""SEK"",""29.13"","".57"",""9789189835528"",""Kalenderkvinnorna Januari"",""9789189835528 - Kalenderkvinnorna Januari"", Media 24 / Digibook S6993,""Leverantör"",""1005.50"",""1891.00"","".00"","".00"",""Audio Book : Extended distribution"",""71073.00"",""4917.67"","".00"","".00"","".00"","".00"","".00"","".00"","".00"","".00"",""0"",""0""";;
"6993,""2025-09-30"",""2025-07-01"",""FS545511"","".00"",""506.40"",""2432.70"",""59.40"",""13665.20"","".00"","".00"",""434.70"",""166.10"",""664.40"",""324.00"","" "",""TellUs"",""13"",""SEK"",""7.58"","".58"",""9789189835528"",""Kalenderkvinnorna Januari"",""9789189835528 - Kalenderkvinnorna Januari"", Media 24 / Digibook S6993,""Leverantör"",""1005.50"",""1891.00"","".00"","".00"",""Audio Book : Extended distribution"",""71073.00"",""4917.67"","".00"","".00"","".00"","".00"","".00"","".00"","".00"","".00"",""0"",""0""";;
"6993,""2025-09-30"",""2025-07-01"",""FS545511"","".00"",""506.40"",""2432.70"",""59.40"",""13665.20"","".00"","".00"",""434.70"",""166.10"",""664.40"",""324.00"","" "",""TellUs"",""3"",""SEK"",""1.80"","".60"",""9789189835528"",""Kalenderkvinnorna Januari"",""9789189835528 - Kalenderkvinnorna Januari"", Media 24 / Digibook S6993,""Leverantör"",""1005.50"",""1891.00"","".00"","".00"",""Audio Book : Extended distribution"",""71073.00"",""4917.67"","".00"","".00"","".00"","".00"","".00"","".00"","".00"","".00"",""0"",""0""";;
"6993,""2025-09-30"",""2025-07-01"",""FS545511"","".00"",""506.40"",""2432.70"",""59.40"",""13665.20"","".00"","".00"",""434.70"",""166.10"",""664.40"",""324.00"","" "",""TellUs"",""3"",""SEK"",""1.83"","".61"",""9789189835597"",""Kalenderkvinnorna Februari"",""9789189835597 - Kalenderkvinnorna Februari"", Media 24 / Digibook S6993,""Leverantör"",""1005.50"",""1891.00"","".00"","".00"",""Ebook : Extended distribution"",""71073.00"",""4917.67"","".00"","".00"","".00"","".00"","".00"","".00"","".00"","".00"",""0"",""0""";;
"6993,""2025-09-30"",""2025-07-01"",""FS545511"","".00"",""506.40"",""2432.70"",""59.40"",""13665.20"","".00"","".00"",""434.70"",""166.10"",""664.40"",""324.00"","" "",""TellUs"",""9"",""SEK"",""5.88"","".65"",""9789189835597"",""Kalenderkvinnorna Februari"",""9789189835597 - Kalenderkvinnorna Februari"", Media 24 / Digibook S6993,""Leverantör"",""1005.50"",""1891.00"","".00"","".00"",""Ebook : Extended distribution"",""71073.00"",""4917.67"","".00"","".00"","".00"","".00"","".00"","".00"","".00"","".00"",""0"",""0""";;
"6993,""2025-09-30"",""2025-07-01"",""FS545511"","".00"",""506.40"",""2432.70"",""59.40"",""13665.20"","".00"","".00"",""434.70"",""166.10"",""664.40"",""324.00"","" "",""TellUs"",""5"",""SEK"",""3.33"","".67"",""9789189835597"",""Kalenderkvinnorna Februari"",""9789189835597 - Kalenderkvinnorna Februari"", Media 24 / Digibook S6993,""Leverantör"",""1005.50"",""1891.00"","".00"","".00"",""Ebook : Extended distribution"",""71073.00"",""4917.67"","".00"","".00"","".00"","".00"","".00"","".00"","".00"","".00"",""0"",""0""";;
"6993,""2025-09-30"",""2025-07-01"",""FS545511"","".00"",""506.40"",""2432.70"",""59.40"",""13665.20"","".00"","".00"",""434.70"",""166.10"",""664.40"",""324.00"","" "",""TellUs"",""1"",""SEK"","".68"","".68"",""9789189835597"",""Kalenderkvinnorna Februari"",""9789189835597 - Kalenderkvinnorna Februari"", Media 24 / Digibook S6993,""Leverantör"",""1005.50"",""1891.00"","".00"","".00"",""Ebook : Extended distribution"",""71073.00"",""4917.67"","".00"","".00"","".00"","".00"","".00"","".00"","".00"","".00"",""0"",""0""";;
"6993,""2025-09-30"",""2025-07-01"",""FS545511"","".00"",""506.40"",""2432.70"",""59.40"",""13665.20"","".00"","".00"",""434.70"",""166.10"",""664.40"",""324.00"","" "",""TellUs"",""3"",""SEK"",""2.05"","".68"",""9789189835641"",""Kalenderkvinnorna Februari"",""9789189835641 - Kalenderkvinnorna Februari"", Media 24 / Digibook S6993,""Leverantör"",""1005.50"",""1891.00"","".00"","".00"",""Audio Book : Extended distribution"",""71073.00"",""4917.67"","".00"","".00"","".00"","".00"","".00"","".00"","".00"","".00"",""0"",""0""";;
"6993,""2025-09-30"",""2025-07-01"",""FS545511"","".00"",""506.40"",""2432.70"",""59.40"",""13665.20"","".00"","".00"",""434.70"",""166.10"",""664.40"",""324.00"","" "",""TellUs"",""27"",""SEK"",""18.70"","".69"",""9789189835641"",""Kalenderkvinnorna Februari"",""9789189835641 - Kalenderkvinnorna Februari"", Media 24 / Digibook S6993,""Leverantör"",""1005.50"",""1891.00"","".00"","".00"",""Audio Book : Extended distribution"",""71073.00"",""4917.67"","".00"","".00"","".00"","".00"","".00"","".00"","".00"","".00"",""0"",""0""";;
"6993,""2025-09-30"",""2025-07-01"",""FS545511"","".00"",""506.40"",""2432.70"",""59.40"",""13665.20"","".00"","".00"",""434.70"",""166.10"",""664.40"",""324.00"","" "",""TellUs"",""5"",""SEK"",""3.54"","".71"",""9789189835641"",""Kalenderkvinnorna Februari"",""9789189835641 - Kalenderkvinnorna Februari"", Media 24 / Digibook S6993,""Leverantör"",""1005.50"",""1891.00"","".00"","".00"",""Audio Book : Extended distribution"",""71073.00"",""4917.67"","".00"","".00"","".00"","".00"","".00"","".00"","".00"","".00"",""0"",""0""";;
"6993,""2025-09-30"",""2025-07-01"",""FS545511"","".00"",""506.40"",""2432.70"",""59.40"",""13665.20"","".00"","".00"",""434.70"",""166.10"",""664.40"",""324.00"","" "",""TellUs"",""1"",""SEK"",""2.70"",""2.70"",""9789189835511"",""Kalenderkvinnorna Januari"",""9789189835511 - Kalenderkvinnorna Januari"", Media 24 / Digibook S6993,""Leverantör"",""1005.50"",""1891.00"","".00"","".00"",""Ebook : School Subscription"",""71073.00"",""4917.67"","".00"","".00"","".00"","".00"","".00"","".00"","".00"","".00"",""0"",""0""";;
"6993,""2025-09-30"",""2025-07-01"",""FS545511"","".00"",""506.40"",""2432.70"",""59.40"",""13665.20"","".00"","".00"",""434.70"",""166.10"",""664.40"",""324.00"","" "",""TellUs"",""1"",""SEK"",""2.70"",""2.70"",""9789189835528"",""Kalenderkvinnorna Januari"",""9789189835528 - Kalenderkvinnorna Januari"", Media 24 / Digibook S6993,""Leverantör"",""1005.50"",""1891.00"","".00"","".00"",""Audio Book : School Subscription"",""71073.00"",""4917.67"","".00"","".00"","".00"","".00"","".00"","".00"","".00"","".00"",""0"",""0""";;
"6993,""2025-09-30"",""2025-07-01"",""FS545511"","".00"",""506.40"",""2432.70"",""59.40"",""13665.20"","".00"","".00"",""434.70"",""166.10"",""664.40"",""324.00"","" "",""TellUs"",""1"",""SEK"",""2.70"",""2.70"",""9789189835597"",""Kalenderkvinnorna Februari"",""9789189835597 - Kalenderkvinnorna Februari"", Media 24 / Digibook S6993,""Leverantör"",""1005.50"",""1891.00"","".00"","".00"",""Ebook : School Subscription"",""71073.00"",""4917.67"","".00"","".00"","".00"","".00"","".00"","".00"","".00"","".00"",""0"",""0""";;
"6993,""2025-09-30"",""2025-07-01"",""FS545511"","".00"",""506.40"",""2432.70"",""59.40"",""13665.20"","".00"","".00"",""434.70"",""166.10"",""664.40"",""324.00"","" "",""TellUs"",""1"",""SEK"",""2.70"",""2.70"",""9789189835641"",""Kalenderkvinnorna Februari"",""9789189835641 - Kalenderkvinnorna Februari"", Media 24 / Digibook S6993,""Leverantör"",""1005.50"",""1891.00"","".00"","".00"",""Audio Book : School Subscription"",""71073.00"",""4917.67"","".00"","".00"","".00"","".00"","".00"","".00"","".00"","".00"",""0"",""0""";;
"6993,""2025-09-30"",""2025-07-01"",""FS545511"","".00"",""506.40"",""2432.70"",""59.40"",""13665.20"","".00"","".00"",""434.70"",""166.10"",""664.40"",""324.00"","" "",""Thormann, Monika"",""1"",""SEK"",""14.68"",""14.68"",""9789190071120"",""Är du min sjöjungfru?"",""9789190071120 - Är du min sjöjungfru?"", Media 24 / Digibook S6993,""Leverantör"",""1005.50"",""1891.00"","".00"","".00"",""Ebook : Extended distribution"",""71073.00"",""4917.67"","".00"","".00"","".00"","".00"","".00"","".00"","".00"","".00"",""0"",""0""";;
"6993,""2025-09-30"",""2025-07-01"",""FS545511"","".00"",""506.40"",""2432.70"",""59.40"",""13665.20"","".00"","".00"",""434.70"",""166.10"",""664.40"",""324.00"","" "",""Thormann, Monika"",""3"",""SEK"",""44.92"",""14.97"",""9789190071120"",""Är du min sjöjungfru?"",""9789190071120 - Är du min sjöjungfru?"", Media 24 / Digibook S6993,""Leverantör"",""1005.50"",""1891.00"","".00"","".00"",""Ebook : Extended distribution"",""71073.00"",""4917.67"","".00"","".00"","".00"","".00"","".00"","".00"","".00"","".00"",""0"",""0""";;
"6993,""2025-09-30"",""2025-07-01"",""FS545511"","".00"",""506.40"",""2432.70"",""59.40"",""13665.20"","".00"","".00"",""434.70"",""166.10"",""664.40"",""324.00"","" "",""Thormann, Monika"",""2"",""SEK"",""30.76"",""15.38"",""9789190071120"",""Är du min sjöjungfru?"",""9789190071120 - Är du min sjöjungfru?"", Media 24 / Digibook S6993,""Leverantör"",""1005.50"",""1891.00"","".00"","".00"",""Ebook : Extended distribution"",""71073.00"",""4917.67"","".00"","".00"","".00"","".00"","".00"","".00"","".00"","".00"",""0"",""0""";;
"6993,""2025-09-30"",""2025-07-01"",""FS545511"","".00"",""506.40"",""2432.70"",""59.40"",""13665.20"","".00"","".00"",""434.70"",""166.10"",""664.40"",""324.00"","" "",""Thormann, Monika"",""4"",""SEK"",""205.20"",""51.30"",""9789190071120"",""Är du min sjöjungfru?"",""9789190071120 - Är du min sjöjungfru?"", Media 24 / Digibook S6993,""Leverantör"",""1005.50"",""1891.00"","".00"","".00"",""Ebook : Buy"",""71073.00"",""4917.67"","".00"","".00"","".00"","".00"","".00"","".00"","".00"","".00"",""0"",""0""";;
"6993,""2025-09-30"",""2025-07-01"",""FS545511"","".00"",""506.40"",""2432.70"",""59.40"",""13665.20"","".00"","".00"",""434.70"",""166.10"",""664.40"",""324.00"","" "",""Thormann, Monika"",""2"",""SEK"",""126.00"",""63.00"",""9789190071120"",""Är du min sjöjungfru?"",""9789190071120 - Är du min sjöjungfru?"", Media 24 / Digibook S6993,""Leverantör"",""1005.50"",""1891.00"","".00"","".00"",""Ebook : Agregated"",""71073.00"",""4917.67"","".00"","".00"","".00"","".00"","".00"","".00"","".00"","".00"",""0"",""0""";;
"6993,""2025-09-30"",""2025-07-01"",""FS545511"","".00"",""506.40"",""2432.70"",""59.40"",""13665.20"","".00"","".00"",""434.70"",""166.10"",""664.40"",""324.00"","" "",""Thorén, Mona"",""3"",""SEK"",""45.60"",""15.20"",""9789190071298"",""Älskade Peter: En berättelse om att kämpa för sitt liv"",""9789190071298 - Älskade Peter: En berättelse om att kämpa för sitt liv"", Media 24 / Digibook S6993,""Leverantör"",""1005.50"",""1891.00"","".00"","".00"",""Audio Book : Access Loan"",""71073.00"",""4917.67"","".00"","".00"","".00"","".00"","".00"","".00"","".00"","".00"",""0"",""0""";;
"6993,""2025-09-30"",""2025-07-01"",""FS545511"","".00"",""506.40"",""2432.70"",""59.40"",""13665.20"","".00"","".00"",""434.70"",""166.10"",""664.40"",""324.00"","" "",""Thorén, Mona"",""2"",""SEK"",""32.92"",""16.46"",""9789190071298"",""Älskade Peter: En berättelse om att kämpa för sitt liv"",""9789190071298 - Älskade Peter: En berättelse om att kämpa för sitt liv"", Media 24 / Digibook S6993,""Leverantör"",""1005.50"",""1891.00"","".00"","".00"",""Audio Book : Extended distribution"",""71073.00"",""4917.67"","".00"","".00"","".00"","".00"","".00"","".00"","".00"","".00"",""0"",""0""";;
"6993,""2025-09-30"",""2025-07-01"",""FS545511"","".00"",""506.40"",""2432.70"",""59.40"",""13665.20"","".00"","".00"",""434.70"",""166.10"",""664.40"",""324.00"","" "",""Thorén, Mona"",""207"",""SEK"",""3924.48"",""18.96"",""9789190071298"",""Älskade Peter: En berättelse om att kämpa för sitt liv"",""9789190071298 - Älskade Peter: En berättelse om att kämpa för sitt liv"", Media 24 / Digibook S6993,""Leverantör"",""1005.50"",""1891.00"","".00"","".00"",""Audio Book : Extended distribution"",""71073.00"",""4917.67"","".00"","".00"","".00"","".00"","".00"","".00"","".00"","".00"",""0"",""0""";;
"6993,""2025-09-30"",""2025-07-01"",""FS545511"","".00"",""506.40"",""2432.70"",""59.40"",""13665.20"","".00"","".00"",""434.70"",""166.10"",""664.40"",""324.00"","" "",""Thorén, Mona"",""830"",""SEK"",""16051.43"",""19.34"",""9789190071298"",""Älskade Peter: En berättelse om att kämpa för sitt liv"",""9789190071298 - Älskade Peter: En berättelse om att kämpa för sitt liv"", Media 24 / Digibook S6993,""Leverantör"",""1005.50"",""1891.00"","".00"","".00"",""Audio Book : Extended distribution"",""71073.00"",""4917.67"","".00"","".00"","".00"","".00"","".00"","".00"","".00"","".00"",""0"",""0""";;
"6993,""2025-09-30"",""2025-07-01"",""FS545511"","".00"",""506.40"",""2432.70"",""59.40"",""13665.20"","".00"","".00"",""434.70"",""166.10"",""664.40"",""324.00"","" "",""Thorén, Mona"",""375"",""SEK"",""8438.17"",""22.50"",""9789190071298"",""Älskade Peter: En berättelse om att kämpa för sitt liv"",""9789190071298 - Älskade Peter: En berättelse om att kämpa för sitt liv"", Media 24 / Digibook S6993,""Leverantör"",""1005.50"",""1891.00"","".00"","".00"",""Audio Book : Extended distribution"",""71073.00"",""4917.67"","".00"","".00"","".00"","".00"","".00"","".00"","".00"","".00"",""0"",""0""";;
"6993,""2025-09-30"",""2025-07-01"",""FS545511"","".00"",""506.40"",""2432.70"",""59.40"",""13665.20"","".00"","".00"",""434.70"",""166.10"",""664.40"",""324.00"","" "",""Thorén, Mona"",""1"",""SEK"",""26.91"",""26.91"",""9789190071298"",""Älskade Peter: En berättelse om att kämpa för sitt liv"",""9789190071298 - Älskade Peter: En berättelse om att kämpa för sitt liv"", Media 24 / Digibook S6993,""Leverantör"",""1005.50"",""1891.00"","".00"","".00"",""Audio Book : Extended distribution"",""71073.00"",""4917.67"","".00"","".00"","".00"","".00"","".00"","".00"","".00"","".00"",""0"",""0""";;
"6993,""2025-09-30"",""2025-07-01"",""FS545511"","".00"",""506.40"",""2432.70"",""59.40"",""13665.20"","".00"","".00"",""434.70"",""166.10"",""664.40"",""324.00"","" "",""Thorén, Mona"",""6"",""SEK"",""163.60"",""27.27"",""9789190071298"",""Älskade Peter: En berättelse om att kämpa för sitt liv"",""9789190071298 - Älskade Peter: En berättelse om att kämpa för sitt liv"", Media 24 / Digibook S6993,""Leverantör"",""1005.50"",""1891.00"","".00"","".00"",""Audio Book : Extended distribution"",""71073.00"",""4917.67"","".00"","".00"","".00"","".00"","".00"","".00"","".00"","".00"",""0"",""0""";;
"6993,""2025-09-30"",""2025-07-01"",""FS545511"","".00"",""506.40"",""2432.70"",""59.40"",""13665.20"","".00"","".00"",""434.70"",""166.10"",""664.40"",""324.00"","" "",""Thorén, Mona"",""1"",""SEK"",""28.12"",""28.12"",""9789190071298"",""Älskade Peter: En berättelse om att kämpa för sitt liv"",""9789190071298 - Älskade Peter: En berättelse om att kämpa för sitt liv"", Media 24 / Digibook S6993,""Leverantör"",""1005.50"",""1891.00"","".00"","".00"",""Audio Book : Extended distribution"",""71073.00"",""4917.67"","".00"","".00"","".00"","".00"","".00"","".00"","".00"","".00"",""0"",""0""";;
"6993,""2025-09-30"",""2025-07-01"",""FS545511"","".00"",""506.40"",""2432.70"",""59.40"",""13665.20"","".00"","".00"",""434.70"",""166.10"",""664.40"",""324.00"","" "",""Thorén, Mona"",""452"",""SEK"",""12712.50"",""28.13"",""9789190071298"",""Älskade Peter: En berättelse om att kämpa för sitt liv"",""9789190071298 - Älskade Peter: En berättelse om att kämpa för sitt liv"", Media 24 / Digibook S6993,""Leverantör"",""1005.50"",""1891.00"","".00"","".00"",""Audio Book : Extended distribution"",""71073.00"",""4917.67"","".00"","".00"","".00"","".00"","".00"","".00"","".00"","".00"",""0"",""0""";;
"6993,""2025-09-30"",""2025-07-01"",""FS545511"","".00"",""506.40"",""2432.70"",""59.40"",""13665.20"","".00"","".00"",""434.70"",""166.10"",""664.40"",""324.00"","" "",""Thorén, Mona"",""21"",""SEK"",""756.00"",""36.00"",""9789190071298"",""Älskade Peter: En berättelse om att kämpa för sitt liv"",""9789190071298 - Älskade Peter: En berättelse om att kämpa för sitt liv"", Media 24 / Digibook S6993,""Leverantör"",""1005.50"",""1891.00"","".00"","".00"",""Audio Book : Agregated"",""71073.00"",""4917.67"","".00"","".00"","".00"","".00"","".00"","".00"","".00"","".00"",""0"",""0""";;
"6993,""2025-09-30"",""2025-07-01"",""FS545511"","".00"",""506.40"",""2432.70"",""59.40"",""13665.20"","".00"","".00"",""434.70"",""166.10"",""664.40"",""324.00"","" "",""Thorén, Mona"",""1"",""SEK"",""113.40"",""113.40"",""9789190071298"",""Älskade Peter: En berättelse om att kämpa för sitt liv"",""9789190071298 - Älskade Peter: En berättelse om att kämpa för sitt liv"", Media 24 / Digibook S6993,""Leverantör"",""1005.50"",""1891.00"","".00"","".00"",""Audio Book : Buy"",""71073.00"",""4917.67"","".00"","".00"","".00"","".00"","".00"","".00"","".00"","".00"",""0"",""0""";;
"6993,""2025-09-30"",""2025-07-01"",""FS545511"","".00"",""506.40"",""2432.70"",""59.40"",""13665.20"","".00"","".00"",""434.70"",""166.10"",""664.40"",""324.00"","" "",""Tode Palm, Lolo"",""4"",""SEK"",""56.45"",""14.11"",""9789189857827"",""I kärlek och Sorg"",""9789189857827 - I kärlek och Sorg"", Media 24 / Digibook S6993,""Leverantör"",""1005.50"",""1891.00"","".00"","".00"",""Audio Book : Extended distribution"",""71073.00"",""4917.67"","".00"","".00"","".00"","".00"","".00"","".00"","".00"","".00"",""0"",""0""";;
"6993,""2025-09-30"",""2025-07-01"",""FS545511"","".00"",""506.40"",""2432.70"",""59.40"",""13665.20"","".00"","".00"",""434.70"",""166.10"",""664.40"",""324.00"","" "",""Tode Palm, Lolo"",""1"",""SEK"",""14.40"",""14.40"",""9789189857827"",""I kärlek och Sorg"",""9789189857827 - I kärlek och Sorg"", Media 24 / Digibook S6993,""Leverantör"",""1005.50"",""1891.00"","".00"","".00"",""Audio Book : Extended distribution"",""71073.00"",""4917.67"","".00"","".00"","".00"","".00"","".00"","".00"","".00"","".00"",""0"",""0""";;
"6993,""2025-09-30"",""2025-07-01"",""FS545511"","".00"",""506.40"",""2432.70"",""59.40"",""13665.20"","".00"","".00"",""434.70"",""166.10"",""664.40"",""324.00"","" "",""Tode Palm, Lolo"",""3"",""SEK"",""44.36"",""14.79"",""9789189857827"",""I kärlek och Sorg"",""9789189857827 - I kärlek och Sorg"", Media 24 / Digibook S6993,""Leverantör"",""1005.50"",""1891.00"","".00"","".00"",""Audio Book : Extended distribution"",""71073.00"",""4917.67"","".00"","".00"","".00"","".00"","".00"","".00"","".00"","".00"",""0"",""0""";;
"6993,""2025-09-30"",""2025-07-01"",""FS545511"","".00"",""506.40"",""2432.70"",""59.40"",""13665.20"","".00"","".00"",""434.70"",""166.10"",""664.40"",""324.00"","" "",""Tode Palm, Lolo"",""1"",""SEK"",""19.45"",""19.45"",""9789189857759"",""I kärlek och Sorg"",""9789189857759 - I kärlek och Sorg"", Media 24 / Digibook S6993,""Leverantör"",""1005.50"",""1891.00"","".00"","".00"",""Ebook : Extended distribution"",""71073.00"",""4917.67"","".00"","".00"","".00"","".00"","".00"","".00"","".00"","".00"",""0"",""0""";;
"6993,""2025-09-30"",""2025-07-01"",""FS545511"","".00"",""506.40"",""2432.70"",""59.40"",""13665.20"","".00"","".00"",""434.70"",""166.10"",""664.40"",""324.00"","" "",""Tode Palm, Lolo"",""2"",""SEK"",""41.87"",""20.94"",""9789189857827"",""I kärlek och Sorg"",""9789189857827 - I kärlek och Sorg"", Media 24 / Digibook S6993,""Leverantör"",""1005.50"",""1891.00"","".00"","".00"",""Audio Book : Extended distribution"",""71073.00"",""4917.67"","".00"","".00"","".00"","".00"","".00"","".00"","".00"","".00"",""0"",""0""";;
"6993,""2025-09-30"",""2025-07-01"",""FS545511"","".00"",""506.40"",""2432.70"",""59.40"",""13665.20"","".00"","".00"",""434.70"",""166.10"",""664.40"",""324.00"","" "",""Tolander, Tor"",""1"",""SEK"","".59"","".59"",""9789189739321"",""Ingen lyckodag"",""9789189739321 - Ingen lyckodag"", Media 24 / Digibook S6993,""Leverantör"",""1005.50"",""1891.00"","".00"","".00"",""Audio Book : Extended distribution"",""71073.00"",""4917.67"","".00"","".00"","".00"","".00"","".00"","".00"","".00"","".00"",""0"",""0""";;
"6993,""2025-09-30"",""2025-07-01"",""FS545511"","".00"",""506.40"",""2432.70"",""59.40"",""13665.20"","".00"","".00"",""434.70"",""166.10"",""664.40"",""324.00"","" "",""Tolander, Tor"",""1"",""SEK"","".68"","".68"",""9789189739321"",""Ingen lyckodag"",""9789189739321 - Ingen lyckodag"", Media 24 / Digibook S6993,""Leverantör"",""1005.50"",""1891.00"","".00"","".00"",""Audio Book : Extended distribution"",""71073.00"",""4917.67"","".00"","".00"","".00"","".00"","".00"","".00"","".00"","".00"",""0"",""0""";;
"6993,""2025-09-30"",""2025-07-01"",""FS545511"","".00"",""506.40"",""2432.70"",""59.40"",""13665.20"","".00"","".00"",""434.70"",""166.10"",""664.40"",""324.00"","" "",""Tolander, Tor"",""1"",""SEK"",""2.70"",""2.70"",""9789189739321"",""Ingen lyckodag"",""9789189739321 - Ingen lyckodag"", Media 24 / Digibook S6993,""Leverantör"",""1005.50"",""1891.00"","".00"","".00"",""Audio Book : School Subscription"",""71073.00"",""4917.67"","".00"","".00"","".00"","".00"","".00"","".00"","".00"","".00"",""0"",""0""";;
"6993,""2025-09-30"",""2025-07-01"",""FS545511"","".00"",""506.40"",""2432.70"",""59.40"",""13665.20"","".00"","".00"",""434.70"",""166.10"",""664.40"",""324.00"","" "",""Tornberg, Elisabet"",""1"",""SEK"","".47"","".47"",""9789189857780"",""Våga skapa från hjärtat"",""9789189857780 - Våga skapa från hjärtat"", Media 24 / Digibook S6993,""Leverantör"",""1005.50"",""1891.00"","".00"","".00"",""Ebook : Extended distribution"",""71073.00"",""4917.67"","".00"","".00"","".00"","".00"","".00"","".00"","".00"","".00"",""0"",""0""";;
"6993,""2025-09-30"",""2025-07-01"",""FS545511"","".00"",""506.40"",""2432.70"",""59.40"",""13665.20"","".00"","".00"",""434.70"",""166.10"",""664.40"",""324.00"","" "",""Tornberg, Elisabet"",""1"",""SEK"","".49"","".49"",""9789189857780"",""Våga skapa från hjärtat"",""9789189857780 - Våga skapa från hjärtat"", Media 24 / Digibook S6993,""Leverantör"",""1005.50"",""1891.00"","".00"","".00"",""Ebook : Extended distribution"",""71073.00"",""4917.67"","".00"","".00"","".00"","".00"","".00"","".00"","".00"","".00"",""0"",""0""";;
"6993,""2025-09-30"",""2025-07-01"",""FS545511"","".00"",""506.40"",""2432.70"",""59.40"",""13665.20"","".00"","".00"",""434.70"",""166.10"",""664.40"",""324.00"","" "",""Tornberg, Elisabet"",""1"",""SEK"","".58"","".58"",""9789189857872"",""Våga skapa från hjärtat"",""9789189857872 - Våga skapa från hjärtat"", Media 24 / Digibook S6993,""Leverantör"",""1005.50"",""1891.00"","".00"","".00"",""Audio Book : Extended distribution"",""71073.00"",""4917.67"","".00"","".00"","".00"","".00"","".00"","".00"","".00"","".00"",""0"",""0""";;
"6993,""2025-09-30"",""2025-07-01"",""FS545511"","".00"",""506.40"",""2432.70"",""59.40"",""13665.20"","".00"","".00"",""434.70"",""166.10"",""664.40"",""324.00"","" "",""Tornberg, Elisabet"",""1"",""SEK"","".59"","".59"",""9789189857872"",""Våga skapa från hjärtat"",""9789189857872 - Våga skapa från hjärtat"", Media 24 / Digibook S6993,""Leverantör"",""1005.50"",""1891.00"","".00"","".00"",""Audio Book : Extended distribution"",""71073.00"",""4917.67"","".00"","".00"","".00"","".00"","".00"","".00"","".00"","".00"",""0"",""0""";;
"6993,""2025-09-30"",""2025-07-01"",""FS545511"","".00"",""506.40"",""2432.70"",""59.40"",""13665.20"","".00"","".00"",""434.70"",""166.10"",""664.40"",""324.00"","" "",""Tornberg, Elisabet"",""1"",""SEK"","".67"","".67"",""9789189857780"",""Våga skapa från hjärtat"",""9789189857780 - Våga skapa från hjärtat"", Media 24 / Digibook S6993,""Leverantör"",""1005.50"",""1891.00"","".00"","".00"",""Ebook : Extended distribution"",""71073.00"",""4917.67"","".00"","".00"","".00"","".00"","".00"","".00"","".00"","".00"",""0"",""0""";;
"6993,""2025-09-30"",""2025-07-01"",""FS545511"","".00"",""506.40"",""2432.70"",""59.40"",""13665.20"","".00"","".00"",""434.70"",""166.10"",""664.40"",""324.00"","" "",""Tornberg, Elisabet"",""2"",""SEK"",""1.34"","".67"",""9789189857872"",""Våga skapa från hjärtat"",""9789189857872 - Våga skapa från hjärtat"", Media 24 / Digibook S6993,""Leverantör"",""1005.50"",""1891.00"","".00"","".00"",""Audio Book : Extended distribution"",""71073.00"",""4917.67"","".00"","".00"","".00"","".00"","".00"","".00"","".00"","".00"",""0"",""0""";;
"6993,""2025-09-30"",""2025-07-01"",""FS545511"","".00"",""506.40"",""2432.70"",""59.40"",""13665.20"","".00"","".00"",""434.70"",""166.10"",""664.40"",""324.00"","" "",""Tornberg, Elisabet"",""2"",""SEK"",""1.35"","".68"",""9789189857780"",""Våga skapa från hjärtat"",""9789189857780 - Våga skapa från hjärtat"", Media 24 / Digibook S6993,""Leverantör"",""1005.50"",""1891.00"","".00"","".00"",""Ebook : Extended distribution"",""71073.00"",""4917.67"","".00"","".00"","".00"","".00"","".00"","".00"","".00"","".00"",""0"",""0""";;
"6993,""2025-09-30"",""2025-07-01"",""FS545511"","".00"",""506.40"",""2432.70"",""59.40"",""13665.20"","".00"","".00"",""434.70"",""166.10"",""664.40"",""324.00"","" "",""Tornberg, Elisabet"",""1"",""SEK"","".68"","".68"",""9789189857872"",""Våga skapa från hjärtat"",""9789189857872 - Våga skapa från hjärtat"", Media 24 / Digibook S6993,""Leverantör"",""1005.50"",""1891.00"","".00"","".00"",""Audio Book : Extended distribution"",""71073.00"",""4917.67"","".00"","".00"","".00"","".00"","".00"","".00"","".00"","".00"",""0"",""0""";;
"6993,""2025-09-30"",""2025-07-01"",""FS545511"","".00"",""506.40"",""2432.70"",""59.40"",""13665.20"","".00"","".00"",""434.70"",""166.10"",""664.40"",""324.00"","" "",""Tornberg, Elisabet"",""3"",""SEK"",""2.51"","".84"",""9789189857872"",""Våga skapa från hjärtat"",""9789189857872 - Våga skapa från hjärtat"", Media 24 / Digibook S6993,""Leverantör"",""1005.50"",""1891.00"","".00"","".00"",""Audio Book : Extended distribution"",""71073.00"",""4917.67"","".00"","".00"","".00"","".00"","".00"","".00"","".00"","".00"",""0"",""0""";;
"6993,""2025-09-30"",""2025-07-01"",""FS545511"","".00"",""506.40"",""2432.70"",""59.40"",""13665.20"","".00"","".00"",""434.70"",""166.10"",""664.40"",""324.00"","" "",""Varg, Viola"",""3"",""SEK"",""2.49"","".83"",""9789189835405"",""Chefens favorit"",""9789189835405 - Chefens favorit"", Media 24 / Digibook S6993,""Leverantör"",""1005.50"",""1891.00"","".00"","".00"",""Audio Book : Extended distribution"",""71073.00"",""4917.67"","".00"","".00"","".00"","".00"","".00"","".00"","".00"","".00"",""0"",""0""";;
"6993,""2025-09-30"",""2025-07-01"",""FS545511"","".00"",""506.40"",""2432.70"",""59.40"",""13665.20"","".00"","".00"",""434.70"",""166.10"",""664.40"",""324.00"","" "",""Varg, Viola"",""3"",""SEK"",""2.56"","".85"",""9789189835221"",""Chefens favorit"",""9789189835221 - Chefens favorit"", Media 24 / Digibook S6993,""Leverantör"",""1005.50"",""1891.00"","".00"","".00"",""Ebook : Extended distribution"",""71073.00"",""4917.67"","".00"","".00"","".00"","".00"","".00"","".00"","".00"","".00"",""0"",""0""";;
"6993,""2025-09-30"",""2025-07-01"",""FS545511"","".00"",""506.40"",""2432.70"",""59.40"",""13665.20"","".00"","".00"",""434.70"",""166.10"",""664.40"",""324.00"","" "",""Varg, Viola"",""3"",""SEK"",""2.61"","".87"",""9789189835405"",""Chefens favorit"",""9789189835405 - Chefens favorit"", Media 24 / Digibook S6993,""Leverantör"",""1005.50"",""1891.00"","".00"","".00"",""Audio Book : Extended distribution"",""71073.00"",""4917.67"","".00"","".00"","".00"","".00"","".00"","".00"","".00"","".00"",""0"",""0""";;
"6993,""2025-09-30"",""2025-07-01"",""FS545511"","".00"",""506.40"",""2432.70"",""59.40"",""13665.20"","".00"","".00"",""434.70"",""166.10"",""664.40"",""324.00"","" "",""Varg, Viola"",""2"",""SEK"",""1.75"","".88"",""9789189835221"",""Chefens favorit"",""9789189835221 - Chefens favorit"", Media 24 / Digibook S6993,""Leverantör"",""1005.50"",""1891.00"","".00"","".00"",""Ebook : Extended distribution"",""71073.00"",""4917.67"","".00"","".00"","".00"","".00"","".00"","".00"","".00"","".00"",""0"",""0""";;
"6993,""2025-09-30"",""2025-07-01"",""FS545511"","".00"",""506.40"",""2432.70"",""59.40"",""13665.20"","".00"","".00"",""434.70"",""166.10"",""664.40"",""324.00"","" "",""Varg, Viola"",""1"",""SEK"",""2.70"",""2.70"",""9789189835221"",""Chefens favorit"",""9789189835221 - Chefens favorit"", Media 24 / Digibook S6993,""Leverantör"",""1005.50"",""1891.00"","".00"","".00"",""Ebook : School Subscription"",""71073.00"",""4917.67"","".00"","".00"","".00"","".00"","".00"","".00"","".00"","".00"",""0"",""0""";;
"6993,""2025-09-30"",""2025-07-01"",""FS545511"","".00"",""506.40"",""2432.70"",""59.40"",""13665.20"","".00"","".00"",""434.70"",""166.10"",""664.40"",""324.00"","" "",""Varg, Viola"",""1"",""SEK"",""2.70"",""2.70"",""9789189835405"",""Chefens favorit"",""9789189835405 - Chefens favorit"", Media 24 / Digibook S6993,""Leverantör"",""1005.50"",""1891.00"","".00"","".00"",""Audio Book : School Subscription"",""71073.00"",""4917.67"","".00"","".00"","".00"","".00"","".00"","".00"","".00"","".00"",""0"",""0""";;
"6993,""2025-09-30"",""2025-07-01"",""FS545511"","".00"",""506.40"",""2432.70"",""59.40"",""13665.20"","".00"","".00"",""434.70"",""166.10"",""664.40"",""324.00"","" "",""Wallin, Martina"",""4"",""SEK"",""9.97"",""2.49"",""9789189739048"",""Förbered dig inför din förlossning"",""9789189739048 - Förbered dig inför din förlossning"", Media 24 / Digibook S6993,""Leverantör"",""1005.50"",""1891.00"","".00"","".00"",""Audio Book : Extended distribution"",""71073.00"",""4917.67"","".00"","".00"","".00"","".00"","".00"","".00"","".00"","".00"",""0"",""0""";;
"6993,""2025-09-30"",""2025-07-01"",""FS545511"","".00"",""506.40"",""2432.70"",""59.40"",""13665.20"","".00"","".00"",""434.70"",""166.10"",""664.40"",""324.00"","" "",""Wallin, Martina"",""2"",""SEK"",""4.99"",""2.50"",""9789189739048"",""Förbered dig inför din förlossning"",""9789189739048 - Förbered dig inför din förlossning"", Media 24 / Digibook S6993,""Leverantör"",""1005.50"",""1891.00"","".00"","".00"",""Audio Book : Extended distribution"",""71073.00"",""4917.67"","".00"","".00"","".00"","".00"","".00"","".00"","".00"","".00"",""0"",""0""";;
"6993,""2025-09-30"",""2025-07-01"",""FS545511"","".00"",""506.40"",""2432.70"",""59.40"",""13665.20"","".00"","".00"",""434.70"",""166.10"",""664.40"",""324.00"","" "",""Wallin, Martina"",""4"",""SEK"",""10.10"",""2.53"",""9789189739048"",""Förbered dig inför din förlossning"",""9789189739048 - Förbered dig inför din förlossning"", Media 24 / Digibook S6993,""Leverantör"",""1005.50"",""1891.00"","".00"","".00"",""Audio Book : Extended distribution"",""71073.00"",""4917.67"","".00"","".00"","".00"","".00"","".00"","".00"","".00"","".00"",""0"",""0""";;
"6993,""2025-09-30"",""2025-07-01"",""FS545511"","".00"",""506.40"",""2432.70"",""59.40"",""13665.20"","".00"","".00"",""434.70"",""166.10"",""664.40"",""324.00"","" "",""Wallin, Martina"",""6"",""SEK"",""15.45"",""2.58"",""9789189739048"",""Förbered dig inför din förlossning"",""9789189739048 - Förbered dig inför din förlossning"", Media 24 / Digibook S6993,""Leverantör"",""1005.50"",""1891.00"","".00"","".00"",""Audio Book : Extended distribution"",""71073.00"",""4917.67"","".00"","".00"","".00"","".00"","".00"","".00"","".00"","".00"",""0"",""0""";;
"6993,""2025-09-30"",""2025-07-01"",""FS545511"","".00"",""506.40"",""2432.70"",""59.40"",""13665.20"","".00"","".00"",""434.70"",""166.10"",""664.40"",""324.00"","" "",""Wallin, Martina"",""2"",""SEK"",""5.29"",""2.65"",""9789189739048"",""Förbered dig inför din förlossning"",""9789189739048 - Förbered dig inför din förlossning"", Media 24 / Digibook S6993,""Leverantör"",""1005.50"",""1891.00"","".00"","".00"",""Audio Book : Extended distribution"",""71073.00"",""4917.67"","".00"","".00"","".00"","".00"","".00"","".00"","".00"","".00"",""0"",""0""";;
"6993,""2025-09-30"",""2025-07-01"",""FS545511"","".00"",""506.40"",""2432.70"",""59.40"",""13665.20"","".00"","".00"",""434.70"",""166.10"",""664.40"",""324.00"","" "",""Wallin, Martina"",""1"",""SEK"",""2.70"",""2.70"",""9789189739048"",""Förbered dig inför din förlossning"",""9789189739048 - Förbered dig inför din förlossning"", Media 24 / Digibook S6993,""Leverantör"",""1005.50"",""1891.00"","".00"","".00"",""Audio Book : School Subscription"",""71073.00"",""4917.67"","".00"","".00"","".00"","".00"","".00"","".00"","".00"","".00"",""0"",""0""";;
"6993,""2025-09-30"",""2025-07-01"",""FS545511"","".00"",""506.40"",""2432.70"",""59.40"",""13665.20"","".00"","".00"",""434.70"",""166.10"",""664.40"",""324.00"","" "",""Wallin, Martina"",""4"",""SEK"",""11.99"",""3.00"",""9789189739048"",""Förbered dig inför din förlossning"",""9789189739048 - Förbered dig inför din förlossning"", Media 24 / Digibook S6993,""Leverantör"",""1005.50"",""1891.00"","".00"","".00"",""Audio Book : Extended distribution"",""71073.00"",""4917.67"","".00"","".00"","".00"","".00"","".00"","".00"","".00"","".00"",""0"",""0""";;
"6993,""2025-09-30"",""2025-07-01"",""FS545511"","".00"",""506.40"",""2432.70"",""59.40"",""13665.20"","".00"","".00"",""434.70"",""166.10"",""664.40"",""324.00"","" "",""Wallin, Martina"",""1"",""SEK"",""5.00"",""5.00"",""9789189739048"",""Förbered dig inför din förlossning"",""9789189739048 - Förbered dig inför din förlossning"", Media 24 / Digibook S6993,""Leverantör"",""1005.50"",""1891.00"","".00"","".00"",""Audio Book : Access Loan"",""71073.00"",""4917.67"","".00"","".00"","".00"","".00"","".00"","".00"","".00"","".00"",""0"",""0""";;
"6993,""2025-09-30"",""2025-07-01"",""FS545511"","".00"",""506.40"",""2432.70"",""59.40"",""13665.20"","".00"","".00"",""434.70"",""166.10"",""664.40"",""324.00"","" "",""Wallner, Katinka"",""1"",""SEK"",""11.19"",""11.19"",""9789189739352"",""Så blir du fri från ångest!"",""9789189739352 - Så blir du fri från ångest!"", Media 24 / Digibook S6993,""Leverantör"",""1005.50"",""1891.00"","".00"","".00"",""Ebook : Extended distribution"",""71073.00"",""4917.67"","".00"","".00"","".00"","".00"","".00"","".00"","".00"","".00"",""0"",""0""";;
"6993,""2025-09-30"",""2025-07-01"",""FS545511"","".00"",""506.40"",""2432.70"",""59.40"",""13665.20"","".00"","".00"",""434.70"",""166.10"",""664.40"",""324.00"","" "",""Wallner, Katinka"",""2"",""SEK"",""23.00"",""11.50"",""9789189739352"",""Så blir du fri från ångest!"",""9789189739352 - Så blir du fri från ångest!"", Media 24 / Digibook S6993,""Leverantör"",""1005.50"",""1891.00"","".00"","".00"",""Ebook : Extended distribution"",""71073.00"",""4917.67"","".00"","".00"","".00"","".00"","".00"","".00"","".00"","".00"",""0"",""0""";;
"6993,""2025-09-30"",""2025-07-01"",""FS545511"","".00"",""506.40"",""2432.70"",""59.40"",""13665.20"","".00"","".00"",""434.70"",""166.10"",""664.40"",""324.00"","" "",""Wallner, Katinka"",""2"",""SEK"",""153.00"",""76.50"",""9789189739352"",""Så blir du fri från ångest!"",""9789189739352 - Så blir du fri från ångest!"", Media 24 / Digibook S6993,""Leverantör"",""1005.50"",""1891.00"","".00"","".00"",""Ebook : Buy"",""71073.00"",""4917.67"","".00"","".00"","".00"","".00"","".00"","".00"","".00"","".00"",""0"",""0""";;
"6993,""2025-09-30"",""2025-07-01"",""FS545511"","".00"",""506.40"",""2432.70"",""59.40"",""13665.20"","".00"","".00"",""434.70"",""166.10"",""664.40"",""324.00"","" "",""Weinz, Arne"",""1"",""SEK"",""2.70"",""2.70"",""9789189739055"",""Perfekt storm"",""9789189739055 - Perfekt storm"", Media 24 / Digibook S6993,""Leverantör"",""1005.50"",""1891.00"","".00"","".00"",""Ebook : School Subscription"",""71073.00"",""4917.67"","".00"","".00"","".00"","".00"","".00"","".00"","".00"","".00"",""0"",""0""";;
"6993,""2025-09-30"",""2025-07-01"",""FS545511"","".00"",""506.40"",""2432.70"",""59.40"",""13665.20"","".00"","".00"",""434.70"",""166.10"",""664.40"",""324.00"","" "",""Weinz, Arne"",""1"",""SEK"",""2.70"",""2.70"",""9789189835023"",""Perfekt storm"",""9789189835023 - Perfekt storm"", Media 24 / Digibook S6993,""Leverantör"",""1005.50"",""1891.00"","".00"","".00"",""Audio Book : School Subscription"",""71073.00"",""4917.67"","".00"","".00"","".00"","".00"","".00"","".00"","".00"","".00"",""0"",""0""";;
"6993,""2025-09-30"",""2025-07-01"",""FS545511"","".00"",""506.40"",""2432.70"",""59.40"",""13665.20"","".00"","".00"",""434.70"",""166.10"",""664.40"",""324.00"","" "",""Weinz, Arne"",""1"",""SEK"",""2.70"",""2.70"",""9789189835870"",""Landet som ingen ägde"",""9789189835870 - Landet som ingen ägde"", Media 24 / Digibook S6993,""Leverantör"",""1005.50"",""1891.00"","".00"","".00"",""Ebook : School Subscription"",""71073.00"",""4917.67"","".00"","".00"","".00"","".00"","".00"","".00"","".00"","".00"",""0"",""0""";;
"6993,""2025-09-30"",""2025-07-01"",""FS545511"","".00"",""506.40"",""2432.70"",""59.40"",""13665.20"","".00"","".00"",""434.70"",""166.10"",""664.40"",""324.00"","" "",""Weinz, Arne"",""1"",""SEK"",""2.70"",""2.70"",""9789189835917"",""Landet som ingen ägde"",""9789189835917 - Landet som ingen ägde"", Media 24 / Digibook S6993,""Leverantör"",""1005.50"",""1891.00"","".00"","".00"",""Audio Book : School Subscription"",""71073.00"",""4917.67"","".00"","".00"","".00"","".00"","".00"","".00"","".00"","".00"",""0"",""0""";;
"6993,""2025-09-30"",""2025-07-01"",""FS545511"","".00"",""506.40"",""2432.70"",""59.40"",""13665.20"","".00"","".00"",""434.70"",""166.10"",""664.40"",""324.00"","" "",""Weinz, Arne"",""1"",""SEK"",""2.70"",""2.70"",""9789189857100"",""Skrivet i sten"",""9789189857100 - Skrivet i sten"", Media 24 / Digibook S6993,""Leverantör"",""1005.50"",""1891.00"","".00"","".00"",""Ebook : School Subscription"",""71073.00"",""4917.67"","".00"","".00"","".00"","".00"","".00"","".00"","".00"","".00"",""0"",""0""";;
"6993,""2025-09-30"",""2025-07-01"",""FS545511"","".00"",""506.40"",""2432.70"",""59.40"",""13665.20"","".00"","".00"",""434.70"",""166.10"",""664.40"",""324.00"","" "",""Weinz, Arne"",""1"",""SEK"",""2.70"",""2.70"",""9789189857230"",""Skrivet i sten"",""9789189857230 - Skrivet i sten"", Media 24 / Digibook S6993,""Leverantör"",""1005.50"",""1891.00"","".00"","".00"",""Audio Book : School Subscription"",""71073.00"",""4917.67"","".00"","".00"","".00"","".00"","".00"","".00"","".00"","".00"",""0"",""0""";;
"6993,""2025-09-30"",""2025-07-01"",""FS545511"","".00"",""506.40"",""2432.70"",""59.40"",""13665.20"","".00"","".00"",""434.70"",""166.10"",""664.40"",""324.00"","" "",""Weinz, Arne"",""5"",""SEK"",""107.23"",""21.45"",""9789189835023"",""Perfekt storm"",""9789189835023 - Perfekt storm"", Media 24 / Digibook S6993,""Leverantör"",""1005.50"",""1891.00"","".00"","".00"",""Audio Book : Extended distribution"",""71073.00"",""4917.67"","".00"","".00"","".00"","".00"","".00"","".00"","".00"","".00"",""0"",""0""";;
"6993,""2025-09-30"",""2025-07-01"",""FS545511"","".00"",""506.40"",""2432.70"",""59.40"",""13665.20"","".00"","".00"",""434.70"",""166.10"",""664.40"",""324.00"","" "",""Weinz, Arne"",""1"",""SEK"",""22.20"",""22.20"",""9789189857230"",""Skrivet i sten"",""9789189857230 - Skrivet i sten"", Media 24 / Digibook S6993,""Leverantör"",""1005.50"",""1891.00"","".00"","".00"",""Audio Book : Extended distribution"",""71073.00"",""4917.67"","".00"","".00"","".00"","".00"","".00"","".00"","".00"","".00"",""0"",""0""";;
"6993,""2025-09-30"",""2025-07-01"",""FS545511"","".00"",""506.40"",""2432.70"",""59.40"",""13665.20"","".00"","".00"",""434.70"",""166.10"",""664.40"",""324.00"","" "",""Weinz, Arne"",""2"",""SEK"",""44.41"",""22.21"",""9789189857230"",""Skrivet i sten"",""9789189857230 - Skrivet i sten"", Media 24 / Digibook S6993,""Leverantör"",""1005.50"",""1891.00"","".00"","".00"",""Audio Book : Extended distribution"",""71073.00"",""4917.67"","".00"","".00"","".00"","".00"","".00"","".00"","".00"","".00"",""0"",""0""";;
"6993,""2025-09-30"",""2025-07-01"",""FS545511"","".00"",""506.40"",""2432.70"",""59.40"",""13665.20"","".00"","".00"",""434.70"",""166.10"",""664.40"",""324.00"","" "",""Weinz, Arne"",""1"",""SEK"",""22.45"",""22.45"",""9789189857230"",""Skrivet i sten"",""9789189857230 - Skrivet i sten"", Media 24 / Digibook S6993,""Leverantör"",""1005.50"",""1891.00"","".00"","".00"",""Audio Book : Extended distribution"",""71073.00"",""4917.67"","".00"","".00"","".00"","".00"","".00"","".00"","".00"","".00"",""0"",""0""";;
"6993,""2025-09-30"",""2025-07-01"",""FS545511"","".00"",""506.40"",""2432.70"",""59.40"",""13665.20"","".00"","".00"",""434.70"",""166.10"",""664.40"",""324.00"","" "",""Weinz, Arne"",""1"",""SEK"",""22.90"",""22.90"",""9789189857230"",""Skrivet i sten"",""9789189857230 - Skrivet i sten"", Media 24 / Digibook S6993,""Leverantör"",""1005.50"",""1891.00"","".00"","".00"",""Audio Book : Extended distribution"",""71073.00"",""4917.67"","".00"","".00"","".00"","".00"","".00"","".00"","".00"","".00"",""0"",""0""";;
"6993,""2025-09-30"",""2025-07-01"",""FS545511"","".00"",""506.40"",""2432.70"",""59.40"",""13665.20"","".00"","".00"",""434.70"",""166.10"",""664.40"",""324.00"","" "",""Weinz, Arne"",""3"",""SEK"",""70.57"",""23.52"",""9789189857230"",""Skrivet i sten"",""9789189857230 - Skrivet i sten"", Media 24 / Digibook S6993,""Leverantör"",""1005.50"",""1891.00"","".00"","".00"",""Audio Book : Extended distribution"",""71073.00"",""4917.67"","".00"","".00"","".00"","".00"","".00"","".00"","".00"","".00"",""0"",""0""";;
"6993,""2025-09-30"",""2025-07-01"",""FS545511"","".00"",""506.40"",""2432.70"",""59.40"",""13665.20"","".00"","".00"",""434.70"",""166.10"",""664.40"",""324.00"","" "",""Weinz, Arne"",""3"",""SEK"",""75.57"",""25.19"",""9789189835917"",""Landet som ingen ägde"",""9789189835917 - Landet som ingen ägde"", Media 24 / Digibook S6993,""Leverantör"",""1005.50"",""1891.00"","".00"","".00"",""Audio Book : Extended distribution"",""71073.00"",""4917.67"","".00"","".00"","".00"","".00"","".00"","".00"","".00"","".00"",""0"",""0""";;
"6993,""2025-09-30"",""2025-07-01"",""FS545511"","".00"",""506.40"",""2432.70"",""59.40"",""13665.20"","".00"","".00"",""434.70"",""166.10"",""664.40"",""324.00"","" "",""Weinz, Arne"",""9"",""SEK"",""231.65"",""25.74"",""9789189835023"",""Perfekt storm"",""9789189835023 - Perfekt storm"", Media 24 / Digibook S6993,""Leverantör"",""1005.50"",""1891.00"","".00"","".00"",""Audio Book : Extended distribution"",""71073.00"",""4917.67"","".00"","".00"","".00"","".00"","".00"","".00"","".00"","".00"",""0"",""0""";;
"6993,""2025-09-30"",""2025-07-01"",""FS545511"","".00"",""506.40"",""2432.70"",""59.40"",""13665.20"","".00"","".00"",""434.70"",""166.10"",""664.40"",""324.00"","" "",""Weinz, Arne"",""3"",""SEK"",""79.92"",""26.64"",""9789189857230"",""Skrivet i sten"",""9789189857230 - Skrivet i sten"", Media 24 / Digibook S6993,""Leverantör"",""1005.50"",""1891.00"","".00"","".00"",""Audio Book : Extended distribution"",""71073.00"",""4917.67"","".00"","".00"","".00"","".00"","".00"","".00"","".00"","".00"",""0"",""0""";;
"6993,""2025-09-30"",""2025-07-01"",""FS545511"","".00"",""506.40"",""2432.70"",""59.40"",""13665.20"","".00"","".00"",""434.70"",""166.10"",""664.40"",""324.00"","" "",""Weinz, Arne"",""2"",""SEK"",""60.22"",""30.11"",""9789189835870"",""Landet som ingen ägde"",""9789189835870 - Landet som ingen ägde"", Media 24 / Digibook S6993,""Leverantör"",""1005.50"",""1891.00"","".00"","".00"",""Ebook : Extended distribution"",""71073.00"",""4917.67"","".00"","".00"","".00"","".00"","".00"","".00"","".00"","".00"",""0"",""0""";;
"6993,""2025-09-30"",""2025-07-01"",""FS545511"","".00"",""506.40"",""2432.70"",""59.40"",""13665.20"","".00"","".00"",""434.70"",""166.10"",""664.40"",""324.00"","" "",""Weinz, Arne"",""3"",""SEK"",""90.69"",""30.23"",""9789189835917"",""Landet som ingen ägde"",""9789189835917 - Landet som ingen ägde"", Media 24 / Digibook S6993,""Leverantör"",""1005.50"",""1891.00"","".00"","".00"",""Audio Book : Extended distribution"",""71073.00"",""4917.67"","".00"","".00"","".00"","".00"","".00"","".00"","".00"","".00"",""0"",""0""";;
"6993,""2025-09-30"",""2025-07-01"",""FS545511"","".00"",""506.40"",""2432.70"",""59.40"",""13665.20"","".00"","".00"",""434.70"",""166.10"",""664.40"",""324.00"","" "",""Weinz, Arne"",""1"",""SEK"",""31.49"",""31.49"",""9789189739055"",""Perfekt storm"",""9789189739055 - Perfekt storm"", Media 24 / Digibook S6993,""Leverantör"",""1005.50"",""1891.00"","".00"","".00"",""Ebook : Extended distribution"",""71073.00"",""4917.67"","".00"","".00"","".00"","".00"","".00"","".00"","".00"","".00"",""0"",""0""";;
"6993,""2025-09-30"",""2025-07-01"",""FS545511"","".00"",""506.40"",""2432.70"",""59.40"",""13665.20"","".00"","".00"",""434.70"",""166.10"",""664.40"",""324.00"","" "",""Wessand, Åsa"",""1"",""SEK"",""2.70"",""2.70"",""9789189835184"",""Åren flyger förbi men dagarna går långsamt"",""9789189835184 - Åren flyger förbi men dagarna går långsamt"", Media 24 / Digibook S6993,""Leverantör"",""1005.50"",""1891.00"","".00"","".00"",""Audio Book : School Subscription"",""71073.00"",""4917.67"","".00"","".00"","".00"","".00"","".00"","".00"","".00"","".00"",""0"",""0""";;
"6993,""2025-09-30"",""2025-07-01"",""FS545511"","".00"",""506.40"",""2432.70"",""59.40"",""13665.20"","".00"","".00"",""434.70"",""166.10"",""664.40"",""324.00"","" "",""Wessand, Åsa"",""5"",""SEK"",""37.93"",""7.59"",""9789189835184"",""Åren flyger förbi men dagarna går långsamt"",""9789189835184 - Åren flyger förbi men dagarna går långsamt"", Media 24 / Digibook S6993,""Leverantör"",""1005.50"",""1891.00"","".00"","".00"",""Audio Book : Extended distribution"",""71073.00"",""4917.67"","".00"","".00"","".00"","".00"","".00"","".00"","".00"","".00"",""0"",""0""";;
"6993,""2025-09-30"",""2025-07-01"",""FS545511"","".00"",""506.40"",""2432.70"",""59.40"",""13665.20"","".00"","".00"",""434.70"",""166.10"",""664.40"",""324.00"","" "",""Wessand, Åsa"",""2"",""SEK"",""15.34"",""7.67"",""9789189835184"",""Åren flyger förbi men dagarna går långsamt"",""9789189835184 - Åren flyger förbi men dagarna går långsamt"", Media 24 / Digibook S6993,""Leverantör"",""1005.50"",""1891.00"","".00"","".00"",""Audio Book : Extended distribution"",""71073.00"",""4917.67"","".00"","".00"","".00"","".00"","".00"","".00"","".00"","".00"",""0"",""0""";;
"6993,""2025-09-30"",""2025-07-01"",""FS545511"","".00"",""506.40"",""2432.70"",""59.40"",""13665.20"","".00"","".00"",""434.70"",""166.10"",""664.40"",""324.00"","" "",""Wessand, Åsa"",""3"",""SEK"",""24.10"",""8.03"",""9789189835184"",""Åren flyger förbi men dagarna går långsamt"",""9789189835184 - Åren flyger förbi men dagarna går långsamt"", Media 24 / Digibook S6993,""Leverantör"",""1005.50"",""1891.00"","".00"","".00"",""Audio Book : Extended distribution"",""71073.00"",""4917.67"","".00"","".00"","".00"","".00"","".00"","".00"","".00"","".00"",""0"",""0""";;
"6993,""2025-09-30"",""2025-07-01"",""FS545511"","".00"",""506.40"",""2432.70"",""59.40"",""13665.20"","".00"","".00"",""434.70"",""166.10"",""664.40"",""324.00"","" "",""Wessberg Ledner, Lisbeth"",""41"",""SEK"",""5129.10"",""125.10"",""9789190071496"",""Transportlogistik i praktiken"",""9789190071496 - Transportlogistik i praktiken"", Media 24 / Digibook S6993,""Leverantör"",""1005.50"",""1891.00"","".00"","".00"",""Ebook : Buy"",""71073.00"",""4917.67"","".00"","".00"","".00"","".00"","".00"","".00"","".00"","".00"",""0"",""0""";;
"6993,""2025-09-30"",""2025-07-01"",""FS545511"","".00"",""506.40"",""2432.70"",""59.40"",""13665.20"","".00"","".00"",""434.70"",""166.10"",""664.40"",""324.00"","" "",""Widerdal, Mikael"",""19"",""SEK"",""11.63"","".61"",""9789189539167"",""God natt"",""9789189539167 - God natt"", Media 24 / Digibook S6993,""Leverantör"",""1005.50"",""1891.00"","".00"","".00"",""Audio Book : Extended distribution"",""71073.00"",""4917.67"","".00"","".00"","".00"","".00"","".00"","".00"","".00"","".00"",""0"",""0""";;
"6993,""2025-09-30"",""2025-07-01"",""FS545511"","".00"",""506.40"",""2432.70"",""59.40"",""13665.20"","".00"","".00"",""434.70"",""166.10"",""664.40"",""324.00"","" "",""Widerdal, Mikael"",""30"",""SEK"",""18.66"","".62"",""9789189539167"",""God natt"",""9789189539167 - God natt"", Media 24 / Digibook S6993,""Leverantör"",""1005.50"",""1891.00"","".00"","".00"",""Audio Book : Extended distribution"",""71073.00"",""4917.67"","".00"","".00"","".00"","".00"","".00"","".00"","".00"","".00"",""0"",""0""";;
"6993,""2025-09-30"",""2025-07-01"",""FS545511"","".00"",""506.40"",""2432.70"",""59.40"",""13665.20"","".00"","".00"",""434.70"",""166.10"",""664.40"",""324.00"","" "",""Widerdal, Mikael"",""19"",""SEK"",""12.05"","".63"",""9789189539167"",""God natt"",""9789189539167 - God natt"", Media 24 / Digibook S6993,""Leverantör"",""1005.50"",""1891.00"","".00"","".00"",""Audio Book : Extended distribution"",""71073.00"",""4917.67"","".00"","".00"","".00"","".00"","".00"","".00"","".00"","".00"",""0"",""0""";;
"6993,""2025-09-30"",""2025-07-01"",""FS545511"","".00"",""506.40"",""2432.70"",""59.40"",""13665.20"","".00"","".00"",""434.70"",""166.10"",""664.40"",""324.00"","" "",""Widerdal, Mikael"",""17"",""SEK"",""11.08"","".65"",""9789189539167"",""God natt"",""9789189539167 - God natt"", Media 24 / Digibook S6993,""Leverantör"",""1005.50"",""1891.00"","".00"","".00"",""Audio Book : Extended distribution"",""71073.00"",""4917.67"","".00"","".00"","".00"","".00"","".00"","".00"","".00"","".00"",""0"",""0""";;
"6993,""2025-09-30"",""2025-07-01"",""FS545511"","".00"",""506.40"",""2432.70"",""59.40"",""13665.20"","".00"","".00"",""434.70"",""166.10"",""664.40"",""324.00"","" "",""Widerdal, Mikael"",""29"",""SEK"",""21.43"","".74"",""9789189539167"",""God natt"",""9789189539167 - God natt"", Media 24 / Digibook S6993,""Leverantör"",""1005.50"",""1891.00"","".00"","".00"",""Audio Book : Extended distribution"",""71073.00"",""4917.67"","".00"","".00"","".00"","".00"","".00"","".00"","".00"","".00"",""0"",""0""";;
"6993,""2025-09-30"",""2025-07-01"",""FS545511"","".00"",""506.40"",""2432.70"",""59.40"",""13665.20"","".00"","".00"",""434.70"",""166.10"",""664.40"",""324.00"","" "",""Widerdal, Mikael"",""1"",""SEK"",""2.00"",""2.00"",""9789189539167"",""God natt"",""9789189539167 - God natt"", Media 24 / Digibook S6993,""Leverantör"",""1005.50"",""1891.00"","".00"","".00"",""Audio Book : Agregated"",""71073.00"",""4917.67"","".00"","".00"","".00"","".00"","".00"","".00"","".00"","".00"",""0"",""0""";;
"6993,""2025-09-30"",""2025-07-01"",""FS545511"","".00"",""506.40"",""2432.70"",""59.40"",""13665.20"","".00"","".00"",""434.70"",""166.10"",""664.40"",""324.00"","" "",""Widerdal, Mikael"",""1"",""SEK"",""2.20"",""2.20"",""9789189539037"",""Hälsa och välmående "",""9789189539037 - Hälsa och välmående "", Media 24 / Digibook S6993,""Leverantör"",""1005.50"",""1891.00"","".00"","".00"",""Audio Book : Extended distribution"",""71073.00"",""4917.67"","".00"","".00"","".00"","".00"","".00"","".00"","".00"","".00"",""0"",""0""";;
"6993,""2025-09-30"",""2025-07-01"",""FS545511"","".00"",""506.40"",""2432.70"",""59.40"",""13665.20"","".00"","".00"",""434.70"",""166.10"",""664.40"",""324.00"","" "",""Widerdal, Mikael"",""2"",""SEK"",""4.44"",""2.22"",""9789189539013"",""Ditt bästa jag : Nyckeln till ditt bästa jag genom mental träning"",""9789189539013 - Ditt bästa jag : Nyckeln till ditt bästa jag genom mental träning"", Media 24 / Digibook S6993,""Leverantör"",""1005.50"",""1891.00"","".00"","".00"",""Audio Book : Extended distribution"",""71073.00"",""4917.67"","".00"","".00"","".00"","".00"","".00"","".00"","".00"","".00"",""0"",""0""";;
"6993,""2025-09-30"",""2025-07-01"",""FS545511"","".00"",""506.40"",""2432.70"",""59.40"",""13665.20"","".00"","".00"",""434.70"",""166.10"",""664.40"",""324.00"","" "",""Widerdal, Mikael"",""4"",""SEK"",""8.89"",""2.22"",""9789189539150"",""Bättre sömn"",""9789189539150 - Bättre sömn"", Media 24 / Digibook S6993,""Leverantör"",""1005.50"",""1891.00"","".00"","".00"",""Audio Book : Extended distribution"",""71073.00"",""4917.67"","".00"","".00"","".00"","".00"","".00"","".00"","".00"","".00"",""0"",""0""";;
"6993,""2025-09-30"",""2025-07-01"",""FS545511"","".00"",""506.40"",""2432.70"",""59.40"",""13665.20"","".00"","".00"",""434.70"",""166.10"",""664.40"",""324.00"","" "",""Widerdal, Mikael"",""1"",""SEK"",""2.22"",""2.22"",""9789189539181"",""Harmonisk graviditet"",""9789189539181 - Harmonisk graviditet"", Media 24 / Digibook S6993,""Leverantör"",""1005.50"",""1891.00"","".00"","".00"",""Audio Book : Extended distribution"",""71073.00"",""4917.67"","".00"","".00"","".00"","".00"","".00"","".00"","".00"","".00"",""0"",""0""";;
"6993,""2025-09-30"",""2025-07-01"",""FS545511"","".00"",""506.40"",""2432.70"",""59.40"",""13665.20"","".00"","".00"",""434.70"",""166.10"",""664.40"",""324.00"","" "",""Widerdal, Mikael"",""2"",""SEK"",""4.45"",""2.23"",""9789189539013"",""Ditt bästa jag : Nyckeln till ditt bästa jag genom mental träning"",""9789189539013 - Ditt bästa jag : Nyckeln till ditt bästa jag genom mental träning"", Media 24 / Digibook S6993,""Leverantör"",""1005.50"",""1891.00"","".00"","".00"",""Audio Book : Extended distribution"",""71073.00"",""4917.67"","".00"","".00"","".00"","".00"","".00"","".00"","".00"","".00"",""0"",""0""";;
"6993,""2025-09-30"",""2025-07-01"",""FS545511"","".00"",""506.40"",""2432.70"",""59.40"",""13665.20"","".00"","".00"",""434.70"",""166.10"",""664.40"",""324.00"","" "",""Widerdal, Mikael"",""1"",""SEK"",""2.23"",""2.23"",""9789189539044"",""Kreativitet och skaparkraft"",""9789189539044 - Kreativitet och skaparkraft"", Media 24 / Digibook S6993,""Leverantör"",""1005.50"",""1891.00"","".00"","".00"",""Audio Book : Extended distribution"",""71073.00"",""4917.67"","".00"","".00"","".00"","".00"","".00"","".00"","".00"","".00"",""0"",""0""";;
"6993,""2025-09-30"",""2025-07-01"",""FS545511"","".00"",""506.40"",""2432.70"",""59.40"",""13665.20"","".00"","".00"",""434.70"",""166.10"",""664.40"",""324.00"","" "",""Widerdal, Mikael"",""2"",""SEK"",""4.45"",""2.23"",""9789189539068"",""Mental träning för dig som har tinnitus"",""9789189539068 - Mental träning för dig som har tinnitus"", Media 24 / Digibook S6993,""Leverantör"",""1005.50"",""1891.00"","".00"","".00"",""Audio Book : Extended distribution"",""71073.00"",""4917.67"","".00"","".00"","".00"","".00"","".00"","".00"","".00"","".00"",""0"",""0""";;
"6993,""2025-09-30"",""2025-07-01"",""FS545511"","".00"",""506.40"",""2432.70"",""59.40"",""13665.20"","".00"","".00"",""434.70"",""166.10"",""664.40"",""324.00"","" "",""Widerdal, Mikael"",""2"",""SEK"",""4.45"",""2.23"",""9789189539150"",""Bättre sömn"",""9789189539150 - Bättre sömn"", Media 24 / Digibook S6993,""Leverantör"",""1005.50"",""1891.00"","".00"","".00"",""Audio Book : Extended distribution"",""71073.00"",""4917.67"","".00"","".00"","".00"","".00"","".00"","".00"","".00"","".00"",""0"",""0""";;
"6993,""2025-09-30"",""2025-07-01"",""FS545511"","".00"",""506.40"",""2432.70"",""59.40"",""13665.20"","".00"","".00"",""434.70"",""166.10"",""664.40"",""324.00"","" "",""Widerdal, Mikael"",""4"",""SEK"",""8.98"",""2.25"",""9789189539013"",""Ditt bästa jag : Nyckeln till ditt bästa jag genom mental träning"",""9789189539013 - Ditt bästa jag : Nyckeln till ditt bästa jag genom mental träning"", Media 24 / Digibook S6993,""Leverantör"",""1005.50"",""1891.00"","".00"","".00"",""Audio Book : Extended distribution"",""71073.00"",""4917.67"","".00"","".00"","".00"","".00"","".00"","".00"","".00"","".00"",""0"",""0""";;
"6993,""2025-09-30"",""2025-07-01"",""FS545511"","".00"",""506.40"",""2432.70"",""59.40"",""13665.20"","".00"","".00"",""434.70"",""166.10"",""664.40"",""324.00"","" "",""Widerdal, Mikael"",""2"",""SEK"",""4.50"",""2.25"",""9789189539051"",""Mental träning för dig som har reumatism"",""9789189539051 - Mental träning för dig som har reumatism"", Media 24 / Digibook S6993,""Leverantör"",""1005.50"",""1891.00"","".00"","".00"",""Audio Book : Extended distribution"",""71073.00"",""4917.67"","".00"","".00"","".00"","".00"","".00"","".00"","".00"","".00"",""0"",""0""";;
"6993,""2025-09-30"",""2025-07-01"",""FS545511"","".00"",""506.40"",""2432.70"",""59.40"",""13665.20"","".00"","".00"",""434.70"",""166.10"",""664.40"",""324.00"","" "",""Widerdal, Mikael"",""1"",""SEK"",""2.25"",""2.25"",""9789189539068"",""Mental träning för dig som har tinnitus"",""9789189539068 - Mental träning för dig som har tinnitus"", Media 24 / Digibook S6993,""Leverantör"",""1005.50"",""1891.00"","".00"","".00"",""Audio Book : Extended distribution"",""71073.00"",""4917.67"","".00"","".00"","".00"","".00"","".00"","".00"","".00"","".00"",""0"",""0""";;
"6993,""2025-09-30"",""2025-07-01"",""FS545511"","".00"",""506.40"",""2432.70"",""59.40"",""13665.20"","".00"","".00"",""434.70"",""166.10"",""664.40"",""324.00"","" "",""Widerdal, Mikael"",""19"",""SEK"",""42.79"",""2.25"",""9789189539150"",""Bättre sömn"",""9789189539150 - Bättre sömn"", Media 24 / Digibook S6993,""Leverantör"",""1005.50"",""1891.00"","".00"","".00"",""Audio Book : Extended distribution"",""71073.00"",""4917.67"","".00"","".00"","".00"","".00"","".00"","".00"","".00"","".00"",""0"",""0""";;
"6993,""2025-09-30"",""2025-07-01"",""FS545511"","".00"",""506.40"",""2432.70"",""59.40"",""13665.20"","".00"","".00"",""434.70"",""166.10"",""664.40"",""324.00"","" "",""Widerdal, Mikael"",""2"",""SEK"",""4.51"",""2.26"",""9789189539174"",""Stressa av"",""9789189539174 - Stressa av"", Media 24 / Digibook S6993,""Leverantör"",""1005.50"",""1891.00"","".00"","".00"",""Audio Book : Extended distribution"",""71073.00"",""4917.67"","".00"","".00"","".00"","".00"","".00"","".00"","".00"","".00"",""0"",""0""";;
"6993,""2025-09-30"",""2025-07-01"",""FS545511"","".00"",""506.40"",""2432.70"",""59.40"",""13665.20"","".00"","".00"",""434.70"",""166.10"",""664.40"",""324.00"","" "",""Widerdal, Mikael"",""2"",""SEK"",""4.55"",""2.28"",""9789189539006"",""Energikick & Självförtroende"",""9789189539006 - Energikick & Självförtroende"", Media 24 / Digibook S6993,""Leverantör"",""1005.50"",""1891.00"","".00"","".00"",""Audio Book : Extended distribution"",""71073.00"",""4917.67"","".00"","".00"","".00"","".00"","".00"","".00"","".00"","".00"",""0"",""0""";;
"6993,""2025-09-30"",""2025-07-01"",""FS545511"","".00"",""506.40"",""2432.70"",""59.40"",""13665.20"","".00"","".00"",""434.70"",""166.10"",""664.40"",""324.00"","" "",""Widerdal, Mikael"",""1"",""SEK"",""2.28"",""2.28"",""9789189539037"",""Hälsa och välmående "",""9789189539037 - Hälsa och välmående "", Media 24 / Digibook S6993,""Leverantör"",""1005.50"",""1891.00"","".00"","".00"",""Audio Book : Extended distribution"",""71073.00"",""4917.67"","".00"","".00"","".00"","".00"","".00"","".00"","".00"","".00"",""0"",""0""";;
"6993,""2025-09-30"",""2025-07-01"",""FS545511"","".00"",""506.40"",""2432.70"",""59.40"",""13665.20"","".00"","".00"",""434.70"",""166.10"",""664.40"",""324.00"","" "",""Widerdal, Mikael"",""1"",""SEK"",""2.29"",""2.29"",""9789189539068"",""Mental träning för dig som har tinnitus"",""9789189539068 - Mental träning för dig som har tinnitus"", Media 24 / Digibook S6993,""Leverantör"",""1005.50"",""1891.00"","".00"","".00"",""Audio Book : Extended distribution"",""71073.00"",""4917.67"","".00"","".00"","".00"","".00"","".00"","".00"","".00"","".00"",""0"",""0""";;
"6993,""2025-09-30"",""2025-07-01"",""FS545511"","".00"",""506.40"",""2432.70"",""59.40"",""13665.20"","".00"","".00"",""434.70"",""166.10"",""664.40"",""324.00"","" "",""Widerdal, Mikael"",""1"",""SEK"",""2.30"",""2.30"",""9789189539013"",""Ditt bästa jag : Nyckeln till ditt bästa jag genom mental träning"",""9789189539013 - Ditt bästa jag : Nyckeln till ditt bästa jag genom mental träning"", Media 24 / Digibook S6993,""Leverantör"",""1005.50"",""1891.00"","".00"","".00"",""Audio Book : Extended distribution"",""71073.00"",""4917.67"","".00"","".00"","".00"","".00"","".00"","".00"","".00"","".00"",""0"",""0""";;
"6993,""2025-09-30"",""2025-07-01"",""FS545511"","".00"",""506.40"",""2432.70"",""59.40"",""13665.20"","".00"","".00"",""434.70"",""166.10"",""664.40"",""324.00"","" "",""Widerdal, Mikael"",""2"",""SEK"",""4.59"",""2.30"",""9789189539051"",""Mental träning för dig som har reumatism"",""9789189539051 - Mental träning för dig som har reumatism"", Media 24 / Digibook S6993,""Leverantör"",""1005.50"",""1891.00"","".00"","".00"",""Audio Book : Extended distribution"",""71073.00"",""4917.67"","".00"","".00"","".00"","".00"","".00"","".00"","".00"","".00"",""0"",""0""";;
"6993,""2025-09-30"",""2025-07-01"",""FS545511"","".00"",""506.40"",""2432.70"",""59.40"",""13665.20"","".00"","".00"",""434.70"",""166.10"",""664.40"",""324.00"","" "",""Widerdal, Mikael"",""13"",""SEK"",""29.86"",""2.30"",""9789189539150"",""Bättre sömn"",""9789189539150 - Bättre sömn"", Media 24 / Digibook S6993,""Leverantör"",""1005.50"",""1891.00"","".00"","".00"",""Audio Book : Extended distribution"",""71073.00"",""4917.67"","".00"","".00"","".00"","".00"","".00"","".00"","".00"","".00"",""0"",""0""";;
"6993,""2025-09-30"",""2025-07-01"",""FS545511"","".00"",""506.40"",""2432.70"",""59.40"",""13665.20"","".00"","".00"",""434.70"",""166.10"",""664.40"",""324.00"","" "",""Widerdal, Mikael"",""2"",""SEK"",""4.60"",""2.30"",""9789189539174"",""Stressa av"",""9789189539174 - Stressa av"", Media 24 / Digibook S6993,""Leverantör"",""1005.50"",""1891.00"","".00"","".00"",""Audio Book : Extended distribution"",""71073.00"",""4917.67"","".00"","".00"","".00"","".00"","".00"","".00"","".00"","".00"",""0"",""0""";;
"6993,""2025-09-30"",""2025-07-01"",""FS545511"","".00"",""506.40"",""2432.70"",""59.40"",""13665.20"","".00"","".00"",""434.70"",""166.10"",""664.40"",""324.00"","" "",""Widerdal, Mikael"",""1"",""SEK"",""2.34"",""2.34"",""9789189539037"",""Hälsa och välmående "",""9789189539037 - Hälsa och välmående "", Media 24 / Digibook S6993,""Leverantör"",""1005.50"",""1891.00"","".00"","".00"",""Audio Book : Extended distribution"",""71073.00"",""4917.67"","".00"","".00"","".00"","".00"","".00"","".00"","".00"","".00"",""0"",""0""";;
"6993,""2025-09-30"",""2025-07-01"",""FS545511"","".00"",""506.40"",""2432.70"",""59.40"",""13665.20"","".00"","".00"",""434.70"",""166.10"",""664.40"",""324.00"","" "",""Widerdal, Mikael"",""4"",""SEK"",""9.44"",""2.36"",""9789189539051"",""Mental träning för dig som har reumatism"",""9789189539051 - Mental träning för dig som har reumatism"", Media 24 / Digibook S6993,""Leverantör"",""1005.50"",""1891.00"","".00"","".00"",""Audio Book : Extended distribution"",""71073.00"",""4917.67"","".00"","".00"","".00"","".00"","".00"","".00"","".00"","".00"",""0"",""0""";;
"6993,""2025-09-30"",""2025-07-01"",""FS545511"","".00"",""506.40"",""2432.70"",""59.40"",""13665.20"","".00"","".00"",""434.70"",""166.10"",""664.40"",""324.00"","" "",""Widerdal, Mikael"",""15"",""SEK"",""35.39"",""2.36"",""9789189539150"",""Bättre sömn"",""9789189539150 - Bättre sömn"", Media 24 / Digibook S6993,""Leverantör"",""1005.50"",""1891.00"","".00"","".00"",""Audio Book : Extended distribution"",""71073.00"",""4917.67"","".00"","".00"","".00"","".00"","".00"","".00"","".00"","".00"",""0"",""0""";;
"6993,""2025-09-30"",""2025-07-01"",""FS545511"","".00"",""506.40"",""2432.70"",""59.40"",""13665.20"","".00"","".00"",""434.70"",""166.10"",""664.40"",""324.00"","" "",""Widerdal, Mikael"",""1"",""SEK"",""2.37"",""2.37"",""9789189539174"",""Stressa av"",""9789189539174 - Stressa av"", Media 24 / Digibook S6993,""Leverantör"",""1005.50"",""1891.00"","".00"","".00"",""Audio Book : Extended distribution"",""71073.00"",""4917.67"","".00"","".00"","".00"","".00"","".00"","".00"","".00"","".00"",""0"",""0""";;
"6993,""2025-09-30"",""2025-07-01"",""FS545511"","".00"",""506.40"",""2432.70"",""59.40"",""13665.20"","".00"","".00"",""434.70"",""166.10"",""664.40"",""324.00"","" "",""Widerdal, Mikael"",""1"",""SEK"",""2.65"",""2.65"",""9789189539006"",""Energikick & Självförtroende"",""9789189539006 - Energikick & Självförtroende"", Media 24 / Digibook S6993,""Leverantör"",""1005.50"",""1891.00"","".00"","".00"",""Audio Book : Extended distribution"",""71073.00"",""4917.67"","".00"","".00"","".00"","".00"","".00"","".00"","".00"","".00"",""0"",""0""";;
"6993,""2025-09-30"",""2025-07-01"",""FS545511"","".00"",""506.40"",""2432.70"",""59.40"",""13665.20"","".00"","".00"",""434.70"",""166.10"",""664.40"",""324.00"","" "",""Widerdal, Mikael"",""1"",""SEK"",""2.66"",""2.66"",""9789189539013"",""Ditt bästa jag : Nyckeln till ditt bästa jag genom mental träning"",""9789189539013 - Ditt bästa jag : Nyckeln till ditt bästa jag genom mental träning"", Media 24 / Digibook S6993,""Leverantör"",""1005.50"",""1891.00"","".00"","".00"",""Audio Book : Extended distribution"",""71073.00"",""4917.67"","".00"","".00"","".00"","".00"","".00"","".00"","".00"","".00"",""0"",""0""";;
"6993,""2025-09-30"",""2025-07-01"",""FS545511"","".00"",""506.40"",""2432.70"",""59.40"",""13665.20"","".00"","".00"",""434.70"",""166.10"",""664.40"",""324.00"","" "",""Widerdal, Mikael"",""1"",""SEK"",""2.67"",""2.67"",""9789189539068"",""Mental träning för dig som har tinnitus"",""9789189539068 - Mental träning för dig som har tinnitus"", Media 24 / Digibook S6993,""Leverantör"",""1005.50"",""1891.00"","".00"","".00"",""Audio Book : Extended distribution"",""71073.00"",""4917.67"","".00"","".00"","".00"","".00"","".00"","".00"","".00"","".00"",""0"",""0""";;
"6993,""2025-09-30"",""2025-07-01"",""FS545511"","".00"",""506.40"",""2432.70"",""59.40"",""13665.20"","".00"","".00"",""434.70"",""166.10"",""664.40"",""324.00"","" "",""Widerdal, Mikael"",""1"",""SEK"",""2.67"",""2.67"",""9789189539150"",""Bättre sömn"",""9789189539150 - Bättre sömn"", Media 24 / Digibook S6993,""Leverantör"",""1005.50"",""1891.00"","".00"","".00"",""Audio Book : Extended distribution"",""71073.00"",""4917.67"","".00"","".00"","".00"","".00"","".00"","".00"","".00"","".00"",""0"",""0""";;
"6993,""2025-09-30"",""2025-07-01"",""FS545511"","".00"",""506.40"",""2432.70"",""59.40"",""13665.20"","".00"","".00"",""434.70"",""166.10"",""664.40"",""324.00"","" "",""Widerdal, Mikael"",""2"",""SEK"",""5.35"",""2.68"",""9789189539150"",""Bättre sömn"",""9789189539150 - Bättre sömn"", Media 24 / Digibook S6993,""Leverantör"",""1005.50"",""1891.00"","".00"","".00"",""Audio Book : Extended distribution"",""71073.00"",""4917.67"","".00"","".00"","".00"","".00"","".00"","".00"","".00"","".00"",""0"",""0""";;
"6993,""2025-09-30"",""2025-07-01"",""FS545511"","".00"",""506.40"",""2432.70"",""59.40"",""13665.20"","".00"","".00"",""434.70"",""166.10"",""664.40"",""324.00"","" "",""Widerdal, Mikael"",""1"",""SEK"",""2.70"",""2.70"",""9789189539006"",""Energikick & Självförtroende"",""9789189539006 - Energikick & Självförtroende"", Media 24 / Digibook S6993,""Leverantör"",""1005.50"",""1891.00"","".00"","".00"",""Audio Book : School Subscription"",""71073.00"",""4917.67"","".00"","".00"","".00"","".00"","".00"","".00"","".00"","".00"",""0"",""0""";;
"6993,""2025-09-30"",""2025-07-01"",""FS545511"","".00"",""506.40"",""2432.70"",""59.40"",""13665.20"","".00"","".00"",""434.70"",""166.10"",""664.40"",""324.00"","" "",""Widerdal, Mikael"",""1"",""SEK"",""2.70"",""2.70"",""9789189539013"",""Ditt bästa jag : Nyckeln till ditt bästa jag genom mental träning"",""9789189539013 - Ditt bästa jag : Nyckeln till ditt bästa jag genom mental träning"", Media 24 / Digibook S6993,""Leverantör"",""1005.50"",""1891.00"","".00"","".00"",""Audio Book : School Subscription"",""71073.00"",""4917.67"","".00"","".00"","".00"","".00"","".00"","".00"","".00"","".00"",""0"",""0""";;
"6993,""2025-09-30"",""2025-07-01"",""FS545511"","".00"",""506.40"",""2432.70"",""59.40"",""13665.20"","".00"","".00"",""434.70"",""166.10"",""664.40"",""324.00"","" "",""Widerdal, Mikael"",""1"",""SEK"",""2.70"",""2.70"",""9789189539037"",""Hälsa och välmående "",""9789189539037 - Hälsa och välmående "", Media 24 / Digibook S6993,""Leverantör"",""1005.50"",""1891.00"","".00"","".00"",""Audio Book : School Subscription"",""71073.00"",""4917.67"","".00"","".00"","".00"","".00"","".00"","".00"","".00"","".00"",""0"",""0""";;
"6993,""2025-09-30"",""2025-07-01"",""FS545511"","".00"",""506.40"",""2432.70"",""59.40"",""13665.20"","".00"","".00"",""434.70"",""166.10"",""664.40"",""324.00"","" "",""Widerdal, Mikael"",""1"",""SEK"",""2.70"",""2.70"",""9789189539044"",""Kreativitet och skaparkraft"",""9789189539044 - Kreativitet och skaparkraft"", Media 24 / Digibook S6993,""Leverantör"",""1005.50"",""1891.00"","".00"","".00"",""Audio Book : School Subscription"",""71073.00"",""4917.67"","".00"","".00"","".00"","".00"","".00"","".00"","".00"","".00"",""0"",""0""";;
"6993,""2025-09-30"",""2025-07-01"",""FS545511"","".00"",""506.40"",""2432.70"",""59.40"",""13665.20"","".00"","".00"",""434.70"",""166.10"",""664.40"",""324.00"","" "",""Widerdal, Mikael"",""1"",""SEK"",""2.70"",""2.70"",""9789189539051"",""Mental träning för dig som har reumatism"",""9789189539051 - Mental träning för dig som har reumatism"", Media 24 / Digibook S6993,""Leverantör"",""1005.50"",""1891.00"","".00"","".00"",""Audio Book : School Subscription"",""71073.00"",""4917.67"","".00"","".00"","".00"","".00"","".00"","".00"","".00"","".00"",""0"",""0""";;
"6993,""2025-09-30"",""2025-07-01"",""FS545511"","".00"",""506.40"",""2432.70"",""59.40"",""13665.20"","".00"","".00"",""434.70"",""166.10"",""664.40"",""324.00"","" "",""Widerdal, Mikael"",""1"",""SEK"",""2.70"",""2.70"",""9789189539068"",""Mental träning för dig som har tinnitus"",""9789189539068 - Mental träning för dig som har tinnitus"", Media 24 / Digibook S6993,""Leverantör"",""1005.50"",""1891.00"","".00"","".00"",""Audio Book : School Subscription"",""71073.00"",""4917.67"","".00"","".00"","".00"","".00"","".00"","".00"","".00"","".00"",""0"",""0""";;
"6993,""2025-09-30"",""2025-07-01"",""FS545511"","".00"",""506.40"",""2432.70"",""59.40"",""13665.20"","".00"","".00"",""434.70"",""166.10"",""664.40"",""324.00"","" "",""Widerdal, Mikael"",""1"",""SEK"",""2.70"",""2.70"",""9789189539099"",""Viktkontroll"",""9789189539099 - Viktkontroll"", Media 24 / Digibook S6993,""Leverantör"",""1005.50"",""1891.00"","".00"","".00"",""Audio Book : School Subscription"",""71073.00"",""4917.67"","".00"","".00"","".00"","".00"","".00"","".00"","".00"","".00"",""0"",""0""";;
"6993,""2025-09-30"",""2025-07-01"",""FS545511"","".00"",""506.40"",""2432.70"",""59.40"",""13665.20"","".00"","".00"",""434.70"",""166.10"",""664.40"",""324.00"","" "",""Widerdal, Mikael"",""1"",""SEK"",""2.70"",""2.70"",""9789189539105"",""WalkFriend Happiness"",""9789189539105 - WalkFriend Happiness"", Media 24 / Digibook S6993,""Leverantör"",""1005.50"",""1891.00"","".00"","".00"",""Audio Book : School Subscription"",""71073.00"",""4917.67"","".00"","".00"","".00"","".00"","".00"","".00"","".00"","".00"",""0"",""0""";;
"6993,""2025-09-30"",""2025-07-01"",""FS545511"","".00"",""506.40"",""2432.70"",""59.40"",""13665.20"","".00"","".00"",""434.70"",""166.10"",""664.40"",""324.00"","" "",""Widerdal, Mikael"",""1"",""SEK"",""2.70"",""2.70"",""9789189539150"",""Bättre sömn"",""9789189539150 - Bättre sömn"", Media 24 / Digibook S6993,""Leverantör"",""1005.50"",""1891.00"","".00"","".00"",""Audio Book : School Subscription"",""71073.00"",""4917.67"","".00"","".00"","".00"","".00"","".00"","".00"","".00"","".00"",""0"",""0""";;
"6993,""2025-09-30"",""2025-07-01"",""FS545511"","".00"",""506.40"",""2432.70"",""59.40"",""13665.20"","".00"","".00"",""434.70"",""166.10"",""664.40"",""324.00"","" "",""Widerdal, Mikael"",""1"",""SEK"",""2.70"",""2.70"",""9789189539167"",""God natt"",""9789189539167 - God natt"", Media 24 / Digibook S6993,""Leverantör"",""1005.50"",""1891.00"","".00"","".00"",""Audio Book : School Subscription"",""71073.00"",""4917.67"","".00"","".00"","".00"","".00"","".00"","".00"","".00"","".00"",""0"",""0""";;
"6993,""2025-09-30"",""2025-07-01"",""FS545511"","".00"",""506.40"",""2432.70"",""59.40"",""13665.20"","".00"","".00"",""434.70"",""166.10"",""664.40"",""324.00"","" "",""Widerdal, Mikael"",""1"",""SEK"",""2.70"",""2.70"",""9789189539174"",""Stressa av"",""9789189539174 - Stressa av"", Media 24 / Digibook S6993,""Leverantör"",""1005.50"",""1891.00"","".00"","".00"",""Audio Book : School Subscription"",""71073.00"",""4917.67"","".00"","".00"","".00"","".00"","".00"","".00"","".00"","".00"",""0"",""0""";;
"6993,""2025-09-30"",""2025-07-01"",""FS545511"","".00"",""506.40"",""2432.70"",""59.40"",""13665.20"","".00"","".00"",""434.70"",""166.10"",""664.40"",""324.00"","" "",""Widerdal, Mikael"",""1"",""SEK"",""2.70"",""2.70"",""9789189539181"",""Harmonisk graviditet"",""9789189539181 - Harmonisk graviditet"", Media 24 / Digibook S6993,""Leverantör"",""1005.50"",""1891.00"","".00"","".00"",""Audio Book : School Subscription"",""71073.00"",""4917.67"","".00"","".00"","".00"","".00"","".00"","".00"","".00"","".00"",""0"",""0""";;
"6993,""2025-09-30"",""2025-07-01"",""FS545511"","".00"",""506.40"",""2432.70"",""59.40"",""13665.20"","".00"","".00"",""434.70"",""166.10"",""664.40"",""324.00"","" "",""Widerdal, Mikael"",""1"",""SEK"",""4.50"",""4.50"",""9789189539099"",""Viktkontroll"",""9789189539099 - Viktkontroll"", Media 24 / Digibook S6993,""Leverantör"",""1005.50"",""1891.00"","".00"","".00"",""Audio Book : Extended distribution"",""71073.00"",""4917.67"","".00"","".00"","".00"","".00"","".00"","".00"","".00"","".00"",""0"",""0""";;
"6993,""2025-09-30"",""2025-07-01"",""FS545511"","".00"",""506.40"",""2432.70"",""59.40"",""13665.20"","".00"","".00"",""434.70"",""166.10"",""664.40"",""324.00"","" "",""Widerdal, Mikael"",""2"",""SEK"",""10.70"",""5.35"",""9789189539099"",""Viktkontroll"",""9789189539099 - Viktkontroll"", Media 24 / Digibook S6993,""Leverantör"",""1005.50"",""1891.00"","".00"","".00"",""Audio Book : Extended distribution"",""71073.00"",""4917.67"","".00"","".00"","".00"","".00"","".00"","".00"","".00"","".00"",""0"",""0""";;
"6993,""2025-09-30"",""2025-07-01"",""FS545511"","".00"",""506.40"",""2432.70"",""59.40"",""13665.20"","".00"","".00"",""434.70"",""166.10"",""664.40"",""324.00"","" "",""Widerdal, Mikael"",""1"",""SEK"",""6.00"",""6.00"",""9789189539150"",""Bättre sömn"",""9789189539150 - Bättre sömn"", Media 24 / Digibook S6993,""Leverantör"",""1005.50"",""1891.00"","".00"","".00"",""Audio Book : Agregated"",""71073.00"",""4917.67"","".00"","".00"","".00"","".00"","".00"","".00"","".00"","".00"",""0"",""0""";;
"6993,""2025-09-30"",""2025-07-01"",""FS545511"","".00"",""506.40"",""2432.70"",""59.40"",""13665.20"","".00"","".00"",""434.70"",""166.10"",""664.40"",""324.00"","" "",""Widerdal, Mikael"",""1"",""SEK"",""8.00"",""8.00"",""9789189539013"",""Ditt bästa jag : Nyckeln till ditt bästa jag genom mental träning"",""9789189539013 - Ditt bästa jag : Nyckeln till ditt bästa jag genom mental träning"", Media 24 / Digibook S6993,""Leverantör"",""1005.50"",""1891.00"","".00"","".00"",""Audio Book : Access Loan"",""71073.00"",""4917.67"","".00"","".00"","".00"","".00"","".00"","".00"","".00"","".00"",""0"",""0""";;
"6993,""2025-09-30"",""2025-07-01"",""FS545511"","".00"",""506.40"",""2432.70"",""59.40"",""13665.20"","".00"","".00"",""434.70"",""166.10"",""664.40"",""324.00"","" "",""Widerdal, Mikael"",""1"",""SEK"",""76.50"",""76.50"",""9789189539006"",""Energikick & Självförtroende"",""9789189539006 - Energikick & Självförtroende"", Media 24 / Digibook S6993,""Leverantör"",""1005.50"",""1891.00"","".00"","".00"",""Audio Book : Buy"",""71073.00"",""4917.67"","".00"","".00"","".00"","".00"","".00"","".00"","".00"","".00"",""0"",""0""";;
"6993,""2025-09-30"",""2025-07-01"",""FS545511"","".00"",""506.40"",""2432.70"",""59.40"",""13665.20"","".00"","".00"",""434.70"",""166.10"",""664.40"",""324.00"","" "",""Widerdal, Mikael"",""1"",""SEK"",""76.50"",""76.50"",""9789189539037"",""Hälsa och välmående "",""9789189539037 - Hälsa och välmående "", Media 24 / Digibook S6993,""Leverantör"",""1005.50"",""1891.00"","".00"","".00"",""Audio Book : Buy"",""71073.00"",""4917.67"","".00"","".00"","".00"","".00"","".00"","".00"","".00"","".00"",""0"",""0""";;
"6993,""2025-09-30"",""2025-07-01"",""FS545511"","".00"",""506.40"",""2432.70"",""59.40"",""13665.20"","".00"","".00"",""434.70"",""166.10"",""664.40"",""324.00"","" "",""Widerdal, Mikael"",""1"",""SEK"",""76.50"",""76.50"",""9789189539044"",""Kreativitet och skaparkraft"",""9789189539044 - Kreativitet och skaparkraft"", Media 24 / Digibook S6993,""Leverantör"",""1005.50"",""1891.00"","".00"","".00"",""Audio Book : Buy"",""71073.00"",""4917.67"","".00"","".00"","".00"","".00"","".00"","".00"","".00"","".00"",""0"",""0""";;
"6993,""2025-09-30"",""2025-07-01"",""FS545511"","".00"",""506.40"",""2432.70"",""59.40"",""13665.20"","".00"","".00"",""434.70"",""166.10"",""664.40"",""324.00"","" "",""Widerdal, Mikael"",""1"",""SEK"",""76.50"",""76.50"",""9789189539068"",""Mental träning för dig som har tinnitus"",""9789189539068 - Mental träning för dig som har tinnitus"", Media 24 / Digibook S6993,""Leverantör"",""1005.50"",""1891.00"","".00"","".00"",""Audio Book : Buy"",""71073.00"",""4917.67"","".00"","".00"","".00"","".00"","".00"","".00"","".00"","".00"",""0"",""0""";;
"6993,""2025-09-30"",""2025-07-01"",""FS545511"","".00"",""506.40"",""2432.70"",""59.40"",""13665.20"","".00"","".00"",""434.70"",""166.10"",""664.40"",""324.00"","" "",""Wigers, Kjell"",""1"",""SEK"",""2.70"",""2.70"",""9789189539273"",""Chile - 50 år senare"",""9789189539273 - Chile - 50 år senare"", Media 24 / Digibook S6993,""Leverantör"",""1005.50"",""1891.00"","".00"","".00"",""Ebook : School Subscription"",""71073.00"",""4917.67"","".00"","".00"","".00"","".00"","".00"","".00"","".00"","".00"",""0"",""0""";;
"6993,""2025-09-30"",""2025-07-01"",""FS545511"","".00"",""506.40"",""2432.70"",""59.40"",""13665.20"","".00"","".00"",""434.70"",""166.10"",""664.40"",""324.00"","" "",""Wigers, Kjell"",""1"",""SEK"",""2.70"",""2.70"",""9789189539310"",""Kangaroo - en annorlunda historia"",""9789189539310 - Kangaroo - en annorlunda historia"", Media 24 / Digibook S6993,""Leverantör"",""1005.50"",""1891.00"","".00"","".00"",""Ebook : School Subscription"",""71073.00"",""4917.67"","".00"","".00"","".00"","".00"","".00"","".00"","".00"","".00"",""0"",""0""";;
"6993,""2025-09-30"",""2025-07-01"",""FS545511"","".00"",""506.40"",""2432.70"",""59.40"",""13665.20"","".00"","".00"",""434.70"",""166.10"",""664.40"",""324.00"","" "",""Wigers, Kjell"",""1"",""SEK"",""12.57"",""12.57"",""9789189539273"",""Chile - 50 år senare"",""9789189539273 - Chile - 50 år senare"", Media 24 / Digibook S6993,""Leverantör"",""1005.50"",""1891.00"","".00"","".00"",""Ebook : Extended distribution"",""71073.00"",""4917.67"","".00"","".00"","".00"","".00"","".00"","".00"","".00"","".00"",""0"",""0""";;
"6993,""2025-09-30"",""2025-07-01"",""FS545511"","".00"",""506.40"",""2432.70"",""59.40"",""13665.20"","".00"","".00"",""434.70"",""166.10"",""664.40"",""324.00"","" "",""Wike, P-C"",""9"",""SEK"",""136.80"",""15.20"",""9789190071243"",""Pepper"",""9789190071243 - Pepper"", Media 24 / Digibook S6993,""Leverantör"",""1005.50"",""1891.00"","".00"","".00"",""Audio Book : Access Loan"",""71073.00"",""4917.67"","".00"","".00"","".00"","".00"","".00"","".00"","".00"","".00"",""0"",""0""";;
"6993,""2025-09-30"",""2025-07-01"",""FS545511"","".00"",""506.40"",""2432.70"",""59.40"",""13665.20"","".00"","".00"",""434.70"",""166.10"",""664.40"",""324.00"","" "",""Wike, P-C"",""10"",""SEK"",""194.59"",""19.46"",""9789190071243"",""Pepper"",""9789190071243 - Pepper"", Media 24 / Digibook S6993,""Leverantör"",""1005.50"",""1891.00"","".00"","".00"",""Audio Book : Extended distribution"",""71073.00"",""4917.67"","".00"","".00"","".00"","".00"","".00"","".00"","".00"","".00"",""0"",""0""";;
"6993,""2025-09-30"",""2025-07-01"",""FS545511"","".00"",""506.40"",""2432.70"",""59.40"",""13665.20"","".00"","".00"",""434.70"",""166.10"",""664.40"",""324.00"","" "",""Wike, P-C"",""3"",""SEK"",""61.17"",""20.39"",""9789190071243"",""Pepper"",""9789190071243 - Pepper"", Media 24 / Digibook S6993,""Leverantör"",""1005.50"",""1891.00"","".00"","".00"",""Audio Book : Extended distribution"",""71073.00"",""4917.67"","".00"","".00"","".00"","".00"","".00"","".00"","".00"","".00"",""0"",""0""";;
"6993,""2025-09-30"",""2025-07-01"",""FS545511"","".00"",""506.40"",""2432.70"",""59.40"",""13665.20"","".00"","".00"",""434.70"",""166.10"",""664.40"",""324.00"","" "",""Wästlund, Holger"",""1"",""SEK"",""2.70"",""2.70"",""9789189739185"",""AI för mindre företag"",""9789189739185 - AI för mindre företag"", Media 24 / Digibook S6993,""Leverantör"",""1005.50"",""1891.00"","".00"","".00"",""Audio Book : School Subscription"",""71073.00"",""4917.67"","".00"","".00"","".00"","".00"","".00"","".00"","".00"","".00"",""0"",""0""";;
"6993,""2025-09-30"",""2025-07-01"",""FS545511"","".00"",""506.40"",""2432.70"",""59.40"",""13665.20"","".00"","".00"",""434.70"",""166.10"",""664.40"",""324.00"","" "",""Wästlund, Holger"",""1"",""SEK"",""2.70"",""2.70"",""9789189739666"",""25 sätt att tjäna pengar när du sover – så skaffar du dig passiva inkomster"",""9789189739666 - 25 sätt att tjäna pengar när du sover – så skaffar du dig passiva inkomster"", Media 24 / Digibook S6993,""Leverantör"",""1005.50"",""1891.00"","".00"","".00"",""Audio Book : School Subscription"",""71073.00"",""4917.67"","".00"","".00"","".00"","".00"","".00"","".00"","".00"","".00"",""0"",""0""";;
"6993,""2025-09-30"",""2025-07-01"",""FS545511"","".00"",""506.40"",""2432.70"",""59.40"",""13665.20"","".00"","".00"",""434.70"",""166.10"",""664.40"",""324.00"","" "",""Wästlund, Holger"",""4"",""SEK"",""18.32"",""4.58"",""9789189739185"",""AI för mindre företag"",""9789189739185 - AI för mindre företag"", Media 24 / Digibook S6993,""Leverantör"",""1005.50"",""1891.00"","".00"","".00"",""Audio Book : Extended distribution"",""71073.00"",""4917.67"","".00"","".00"","".00"","".00"","".00"","".00"","".00"","".00"",""0"",""0""";;
"6993,""2025-09-30"",""2025-07-01"",""FS545511"","".00"",""506.40"",""2432.70"",""59.40"",""13665.20"","".00"","".00"",""434.70"",""166.10"",""664.40"",""324.00"","" "",""Wästlund, Holger"",""2"",""SEK"",""9.25"",""4.63"",""9789189739185"",""AI för mindre företag"",""9789189739185 - AI för mindre företag"", Media 24 / Digibook S6993,""Leverantör"",""1005.50"",""1891.00"","".00"","".00"",""Audio Book : Extended distribution"",""71073.00"",""4917.67"","".00"","".00"","".00"","".00"","".00"","".00"","".00"","".00"",""0"",""0""";;
"6993,""2025-09-30"",""2025-07-01"",""FS545511"","".00"",""506.40"",""2432.70"",""59.40"",""13665.20"","".00"","".00"",""434.70"",""166.10"",""664.40"",""324.00"","" "",""Wästlund, Holger"",""3"",""SEK"",""14.16"",""4.72"",""9789189739185"",""AI för mindre företag"",""9789189739185 - AI för mindre företag"", Media 24 / Digibook S6993,""Leverantör"",""1005.50"",""1891.00"","".00"","".00"",""Audio Book : Extended distribution"",""71073.00"",""4917.67"","".00"","".00"","".00"","".00"","".00"","".00"","".00"","".00"",""0"",""0""";;
"6993,""2025-09-30"",""2025-07-01"",""FS545511"","".00"",""506.40"",""2432.70"",""59.40"",""13665.20"","".00"","".00"",""434.70"",""166.10"",""664.40"",""324.00"","" "",""Wästlund, Holger"",""3"",""SEK"",""14.54"",""4.85"",""9789189739185"",""AI för mindre företag"",""9789189739185 - AI för mindre företag"", Media 24 / Digibook S6993,""Leverantör"",""1005.50"",""1891.00"","".00"","".00"",""Audio Book : Extended distribution"",""71073.00"",""4917.67"","".00"","".00"","".00"","".00"","".00"","".00"","".00"","".00"",""0"",""0""";;
"6993,""2025-09-30"",""2025-07-01"",""FS545511"","".00"",""506.40"",""2432.70"",""59.40"",""13665.20"","".00"","".00"",""434.70"",""166.10"",""664.40"",""324.00"","" "",""Wästlund, Holger"",""6"",""SEK"",""31.38"",""5.23"",""9789189739666"",""25 sätt att tjäna pengar när du sover – så skaffar du dig passiva inkomster"",""9789189739666 - 25 sätt att tjäna pengar när du sover – så skaffar du dig passiva inkomster"", Media 24 / Digibook S6993,""Leverantör"",""1005.50"",""1891.00"","".00"","".00"",""Audio Book : Extended distribution"",""71073.00"",""4917.67"","".00"","".00"","".00"","".00"","".00"","".00"","".00"","".00"",""0"",""0""";;
"6993,""2025-09-30"",""2025-07-01"",""FS545511"","".00"",""506.40"",""2432.70"",""59.40"",""13665.20"","".00"","".00"",""434.70"",""166.10"",""664.40"",""324.00"","" "",""Wästlund, Holger"",""6"",""SEK"",""31.71"",""5.29"",""9789189739666"",""25 sätt att tjäna pengar när du sover – så skaffar du dig passiva inkomster"",""9789189739666 - 25 sätt att tjäna pengar när du sover – så skaffar du dig passiva inkomster"", Media 24 / Digibook S6993,""Leverantör"",""1005.50"",""1891.00"","".00"","".00"",""Audio Book : Extended distribution"",""71073.00"",""4917.67"","".00"","".00"","".00"","".00"","".00"","".00"","".00"","".00"",""0"",""0""";;
"6993,""2025-09-30"",""2025-07-01"",""FS545511"","".00"",""506.40"",""2432.70"",""59.40"",""13665.20"","".00"","".00"",""434.70"",""166.10"",""664.40"",""324.00"","" "",""Wästlund, Holger"",""1"",""SEK"",""5.39"",""5.39"",""9789189739666"",""25 sätt att tjäna pengar när du sover – så skaffar du dig passiva inkomster"",""9789189739666 - 25 sätt att tjäna pengar när du sover – så skaffar du dig passiva inkomster"", Media 24 / Digibook S6993,""Leverantör"",""1005.50"",""1891.00"","".00"","".00"",""Audio Book : Extended distribution"",""71073.00"",""4917.67"","".00"","".00"","".00"","".00"","".00"","".00"","".00"","".00"",""0"",""0""";;
"6993,""2025-09-30"",""2025-07-01"",""FS545511"","".00"",""506.40"",""2432.70"",""59.40"",""13665.20"","".00"","".00"",""434.70"",""166.10"",""664.40"",""324.00"","" "",""Wästlund, Holger"",""1"",""SEK"",""5.49"",""5.49"",""9789189739185"",""AI för mindre företag"",""9789189739185 - AI för mindre företag"", Media 24 / Digibook S6993,""Leverantör"",""1005.50"",""1891.00"","".00"","".00"",""Audio Book : Extended distribution"",""71073.00"",""4917.67"","".00"","".00"","".00"","".00"","".00"","".00"","".00"","".00"",""0"",""0""";;
"6993,""2025-09-30"",""2025-07-01"",""FS545511"","".00"",""506.40"",""2432.70"",""59.40"",""13665.20"","".00"","".00"",""434.70"",""166.10"",""664.40"",""324.00"","" "",""Wästlund, Holger"",""2"",""SEK"",""11.08"",""5.54"",""9789189739666"",""25 sätt att tjäna pengar när du sover – så skaffar du dig passiva inkomster"",""9789189739666 - 25 sätt att tjäna pengar när du sover – så skaffar du dig passiva inkomster"", Media 24 / Digibook S6993,""Leverantör"",""1005.50"",""1891.00"","".00"","".00"",""Audio Book : Extended distribution"",""71073.00"",""4917.67"","".00"","".00"","".00"","".00"","".00"","".00"","".00"","".00"",""0"",""0""";;
"6993,""2025-09-30"",""2025-07-01"",""FS545511"","".00"",""506.40"",""2432.70"",""59.40"",""13665.20"","".00"","".00"",""434.70"",""166.10"",""664.40"",""324.00"","" "",""Wästlund, Holger"",""4"",""SEK"",""25.09"",""6.27"",""9789189739666"",""25 sätt att tjäna pengar när du sover – så skaffar du dig passiva inkomster"",""9789189739666 - 25 sätt att tjäna pengar när du sover – så skaffar du dig passiva inkomster"", Media 24 / Digibook S6993,""Leverantör"",""1005.50"",""1891.00"","".00"","".00"",""Audio Book : Extended distribution"",""71073.00"",""4917.67"","".00"","".00"","".00"","".00"","".00"","".00"","".00"","".00"",""0"",""0""";;
"6993,""2025-09-30"",""2025-07-01"",""FS545511"","".00"",""506.40"",""2432.70"",""59.40"",""13665.20"","".00"","".00"",""434.70"",""166.10"",""664.40"",""324.00"","" "",""Wästlund, Holger"",""2"",""SEK"",""12.55"",""6.28"",""9789189739666"",""25 sätt att tjäna pengar när du sover – så skaffar du dig passiva inkomster"",""9789189739666 - 25 sätt att tjäna pengar när du sover – så skaffar du dig passiva inkomster"", Media 24 / Digibook S6993,""Leverantör"",""1005.50"",""1891.00"","".00"","".00"",""Audio Book : Extended distribution"",""71073.00"",""4917.67"","".00"","".00"","".00"","".00"","".00"","".00"","".00"","".00"",""0"",""0""";;
"6993,""2025-09-30"",""2025-07-01"",""FS545511"","".00"",""506.40"",""2432.70"",""59.40"",""13665.20"","".00"","".00"",""434.70"",""166.10"",""664.40"",""324.00"","" "",""Ying, Ann"",""2"",""SEK"","".43"","".22"",""9789189857742"",""Linneas magiska frisyrer"",""9789189857742 - Linneas magiska frisyrer"", Media 24 / Digibook S6993,""Leverantör"",""1005.50"",""1891.00"","".00"","".00"",""Ebook : Extended distribution"",""71073.00"",""4917.67"","".00"","".00"","".00"","".00"","".00"","".00"","".00"","".00"",""0"",""0""";;
"6993,""2025-09-30"",""2025-07-01"",""FS545511"","".00"",""506.40"",""2432.70"",""59.40"",""13665.20"","".00"","".00"",""434.70"",""166.10"",""664.40"",""324.00"","" "",""Ying, Ann"",""1"",""SEK"","".30"","".30"",""9789189857742"",""Linneas magiska frisyrer"",""9789189857742 - Linneas magiska frisyrer"", Media 24 / Digibook S6993,""Leverantör"",""1005.50"",""1891.00"","".00"","".00"",""Ebook : Extended distribution"",""71073.00"",""4917.67"","".00"","".00"","".00"","".00"","".00"","".00"","".00"","".00"",""0"",""0""";;
"6993,""2025-09-30"",""2025-07-01"",""FS545511"","".00"",""506.40"",""2432.70"",""59.40"",""13665.20"","".00"","".00"",""434.70"",""166.10"",""664.40"",""324.00"","" "",""Ying, Ann"",""1"",""SEK"","".45"","".45"",""9789189857742"",""Linneas magiska frisyrer"",""9789189857742 - Linneas magiska frisyrer"", Media 24 / Digibook S6993,""Leverantör"",""1005.50"",""1891.00"","".00"","".00"",""Ebook : Extended distribution"",""71073.00"",""4917.67"","".00"","".00"","".00"","".00"","".00"","".00"","".00"","".00"",""0"",""0""";;
"6993,""2025-09-30"",""2025-07-01"",""FS545511"","".00"",""506.40"",""2432.70"",""59.40"",""13665.20"","".00"","".00"",""434.70"",""166.10"",""664.40"",""324.00"","" "",""Ying, Ann"",""1"",""SEK"","".48"","".48"",""9789189857834"",""Mysteriet med krabbans prickar"",""9789189857834 - Mysteriet med krabbans prickar"", Media 24 / Digibook S6993,""Leverantör"",""1005.50"",""1891.00"","".00"","".00"",""Ebook : Extended distribution"",""71073.00"",""4917.67"","".00"","".00"","".00"","".00"","".00"","".00"","".00"","".00"",""0"",""0""";;
"6993,""2025-09-30"",""2025-07-01"",""FS545511"","".00"",""506.40"",""2432.70"",""59.40"",""13665.20"","".00"","".00"",""434.70"",""166.10"",""664.40"",""324.00"","" "",""Zabihi, Thomas"",""1"",""SEK"",""2.70"",""2.70"",""9789189739659"",""Become a digital superstar, 12 step formula"",""9789189739659 - Become a digital superstar, 12 step formula"", Media 24 / Digibook S6993,""Leverantör"",""1005.50"",""1891.00"","".00"","".00"",""Ebook : School Subscription"",""71073.00"",""4917.67"","".00"","".00"","".00"","".00"","".00"","".00"","".00"","".00"",""0"",""0""";;
"6993,""2025-09-30"",""2025-07-01"",""FS545511"","".00"",""506.40"",""2432.70"",""59.40"",""13665.20"","".00"","".00"",""434.70"",""166.10"",""664.40"",""324.00"","" "",""di Polo, Piona"",""3"",""SEK"",""1.31"","".44"",""9789189739246"",""Junis våta drömmar - Japansk massage"",""9789189739246 - Junis våta drömmar - Japansk massage"", Media 24 / Digibook S6993,""Leverantör"",""1005.50"",""1891.00"","".00"","".00"",""Ebook : Extended distribution"",""71073.00"",""4917.67"","".00"","".00"","".00"","".00"","".00"","".00"","".00"","".00"",""0"",""0""";;
"6993,""2025-09-30"",""2025-07-01"",""FS545511"","".00"",""506.40"",""2432.70"",""59.40"",""13665.20"","".00"","".00"",""434.70"",""166.10"",""664.40"",""324.00"","" "",""di Polo, Piona"",""5"",""SEK"",""2.23"","".45"",""9789189739246"",""Junis våta drömmar - Japansk massage"",""9789189739246 - Junis våta drömmar - Japansk massage"", Media 24 / Digibook S6993,""Leverantör"",""1005.50"",""1891.00"","".00"","".00"",""Ebook : Extended distribution"",""71073.00"",""4917.67"","".00"","".00"","".00"","".00"","".00"","".00"","".00"","".00"",""0"",""0""";;
"6993,""2025-09-30"",""2025-07-01"",""FS545511"","".00"",""506.40"",""2432.70"",""59.40"",""13665.20"","".00"","".00"",""434.70"",""166.10"",""664.40"",""324.00"","" "",""di Polo, Piona"",""2"",""SEK"","".90"","".45"",""9789189739598"",""Junis våta drömmar - Japansk repkonst"",""9789189739598 - Junis våta drömmar - Japansk repkonst"", Media 24 / Digibook S6993,""Leverantör"",""1005.50"",""1891.00"","".00"","".00"",""Ebook : Extended distribution"",""71073.00"",""4917.67"","".00"","".00"","".00"","".00"","".00"","".00"","".00"","".00"",""0"",""0""";;
"6993,""2025-09-30"",""2025-07-01"",""FS545511"","".00"",""506.40"",""2432.70"",""59.40"",""13665.20"","".00"","".00"",""434.70"",""166.10"",""664.40"",""324.00"","" "",""di Polo, Piona"",""8"",""SEK"",""3.67"","".46"",""9789189739246"",""Junis våta drömmar - Japansk massage"",""9789189739246 - Junis våta drömmar - Japansk massage"", Media 24 / Digibook S6993,""Leverantör"",""1005.50"",""1891.00"","".00"","".00"",""Ebook : Extended distribution"",""71073.00"",""4917.67"","".00"","".00"","".00"","".00"","".00"","".00"","".00"","".00"",""0"",""0""";;
"6993,""2025-09-30"",""2025-07-01"",""FS545511"","".00"",""506.40"",""2432.70"",""59.40"",""13665.20"","".00"","".00"",""434.70"",""166.10"",""664.40"",""324.00"","" "",""di Polo, Piona"",""2"",""SEK"","".92"","".46"",""9789189739598"",""Junis våta drömmar - Japansk repkonst"",""9789189739598 - Junis våta drömmar - Japansk repkonst"", Media 24 / Digibook S6993,""Leverantör"",""1005.50"",""1891.00"","".00"","".00"",""Ebook : Extended distribution"",""71073.00"",""4917.67"","".00"","".00"","".00"","".00"","".00"","".00"","".00"","".00"",""0"",""0""";;
"6993,""2025-09-30"",""2025-07-01"",""FS545511"","".00"",""506.40"",""2432.70"",""59.40"",""13665.20"","".00"","".00"",""434.70"",""166.10"",""664.40"",""324.00"","" "",""di Polo, Piona"",""3"",""SEK"",""1.42"","".47"",""9789189739598"",""Junis våta drömmar - Japansk repkonst"",""9789189739598 - Junis våta drömmar - Japansk repkonst"", Media 24 / Digibook S6993,""Leverantör"",""1005.50"",""1891.00"","".00"","".00"",""Ebook : Extended distribution"",""71073.00"",""4917.67"","".00"","".00"","".00"","".00"","".00"","".00"","".00"","".00"",""0"",""0""";;
"6993,""2025-09-30"",""2025-07-01"",""FS545511"","".00"",""506.40"",""2432.70"",""59.40"",""13665.20"","".00"","".00"",""434.70"",""166.10"",""664.40"",""324.00"","" "",""di Polo, Piona"",""3"",""SEK"",""1.46"","".49"",""9789189739222"",""Junis våta drömmar - Arkiv 22"",""9789189739222 - Junis våta drömmar - Arkiv 22"", Media 24 / Digibook S6993,""Leverantör"",""1005.50"",""1891.00"","".00"","".00"",""Ebook : Extended distribution"",""71073.00"",""4917.67"","".00"","".00"","".00"","".00"","".00"","".00"","".00"","".00"",""0"",""0""";;
"6993,""2025-09-30"",""2025-07-01"",""FS545511"","".00"",""506.40"",""2432.70"",""59.40"",""13665.20"","".00"","".00"",""434.70"",""166.10"",""664.40"",""324.00"","" "",""di Polo, Piona"",""5"",""SEK"",""2.60"","".52"",""9789189739222"",""Junis våta drömmar - Arkiv 22"",""9789189739222 - Junis våta drömmar - Arkiv 22"", Media 24 / Digibook S6993,""Leverantör"",""1005.50"",""1891.00"","".00"","".00"",""Ebook : Extended distribution"",""71073.00"",""4917.67"","".00"","".00"","".00"","".00"","".00"","".00"","".00"","".00"",""0"",""0""";;
"6993,""2025-09-30"",""2025-07-01"",""FS545511"","".00"",""506.40"",""2432.70"",""59.40"",""13665.20"","".00"","".00"",""434.70"",""166.10"",""664.40"",""324.00"","" "",""di Polo, Piona"",""5"",""SEK"",""2.65"","".53"",""9789189739222"",""Junis våta drömmar - Arkiv 22"",""9789189739222 - Junis våta drömmar - Arkiv 22"", Media 24 / Digibook S6993,""Leverantör"",""1005.50"",""1891.00"","".00"","".00"",""Ebook : Extended distribution"",""71073.00"",""4917.67"","".00"","".00"","".00"","".00"","".00"","".00"","".00"","".00"",""0"",""0""";;
"6993,""2025-09-30"",""2025-07-01"",""FS545511"","".00"",""506.40"",""2432.70"",""59.40"",""13665.20"","".00"","".00"",""434.70"",""166.10"",""664.40"",""324.00"","" "",""di Polo, Piona"",""3"",""SEK"",""1.63"","".54"",""9789189739253"",""Junis våta drömmar - Sessionen"",""9789189739253 - Junis våta drömmar - Sessionen"", Media 24 / Digibook S6993,""Leverantör"",""1005.50"",""1891.00"","".00"","".00"",""Ebook : Extended distribution"",""71073.00"",""4917.67"","".00"","".00"","".00"","".00"","".00"","".00"","".00"","".00"",""0"",""0""";;
"6993,""2025-09-30"",""2025-07-01"",""FS545511"","".00"",""506.40"",""2432.70"",""59.40"",""13665.20"","".00"","".00"",""434.70"",""166.10"",""664.40"",""324.00"","" "",""di Polo, Piona"",""4"",""SEK"",""2.14"","".54"",""9789189739260"",""Junis våta drömmar - Växthuset"",""9789189739260 - Junis våta drömmar - Växthuset"", Media 24 / Digibook S6993,""Leverantör"",""1005.50"",""1891.00"","".00"","".00"",""Ebook : Extended distribution"",""71073.00"",""4917.67"","".00"","".00"","".00"","".00"","".00"","".00"","".00"","".00"",""0"",""0""";;
"6993,""2025-09-30"",""2025-07-01"",""FS545511"","".00"",""506.40"",""2432.70"",""59.40"",""13665.20"","".00"","".00"",""434.70"",""166.10"",""664.40"",""324.00"","" "",""di Polo, Piona"",""5"",""SEK"",""2.73"","".55"",""9789189739222"",""Junis våta drömmar - Arkiv 22"",""9789189739222 - Junis våta drömmar - Arkiv 22"", Media 24 / Digibook S6993,""Leverantör"",""1005.50"",""1891.00"","".00"","".00"",""Ebook : Extended distribution"",""71073.00"",""4917.67"","".00"","".00"","".00"","".00"","".00"","".00"","".00"","".00"",""0"",""0""";;
"6993,""2025-09-30"",""2025-07-01"",""FS545511"","".00"",""506.40"",""2432.70"",""59.40"",""13665.20"","".00"","".00"",""434.70"",""166.10"",""664.40"",""324.00"","" "",""di Polo, Piona"",""1"",""SEK"","".55"","".55"",""9789189739239"",""Junis våta drömmar - Bibliotekarien"",""9789189739239 - Junis våta drömmar - Bibliotekarien"", Media 24 / Digibook S6993,""Leverantör"",""1005.50"",""1891.00"","".00"","".00"",""Ebook : Extended distribution"",""71073.00"",""4917.67"","".00"","".00"","".00"","".00"","".00"","".00"","".00"","".00"",""0"",""0""";;
"6993,""2025-09-30"",""2025-07-01"",""FS545511"","".00"",""506.40"",""2432.70"",""59.40"",""13665.20"","".00"","".00"",""434.70"",""166.10"",""664.40"",""324.00"","" "",""di Polo, Piona"",""5"",""SEK"",""2.74"","".55"",""9789189739260"",""Junis våta drömmar - Växthuset"",""9789189739260 - Junis våta drömmar - Växthuset"", Media 24 / Digibook S6993,""Leverantör"",""1005.50"",""1891.00"","".00"","".00"",""Ebook : Extended distribution"",""71073.00"",""4917.67"","".00"","".00"","".00"","".00"","".00"","".00"","".00"","".00"",""0"",""0""";;
"6993,""2025-09-30"",""2025-07-01"",""FS545511"","".00"",""506.40"",""2432.70"",""59.40"",""13665.20"","".00"","".00"",""434.70"",""166.10"",""664.40"",""324.00"","" "",""di Polo, Piona"",""8"",""SEK"",""4.49"","".56"",""9789189739260"",""Junis våta drömmar - Växthuset"",""9789189739260 - Junis våta drömmar - Växthuset"", Media 24 / Digibook S6993,""Leverantör"",""1005.50"",""1891.00"","".00"","".00"",""Ebook : Extended distribution"",""71073.00"",""4917.67"","".00"","".00"","".00"","".00"","".00"","".00"","".00"","".00"",""0"",""0""";;
"6993,""2025-09-30"",""2025-07-01"",""FS545511"","".00"",""506.40"",""2432.70"",""59.40"",""13665.20"","".00"","".00"",""434.70"",""166.10"",""664.40"",""324.00"","" "",""di Polo, Piona"",""3"",""SEK"",""1.69"","".56"",""9789189739406"",""Junis våta drömmar - Vendela & Sofie"",""9789189739406 - Junis våta drömmar - Vendela & Sofie"", Media 24 / Digibook S6993,""Leverantör"",""1005.50"",""1891.00"","".00"","".00"",""Ebook : Extended distribution"",""71073.00"",""4917.67"","".00"","".00"","".00"","".00"","".00"","".00"","".00"","".00"",""0"",""0""";;
"6993,""2025-09-30"",""2025-07-01"",""FS545511"","".00"",""506.40"",""2432.70"",""59.40"",""13665.20"","".00"","".00"",""434.70"",""166.10"",""664.40"",""324.00"","" "",""di Polo, Piona"",""4"",""SEK"",""2.28"","".57"",""9789189739253"",""Junis våta drömmar - Sessionen"",""9789189739253 - Junis våta drömmar - Sessionen"", Media 24 / Digibook S6993,""Leverantör"",""1005.50"",""1891.00"","".00"","".00"",""Ebook : Extended distribution"",""71073.00"",""4917.67"","".00"","".00"","".00"","".00"","".00"","".00"","".00"","".00"",""0"",""0""";;
"6993,""2025-09-30"",""2025-07-01"",""FS545511"","".00"",""506.40"",""2432.70"",""59.40"",""13665.20"","".00"","".00"",""434.70"",""166.10"",""664.40"",""324.00"","" "",""di Polo, Piona"",""1"",""SEK"","".58"","".58"",""9789189739406"",""Junis våta drömmar - Vendela & Sofie"",""9789189739406 - Junis våta drömmar - Vendela & Sofie"", Media 24 / Digibook S6993,""Leverantör"",""1005.50"",""1891.00"","".00"","".00"",""Ebook : Extended distribution"",""71073.00"",""4917.67"","".00"","".00"","".00"","".00"","".00"","".00"","".00"","".00"",""0"",""0""";;
"6993,""2025-09-30"",""2025-07-01"",""FS545511"","".00"",""506.40"",""2432.70"",""59.40"",""13665.20"","".00"","".00"",""434.70"",""166.10"",""664.40"",""324.00"","" "",""di Polo, Piona"",""6"",""SEK"",""3.53"","".59"",""9789189739239"",""Junis våta drömmar - Bibliotekarien"",""9789189739239 - Junis våta drömmar - Bibliotekarien"", Media 24 / Digibook S6993,""Leverantör"",""1005.50"",""1891.00"","".00"","".00"",""Ebook : Extended distribution"",""71073.00"",""4917.67"","".00"","".00"","".00"","".00"","".00"","".00"","".00"","".00"",""0"",""0""";;
"6993,""2025-09-30"",""2025-07-01"",""FS545511"","".00"",""506.40"",""2432.70"",""59.40"",""13665.20"","".00"","".00"",""434.70"",""166.10"",""664.40"",""324.00"","" "",""di Polo, Piona"",""3"",""SEK"",""1.77"","".59"",""9789189739406"",""Junis våta drömmar - Vendela & Sofie"",""9789189739406 - Junis våta drömmar - Vendela & Sofie"", Media 24 / Digibook S6993,""Leverantör"",""1005.50"",""1891.00"","".00"","".00"",""Ebook : Extended distribution"",""71073.00"",""4917.67"","".00"","".00"","".00"","".00"","".00"","".00"","".00"","".00"",""0"",""0""";;
"6993,""2025-09-30"",""2025-07-01"",""FS545511"","".00"",""506.40"",""2432.70"",""59.40"",""13665.20"","".00"","".00"",""434.70"",""166.10"",""664.40"",""324.00"","" "",""di Polo, Piona"",""3"",""SEK"",""1.80"","".60"",""9789189739239"",""Junis våta drömmar - Bibliotekarien"",""9789189739239 - Junis våta drömmar - Bibliotekarien"", Media 24 / Digibook S6993,""Leverantör"",""1005.50"",""1891.00"","".00"","".00"",""Ebook : Extended distribution"",""71073.00"",""4917.67"","".00"","".00"","".00"","".00"","".00"","".00"","".00"","".00"",""0"",""0""";;
"6993,""2025-09-30"",""2025-07-01"",""FS545511"","".00"",""506.40"",""2432.70"",""59.40"",""13665.20"","".00"","".00"",""434.70"",""166.10"",""664.40"",""324.00"","" "",""di Polo, Piona"",""5"",""SEK"",""3.08"","".62"",""9789189739239"",""Junis våta drömmar - Bibliotekarien"",""9789189739239 - Junis våta drömmar - Bibliotekarien"", Media 24 / Digibook S6993,""Leverantör"",""1005.50"",""1891.00"","".00"","".00"",""Ebook : Extended distribution"",""71073.00"",""4917.67"","".00"","".00"","".00"","".00"","".00"","".00"","".00"","".00"",""0"",""0""";;
"6993,""2025-09-30"",""2025-07-01"",""FS545511"","".00"",""506.40"",""2432.70"",""59.40"",""13665.20"","".00"","".00"",""434.70"",""166.10"",""664.40"",""324.00"","" "",""di Polo, Piona"",""3"",""SEK"",""2.21"","".74"",""9789189739604"",""Junis våta drömmar - Madam Q"",""9789189739604 - Junis våta drömmar - Madam Q"", Media 24 / Digibook S6993,""Leverantör"",""1005.50"",""1891.00"","".00"","".00"",""Ebook : Extended distribution"",""71073.00"",""4917.67"","".00"","".00"","".00"","".00"","".00"","".00"","".00"","".00"",""0"",""0""";;
"6993,""2025-09-30"",""2025-07-01"",""FS545511"","".00"",""506.40"",""2432.70"",""59.40"",""13665.20"","".00"","".00"",""434.70"",""166.10"",""664.40"",""324.00"","" "",""di Polo, Piona"",""2"",""SEK"",""1.50"","".75"",""9789189739604"",""Junis våta drömmar - Madam Q"",""9789189739604 - Junis våta drömmar - Madam Q"", Media 24 / Digibook S6993,""Leverantör"",""1005.50"",""1891.00"","".00"","".00"",""Ebook : Extended distribution"",""71073.00"",""4917.67"","".00"","".00"","".00"","".00"","".00"","".00"","".00"","".00"",""0"",""0""";;
"6993,""2025-09-30"",""2025-07-01"",""FS545511"","".00"",""506.40"",""2432.70"",""59.40"",""13665.20"","".00"","".00"",""434.70"",""166.10"",""664.40"",""324.00"","" "",""di Polo, Piona"",""2"",""SEK"",""1.55"","".78"",""9789189739604"",""Junis våta drömmar - Madam Q"",""9789189739604 - Junis våta drömmar - Madam Q"", Media 24 / Digibook S6993,""Leverantör"",""1005.50"",""1891.00"","".00"","".00"",""Ebook : Extended distribution"",""71073.00"",""4917.67"","".00"","".00"","".00"","".00"","".00"","".00"","".00"","".00"",""0"",""0""";;
"6993,""2025-09-30"",""2025-07-01"",""FS545511"","".00"",""506.40"",""2432.70"",""59.40"",""13665.20"","".00"","".00"",""434.70"",""166.10"",""664.40"",""324.00"","" "",""di Polo, Piona"",""5"",""SEK"",""4.92"","".98"",""9789189739581"",""Carte Rouge"",""9789189739581 - Carte Rouge"", Media 24 / Digibook S6993,""Leverantör"",""1005.50"",""1891.00"","".00"","".00"",""Ebook : Extended distribution"",""71073.00"",""4917.67"","".00"","".00"","".00"","".00"","".00"","".00"","".00"","".00"",""0"",""0""";;
"6993,""2025-09-30"",""2025-07-01"",""FS545511"","".00"",""506.40"",""2432.70"",""59.40"",""13665.20"","".00"","".00"",""434.70"",""166.10"",""664.40"",""324.00"","" "",""di Polo, Piona"",""1"",""SEK"",""1.01"",""1.01"",""9789189739581"",""Carte Rouge"",""9789189739581 - Carte Rouge"", Media 24 / Digibook S6993,""Leverantör"",""1005.50"",""1891.00"","".00"","".00"",""Ebook : Extended distribution"",""71073.00"",""4917.67"","".00"","".00"","".00"","".00"","".00"","".00"","".00"","".00"",""0"",""0""";;
"6993,""2025-09-30"",""2025-07-01"",""FS545511"","".00"",""506.40"",""2432.70"",""59.40"",""13665.20"","".00"","".00"",""434.70"",""166.10"",""664.40"",""324.00"","" "",""di Polo, Piona"",""1"",""SEK"",""1.04"",""1.04"",""9789189739581"",""Carte Rouge"",""9789189739581 - Carte Rouge"", Media 24 / Digibook S6993,""Leverantör"",""1005.50"",""1891.00"","".00"","".00"",""Ebook : Extended distribution"",""71073.00"",""4917.67"","".00"","".00"","".00"","".00"","".00"","".00"","".00"","".00"",""0"",""0""";;
"6993,""2025-09-30"",""2025-07-01"",""FS545511"","".00"",""506.40"",""2432.70"",""59.40"",""13665.20"","".00"","".00"",""434.70"",""166.10"",""664.40"",""324.00"","" "",""di Polo, Piona"",""1"",""SEK"",""1.39"",""1.39"",""9789189739581"",""Carte Rouge"",""9789189739581 - Carte Rouge"", Media 24 / Digibook S6993,""Leverantör"",""1005.50"",""1891.00"","".00"","".00"",""Ebook : Extended distribution"",""71073.00"",""4917.67"","".00"","".00"","".00"","".00"","".00"","".00"","".00"","".00"",""0"",""0""";;
"6993,""2025-09-30"",""2025-07-01"",""FS545511"","".00"",""506.40"",""2432.70"",""59.40"",""13665.20"","".00"","".00"",""434.70"",""166.10"",""664.40"",""324.00"","" "",""di Polo, Piona"",""2"",""SEK"",""2.79"",""1.40"",""9789189739710"",""Le Petit Papillon Del 2"",""9789189739710 - Le Petit Papillon Del 2"", Media 24 / Digibook S6993,""Leverantör"",""1005.50"",""1891.00"","".00"","".00"",""Ebook : Extended distribution"",""71073.00"",""4917.67"","".00"","".00"","".00"","".00"","".00"","".00"","".00"","".00"",""0"",""0""";;
"6993,""2025-09-30"",""2025-07-01"",""FS545511"","".00"",""506.40"",""2432.70"",""59.40"",""13665.20"","".00"","".00"",""434.70"",""166.10"",""664.40"",""324.00"","" "",""di Polo, Piona"",""2"",""SEK"",""2.84"",""1.42"",""9789189739703"",""Le Petit Papillon Del 1"",""9789189739703 - Le Petit Papillon Del 1"", Media 24 / Digibook S6993,""Leverantör"",""1005.50"",""1891.00"","".00"","".00"",""Ebook : Extended distribution"",""71073.00"",""4917.67"","".00"","".00"","".00"","".00"","".00"","".00"","".00"","".00"",""0"",""0""";;
"6993,""2025-09-30"",""2025-07-01"",""FS545511"","".00"",""506.40"",""2432.70"",""59.40"",""13665.20"","".00"","".00"",""434.70"",""166.10"",""664.40"",""324.00"","" "",""di Polo, Piona"",""4"",""SEK"",""5.69"",""1.42"",""9789189739710"",""Le Petit Papillon Del 2"",""9789189739710 - Le Petit Papillon Del 2"", Media 24 / Digibook S6993,""Leverantör"",""1005.50"",""1891.00"","".00"","".00"",""Ebook : Extended distribution"",""71073.00"",""4917.67"","".00"","".00"","".00"","".00"","".00"","".00"","".00"","".00"",""0"",""0""";;
"6993,""2025-09-30"",""2025-07-01"",""FS545511"","".00"",""506.40"",""2432.70"",""59.40"",""13665.20"","".00"","".00"",""434.70"",""166.10"",""664.40"",""324.00"","" "",""di Polo, Piona"",""5"",""SEK"",""7.24"",""1.45"",""9789189739703"",""Le Petit Papillon Del 1"",""9789189739703 - Le Petit Papillon Del 1"", Media 24 / Digibook S6993,""Leverantör"",""1005.50"",""1891.00"","".00"","".00"",""Ebook : Extended distribution"",""71073.00"",""4917.67"","".00"","".00"","".00"","".00"","".00"","".00"","".00"","".00"",""0"",""0""";;
"6993,""2025-09-30"",""2025-07-01"",""FS545511"","".00"",""506.40"",""2432.70"",""59.40"",""13665.20"","".00"","".00"",""434.70"",""166.10"",""664.40"",""324.00"","" "",""di Polo, Piona"",""2"",""SEK"",""2.98"",""1.49"",""9789189739703"",""Le Petit Papillon Del 1"",""9789189739703 - Le Petit Papillon Del 1"", Media 24 / Digibook S6993,""Leverantör"",""1005.50"",""1891.00"","".00"","".00"",""Ebook : Extended distribution"",""71073.00"",""4917.67"","".00"","".00"","".00"","".00"","".00"","".00"","".00"","".00"",""0"",""0""";;
"6993,""2025-09-30"",""2025-07-01"",""FS545511"","".00"",""506.40"",""2432.70"",""59.40"",""13665.20"","".00"","".00"",""434.70"",""166.10"",""664.40"",""324.00"","" "",""di Polo, Piona"",""3"",""SEK"",""4.82"",""1.61"",""9789189739796"",""Le Monastére"",""9789189739796 - Le Monastére"", Media 24 / Digibook S6993,""Leverantör"",""1005.50"",""1891.00"","".00"","".00"",""Ebook : Extended distribution"",""71073.00"",""4917.67"","".00"","".00"","".00"","".00"","".00"","".00"","".00"","".00"",""0"",""0""";;
"6993,""2025-09-30"",""2025-07-01"",""FS545511"","".00"",""506.40"",""2432.70"",""59.40"",""13665.20"","".00"","".00"",""434.70"",""166.10"",""664.40"",""324.00"","" "",""di Polo, Piona"",""1"",""SEK"",""1.64"",""1.64"",""9789189739796"",""Le Monastére"",""9789189739796 - Le Monastére"", Media 24 / Digibook S6993,""Leverantör"",""1005.50"",""1891.00"","".00"","".00"",""Ebook : Extended distribution"",""71073.00"",""4917.67"","".00"","".00"","".00"","".00"","".00"","".00"","".00"","".00"",""0"",""0""";;
"6993,""2025-09-30"",""2025-07-01"",""FS545511"","".00"",""506.40"",""2432.70"",""59.40"",""13665.20"","".00"","".00"",""434.70"",""166.10"",""664.40"",""324.00"","" "",""di Polo, Piona"",""1"",""SEK"",""1.68"",""1.68"",""9789189739796"",""Le Monastére"",""9789189739796 - Le Monastére"", Media 24 / Digibook S6993,""Leverantör"",""1005.50"",""1891.00"","".00"","".00"",""Ebook : Extended distribution"",""71073.00"",""4917.67"","".00"","".00"","".00"","".00"","".00"","".00"","".00"","".00"",""0"",""0""";;
"6993,""2025-09-30"",""2025-07-01"",""FS545511"","".00"",""506.40"",""2432.70"",""59.40"",""13665.20"","".00"","".00"",""434.70"",""166.10"",""664.40"",""324.00"","" "",""di Polo, Piona"",""1"",""SEK"",""1.80"",""1.80"",""9789189739796"",""Le Monastére"",""9789189739796 - Le Monastére"", Media 24 / Digibook S6993,""Leverantör"",""1005.50"",""1891.00"","".00"","".00"",""Ebook : Extended distribution"",""71073.00"",""4917.67"","".00"","".00"","".00"","".00"","".00"","".00"","".00"","".00"",""0"",""0""";;
"6993,""2025-09-30"",""2025-07-01"",""FS545511"","".00"",""506.40"",""2432.70"",""59.40"",""13665.20"","".00"","".00"",""434.70"",""166.10"",""664.40"",""324.00"","" "",""di Polo, Piona"",""1"",""SEK"",""2.70"",""2.70"",""9789189739253"",""Junis våta drömmar - Sessionen"",""9789189739253 - Junis våta drömmar - Sessionen"", Media 24 / Digibook S6993,""Leverantör"",""1005.50"",""1891.00"","".00"","".00"",""Ebook : School Subscription"",""71073.00"",""4917.67"","".00"","".00"","".00"","".00"","".00"","".00"","".00"","".00"",""0"",""0""";;
"6993,""2025-09-30"",""2025-07-01"",""FS545511"","".00"",""506.40"",""2432.70"",""59.40"",""13665.20"","".00"","".00"",""434.70"",""166.10"",""664.40"",""324.00"","" "",""di Polo, Piona"",""1"",""SEK"",""2.70"",""2.70"",""9789189739260"",""Junis våta drömmar - Växthuset"",""9789189739260 - Junis våta drömmar - Växthuset"", Media 24 / Digibook S6993,""Leverantör"",""1005.50"",""1891.00"","".00"","".00"",""Ebook : School Subscription"",""71073.00"",""4917.67"","".00"","".00"","".00"","".00"","".00"","".00"","".00"","".00"",""0"",""0""";;
"6993,""2025-09-30"",""2025-07-01"",""FS545511"","".00"",""506.40"",""2432.70"",""59.40"",""13665.20"","".00"","".00"",""434.70"",""166.10"",""664.40"",""324.00"","" "",""di Polo, Piona"",""1"",""SEK"",""2.70"",""2.70"",""9789189739406"",""Junis våta drömmar - Vendela & Sofie"",""9789189739406 - Junis våta drömmar - Vendela & Sofie"", Media 24 / Digibook S6993,""Leverantör"",""1005.50"",""1891.00"","".00"","".00"",""Ebook : School Subscription"",""71073.00"",""4917.67"","".00"","".00"","".00"","".00"","".00"","".00"","".00"","".00"",""0"",""0""";;
"6993,""2025-09-30"",""2025-07-01"",""FS545511"","".00"",""506.40"",""2432.70"",""59.40"",""13665.20"","".00"","".00"",""434.70"",""166.10"",""664.40"",""324.00"","" "",""di Polo, Piona"",""1"",""SEK"",""2.70"",""2.70"",""9789189739581"",""Carte Rouge"",""9789189739581 - Carte Rouge"", Media 24 / Digibook S6993,""Leverantör"",""1005.50"",""1891.00"","".00"","".00"",""Ebook : School Subscription"",""71073.00"",""4917.67"","".00"","".00"","".00"","".00"","".00"","".00"","".00"","".00"",""0"",""0""";;
"6993,""2025-09-30"",""2025-07-01"",""FS545511"","".00"",""506.40"",""2432.70"",""59.40"",""13665.20"","".00"","".00"",""434.70"",""166.10"",""664.40"",""324.00"","" "",""di Polo, Piona"",""1"",""SEK"",""2.70"",""2.70"",""9789189739598"",""Junis våta drömmar - Japansk repkonst"",""9789189739598 - Junis våta drömmar - Japansk repkonst"", Media 24 / Digibook S6993,""Leverantör"",""1005.50"",""1891.00"","".00"","".00"",""Ebook : School Subscription"",""71073.00"",""4917.67"","".00"","".00"","".00"","".00"","".00"","".00"","".00"","".00"",""0"",""0""";;
"6993,""2025-09-30"",""2025-07-01"",""FS545511"","".00"",""506.40"",""2432.70"",""59.40"",""13665.20"","".00"","".00"",""434.70"",""166.10"",""664.40"",""324.00"","" "",""di Polo, Piona"",""1"",""SEK"",""2.70"",""2.70"",""9789189739604"",""Junis våta drömmar - Madam Q"",""9789189739604 - Junis våta drömmar - Madam Q"", Media 24 / Digibook S6993,""Leverantör"",""1005.50"",""1891.00"","".00"","".00"",""Ebook : School Subscription"",""71073.00"",""4917.67"","".00"","".00"","".00"","".00"","".00"","".00"","".00"","".00"",""0"",""0""";;
"6993,""2025-09-30"",""2025-07-01"",""FS545511"","".00"",""506.40"",""2432.70"",""59.40"",""13665.20"","".00"","".00"",""434.70"",""166.10"",""664.40"",""324.00"","" "",""di Polo, Piona"",""1"",""SEK"",""2.70"",""2.70"",""9789189739703"",""Le Petit Papillon Del 1"",""9789189739703 - Le Petit Papillon Del 1"", Media 24 / Digibook S6993,""Leverantör"",""1005.50"",""1891.00"","".00"","".00"",""Ebook : School Subscription"",""71073.00"",""4917.67"","".00"","".00"","".00"","".00"","".00"","".00"","".00"","".00"",""0"",""0""";;
"6993,""2025-09-30"",""2025-07-01"",""FS545511"","".00"",""506.40"",""2432.70"",""59.40"",""13665.20"","".00"","".00"",""434.70"",""166.10"",""664.40"",""324.00"","" "",""di Polo, Piona"",""1"",""SEK"",""2.70"",""2.70"",""9789189739710"",""Le Petit Papillon Del 2"",""9789189739710 - Le Petit Papillon Del 2"", Media 24 / Digibook S6993,""Leverantör"",""1005.50"",""1891.00"","".00"","".00"",""Ebook : School Subscription"",""71073.00"",""4917.67"","".00"","".00"","".00"","".00"","".00"","".00"","".00"","".00"",""0"",""0""";;
"6993,""2025-09-30"",""2025-07-01"",""FS545511"","".00"",""506.40"",""2432.70"",""59.40"",""13665.20"","".00"","".00"",""434.70"",""166.10"",""664.40"",""324.00"","" "",""di Polo, Piona"",""1"",""SEK"",""2.70"",""2.70"",""9789189739796"",""Le Monastére"",""9789189739796 - Le Monastére"", Media 24 / Digibook S6993,""Leverantör"",""1005.50"",""1891.00"","".00"","".00"",""Ebook : School Subscription"",""71073.00"",""4917.67"","".00"","".00"","".00"","".00"","".00"","".00"","".00"","".00"",""0"",""0""";;
"6993,""2025-09-30"",""2025-07-01"",""FS545511"","".00"",""506.40"",""2432.70"",""59.40"",""13665.20"","".00"","".00"",""434.70"",""166.10"",""664.40"",""324.00"","" "",""di Polo, Piona"",""1"",""SEK"",""2.70"",""2.70"",""9789189739857"",""Sessions"",""9789189739857 - Sessions"", Media 24 / Digibook S6993,""Leverantör"",""1005.50"",""1891.00"","".00"","".00"",""Ebook : School Subscription"",""71073.00"",""4917.67"","".00"","".00"","".00"","".00"","".00"","".00"","".00"","".00"",""0"",""0""";;
"6993,""2025-09-30"",""2025-07-01"",""FS545511"","".00"",""506.40"",""2432.70"",""59.40"",""13665.20"","".00"","".00"",""434.70"",""166.10"",""664.40"",""324.00"","" "",""di Polo, Piona"",""1"",""SEK"",""4.00"",""4.00"",""9789189739703"",""Le Petit Papillon Del 1"",""9789189739703 - Le Petit Papillon Del 1"", Media 24 / Digibook S6993,""Leverantör"",""1005.50"",""1891.00"","".00"","".00"",""Ebook : Access Loan"",""71073.00"",""4917.67"","".00"","".00"","".00"","".00"","".00"","".00"","".00"","".00"",""0"",""0""";;
"6993,""2025-09-30"",""2025-07-01"",""FS545511"","".00"",""506.40"",""2432.70"",""59.40"",""13665.20"","".00"","".00"",""434.70"",""166.10"",""664.40"",""324.00"","" "",""di Polo, Piona"",""1"",""SEK"",""4.00"",""4.00"",""9789189739710"",""Le Petit Papillon Del 2"",""9789189739710 - Le Petit Papillon Del 2"", Media 24 / Digibook S6993,""Leverantör"",""1005.50"",""1891.00"","".00"","".00"",""Ebook : Access Loan"",""71073.00"",""4917.67"","".00"","".00"","".00"","".00"","".00"","".00"","".00"","".00"",""0"",""0""";;
"6993,""2025-09-30"",""2025-07-01"",""FS545511"","".00"",""506.40"",""2432.70"",""59.40"",""13665.20"","".00"","".00"",""434.70"",""166.10"",""664.40"",""324.00"","" "",""di Polo, Piona"",""2"",""SEK"",""19.64"",""9.82"",""9789189739857"",""Sessions"",""9789189739857 - Sessions"", Media 24 / Digibook S6993,""Leverantör"",""1005.50"",""1891.00"","".00"","".00"",""Ebook : Extended distribution"",""71073.00"",""4917.67"","".00"","".00"","".00"","".00"","".00"","".00"","".00"","".00"",""0"",""0""";;
"6993,""2025-09-30"",""2025-07-01"",""FS545511"","".00"",""506.40"",""2432.70"",""59.40"",""13665.20"","".00"","".00"",""434.70"",""166.10"",""664.40"",""324.00"","" "",""di Polo, Piona"",""1"",""SEK"",""10.29"",""10.29"",""9789189739857"",""Sessions"",""9789189739857 - Sessions"", Media 24 / Digibook S6993,""Leverantör"",""1005.50"",""1891.00"","".00"","".00"",""Ebook : Extended distribution"",""71073.00"",""4917.67"","".00"","".00"","".00"","".00"","".00"","".00"","".00"","".00"",""0"",""0""";;
"6993,""2025-09-30"",""2025-07-01"",""FS545511"","".00"",""506.40"",""2432.70"",""59.40"",""13665.20"","".00"","".00"",""434.70"",""166.10"",""664.40"",""324.00"","" "",""di Polo, Piona"",""1"",""SEK"",""12.99"",""12.99"",""9789189857681"",""Liberatio"",""9789189857681 - Liberatio"", Media 24 / Digibook S6993,""Leverantör"",""1005.50"",""1891.00"","".00"","".00"",""Ebook : Extended distribution"",""71073.00"",""4917.67"","".00"","".00"","".00"","".00"","".00"","".00"","".00"","".00"",""0"",""0""";;
"6993,""2025-09-30"",""2025-07-01"",""FS545511"","".00"",""506.40"",""2432.70"",""59.40"",""13665.20"","".00"","".00"",""434.70"",""166.10"",""664.40"",""324.00"","" "",""di Polo, Piona"",""2"",""SEK"",""26.68"",""13.34"",""9789189857681"",""Liberatio"",""9789189857681 - Liberatio"", Media 24 / Digibook S6993,""Leverantör"",""1005.50"",""1891.00"","".00"","".00"",""Ebook : Extended distribution"",""71073.00"",""4917.67"","".00"","".00"","".00"","".00"","".00"","".00"","".00"","".00"",""0"",""0""";;
"6993,""2025-09-30"",""2025-07-01"",""FS545511"","".00"",""506.40"",""2432.70"",""59.40"",""13665.20"","".00"","".00"",""434.70"",""166.10"",""664.40"",""324.00"","" "",""di Polo, Piona"",""1"",""SEK"",""13.90"",""13.90"",""9789189739581"",""Carte Rouge"",""9789189739581 - Carte Rouge"", Media 24 / Digibook S6993,""Leverantör"",""1005.50"",""1891.00"","".00"","".00"",""Ebook : Agregated"",""71073.00"",""4917.67"","".00"","".00"","".00"","".00"","".00"","".00"","".00"","".00"",""0"",""0""";;
"6993,""2025-09-30"",""2025-07-01"",""FS545511"","".00"",""506.40"",""2432.70"",""59.40"",""13665.20"","".00"","".00"",""434.70"",""166.10"",""664.40"",""324.00"","" "",""Åhl, Siw"",""1"",""SEK"",""2.70"",""2.70"",""9789189539440"",""Mamma när du dör blir jag rädd... 11:11 Änglars vägledning"",""9789189539440 - Mamma när du dör blir jag rädd... 11:11 Änglars vägledning"", Media 24 / Digibook S6993,""Leverantör"",""1005.50"",""1891.00"","".00"","".00"",""Ebook : School Subscription"",""71073.00"",""4917.67"","".00"","".00"","".00"","".00"","".00"","".00"","".00"","".00"",""0"",""0""";;
"6993,""2025-09-30"",""2025-07-01"",""FS545511"","".00"",""506.40"",""2432.70"",""59.40"",""13665.20"","".00"","".00"",""434.70"",""166.10"",""664.40"",""324.00"","" "",""Åkerlind, Majvi"",""1"",""SEK"",""2.47"",""2.47"",""9789189835047"",""Augustinatt - erotisk novell"",""9789189835047 - Augustinatt - erotisk novell"", Media 24 / Digibook S6993,""Leverantör"",""1005.50"",""1891.00"","".00"","".00"",""Ebook : Extended distribution"",""71073.00"",""4917.67"","".00"","".00"","".00"","".00"","".00"","".00"","".00"","".00"",""0"",""0""";;
"6993,""2025-09-30"",""2025-07-01"",""FS545511"","".00"",""506.40"",""2432.70"",""59.40"",""13665.20"","".00"","".00"",""434.70"",""166.10"",""664.40"",""324.00"","" "",""Åkerlind, Majvi"",""1"",""SEK"",""2.70"",""2.70"",""9789189739925"",""Gonella och de tre älskarna"",""9789189739925 - Gonella och de tre älskarna"", Media 24 / Digibook S6993,""Leverantör"",""1005.50"",""1891.00"","".00"","".00"",""Ebook : School Subscription"",""71073.00"",""4917.67"","".00"","".00"","".00"","".00"","".00"","".00"","".00"","".00"",""0"",""0""";;
"6993,""2025-09-30"",""2025-07-01"",""FS545511"","".00"",""506.40"",""2432.70"",""59.40"",""13665.20"","".00"","".00"",""434.70"",""166.10"",""664.40"",""324.00"","" "",""Åkerlind, Majvi"",""1"",""SEK"",""2.70"",""2.70"",""9789189835047"",""Augustinatt - erotisk novell"",""9789189835047 - Augustinatt - erotisk novell"", Media 24 / Digibook S6993,""Leverantör"",""1005.50"",""1891.00"","".00"","".00"",""Ebook : School Subscription"",""71073.00"",""4917.67"","".00"","".00"","".00"","".00"","".00"","".00"","".00"","".00"",""0"",""0""";;
"6993,""2025-09-30"",""2025-07-01"",""FS545511"","".00"",""506.40"",""2432.70"",""59.40"",""13665.20"","".00"","".00"",""434.70"",""166.10"",""664.40"",""324.00"","" "",""Åkerlind, Majvi"",""5"",""SEK"",""15.00"",""3.00"",""9789189739925"",""Gonella och de tre älskarna"",""9789189739925 - Gonella och de tre älskarna"", Media 24 / Digibook S6993,""Leverantör"",""1005.50"",""1891.00"","".00"","".00"",""Ebook : Extended distribution"",""71073.00"",""4917.67"","".00"","".00"","".00"","".00"","".00"","".00"","".00"","".00"",""0"",""0""";;
"6993,""2025-09-30"",""2025-07-01"",""FS545511"","".00"",""506.40"",""2432.70"",""59.40"",""13665.20"","".00"","".00"",""434.70"",""166.10"",""664.40"",""324.00"","" "",""Öberg, Staffan"",""1"",""SEK"",""2.70"",""2.70"",""9789189739574"",""Hett studentliv"",""9789189739574 - Hett studentliv"", Media 24 / Digibook S6993,""Leverantör"",""1005.50"",""1891.00"","".00"","".00"",""Audio Book : School Subscription"",""71073.00"",""4917.67"","".00"","".00"","".00"","".00"","".00"","".00"","".00"","".00"",""0"",""0""";;
"6993,""2025-09-30"",""2025-07-01"",""FS545511"","".00"",""506.40"",""2432.70"",""59.40"",""13665.20"","".00"","".00"",""434.70"",""166.10"",""664.40"",""324.00"","" "",""Öster, Jessica"",""1"",""SEK"",""2.70"",""2.70"",""9789189835955"",""Legenden om den store Dandasharman"",""9789189835955 - Legenden om den store Dandasharman"", Media 24 / Digibook S6993,""Leverantör"",""1005.50"",""1891.00"","".00"","".00"",""Ebook : School Subscription"",""71073.00"",""4917.67"","".00"","".00"","".00"","".00"","".00"","".00"","".00"","".00"",""0"",""0""";;
"6993,""2025-09-30"",""2025-07-01"",""FS545511"","".00"",""506.40"",""2432.70"",""59.40"",""13665.20"","".00"","".00"",""434.70"",""166.10"",""664.40"",""324.00"",""21339"",""Engström, Julia"",""1"",""SEK"","".00"","".00"",""9789190071380"",""Autism och tysta tårar - en diktsamling"",""9789190071380 - Autism och tysta tårar - en diktsamling"", Media 24 / Digibook S6993,""Leverantör"",""1005.50"",""1891.00"","".00"","".00"",""Ebook : Buy"",""71073.00"",""4917.67"","".00"","".00"","".00"","".00"","".00"","".00"","".00"","".00"",""0"",""0""";;
"6993,""2025-09-30"",""2025-07-01"",""FS545511"","".00"",""506.40"",""2432.70"",""59.40"",""13665.20"","".00"","".00"",""434.70"",""166.10"",""664.40"",""324.00"",""21339"",""Engström, Julia"",""1"",""SEK"","".00"","".00"",""9789190071410"",""Autism och tysta tårar - en diktsamling"",""9789190071410 - Autism och tysta tårar - en diktsamling"", Media 24 / Digibook S6993,""Leverantör"",""1005.50"",""1891.00"","".00"","".00"",""Audio Book : Buy"",""71073.00"",""4917.67"","".00"","".00"","".00"","".00"","".00"","".00"","".00"","".00"",""0"",""0""";;
"6993,""2025-09-30"",""2025-07-01"",""FS545511"","".00"",""506.40"",""2432.70"",""59.40"",""13665.20"","".00"","".00"",""434.70"",""166.10"",""664.40"",""324.00"",""21339"",""L Gustavsson, Erik"",""4"",""SEK"","".00"","".00"",""9789190071113"",""Ytspänning"",""9789190071113 - Ytspänning"", Media 24 / Digibook S6993,""Leverantör"",""1005.50"",""1891.00"","".00"","".00"",""Ebook : Buy"",""71073.00"",""4917.67"","".00"","".00"","".00"","".00"","".00"","".00"","".00"","".00"",""0"",""0""";;
"6993,""2025-09-30"",""2025-07-01"",""FS545511"","".00"",""506.40"",""2432.70"",""59.40"",""13665.20"","".00"","".00"",""434.70"",""166.10"",""664.40"",""324.00"",""21339"",""Pettersson, Pehr-Åke"",""3"",""SEK"","".00"","".00"",""9789189857711"",""MOR KOMMER HEM"",""9789189857711 - MOR KOMMER HEM"", Media 24 / Digibook S6993,""Leverantör"",""1005.50"",""1891.00"","".00"","".00"",""Ebook : Buy"",""71073.00"",""4917.67"","".00"","".00"","".00"","".00"","".00"","".00"","".00"","".00"",""0"",""0""";;
"6993,""2025-09-30"",""2025-07-01"",""FS545511"","".00"",""506.40"",""2432.70"",""59.40"",""13665.20"","".00"","".00"",""434.70"",""166.10"",""664.40"",""324.00"",""21339"",""Sandgren, Wilhelm"",""6"",""SEK"","".00"","".00"",""9789190071571"",""Kultur dödar strategi - Alltid"",""9789190071571 - Kultur dödar strategi - Alltid"", Media 24 / Digibook S6993,""Leverantör"",""1005.50"",""1891.00"","".00"","".00"",""Ebook : Buy"",""71073.00"",""4917.67"","".00"","".00"","".00"","".00"","".00"","".00"","".00"","".00"",""0"",""0""";;
"6993,""2025-09-30"",""2025-07-01"",""FS545511"","".00"",""506.40"",""2432.70"",""59.40"",""13665.20"","".00"","".00"",""434.70"",""166.10"",""664.40"",""324.00"",""21339"",""Simson, Anette"",""1"",""SEK"","".00"","".00"",""9789190071359"",""Den sista Bergmästaren"",""9789190071359 - Den sista Bergmästaren"", Media 24 / Digibook S6993,""Leverantör"",""1005.50"",""1891.00"","".00"","".00"",""Audio Book : Buy"",""71073.00"",""4917.67"","".00"","".00"","".00"","".00"","".00"","".00"","".00"","".00"",""0"",""0""";;