"Godkänn avtalet: Jag har läst avtalet och godkänner det genom att bocka i denna ruta","Författare: First","Författare: Last","Jag vill lägga till ytterligare en författare: Jag vill lägga till ytterligare en författare","Jag vill lägga till ytterligare en författare: Jag vill ge ut min bok under pseudonym (modified)","Författare (kopiera): First","Författare (kopiera): Last","Jag vill ge ut min bok under pseudonym (kopiera): Jag vill ge ut min bok under pseudonym","Mitt riktiga namn vid pseudonym: First","Mitt riktiga namn vid pseudonym: Last","Address: Address Line 1","Address: Address Line 2","Address: City","Address: State","Address: Zip/Postal Code","Address: Country",Företagsnamn,E-post,"Var  vill du mottaga bokens intäkter? (Enbart svenska kontonummer)","Bankens namn","Bokens titel","Bokens handling","Datum för önskad lansering","Publicera min bok på välkända internetbokhandlar och streamingtjänster som:: Ljudbok","Publicera min bok på välkända internetbokhandlar och streamingtjänster som:: E-bok","Uppläsare av ljudboken: First","Uppläsare av ljudboken: Last","Priset för min bok: 119-129 kr","Priset för min bok: 79-89 kr","Priset för min bok: 59-69 kr (t.ex. barnbok 0-3 år)","Priset för min bok: 39-49 kr (t.ex. längre novell eller kortare roman)","Priset för min bok: 17-25 kr (t.ex. kortare novell)","Priset för min bok: Annat pris - ange pris nedan","Annat pris","Välj en eller flera kategorier för din bok: Från 0-3 år","Välj en eller flera kategorier för din bok: Från 3 år","Välj en eller flera kategorier för din bok: Från 6 år","Välj en eller flera kategorier för din bok: Från 9 år","Välj en eller flera kategorier för din bok: Från 12 år","Välj en eller flera kategorier för din bok: Agronomi och lantbruk","Välj en eller flera kategorier för din bok: Ande, kropp och själ","Välj en eller flera kategorier för din bok: Deckare","Välj en eller flera kategorier för din bok: Djur och natur","Välj en eller flera kategorier för din bok: Ekonomi, finansväsen, näringsliv och management","Välj en eller flera kategorier för din bok: Erotik","Välj en eller flera kategorier för din bok: Faktaböcker barn och ungdom","Välj en eller flera kategorier för din bok: Familj och hälsa","Välj en eller flera kategorier för din bok: Fantasy","Välj en eller flera kategorier för din bok: Filosofi","Välj en eller flera kategorier för din bok: Fiske, jakt och skytte","Välj en eller flera kategorier för din bok: Fysik","Välj en eller flera kategorier för din bok: Företagsekonomi och management","Välj en eller flera kategorier för din bok: Geografi","Välj en eller flera kategorier för din bok: Hantverk och handarbete","Välj en eller flera kategorier för din bok: Historia och arkeologi","Välj en eller flera kategorier för din bok: Historiska romaner","Välj en eller flera kategorier för din bok: Hobby, spel och lekar","Välj en eller flera kategorier för din bok: Humor","Välj en eller flera kategorier för din bok: Humoristiska romaner","Välj en eller flera kategorier för din bok: Hus och hem","Välj en eller flera kategorier för din bok: Husdjur","Välj en eller flera kategorier för din bok: Informationsteknik","Välj en eller flera kategorier för din bok: Juridik","Välj en eller flera kategorier för din bok: Kemi","Välj en eller flera kategorier för din bok: Krig och försvar","Välj en eller flera kategorier för din bok: Mat och dryck","Välj en eller flera kategorier för din bok: Matematik","Välj en eller flera kategorier för din bok: Medicin och omvårdnad","Välj en eller flera kategorier för din bok: Medievetenskap","Välj en eller flera kategorier för din bok: Miljön","Välj en eller flera kategorier för din bok: Personliga och sociala frågor barn och ungdom","Välj en eller flera kategorier för din bok: Religion och tro","Välj en eller flera kategorier för din bok: Resekartor och reseatlaser","Välj en eller flera kategorier för din bok: Självhjälp och praktiska råd","Välj en eller flera kategorier för din bok: Sport, idrott och friluftsliv","Välj en eller flera kategorier för din bok: Sömnad och handarbete","Välj en eller flera kategorier för din bok: Språkundervisning och språkinlärning","Välj en eller flera kategorier för din bok: Biografi och prosa (ej fiktion)","Välj en eller flera kategorier för din bok: Personliga berättelser","Välj en eller flera kategorier för din bok: Poesi","Välj en eller flera kategorier för din bok: True crime","Välj en eller flera kategorier för din bok: Litteraturhistoria och kritik","Välj en eller flera kategorier för din bok: Modern och samtida skönlitteratur","Välj en eller flera kategorier för din bok: Klassiker","Välj en eller flera kategorier för din bok: Noveller","Välj en eller flera kategorier för din bok: Biografiska romaner","Välj en eller flera kategorier för din bok: Klassiska deckare","Välj en eller flera kategorier för din bok: Mysdeckare","Välj en eller flera kategorier för din bok: Polisromaner","Välj en eller flera kategorier för din bok: Thrillers / spänningsromaner","Välj en eller flera kategorier för din bok: Äventyrsromaner / action","Välj en eller flera kategorier för din bok: Skräck och övernaturligt","Välj en eller flera kategorier för din bok: Myter, sagor och legender i skönlitterär form","Välj en eller flera kategorier för din bok: Feelgood","Välj en eller flera kategorier för din bok: Romance","Välj en eller flera kategorier för din bok: Familj / släktromaner","Välj en eller flera kategorier för din bok: Noveller","Välj en eller flera kategorier för din bok: Skönlitteratur i översättning","Välj en eller flera kategorier för din bok: Citatsamlingar, ordspråk och aforismer","Välj en eller flera kategorier för din bok: Naturvetenskap: allmänt","Välj en eller flera kategorier för din bok: Teknik, ingenjörsvetenskap, lantbruk och industri","Välj en eller flera kategorier för din bok: Kontorsprogram","Välj en eller flera kategorier för din bok: Kost och träning","Välj en eller flera kategorier för din bok: Privatekonomi","Välj en eller flera kategorier för din bok: Populärpsykologi och personlig utveckling","Välj en eller flera kategorier för din bok: Meditation och visualisering","Välj en eller flera kategorier för din bok: Hus och hem","Välj en eller flera kategorier för din bok: Trädgårdsskötsel","Välj en eller flera kategorier för din bok: Resor och platser","Välj en eller flera kategorier för din bok: Tecknade romaner, serier, manga, skämtteckningar","Välj en eller flera kategorier för din bok: Bilderböcker","Välj en eller flera kategorier för din bok: Faktaböcker 0-6 år","Välj en eller flera kategorier för din bok: Skönlitteratur barn och ungdom: modern och samtida","Välj en eller flera kategorier för din bok: Skönlitteratur barn och ungdom: spänning och äventyr","Välj en eller flera kategorier för din bok: Skönlitteratur barn och ungdom: rysare och spökhistorier","Välj en eller flera kategorier för din bok: Skönlitteratur barn och ungdom: superhjältar","Välj en eller flera kategorier för din bok: Skönlitteratur barn och ungdom: science fiction","Välj en eller flera kategorier för din bok: Skönlitteratur barn och ungdom: fantasy","Välj en eller flera kategorier för din bok: Skönlitteratur barn och ungdom: sagor, myter och legender","Välj en eller flera kategorier för din bok: Skönlitteratur barn och ungdom: relationer","Välj en eller flera kategorier för din bok: Skönlitteratur barn och ungdom: naturberättelser och djurberättelser","Välj en eller flera kategorier för din bok: Skönlitteratur barn och ungdom: roliga berättelser","Välj en eller flera kategorier för din bok: Skönlitteratur barn och ungdom: sportberättelser","Välj en eller flera kategorier för din bok: Skönlitteratur barn och ungdom: skolberättelser","Välj en eller flera kategorier för din bok: Skönlitteratur barn och ungdom: noveller","Välj en eller flera kategorier för din bok: Barn och ungdom: biografier","Välj en eller flera kategorier för din bok: Barn och ungdom: allmän fakta","Välj en eller flera kategorier för din bok: Barn och ungdom: historia","Välj en eller flera kategorier för din bok: Barn och ungdom: krig","Välj en eller flera kategorier för din bok: Barn och ungdom: arbete, politik och samhälle","Välj en eller flera kategorier för din bok: Barn och ungdom: litteraturhistoria","Välj en eller flera kategorier för din bok: Barn och ungdom: folk och länder","Välj en eller flera kategorier för din bok: Barn och ungdom: natur, djur och naturens värld","Välj en eller flera kategorier för din bok: Barn och ungdom: hobby, hantverk och praktiska intressen","Välj en eller flera kategorier för din bok: Barn och ungdom: filosofi, religion och andlighet","Välj en eller flera kategorier för din bok: Barn och ungdom: naturvetenskap och teknik","Välj en eller flera kategorier för din bok: Barn och ungdom: humor","Välj en eller flera kategorier för din bok: Barn och ungdom: spel, lekar och frågesport","Välj en eller flera kategorier för din bok: Barn och ungdom: sport och friluftsaktiviteter","Välj en eller flera kategorier för din bok: Barn och ungdom: mysterier och övernaturligt","Välj en eller flera kategorier för din bok: Läromedel","Välj en eller flera kategorier för din bok: Lättläst för barn / ungdomar","Välj en eller flera kategorier för din bok: Från 15 år","Välj en eller flera kategorier för din bok: Lättläst för vuxna","Välj en eller flera kategorier för din bok: Jul","Välj en eller flera kategorier för din bok: Skönlitteratur: allmänt (modified)","Välj en eller flera kategorier för din bok: Samhälle och samhällsvetenskap (modified)","Välj en eller flera kategorier för din bok: Från 14 år (modified)","Välj en eller flera kategorier för din bok: Dramatik (modified)","Välj en eller flera kategorier för din bok: Psykologi (modified)","Välj en eller flera kategorier för din bok: Thrillers (modified)","Välj en eller flera kategorier för din bok: Romantik (modified)","Välj en eller flera kategorier för din bok: Science fiction (modified)","Välj en eller flera kategorier för din bok: Biografier, sanna berättelser, essäer etc. (modified)","Välj en eller flera kategorier för din bok: Samtida livsstilsromaner (modified)","Välj en eller flera kategorier för din bok: Pedagogik (modified)","Välj en eller flera kategorier för din bok: Essäer (modified)","Välj en eller flera kategorier för din bok: Musik (modified)","File Upload","Jag sänder även filer via Sprend.: Markera detta val så vi kan matcha ditt formulär med filerna från Sprend. Ange titelns namn i Sprends meddelanderuta.","Jag sänder även filer via Sprend.: Jag behöver ladda upp filer som är större än 300 MB, tilldela därför en dropbox-mapp till mig (aviseras till ovan angivna epost-adress) (modified)","Meddelande till Digibook","Publicering av bok 299 kr (6% moms ingår)","Välj eventuellt ett eller flera tillval: Digibook skapar e-boks-fil (EPUB)","Välj eventuellt ett eller flera tillval: Digibook skapar bokframsida","Välj eventuellt ett eller flera tillval: Digibook konverterar dina MP3-filer till WAV-filer",Total,"Säker kortbetalning med Stripe","Entry ID","Entry Date","Entry Notes",Type,Viewed,Starred,"User Agent","User IP","Unique Generated User ID","Payment Status","Payment Gateway Information","Deleted field #100","Deleted field #109","Deleted field #63","Geolocation Details","User Journey information"
Checked,Johanna,Krebs,"Jag vill lägga till ytterligare en författare",,Alice,Johansson,,,,"Kärrvägen 13",,56146,Huskvarna,,,"Chapter Rebels AB",redaktion@chapterrebels.se,"Clearingnummer: 6641, Kontonummer: 530 029 308",Handelsbanken,Spåraren,"Emma har en hemlighet. Hon är viskare och har förmågan att se väsen och prata med djur. Sommarlovet har just börjat när hon får en oväntad födelsedagspresent och snabbt måste hitta ett sätt att återförenas med resten av gänget som hon träffade på lägerskolan. De tillbringar sommaren på Victor och Bellas gård, men stämningen är tryckt efter Jonahtans svek trots att arvtagarnas ledare verkar ha förlåtit honom. När oförklarliga saker börjar hända i skogen runt gården ställs allt på sin spets. Vad håller Margrim på med och ligger det något i hans antydningar om att gruppens samordnare, Christopher, inte är den han utger sig för att vara? Gränsen mellan rätt och fel suddas ut i takt med att familjehemligheterna djupnar och Emma lär sig mer om arvtagarna. Vad är en spårare? Och vem kan man egentligen lita på? Det här sommarlovet kommer förändra allt. Det är på liv och död nu. 

Spåraren är den andra boken i serien om arvtagarna, familjerna som fortfarande lever nära nordiska väsen.",,Ljudbok,,Mathias,Ejdetjärn,"119-129 kr",,,,,,,,,,,"Från 12 år",,,,,,,,,Fantasy,,,,,,,,,,,,,,,,,,,,,,,,,,,,,,,,,,,,,,,,,,,,,,,,,,,,,,,,,,,,,,,,,,,,,,"Skönlitteratur barn och ungdom: fantasy",,,,,,,,,,,,,,,,,,,,,,,,,,,,,,,,,,,,,,,,,https://www.digibook.se/wp-content/uploads/wpforms/3506-037327dcc1ba9acb4c2b4d1a0e70a3c0/Framsida_Ljudbok-c03f77e25d4636fbeacf7a10d571880c.jpg,"Markera detta val så vi kan matcha ditt formulär med filerna från Sprend. Ange titelns namn i Sprends meddelanderuta. ",,"Hej, 
Detta är andra boken i vår serie. Ni har redan publicerat Viskaren åt oss. :) Vi undrar om det går att ändra pris på den nu när tvåan kommer. Vi har även sänkt priset på pappersboken. Vi skulle vilja sänka Viskaren till nivå 2: 79-89 kr. Om inte ni har några andra rekommendationer förstås.

För mer info om oss se www.chapterrebels.se

/mvh Johanna och Alice","299,00 Kr",,,,"299,00 Kr","Johanna Krebs Johansson
xxxx xxxx xxxx 6836
Mastercard",1325,"mars 29, 2025 09:24",,Completed,Yes,No,"Mozilla/5.0 (Windows NT 10.0; Win64; x64) AppleWebKit/537.36 (KHTML, like Gecko) Chrome/134.0.0.0 Safari/537.36 Edg/134.0.0.0",188.150.239.232,f2b0ad9c-d756-416a-83a2-a91f6c88a857,Completed,"Total: 299,00
Currency: SEK
Gateway: Stripe
Type: En gång
Mode: live
Transaction: pi_3R7uglLgKhr8jxDX13xZsl53
",,,,"Lat/Long: 55.6078, 12.9982
Map: https://maps.google.com/maps?q=Malmo,Skåne County&ll=55.6078,12.9982&z=6&output=embed
Location: Malmo, Skåne County
Postal: 213 74
Country: SE
","mars 25, 2025
- 21:53 - Digibook – Publicering av digitala böcker - https://www.digibook.se/
mars 29, 2025
- 09:02 - Skapa ljudbok – Digibook - 3 dagar - https://www.digibook.se/skapa-ljudbok/
- 09:02 - Digibook – Publicering av digitala böcker - 18 sekunder - https://www.digibook.se/
"
Checked,Ann,Ying,,,,,,,,"Rönnängs brygga 8b",,Rönnäng,Rönnäng,,,,anne.mozart@hotmail.com,8353538225363,"Swedbank Orusts sparbank","Fläcken möter Randen","Med sin magiska trolleritass målar Randen världen omkring sig i vackra färger. Randen lever ensam i en 
senapstub som han målat i stiliga, randiga färger. En dag träffar Randen Fläcken och båda deras liv förändras då de blir goda vänner!",,,E-bok,,,,,"59-69 kr (t.ex. barnbok 0-3 år)",,,,,"Från 0-3 år",,,,,,,,,,,,,,,,,,,,,,,,,,,,,,,,,,,,,,,,,,,,,,,,,,,,,,,,,,,,,,,,,,,,,,,,,,,,,,,,,,,,,,,,,,,,,,,,,,,,,,,,,,,,,,,,,,,,,,,,,,,,,"Markera detta val så vi kan matcha ditt formulär med filerna från Sprend. Ange titelns namn i Sprends meddelanderuta. ",,"""Fläcken möter Randen"" sänds via Sprend.","299,00 Kr",,,,"299,00 Kr","Orust sparbank Ann Ying
xxxx xxxx xxxx 2916
Mastercard",1322,"mars 25, 2025 12:34",,Completed,Yes,No,"Mozilla/5.0 (Windows NT 10.0; Win64; x64) AppleWebKit/537.36 (KHTML, like Gecko) Chrome/134.0.0.0 Safari/537.36 Edg/134.0.0.0",90.227.87.66,3282172a-5778-4db5-8583-64c487b58dcb,Completed,"Total: 299,00
Currency: SEK
Gateway: Stripe
Type: En gång
Mode: live
Transaction: pi_3R6VkeLgKhr8jxDX1oIO0xdC
",,,,"Lat/Long: 57.7065, 11.967
Map: https://maps.google.com/maps?q=Gothenburg,Västra Götaland County&ll=57.7065,11.967&z=6&output=embed
Location: Gothenburg, Västra Götaland County
Postal: 414 61
Country: SE
","mars 25, 2025
- 12:23 - Referrer - https://www.google.se/
- 12:23 - Digibook – Publicering av digitala böcker - 2 sekunder - https://www.digibook.se/
"
Checked,Ann,Ying,,,,,,,,"Rönnängs brygga 8b",,Rönnäng,Rönnäng,,,,anne.mozart@hotmail.com,8353538225363,"Swedbank Orusts sparbank",Drömkarusellen,"Den förtrollade Drömkarusellen flyger hem till sovande barn som drömmer oroliga drömmar om natten. Drömkarusellen suddar ut de oroliga drömmarna och ger barnet roliga, fina och glada drömmar istället!",,,E-bok,,,,,"59-69 kr (t.ex. barnbok 0-3 år)",,,,,"Från 0-3 år",,,,,,,,,,,,,,,,,,,,,,,,,,,,,,,,,,,,,,,,,,,,,,,,,,,,,,,,,,,,,,,,,,,,,,,,,,,,,,,,,,,,,,,,,,,,,,,,,,,,,,,,,,,,,,,,,,,,,,,,,,,,,"Markera detta val så vi kan matcha ditt formulär med filerna från Sprend. Ange titelns namn i Sprends meddelanderuta. ",,"""Drömkarusellen"" sänds via Sprend.","299,00 Kr",,,,"299,00 Kr","Orust sparbank Ann Ying
xxxx xxxx xxxx 2916
Mastercard",1321,"mars 24, 2025 12:33",,Completed,Yes,No,"Mozilla/5.0 (Windows NT 10.0; Win64; x64) AppleWebKit/537.36 (KHTML, like Gecko) Chrome/134.0.0.0 Safari/537.36 Edg/134.0.0.0",90.227.87.66,3282172a-5778-4db5-8583-64c487b58dcb,Completed,"Total: 299,00
Currency: SEK
Gateway: Stripe
Type: En gång
Mode: live
Transaction: pi_3R69FoLgKhr8jxDX0bF5fPU9
",,,,"Lat/Long: 57.7065, 11.967
Map: https://maps.google.com/maps?q=Gothenburg,Västra Götaland County&ll=57.7065,11.967&z=6&output=embed
Location: Gothenburg, Västra Götaland County
Postal: 414 61
Country: SE
","mars 24, 2025
- 12:17 - Referrer - https://www.google.se/
- 12:17 - Digibook – Publicering av digitala böcker - 2 sekunder - https://www.digibook.se/
"
Checked,"Johnny Boris",Karlsson,,,,,,,,"Liegatan 11 lgh1402",,72467,Västerås,,,,jonny.boris.karlsson@gmail.com,"3044 01 80058",Nordea,"Ultrarapidvovven & deckarpippin","Boken handlar om de två goda vännerna Sankt bernhardshunden Ultrarapidvovven och hackspetten deckarpippin.  Dom är mycket miljömedvetna och nyfikna. En dag så knackar det på dörren. Man hör obehagliga skrik från skogen och vissa parter är helt i mörker där även under dagen. Ska de goda vännerna lyckas lösa detta mysterium.",,,E-bok,,,,,"59-69 kr (t.ex. barnbok 0-3 år)",,,,,,,,,,,,,,,,,,,,,,,,,,,,,,,,,,,,,,,,,,,,,,,,,,,,,,,,,,,,,,,,,,,,,,,,,,,,,,,,,,,,"Skönlitteratur barn och ungdom: spänning och äventyr",,,,,"Skönlitteratur barn och ungdom: sagor, myter och legender",,,,,,,,,,,,,,,,,,,,,,,,,,,,,,,,,,,,,,,,https://www.digibook.se/wp-content/uploads/wpforms/3506-037327dcc1ba9acb4c2b4d1a0e70a3c0/Johnny-Boris-Karlsson-Ultrarapidvovven-deckarpippin-1274a230270a8ee79f1b1e9199b55500.docx,,,,"299,00 Kr","Digibook skapar e-boks-fil (EPUB) - 399,00 Kr",,,"698,00 Kr","JONNY KARLSSON
xxxx xxxx xxxx 6871
Visa",1320,"mars 23, 2025 15:45",,Completed,Yes,No,"Mozilla/5.0 (Windows NT 10.0; Win64; x64) AppleWebKit/537.36 (KHTML, like Gecko) Chrome/132.0.0.0 Safari/537.36 Avast/132.0.0.0",2a00:801:4b0:fb9d:8835:e7bc:73a8:d0cd,e4fc810d-2f06-4526-9bfd-069c53b6302f,Completed,"Total: 698,00
Currency: SEK
Gateway: Stripe
Type: En gång
Mode: live
Transaction: pi_3R5plCLgKhr8jxDX2myucP8P
",,,,"Lat/Long: 59.35, 17.9167
Map: https://maps.google.com/maps?q=Bromma,Stockholm County&ll=59.35,17.9167&z=6&output=embed
Location: Bromma, Stockholm County
Postal: 168 57
Country: SE
","mars 23, 2025
- 15:25 - Digibook – Publicering av digitala böcker - https://www.digibook.se/
"
Checked,"Johnny Boris",Karlsson,,,,,,,,"Liegatan 11 lgh1402",,72467,Västerås,,,,jonny.boris.karlsson@gmail.com,"3044 01 80058",Nordea,Paraply,"Paraply - Snurriga sagor och betraktelser 
av Johnny Boris Karlsson 

Titeln syftar på att författaren kanske har tagit sig vatten över huvudet men han har all anledning att vara nöjd. Det är en fin samling dikter och prosastycken med lek med tankar och ord och anspelningar till både det ena och det andra, sympatiskt och underfundigt skriven. Prosadikter som t ex Stör inte den hund som äter middag har en fin balans av vardagligt språk men med flyt och balans i meningarna som gör den extra slagfärdig som berättad historia. Andra guldkorn är:
Maskros eller ros
De gröna bladen
kan före mognad
tillredas som sallad
det mogna gula
kan bryggas vin av
maskros är också
en blomma
ibland en ros
(eller)
“Den som inte gör
en fluga förnär
behöver ej vara rädd
för spindeln”
(och)
“Om man inte kan 
släppa sina hämningar
kan man släppa sig hämningslöst”
(ur dikten Djupa insikter eller livet med en klackspark!)
Boken avslutas med Klassiskt sammandrag, minimalistiskt formade dikter inspirerade av andra sagor och berättelser:
“Elak var häxan
het var ugnen
syskonen vandrade
hand i hand
från pepparkakslandet” 

http://ombiblioteket.wordpress.com/							2009-01-21",,Ljudbok,,"Johnny Boris",Karlsson,,,"59-69 kr (t.ex. barnbok 0-3 år)",,,,,,,,,,,,,,,,,,,,,,,,,,,,Humor,,,,,,,,,,,,,,,,,,,,,,,,,,,,,,,,,,,,,,,,,"Citatsamlingar, ordspråk och aforismer",,,,,,,,,,,,,,,,,,,,,,,,,,,,,,,,,,,,,,,,,,,,,,,,,,,,,,,,,,,,https://www.digibook.se/wp-content/uploads/wpforms/3506-037327dcc1ba9acb4c2b4d1a0e70a3c0/Johnny-Boris-Karlsson-Paraply-5b2ff5c30880189884ffddcf5adc9d16.mp3,,,"I beskrivning av boken så har jag bifogat en bra recension med källhänvisning.  Ordnar ni också ISBN nummer?

Bästa hälsningar
/Jonny","299,00 Kr",,"Digibook skapar bokframsida - 299,00 Kr","Digibook konverterar dina MP3-filer till WAV-filer - 199,00 Kr","797,00 Kr","JONNY KARLSSON
xxxx xxxx xxxx 6871
Visa",1319,"mars 23, 2025 15:17",,Completed,Yes,No,"Mozilla/5.0 (Windows NT 10.0; Win64; x64) AppleWebKit/537.36 (KHTML, like Gecko) Chrome/132.0.0.0 Safari/537.36 Avast/132.0.0.0",2a00:801:4b0:fb9d:8835:e7bc:73a8:d0cd,e4fc810d-2f06-4526-9bfd-069c53b6302f,Completed,"Total: 797,00
Currency: SEK
Gateway: Stripe
Type: En gång
Mode: live
Transaction: pi_3R5pJwLgKhr8jxDX3BIW209Z
",,,,"Lat/Long: 59.35, 17.9167
Map: https://maps.google.com/maps?q=Bromma,Stockholm County&ll=59.35,17.9167&z=6&output=embed
Location: Bromma, Stockholm County
Postal: 168 57
Country: SE
","mars 22, 2025
- 11:05 - Skapa Wordfil – Digibook - https://www.digibook.se/skapa-wordfil/
- 23:54 - Digibook – Publicering av digitala böcker - 13 timmar - https://www.digibook.se/
mars 23, 2025
- 12:03 - Skapa Wordfil – Digibook - 12 timmar - https://www.digibook.se/skapa-wordfil/
- 13:38 - Digibook – Publicering av digitala böcker - 2 timmar - https://www.digibook.se/
"
Checked,Anna,Barnett,,,,,,,,"Trintendala Åkeslund 1",,34391,ÄLMHULT,,,,annavbarnett@gmail.com,7397-28-07953,"Sparbanken Skåne","Anna. Torvalds hustru. Mor till Bo.","Det är tidigt 1900-tal och unga Anna står vid ett vägskäl i livet. I en värld kantad av osäkerhet, personliga förluster och oförståelse söker hon förtvivlat efter sin egen identitet och sin egen framtid. Arbetet på café, och intresset för bakning, är Annas fasta punkt i livet. Hon påbörjar en vänskap med Dagmar som ger henne en inblick i den spirande kampen för kvinnors rättigheter och rösträtt. För första gången öppnas dörrar till nya möjligheter. Mitt i huvudstadens arbetarkvarter, under utmanande år av krig och matransonering, tvingas Anna kämpa för familjen och sina drömmar.
Anna. Torvalds hustru. Mor till Bo är en gripande historisk roman som tar läsaren med på en resa genom både personliga och politiska förändringar, kryddad med doften av tidstypiska bakverk!",,,E-bok,,,,"79-89 kr",,,,,,,,,,,,,,,,,,,,,,,,,,,"Historiska romaner",,,,,,,,,,,,,,,,,,,,,,,,,,,,,,,,,,,,,,,,,,,,,,,,,,,,,,,,,,,,,,,,,,,,,,,,,,,,,,,,,,,,,,,,,,,,,,,,,,,,,,,https://www.digibook.se/wp-content/uploads/wpforms/3506-037327dcc1ba9acb4c2b4d1a0e70a3c0/Torvalds-hustru.-Mor-till-Bo.-1-6ade7edfaaaac80693b894f4e10cf840.png,,,"Hej! Jag känner mig osäker på om jag har laddat upp både word-fil och bokframsida. När jag drog mina två filer till rutan fick jag meddelandet att man bara fick ladda upp en fil. De överskrider inte 256 MB tillsammans. Hör av er om någon av de två filerna fattas. Tack! Mvh Anna","299,00 Kr","Digibook skapar e-boks-fil (EPUB) - 399,00 Kr",,,"698,00 Kr","Anna Barnett
xxxx xxxx xxxx 0357
Mastercard",1318,"mars 23, 2025 06:55",,Completed,Yes,No,"Mozilla/5.0 (Windows NT 10.0; Win64; x64) AppleWebKit/537.36 (KHTML, like Gecko) Chrome/134.0.0.0 Safari/537.36",90.232.78.243,5630a596-9b4d-4fb8-8b9b-ae1bd89d9027,Completed,"Total: 698,00
Currency: SEK
Gateway: Stripe
Type: En gång
Mode: live
Transaction: pi_3R5hULLgKhr8jxDX0hBu6BOl
",,,,"Lat/Long: 57.6597, 12.123
Map: https://maps.google.com/maps?q=Mölnlycke,Västra Götaland County&ll=57.6597,12.123&z=6&output=embed
Location: Mölnlycke, Västra Götaland County
Postal: 435 39
Country: SE
","mars 17, 2025
- 06:11 - FAQ – Digibook - https://www.digibook.se/faq/
- 19:54 - Digibook – Publicering av digitala böcker - 14 timmar - https://www.digibook.se/
- 19:54 - Portfolio – Digibook - 15 sekunder - https://www.digibook.se/portfolio/
- 19:57 - Digibook – Publicering av digitala böcker - 4 minuter - https://www.digibook.se/
mars 19, 2025
- 17:41 - Skapa Wordfil – Digibook - 2 dagar - https://www.digibook.se/skapa-wordfil/
- 18:46 - Ljudboksinspelning – Digibook - 1 timme - https://www.digibook.se/ljudboksinspelning/
- 19:04 - AI inläsning – Digibook - 18 minuter - https://www.digibook.se/ai-inlasning/
- 19:05 - FAQ – Digibook - 31 sekunder - https://www.digibook.se/faq/
- 19:05 - Marknadsföringstips – Digibook - 32 sekunder - https://www.digibook.se/marknadsforingstips/
mars 22, 2025
- 07:21 - Digibook – Publicering av digitala böcker - 3 dagar - https://www.digibook.se/
"
Checked,Ann,Ying,,,,,,,,"Rönnängs brygga 8b",,Rönnäng,Rönnäng,,,,anne.mozart@hotmail.com,8353538225363,"Swedbank Orusts sparbank","Mysteriet med krabbans prickar","Krabban Sofrids alla krabbsyskon börjar plötsligt att få vita kliande prickar över hela kroppen. Inom kort blir alla väldigt sjuka. krabban Solfrid är den som är minst drabbad och måste därför hämta hjälp! Ska havets varelser tillsammans kunna bota de sjuka krabborna?",,,E-bok,,,,,"59-69 kr (t.ex. barnbok 0-3 år)",,,,,,"Från 3 år",,,,,,,,,,,,Fantasy,,,,,,,,,,,,,,,,,,,,,,,,,,,,,,,,,,,,,,,,,,,,,,,,,,,,,,,,,,,,,,,,,,,,,,,,,,,,,,,,,,,,,,,,,,,,,,,,,,,,,,,,,,,,,,,,"Markera detta val så vi kan matcha ditt formulär med filerna från Sprend. Ange titelns namn i Sprends meddelanderuta. ",,"""Mysteriet med krabbans prickar"" insända via Sprend.","299,00 Kr",,,,"299,00 Kr","Orust sparbank Ann Ying
xxxx xxxx xxxx 2916
Mastercard",1317,"mars 21, 2025 17:03",,Completed,Yes,No,"Mozilla/5.0 (Windows NT 10.0; Win64; x64) AppleWebKit/537.36 (KHTML, like Gecko) Chrome/134.0.0.0 Safari/537.36 Edg/134.0.0.0",90.227.87.66,3282172a-5778-4db5-8583-64c487b58dcb,Completed,"Total: 299,00
Currency: SEK
Gateway: Stripe
Type: En gång
Mode: live
Transaction: pi_3R582TLgKhr8jxDX0ferv9Pp
",,,,"Lat/Long: 57.7065, 11.967
Map: https://maps.google.com/maps?q=Gothenburg,Västra Götaland County&ll=57.7065,11.967&z=6&output=embed
Location: Gothenburg, Västra Götaland County
Postal: 414 61
Country: SE
","mars 19, 2025
- 09:46 - Digibook – Publicering av digitala böcker - https://www.digibook.se/#Sec3
- 10:32 - Digibook – Publicering av digitala böcker - 46 minuter - https://www.digibook.se/
- 10:33 - Marknadsföringstips – Digibook - 39 sekunder - https://www.digibook.se/marknadsforingstips/
- 10:33 - Författarsida: Sven Svensson – Digibook - 7 sekunder - https://www.digibook.se/forfattarsida-sven-svensson/
- 10:34 - Beställ författarsida – Digibook - 41 sekunder - https://www.digibook.se/bestall-forfattarsida/
- 10:34 - Recensionsexemplar – Digibook - 16 sekunder - https://www.digibook.se/recensionsexemplar/
- 21:16 - Digibook – Publicering av digitala böcker - 11 timmar - https://www.digibook.se/#Sec3
mars 21, 2025
- 16:48 - Digibook – Publicering av digitala böcker - 2 dagar - https://www.digibook.se/
"
Checked,Jenny,Hansson,,,,,,,,"Lyckhemsgatan 45",,"462 37",Vänersborg,,,"Midgårdsormen lektörstjänst",jenny.violet.hansson@gmail.com,9710-3069559,"Lunar bank","Salta havsvindar och brustna hjärtan","När Ingrids blivande man överger henne innan det stundande bröllopet, som hon planerat i månader, rasar allt samman. För att hon ska få något annat att tänka på bjuder bäste vännen Hannes in henne på en sommarsemester till Gotland dit han ska åka tillsammans med deras tidigare ungdomskamrater Alex och Ludvig. Kvartetten splittrades efter gymnasiet då Ingrid och Alex bröt upp ett förhållande. Fast redan tidigt står det klart att Alex inte har glömt gamla oförrätter. Dessutom visar det sig snart att Ingrids relation till de andra två männen också kommer att utsätta henne för hårda prövningar då nygamla känslor åter väcks till liv.

Salta havsvindar och brustna hjärtan är en härlig, romantisk och lite knasig feelgoodroman som utspelar sig sommartid på underbara Gotland. Vänskap, relationer och kärlek är viktiga ingredienser. Men det är också en berättelse om att hitta sig själv efter ett omskakande uppbrott.

Jenny Hansson är författare, skrivcoach och lektör från Vänersborg. Hennes debutroman Mytomanen på Madeira utkom 2022. Sedan dess har hon bland annat publicerat ytterligare ett antal romantiska feelgoodromaner, temat kan vara allvarligt men Jennys signum är den humoristiska undertonen som allt som oftast är vass och pricksäker.",,,E-bok,,,,"79-89 kr",,,,,,,,,,,,,,,,,,,,,,,,,,,,,,,,,,,,,,,,,,,,,,,,,,,,,,,,,,,,,,,,,Feelgood,Romance,,,,,,,,,,,,,,,,,,,,,,,,,,,,,,,,,,,,,,,,,,,,,,,,,,,,,,,,,,,,,,,,https://www.digibook.se/wp-content/uploads/wpforms/3506-037327dcc1ba9acb4c2b4d1a0e70a3c0/Salta-havsvindar-och-brustna-hjartan-omslag-ebook-c7b8ad1ce5e1bd92f51853db942f7048.jpg,"Markera detta val så vi kan matcha ditt formulär med filerna från Sprend. Ange titelns namn i Sprends meddelanderuta. ",,"Önskar att boken läggs upp med serienamn: Brustna hjärtan (del 1).

I uppladdningen ovan fick jag felmeddelande för att epub-fil inte accepterades, både den och omslag kommer därför också via Sprend. Hör av er om detta inte skulle funka.","299,00 Kr",,,,"299,00 Kr","Jenny Hansson
xxxx xxxx xxxx 9898
Visa",1315,"mars 20, 2025 10:13",,Completed,Yes,No,"Mozilla/5.0 (Windows NT 10.0; Win64; x64) AppleWebKit/537.36 (KHTML, like Gecko) Chrome/134.0.0.0 Safari/537.36",109.228.129.102,70984e6d-0a94-4cde-8a36-68b7e0d0fdcd,Completed,"Total: 299,00
Currency: SEK
Gateway: Stripe
Type: En gång
Mode: live
Transaction: pi_3R4f9SLgKhr8jxDX24jbfkrS
",,,,"Lat/Long: 58.3807, 12.3234
Map: https://maps.google.com/maps?q=Vänersborg,Västra Götaland County&ll=58.3807,12.3234&z=6&output=embed
Location: Vänersborg, Västra Götaland County
Postal: 462 35
Country: SE
","oktober 13, 2024
- 12:07 - Referrer - https://www.google.com/
- 12:07 - Digibook – Publicering av digitala böcker - 2 sekunder - https://www.digibook.se/
- 12:08 - Beställ författarsida – Digibook - 37 sekunder - https://www.digibook.se/bestall-forfattarsida/
- 12:08 - Marknadsföringstips – Digibook - 15 sekunder - https://www.digibook.se/marknadsforingstips/
- 12:08 - Recensionsexemplar – Digibook - 25 sekunder - https://www.digibook.se/recensionsexemplar/
januari 17, 2025
- 15:19 - Digibook – Publicering av digitala böcker - 3 månader - https://www.digibook.se/
- 15:20 - Skapa Wordfil – Digibook - 57 sekunder - https://www.digibook.se/skapa-wordfil/
- 15:21 - Digibook – Publicering av digitala böcker - 51 sekunder - https://www.digibook.se/
- 16:27 - Portfolio – Digibook - 1 timme - https://www.digibook.se/portfolio/
januari 19, 2025
- 20:18 - Digibook – Publicering av digitala böcker - 2 dagar - https://www.digibook.se/
januari 30, 2025
- 20:26 - FAQ – Digibook - 2 veckor - https://www.digibook.se/faq/
- 20:27 - Marknadsföringstips – Digibook - 33 sekunder - https://www.digibook.se/marknadsforingstips/
- 20:27 - Recensionsexemplar – Digibook - 30 sekunder - https://www.digibook.se/recensionsexemplar/
- 20:28 - AI inläsning – Digibook - 1 minut - https://www.digibook.se/ai-inlasning/
- 20:29 - Ljudboksinspelning – Digibook - 15 sekunder - https://www.digibook.se/ljudboksinspelning/
februari 1, 2025
- 09:52 - Digibook – Publicering av digitala böcker - 2 dagar - https://www.digibook.se/
- 09:52 - Kontakta oss – Digibook - 6 sekunder - https://www.digibook.se/kontakta-oss/
- 09:52 - FAQ – Digibook - 7 sekunder - https://www.digibook.se/faq/
- 09:52 - Digibook – Publicering av digitala böcker - 10 sekunder - https://www.digibook.se/
- 09:53 - FAQ – Digibook - 13 sekunder - https://www.digibook.se/faq/
- 09:59 - Digibook – Publicering av digitala böcker - 7 minuter - https://www.digibook.se/
- 10:00 - Kontakta oss – Digibook - 13 sekunder - https://www.digibook.se/kontakta-oss/
- 10:00 - Om Digibook – Digibook - 35 sekunder - https://www.digibook.se/om-digibook/
februari 2, 2025
- 19:44 - Beställ författarsida – Digibook - 1 dag - https://www.digibook.se/bestall-forfattarsida/
mars 11, 2025
- 09:11 - Digibook – Publicering av digitala böcker - 1 månad - https://www.digibook.se/
- 09:13 - Bokförlag – Digibook - 2 minuter - https://www.digibook.se/bokforlag/
- 09:16 - Digibook – Publicering av digitala böcker - 3 minuter - https://www.digibook.se/
mars 20, 2025
- 09:20 - Digibook – Publicering av digitala böcker - 1 vecka - https://www.digibook.se/#Sec3
"
Checked,Lovis,Kvickrot,,,,,Checked,Olof,Aronsson,"Centrumgatan 11",,54330,Tibro,,,8183,natmaklarna@gmail.com,,,"Garizimoff bok 1","Uppdatering och publicering av den.  Tack för ert tålamod",,,E-bok,,,"119-129 kr",,,,,,,,,,,,,,,,,,,,,,,,,,,,"Historiska romaner",,,,,,,,,,,,,,,,,,,,,,,,,,,,,,,,,,,,,,,,,,,,,,,,,,,,,,,,,,,,,,,,,,,,,,,,,,,,,,,,,,,,,,,,,,,,,,,,,,,,,,,,,,,"299,00 Kr","Digibook skapar e-boks-fil (EPUB) - 399,00 Kr",,,"698,00 Kr","Olof Aronsson
xxxx xxxx xxxx 2620
Visa",1314,"mars 20, 2025 10:06",,Completed,Yes,No,"Mozilla/5.0 (Windows NT 10.0; Win64; x64) AppleWebKit/537.36 (KHTML, like Gecko) Chrome/134.0.0.0 Safari/537.36",90.227.75.200,23c3fc96-1160-4926-88a5-c409642ba465,Completed,"Total: 698,00
Currency: SEK
Gateway: Stripe
Type: En gång
Mode: live
Transaction: pi_3R4f2yLgKhr8jxDX2cw24vUn
",,,,"Lat/Long: 58.525, 13.4813
Map: https://maps.google.com/maps?q=Götene,Västra Götaland County&ll=58.525,13.4813&z=6&output=embed
Location: Götene, Västra Götaland County
Postal: 533 97
Country: SE
","februari 19, 2025
- 13:12 - Digibook – Publicering av digitala böcker - https://www.digibook.se/
- 13:12 - Skapa Wordfil – Digibook - 11 sekunder - https://www.digibook.se/skapa-wordfil/
mars 20, 2025
- 09:17 - Digibook – Publicering av digitala böcker - 4 veckor - https://www.digibook.se/
- 09:17 - FAQ – Digibook - 12 sekunder - https://www.digibook.se/faq/
- 09:17 - Marknadsföringstips – Digibook - 13 sekunder - https://www.digibook.se/marknadsforingstips/
- 09:32 - Digibook – Publicering av digitala böcker - 14 minuter - https://www.digibook.se/
"
Checked,Elisabet,Tornberg,,,,,,,,"Knud Dahls gata 12",,65232,Karlstad,,,,elisabet.tornberg@hotmail.com,"6801 637 340 078",Handelsbanken,"Våga skapa från hjärtat","Våga skapa från hjärtat innehåller 21 dikter av Elisabet Tornberg. 

Att utrycka glädje och sorg, hopp och tro är en del av det verkliga livet och att finna ord som berör och delar känslor med andra, är en ynnest.
Att våga gå utanför vardagslivets komfortzon och skriva ner orden, rimmen och rytmen på papper, det är mäktigt när man väl gjort det.

VÅGA är nyckeln och Elisabet Tornberg önskar att fler får möjligheten att våga och uppleva.

Läs, lyssna, känn in rytmen, melodin och ordens musik. Reflektera och följ övningarna. Ni kanske åstadkommer egen magi, alldeles själva.

Boken innehåller 21 dikter med olika rytm, rim och melodi. Några går i dur och andra i moll och någon kanske klingar orytmiskt. Men det är så det ska vara för att skapa en känsla som går utanför orden, av det gemensamma och mänskliga som vi alla är en del av.
Dikterna är uppdelade i Kärlek, Sorg, Tro och Hopp och förhoppningsvis ska någon tala direkt till dig och ditt hjärta. 
Våga skapa med hjärtat är bok nummer 2 och i samma anda som första boken Våga leda med hjärtat.",,,E-bok,,,,,"59-69 kr (t.ex. barnbok 0-3 år)",,,,,,,,,,,"Ande, kropp och själ",,,,,,,,,,,,,,,,,,,,,,,,,,,,,,,"Religion och tro",,,,,,,,Poesi,,,,,Noveller,,,,,,,,,,,,,,,,,,,,"Populärpsykologi och personlig utveckling",,,,,,,,,,,,,,,,,,,,,,,,,,,,,,,,,,,,,,,,,,,,,,,,,,,,,,https://www.digibook.se/wp-content/uploads/wpforms/3506-037327dcc1ba9acb4c2b4d1a0e70a3c0/Vaga-skapa-fran-hjartat_med-omslag_inskickat-356fc067c447963e55d6b33f11d1445c.docx,,,"Hej, *jag kommer ladda upp ljudboken separat men önskar samma publiceringsdatum. Ljudboken laddas upp senast 24/3.
*Önskar två kategorier som ej finns valbara nämligen, Poesi samt Noveller, poesi och drama (dessa finns t.ex. i Bookbeat).
*På sidan 2 har jag lagt in E-bok ISBN:xxxxx, kan ni lägga in korrekt ISNB nummer? 
*Har även lagt in Format:EPUB- vill bara kolla så att det är korrekt uppfattat?
*Har lagt in bokframsidan i word och hoppas att det funkar, om ej så får ni gärna höra av er.
*Behöver jag betala 299 kr en gång till om jag laddar upp ljudfilen separat?","299,00 Kr","Digibook skapar e-boks-fil (EPUB) - 399,00 Kr",,,"698,00 Kr","Elisabet Tornberg
xxxx xxxx xxxx 9193
Mastercard",1312,"mars 19, 2025 10:40",,Completed,Yes,No,"Mozilla/5.0 (Macintosh; Intel Mac OS X 10_15_7) AppleWebKit/605.1.15 (KHTML, like Gecko) Version/17.6 Safari/605.1.15",83.255.46.20,d877a38d-61fe-4ed4-83b6-543f97ec9078,Processed,"Total: 698,00
Currency: SEK
Gateway: Stripe
Type: En gång
Mode: live
Transaction: pi_3R4J63LgKhr8jxDX3cs10V4D
",,,,"Lat/Long: 59.3784, 13.5123
Map: https://maps.google.com/maps?q=Karlstad,Värmland County&ll=59.3784,13.5123&z=6&output=embed
Location: Karlstad, Värmland County
Postal: 652 19
Country: SE
","mars 19, 2025
- 09:56 - Skapa Wordfil – Digibook - https://www.digibook.se/skapa-wordfil/
"
Checked,Ann,Ying,,,,,,,,"Rönnängs brygga 8b",,Rönnäng,Rönnäng,,,,anne.mozart@hotmail.com,8353538225363,"Swedbank Orusts sparbank","Mysteriet med de försvunna maneterna","Plöstligt en dag är alla maneter i havet försvunna! Privatdetektiv Bella Bellasson, som är en hund, åtar sig uppdraget att hitta maneterna. I sitt sökande efter maneterna engageras många varelser som bor i havet. Ska alla dessa varelser tillsammans lyckat att lösa mysteriet med att finna de försvunna maneterna?",,,E-bok,,,,,"59-69 kr (t.ex. barnbok 0-3 år)",,,,,,"Från 3 år",,,,,,,,,,,,Fantasy,,,,,,,,,,,,,,,,,,,,,,,,,,,,,,,,,,,,,,,,,,,,,,,,,,,,,,,,,,,,,,,,,,,,,,,,,,,,,,,,,,,,,,,,,,,,,,,,,,,,,,,,,,,,,,,,"Markera detta val så vi kan matcha ditt formulär med filerna från Sprend. Ange titelns namn i Sprends meddelanderuta. ",,"Mysteriet med de försvunna maneterna av Ann Ying skickas via Sprend.","299,00 Kr",,,,"299,00 Kr","Orust sparbank Ann Ying
xxxx xxxx xxxx 2916
Mastercard",1311,"mars 18, 2025 19:53",,Completed,Yes,No,"Mozilla/5.0 (Windows NT 10.0; Win64; x64) AppleWebKit/537.36 (KHTML, like Gecko) Chrome/134.0.0.0 Safari/537.36 Edg/134.0.0.0",90.227.87.66,3282172a-5778-4db5-8583-64c487b58dcb,Completed,"Total: 299,00
Currency: SEK
Gateway: Stripe
Type: En gång
Mode: live
Transaction: pi_3R45FkLgKhr8jxDX2zaBfmr1
",,,,"Lat/Long: 57.7065, 11.967
Map: https://maps.google.com/maps?q=Gothenburg,Västra Götaland County&ll=57.7065,11.967&z=6&output=embed
Location: Gothenburg, Västra Götaland County
Postal: 414 61
Country: SE
","mars 16, 2025
- 19:28 - Referrer - https://www.google.se/
- 19:28 - Digibook – Publicering av digitala böcker - 2 sekunder - https://www.digibook.se/
"
Checked,Ann,Ying,,,,,,,,"Rönnängs brygga 8b",,Rönnäng,Rönnäng,,,,anne.mozart@hotmail.com,8353538225363,"Swedbank Orusts sparbank",Havsmysteriet,"Mystiska saker händer i havet! Okända föremål faller genom vattnet och fastnar på huvudet på flera av havets varelser. Ska Bläckfisken och Mona Manet tillsammans med de Vänliga Växterna lyckas lösa gåtan med de okända föremålen?",,,E-bok,,,,,"59-69 kr (t.ex. barnbok 0-3 år)",,,,,,"Från 3 år",,,,,,,,,,,,,,,,,,,,,,,,,,,,,,,,,,,,,,,,,,,,,,,,,,,,,,,,,,,,,,,,,,,,,,,,,,,,,,,,,,,,,,,,,,,,,,,,,,,,,,,,,,,,,,,,,,,,,,,,,,,,"Markera detta val så vi kan matcha ditt formulär med filerna från Sprend. Ange titelns namn i Sprends meddelanderuta. ",,"Havsmysteriet inskickat via Sprend","299,00 Kr",,,,"299,00 Kr","Orust sparbank Ann Ying
xxxx xxxx xxxx 2916
Mastercard",1308,"mars 16, 2025 20:00",,Completed,Yes,No,"Mozilla/5.0 (Windows NT 10.0; Win64; x64) AppleWebKit/537.36 (KHTML, like Gecko) Chrome/134.0.0.0 Safari/537.36 Edg/134.0.0.0",90.227.87.66,3282172a-5778-4db5-8583-64c487b58dcb,Completed,"Total: 299,00
Currency: SEK
Gateway: Stripe
Type: En gång
Mode: live
Transaction: pi_3R3MQBLgKhr8jxDX2tReVNOf
",,,,"Lat/Long: 57.7065, 11.967
Map: https://maps.google.com/maps?q=Gothenburg,Västra Götaland County&ll=57.7065,11.967&z=6&output=embed
Location: Gothenburg, Västra Götaland County
Postal: 414 61
Country: SE
","mars 16, 2025
- 19:28 - Referrer - https://www.google.se/
- 19:28 - Digibook – Publicering av digitala böcker - 2 sekunder - https://www.digibook.se/
"
Checked,Anders,Karlsson,,,,,,,,"Gunneråsvägen 8",,79250,Mora,,,Merconda,anders@merconda.se,9060.41.639.91,Länsförsäkringar,"100 tips för bättre bilder med din mobil","100 tips för att ta bättre bilder med din mobil, handlar om hur du kan utveckla dina färdigheter.

Dagens mobilkameror tar oftast bilder med högre kvalitet än de gamla analoga kamerorna. I boken lär du dig hur du ska bemästra din mobil och få bilder som blir som du tänkt dig.

I drygt 50 år har författaren hållit på med fotografering. Från det att han fick sin första kamera, en Kodak Instamatic 126 vid 11 års ålder. Sedan 1986 har han jobbat som professionell fotograf.

I boken får du 100 handfasta tips som gör dig till en mästerfotograf.",,,E-bok,,,,"79-89 kr",,,,,,,,,,,,,,,,,,,,,,,,,,,,,,,,,,,,,,,,,,,,,"Självhjälp och praktiska råd",,,,,,,,,,,,,,,,,,,,,,,,,,,"Teknik, ingenjörsvetenskap, lantbruk och industri",,,,,,,,,,,,,,,,,,,,,,,,,,,,,,,,,,,,,,,,Läromedel,,,"Lättläst för vuxna",,,,,,,,,,,,,,,https://www.digibook.se/wp-content/uploads/wpforms/3506-037327dcc1ba9acb4c2b4d1a0e70a3c0/100-tips-for-battre-bilder-med-din-mobil-30c9e8bb1d04fc5d0804ca8f8e3d7291.pdf,"Markera detta val så vi kan matcha ditt formulär med filerna från Sprend. Ange titelns namn i Sprends meddelanderuta. ",,"Har skalat bort linjer och annat, så nu är det bara text och bilder. Har skapat länk för materialet vi sprend. Av någon anledning var framsidan för stor i formuläret här, trots att den inte överskred 256 mb.

https://sprend.com/download?C=97aedb8d72424439b4f070d44b97764b","299,00 Kr","Digibook skapar e-boks-fil (EPUB) - 399,00 Kr",,,"698,00 Kr","Anders Karlsson
xxxx xxxx xxxx 8178
Mastercard",1307,"mars 16, 2025 13:26",,Completed,Yes,No,"Mozilla/5.0 (Windows NT 10.0; Win64; x64) AppleWebKit/537.36 (KHTML, like Gecko) Chrome/131.0.0.0 Safari/537.36",2a02:1406:18b:81b6:bab2:ef79:d391:401,b6959426-de49-4492-af54-f125a30dc839,Completed,"Total: 698,00
Currency: SEK
Gateway: Stripe
Type: En gång
Mode: live
Transaction: pi_3R3GFlLgKhr8jxDX1QgHIwuR
",,,,"Lat/Long: 59.3996, 17.9484
Map: https://maps.google.com/maps?q=Kista,Stockholm County&ll=59.3996,17.9484&z=6&output=embed
Location: Kista, Stockholm County
Postal: 164 55
Country: SE
","mars 15, 2025
- 11:01 - Kontakta oss – Digibook - https://www.digibook.se/kontakta-oss/
- 11:13 - FAQ – Digibook - 12 minuter - https://www.digibook.se/faq/
mars 16, 2025
- 12:08 - Digibook – Publicering av digitala böcker - 1 dag - https://www.digibook.se/
"
Checked,Karin,"Elffors Skogkär",,,,,,,,"Knutstorpsgatan 107",,21622,Limhamn,,,,karinelffors@hotmail.com,"6761 412 888 491",Handelsbanken,"Arbetsförnedringen och jag – Ett drama i tre faser","Jag är en före detta sfi-lärare som två månader före min 64-årsdag sitter i skolbänken och tittar på en annan sfi-lärares YouTube-kanal och får lära mig att inte ha keps och att inte tugga tuggummi under en anställningsintervju.

När jag var 60 år kunde jag inte längre fortsätta att jobba som lärare på grund av en grav hörselskada, så jag blev arbetslös. Att hitta ett nytt jobb var inte realistiskt och det var för tidigt att gå i pension. Som så många andra blev jag då föremål för det som kallas arbetsmarknadspolitiska åtgärder.

Mina förväntningar var inte höga. Men att jag som arbetslös skulle få vara med om så mycket rena stolligheter var jag ändå inte beredd på. Det värsta var att det som jag först tyckte var bisarrt, efterhand blev något normalt.

Räddningen för mig blev att skriva om mina upplevelser. Först skrev jag mest för att det var ett sätt att behålla mitt förnuft och min värdighet, men efterhand också för att jag ville nå ut med min berättelse. Jag vill att andra ska veta, tycker att andra har rätt att veta.

Karin Elffors Skogkär",,,E-bok,,,,,,"39-49 kr (t.ex. längre novell eller kortare roman)",,,,,,,,,,,,,,,,,,,,,,,,,,,,,,,,,,,,,,,,,,,,,,,"Biografi och prosa (ej fiktion)","Personliga berättelser",,,,,,,,,,,,,,,,,,,,,,,,,,,,,,,,,,,,,,,,,,,,,,,,,,,,,,,,,,,,,,,,,,,,,,,,,,,,,,,,https://www.digibook.se/wp-content/uploads/wpforms/3506-037327dcc1ba9acb4c2b4d1a0e70a3c0/Arbetsfornedringen-och-jag-Ett-drama-i-tre-faser-6-3a9e2bdf407c2e86cc1cdb5a99ee7d9e.pdf,,,,"299,00 Kr","Digibook skapar e-boks-fil (EPUB) - 399,00 Kr","Digibook skapar bokframsida - 299,00 Kr",,"997,00 Kr","Karin Elffors Skogkär
xxxx xxxx xxxx 5194
Mastercard",1306,"mars 15, 2025 10:42",,Completed,Yes,No,"Mozilla/5.0 (Macintosh; Intel Mac OS X 10_15_7) AppleWebKit/537.36 (KHTML, like Gecko) Chrome/131.0.0.0 Safari/537.36",98.128.181.160,538089eb-77a3-4f0c-aa6a-7730cb82c1af,Completed,"Total: 997,00
Currency: SEK
Gateway: Stripe
Type: En gång
Mode: live
Transaction: pi_3R2rDcLgKhr8jxDX2fmBCBM2
",,,,"Lat/Long: 55.6078, 12.9982
Map: https://maps.google.com/maps?q=Malmo,Skåne County&ll=55.6078,12.9982&z=6&output=embed
Location: Malmo, Skåne County
Postal: 217 61
Country: SE
","mars 14, 2025
- 17:37 - Skapa Wordfil – Digibook - https://www.digibook.se/skapa-wordfil/
mars 15, 2025
- 10:09 - Digibook – Publicering av digitala böcker - 17 timmar - https://www.digibook.se/
- 10:10 - Skapa Wordfil – Digibook - 6 sekunder - https://www.digibook.se/skapa-wordfil/
- 10:10 - Digibook – Publicering av digitala böcker - 8 sekunder - https://www.digibook.se/
- 10:10 - Skapa Wordfil – Digibook - 7 sekunder - https://www.digibook.se/skapa-wordfil/
- 10:10 - Digibook – Publicering av digitala böcker - 37 sekunder - https://www.digibook.se/
- 10:14 - Skapa Wordfil – Digibook - 3 minuter - https://www.digibook.se/skapa-wordfil/
- 10:16 - Digibook – Publicering av digitala böcker - 2 minuter - https://www.digibook.se/
"
Checked,Lolo,"Tode Palm",,,,,,,,"Vinschgatan 12",,46255,Vänersborg,,,,lolo.tode_palm@hotmail.com,"3120 2286100",Nordea,"I kärlek och Sorg","En gråmulen onsdag i januari sitter Lolo och Uno i ett läkarrum på urologen vid Uddevalla sjukhus. ”Om det är så att ni planerat att göra något när ni går i pension, då ska ni sluta planera och göra det nu”, säger den allvarliga överläkaren och visar en röntgenbild på Unos skelett. Cancern i prostatan har bildat metastaser och svaret ger inget utrymme för misstolkning.

I kärlek och sorg är journalisten Lolo Tode Palms berättelse om hennes och maken Unos gemensamma resa mot det oundvikliga slutet. Vi får följa paret från dagen efter trettondagen 2015, när Uno får sitt cancer­besked, till att han går bort i sjukdomen i september tre år senare.

Berättelsen – som varvas med dagboksanteckningar skrivna av Lolo under hela perioden – är en innerlig och uppriktig skildring av hur det är att som livskamrat till en dödssjuk kastas mellan hopp och för­tvivlan, glädje och sorg. Samtidigt som Lolo vill vara stark och slåss för att Uno ska få bästa möjliga vård och kunna leva så länge som möjligt pockar frågorna om nuet och framtiden på: Hur ska jag klara det här? Vad ska hända med mig sen?


Överskottet går till Prostatacancerförbundet","March 31, 2025",Ljudbok,E-bok,Lolo,"Tode Palm","119-129 kr",,,,,,,,,,,,,,,,,,,"Familj och hälsa",,,,,,,,,,,,,,,,,,,,,"Medicin och omvårdnad",,,,,,,,,,,,,,,,,,,,,,,,,,,,,,,,,,,,,,,,,,,,,,,,,,,,,,,,,,,,,,,,,,,,,,,,,,,,,,,,,,,,,,,,,,,,,,"Hej - jag saknar kategorin sorg--
Jag är inte säker på om priset 119-129 är rätt....

Bäst vore om jag kan ladda upp ebok, ljudbok och omslagsbilder i doppbox","299,00 Kr",,,,"299,00 Kr","Lolo Tode Palm
xxxx xxxx xxxx 5416
Visa",1304,"mars 11, 2025 16:12",,Completed,Yes,No,"Mozilla/5.0 (Windows NT 10.0; Win64; x64) AppleWebKit/537.36 (KHTML, like Gecko) Chrome/134.0.0.0 Safari/537.36",2001:9b0:25f:d400:295e:ac46:44b2:2ea4,4d7038ca-f3ac-4a94-a311-aa6bbe53f43b,Completed,"Total: 299,00
Currency: SEK
Gateway: Stripe
Type: En gång
Mode: live
Transaction: pi_3R1UShLgKhr8jxDX33TSoOUX
",,,,"Lat/Long: 57.7065, 11.967
Map: https://maps.google.com/maps?q=Gothenburg,Västra Götaland County&ll=57.7065,11.967&z=6&output=embed
Location: Gothenburg, Västra Götaland County
Postal: 417 47
Country: SE
",
Checked,Elisa,Lundin,,,,,,,,"Sveavägen 16A",,81140,Sandviken,,,,elisalundin@yahoo.com,9023.99.114.68,Länsförsäkringar,"Train Trips: Semester med tåg i Sverige, Norge, Finland & Danmark","Den här boken är skräddarsydd för dig! Oavsett om du är nyfiken på att utforska de spännande gränstrakterna mellan Sverige och Finland, längtar efter en lyxig stadsresa med första klass-biljetter och fina hotell eller drömmer om midnattssol och fjälläventyr – här finner du 
verktygen för att skapa just din drömsemester på räls!

Efter 11 års resande har jag handplockat mina bästa guldkorn och kombinerat det med inspirerande uppdaterat material. I den här fullmatade boken hittar du färdiga rundturer, förslag på utflykter och handfasta tips. Boken avrundas med en exposé över det aktuella ämnet hållbar turism och hur du kan göra medvetna val. Så, är du redo att åka? Låt oss tågsemestra!",,,E-bok,,,,"79-89 kr",,,,,,,,,,,,,,,,,,,,,,,,,,,,,,,,,,,,,,,,,,,,"Resekartor och reseatlaser",,,,,,,,,,,,,,,,,,,,,,,,,,,,,,,,,,,,"Resor och platser",,,,,,,,,,,,,,,,,,,,,,,,,,,,,,,,,,,,,,,,,,,,,,,,,,,,,"Tacksam för att ni ordnar en mer professionell framsida. Jag har en framsida nu, det är första sidan i filen. Den är bara med för att illustrera lite hur jag tänker mig framsidan.
Fråga: är priset man ska ange ovan med eller utan moms?","299,00 Kr","Digibook skapar e-boks-fil (EPUB) - 399,00 Kr","Digibook skapar bokframsida - 299,00 Kr",,"997,00 Kr","Elisa Lundin
xxxx xxxx xxxx 5612
Mastercard",1301,"mars 5, 2025 19:21",,Completed,Yes,No,"Mozilla/5.0 (Windows NT 10.0; Win64; x64) AppleWebKit/537.36 (KHTML, like Gecko) Chrome/133.0.0.0 Safari/537.36 Edg/133.0.0.0",2a02:1406:124:eb3f:2058:fc1a:9d5e:193,e406c3ca-b0b1-4ebe-a3ad-1bcc98bf898f,Completed,"Total: 997,00
Currency: SEK
Gateway: Stripe
Type: En gång
Mode: live
Transaction: pi_3QzMYkLgKhr8jxDX1aQktMns
",,,,"Lat/Long: 59.3274, 18.0653
Map: https://maps.google.com/maps?q=Stockholm,Stockholm County&ll=59.3274,18.0653&z=6&output=embed
Location: Stockholm, Stockholm County
Postal: 112 78
Country: SE
",
Checked,Pehr-Åke,Pettersson,,,,,Checked,Åke,Pettersson,"Lindeväg 7a",,62143,Visby,,,,akepettersson799@gmail.com,9025.72.818.45,Länsförsäkringar,"MOR KOMMER HEM","För folk i karriären som flyttar mycket kan det vara svårt att släpa med sig en familj dit jobbet kräver. Det ska ordnas med bostad, skola eller förskola åt barn, partnern kanske ska jobb där också. Boken handlar om hur det skulle kunna bli:
 I framtiden kommer det här att kunna ordnas enkelt genom att man i stället hyr sig en familj på orten där man ska jobba för den tid det gäller. Man får då allt vad ett familjeliv erbjuder av bra bostad, all markservice och sexuell service, umgänge med barn och husdjur m.m. När jobbet är klart drar man vidare, och familjen skaffar en annan hyresgäst.
 Systemet är mycket förnuftigt och väl ordnat och organiserat, och fungerar ganska bra. Så länge det inte kommer för mycket känslor med i bilden...",,,E-bok,,,,"79-89 kr",,,,,,,,,,,,,,,,,,,,,,,,,,,,,,,,,,,,,,,,,,,,,,,,,,,,,,"Modern och samtida skönlitteratur",,,,,,,,,,,Feelgood,,,,,,,,,,,,,,,,,,,,,,,,,,,,,,,,,,,,,,,,,,,,,,,,,,,,,,,,,,,,,,,,,https://www.digibook.se/wp-content/uploads/wpforms/3506-037327dcc1ba9acb4c2b4d1a0e70a3c0/MOR-KOMMER-HEM-7d9be81c51eef417782add8462fa3e62.docx,,,"Jag behöver en pseudonym eftersom det redan finns en författare med samma namn som jag.","299,00 Kr","Digibook skapar e-boks-fil (EPUB) - 399,00 Kr","Digibook skapar bokframsida - 299,00 Kr",,"997,00 Kr","Åke Pettersson
xxxx xxxx xxxx 0639
Mastercard",1300,"mars 5, 2025 11:19",,Completed,Yes,No,"Mozilla/5.0 (Windows NT 10.0; Win64; x64) AppleWebKit/537.36 (KHTML, like Gecko) Chrome/133.0.0.0 Safari/537.36 Edg/133.0.0.0",185.228.246.223,1258d711-f3cb-4cc2-9ba5-f1545f908870,Completed,"Total: 997,00
Currency: SEK
Gateway: Stripe
Type: En gång
Mode: live
Transaction: pi_3QzF26LgKhr8jxDX3uTBMqKO
",,,,"Lat/Long: 38.1267, -0.8829
Map: https://maps.google.com/maps?q=Callosa de Segura,Valencia&ll=38.1267,-0.8829&z=6&output=embed
Location: Callosa de Segura, Valencia
Postal: 03360
Country: ES
","mars 4, 2025
- 12:10 - Søg - Microsoft Bing - https://www.bing.com/
- 12:10 - Login – Digibook - 2 sekunder - https://www.digibook.se/login-2/
- 12:10 - Login – Digibook - 36 sekunder - https://www.digibook.se/login-2/
- 12:11 - Digibook – Publicering av digitala böcker - 24 sekunder - https://www.digibook.se/
- 12:18 - Kontakta oss – Digibook - 8 minuter - https://www.digibook.se/kontakta-oss/
- 12:23 - Digibook – Publicering av digitala böcker - 4 minuter - https://www.digibook.se/#Sec3
mars 5, 2025
- 10:48 - Login – Digibook - 22 timmar - https://www.digibook.se/login-2/
"
Checked,Ann,Ying,,,,,,,,"Rönnängs brygga 8b",,47141,Rönnäng,,,,anne.mozart@hotmail.com,8353538225363,"Swedbank Orust sparbank","Linneas magiska frisyrer","Linnea har magiska krafter och kan i hemlighet förändra frisyrer. Hon trollar så att alla tjuvar och banditer får en prickig hårkorv eller ett rosa fluff på huvudet. Enda sättet för tjuvarna att bli av med den förtrollade frisyren är att göra en god gärning!",,,E-bok,,,,,"59-69 kr (t.ex. barnbok 0-3 år)",,,,,,"Från 3 år",,,,,,,,,,,,,,,,,,,,,,,,,,,,,,,,,,,,,,,,,,,,,,,,,,,,,,,,,,,,,,,,,,,,,,,,,,,,,,,,,,,,,,"Skönlitteratur barn och ungdom: roliga berättelser",,,,,,,,,,,,,,,,,,,,,,,,,,,,,,,,,,,,,https://www.digibook.se/wp-content/uploads/wpforms/3506-037327dcc1ba9acb4c2b4d1a0e70a3c0/Linneas-magiska-frisyrer-62c6d86751c3fe990ed4227f161a99f1.docx,,,"Jag översänder ""Linneas magiska frisyrer"" i word-format, 
där översta sidan i materialet är underlag till bokframsidan.
Jag behöver hjälp med att Digibook skapar en e-bokfil (EBUP).
Med vänlig hälsning, Ann Ying","299,00 Kr","Digibook skapar e-boks-fil (EPUB) - 399,00 Kr",,,"698,00 Kr","Orust sparbank Ann Ying
xxxx xxxx xxxx 2916
Mastercard",1296,"februari 28, 2025 11:53",,Completed,Yes,No,"Mozilla/5.0 (Windows NT 10.0; Win64; x64) AppleWebKit/537.36 (KHTML, like Gecko) Chrome/133.0.0.0 Safari/537.36 Edg/133.0.0.0",90.227.87.66,3282172a-5778-4db5-8583-64c487b58dcb,Completed,"Total: 698,00
Currency: SEK
Gateway: Stripe
Type: En gång
Mode: live
Transaction: pi_3QxRBPLgKhr8jxDX30zTXvJ6
",,,,"Lat/Long: 57.7065, 11.967
Map: https://maps.google.com/maps?q=Gothenburg,Västra Götaland County&ll=57.7065,11.967&z=6&output=embed
Location: Gothenburg, Västra Götaland County
Postal: 417 47
Country: SE
","januari 1, 2025
- 13:08 - Referrer - https://www.google.com/
- 13:08 - Digibook – Publicering av digitala böcker - 2 sekunder - https://www.digibook.se/
januari 4, 2025
- 15:53 - Om Digibook – Digibook - 3 dagar - https://www.digibook.se/om-digibook/
januari 12, 2025
- 13:09 - Digibook – Publicering av digitala böcker - 1 vecka - https://www.digibook.se/
- 13:11 - Böcker/noveller – Digibook - 2 minuter - https://www.digibook.se/books/
- 13:11 - Böcker – Digibook - 11 sekunder - https://www.digibook.se/butik/
- 13:13 - Om Digibook – Digibook - 2 minuter - https://www.digibook.se/om-digibook/
- 13:18 - Portfolio – Digibook - 5 minuter - https://www.digibook.se/portfolio/
- 13:18 - Bokförlag – Digibook - 3 sekunder - https://www.digibook.se/bokforlag/
- 13:18 - FAQ – Digibook - 6 sekunder - https://www.digibook.se/faq/
- 13:19 - Bokförlag – Digibook - 26 sekunder - https://www.digibook.se/bokforlag/
- 13:19 - Kontakta oss – Digibook - 2 sekunder - https://www.digibook.se/kontakta-oss/
- 13:19 - Portfolio – Digibook - 3 sekunder - https://www.digibook.se/portfolio/
januari 19, 2025
- 21:07 - Böcker/noveller – Digibook - 1 vecka - https://www.digibook.se/books/
- 21:08 - Böcker – Digibook - 1 minut - https://www.digibook.se/butik/
- 21:09 - Digibook – Publicering av digitala böcker - 41 sekunder - https://www.digibook.se/
- 21:10 - Beställ författarsida – Digibook - 1 minut - https://www.digibook.se/bestall-forfattarsida/
- 21:14 - Digibook – Publicering av digitala böcker - 4 minuter - https://www.digibook.se/
- 21:15 - FAQ – Digibook - 40 sekunder - https://www.digibook.se/faq/
- 21:15 - Bokförlag – Digibook - 15 sekunder - https://www.digibook.se/bokforlag/
- 21:17 - Kontakta oss – Digibook - 3 minuter - https://www.digibook.se/kontakta-oss/
- 21:17 - Bokförlag – Digibook - 2 sekunder - https://www.digibook.se/bokforlag/
- 21:18 - Digibook – Publicering av digitala böcker - 25 sekunder - https://www.digibook.se/#Sec2
januari 28, 2025
- 22:53 - Digibook – Publicering av digitala böcker - 1 vecka - https://www.digibook.se/
- 22:53 - Skapa Wordfil – Digibook - 22 sekunder - https://www.digibook.se/skapa-wordfil/
- 22:53 - Digibook – Publicering av digitala böcker - 11 sekunder - https://www.digibook.se/#Sec3
- 22:55 - Digibook – Publicering av digitala böcker - 2 minuter - https://www.digibook.se/
"
Checked,Peter,Bryngelsson,,,,,,,,kuppramåla,,Älmeboda,36298,,,,peter@peterbryngelsson.com,800696440011150,"Peter Bryngelsson","Det gåtfulla språket","Boken handlar om det svenska språket som unikt poetiskt och musikaliskt då vi genom dess sparsmakade spridning behållit gamla benämningar på företeelser samt sammanfogningar av två separata ord för att ge namn åt en sak. Trots att vi är ett av de mest sekulära folken i världen röjer språket vår längtan efter andlighet.","April 15, 2025",,E-bok,,,"119-129 kr",,,,,,,,,,,,,"Ande, kropp och själ",,,,,,,,,,,,,,,,,,,,,,,,,,,,,,,,,,,,,,,,,,,,,,,,,,,,,,,,,,,,,,,,,,,,,,,,,,,,,,,,,,,,,,,,,,,,,,,,,,,,,,,,,,,,,,,,,,,,,,https://www.digibook.se/wp-content/uploads/wpforms/3506-037327dcc1ba9acb4c2b4d1a0e70a3c0/Det-gatfulla-spraket-ny-7498b339fe4e0f04a55fa85d74f8a509.docx,,,,"299,00 Kr",,,,"299,00 Kr","Peter Bryngelsson
xxxx xxxx xxxx 7827
Mastercard",1295,"februari 27, 2025 10:12",,Completed,Yes,No,"Mozilla/5.0 (Macintosh; Intel Mac OS X 10_15_7) AppleWebKit/605.1.15 (KHTML, like Gecko) Version/15.6.1 Safari/605.1.15",158.174.77.45,6f4af563-59c1-42cb-972a-a3b7f7988885,Completed,"Total: 299,00
Currency: SEK
Gateway: Stripe
Type: En gång
Mode: live
Transaction: pi_3Qx388LgKhr8jxDX1RXhnseu
",,,,"Lat/Long: 59.3274, 18.0653
Map: https://maps.google.com/maps?q=Stockholm,Stockholm County&ll=59.3274,18.0653&z=6&output=embed
Location: Stockholm, Stockholm County
Postal: 112 78
Country: SE
",
Checked,"Bo Göran",Svensson,,,,,,,,"Pl. 5123",,"282 94 Hörja","Ange region eller område.",,,"AB Emerson Records & Publishing",emerson.ab@telia.com,"8403-8 214 113 287-4",Swedbank,Marängbottnar,"10 trevliga berättelser från en ovanligt lyckad barndom.  Boken är lättläst och en 300 sidors rolig bok. Läsaren ska må bra och lockas till skratt minst en gång per sida. Utspelar sig på författarens 60 & 70-tal där han så gärna vill bli popstjärna eller bli berömd författare eller, i värsta fall, undgå upptäckt och inblandning av Barnavårdsnämnden. Inga mord, inget elände eller ledsamheter finns i boken.",,Ljudbok,E-bok,"Bo Göran",Svensson,"119-129 kr",,,,,,,,,,,,,"Ande, kropp och själ",,"Djur och natur",,,,,,,,,,,,,,,,,,,,,,,,,,,,,,,,,,,,,,,,,,,,,,,,,,,,,,,,,,,,,,,,,,,,,,,,,,,,,,,,,,,,,,,,,,,,,,,,,,,,,,,,,,,,,,,,,,,,,,,"Inte lätt det här. Att skriva boken var mycket lättare än att fylla i och skicka text o ljud i rätt format. Försöker.","299,00 Kr","Digibook skapar e-boks-fil (EPUB) - 399,00 Kr","Digibook skapar bokframsida - 299,00 Kr","Digibook konverterar dina MP3-filer till WAV-filer - 199,00 Kr","1.196,00 Kr","Emerson Records & Publishing Bo Göran Svensson
xxxx xxxx xxxx 1986
Mastercard",1292,"februari 24, 2025 10:53",,Completed,Yes,No,"Mozilla/5.0 (Macintosh; Intel Mac OS X 10_12_6) AppleWebKit/537.36 (KHTML, like Gecko) Chrome/103.0.0.0 Safari/537.36",95.203.245.123,0b3c63ea-ecd3-408b-9eed-3a0d9c85aeb9,Completed,"Total: 1.196,00
Currency: SEK
Gateway: Stripe
Type: En gång
Mode: live
Transaction: pi_3QvyLaLgKhr8jxDX23ZISVfX
",,,,"Lat/Long: 55.6078, 12.9982
Map: https://maps.google.com/maps?q=Malmo,Skåne County&ll=55.6078,12.9982&z=6&output=embed
Location: Malmo, Skåne County
Postal: 217 73
Country: SE
","februari 24, 2025
- 09:50 - Digibook – Publicering av digitala böcker - https://www.digibook.se/
"
Checked,Magnus,Westerberg,,,,,,,,"Kallströmsväg 33",,83752,Åre,,,,signorwesterberg@outlook.com,"(3300) 660118-8219",Nordea,Cyklisten,"En historieintresserad man har lämnat storstaden och flyttat upp till Åre. Med sig har han dator, skidor och cyklar och han ser fram emot ett år präglat av distansjobb inom IT-branschen, skidåkning och cykling. Men längtan efter Europa blir redan under den första ljusa sommaren i Jämtland för stark, så han sätter ensam av en junimorgon på cykel längs E14 mot Trondheim med målet att senare under sommaren möta upp sin vän Luke Burckhalter i Sion i Valaisdalen i Schweiz. Under vägen genom Europa får vi återblickar på det som har ägt rum på många platser, samtidigt som nya försvarslinjer börjar ge sig tillkänna i form av ögonblickliga syner av drönare.
När de två vännerna möts i Valaisdalen, är de inte bara två, utan den gåtfulla Chloé Levi från Neapel och hans tidigare universitetskollega Anais Dupin har anslutit. Banden mellan de fyra vännerna stärks i samband med ett bergsäventyr i Schweiz under en sensommar som de aldrig kommer att glömma.","March 3, 2025",,E-bok,,,"119-129 kr",,,,,,,,,,,,,,,,,,,,,,,,,,,,"Historiska romaner",,,,,,,,,,,,,,,,,,,,,,,,,,,,,,,,,,,,,,Feelgood,,,,,,,,,,,,,,,,,,,,,,,,,,,,,,,,,,,,,,,,,,,,,,,,,,,,,,,,,,,,,,,,,https://www.digibook.se/wp-content/uploads/wpforms/3506-037327dcc1ba9acb4c2b4d1a0e70a3c0/Cyklisten_2025-02-24-e94f48f37ccd407713da9251cd4dd2d5.docx,,,"Omslaget finns här, hoppas det fungerar att ladda ned det!
https://drive.google.com/file/d/1hLu77URGPQQtdeOJbrCcU46sepPEtNl_/view?usp=sharing","299,00 Kr","Digibook skapar e-boks-fil (EPUB) - 399,00 Kr",,,"698,00 Kr","Magnus Westerberg
xxxx xxxx xxxx 7329
Visa",1291,"februari 24, 2025 09:54",,Completed,Yes,No,"Mozilla/5.0 (Windows NT 10.0; Win64; x64) AppleWebKit/537.36 (KHTML, like Gecko) Chrome/132.0.0.0 Safari/537.36 Edg/132.0.0.0",136.163.203.3,f8ffaf0d-ef4c-4f32-98b9-3e666c38675a,Completed,"Total: 698,00
Currency: SEK
Gateway: Stripe
Type: En gång
Mode: live
Transaction: pi_3QvxQvLgKhr8jxDX0g5Xwc7F
",,,,"Lat/Long: 58.416, 15.6288
Map: https://maps.google.com/maps?q=Linköping,Östergötland County&ll=58.416,15.6288&z=6&output=embed
Location: Linköping, Östergötland County
Postal: 582 56
Country: SE
","februari 24, 2025
- 09:37 - Referrer - https://www.google.com/
- 09:37 - Digibook – Publicering av digitala böcker - 2 sekunder - https://www.digibook.se/
"
Checked,Ulf,Rydberg,,,,,,,,"Nyvångsgatan 16",,26142,Landskrona,,,,ulfrydberg@telia.com,30764606158,Nordea,"Gudarna ger och Djävulen tar","Två ryska soldater blir med Sovjets kollaps frustrerade och tar två taktiska kärnvapen för försäljning till Talibaner. Köpesumman stjäls och flykten blir till Europa. En Afgansk betald mördare tar upp spåret av förövarna och jakten avslutas i Sverige där Landskrona polisen involveras i slutuppgörelsen. Ond bråd död följer längst jaktens spår.","March 14, 2025",,E-bok,,,"119-129 kr",,,,,,,,,,,,,,,,,,,,,,,,,,,,,,,,,,,,,,,,,,,,,,,,,,,,,,,,,,,,,,"Thrillers / spänningsromaner",,,,,,,,,,,,,,,,,,,,,,,,,,,,,,,,,,,,,,,,,,,,,,,,,,,,,,,,,,,,,,,,,,,,,https://www.digibook.se/wp-content/uploads/wpforms/3506-037327dcc1ba9acb4c2b4d1a0e70a3c0/Gudarna-ger-och-Djavulen-tar-fb25938b65747327fa1bacd1c07fd902.docx,,,,"299,00 Kr","Digibook skapar e-boks-fil (EPUB) - 399,00 Kr","Digibook skapar bokframsida - 299,00 Kr",,"997,00 Kr","Ulf Rydberg
xxxx xxxx xxxx 8044
Visa",1287,"februari 17, 2025 15:00",,Completed,Yes,No,"Mozilla/5.0 (Windows NT 10.0; Win64; x64) AppleWebKit/537.36 (KHTML, like Gecko) Chrome/133.0.0.0 Safari/537.36 Edg/133.0.0.0",217.208.148.188,1c13a34b-ccec-45cf-8b00-0bda49ff9fa0,Completed,"Total: 997,00
Currency: SEK
Gateway: Stripe
Type: En gång
Mode: live
Transaction: pi_3QtUrhLgKhr8jxDX02z3uhG1
",,,,"Lat/Long: 55.8729, 12.8269
Map: https://maps.google.com/maps?q=Landskrona,Skåne County&ll=55.8729,12.8269&z=6&output=embed
Location: Landskrona, Skåne County
Postal: 261 94
Country: SE
",
Checked,Lovisa,Kvickrot,,,,,Checked,Olof,Aronsson,"Centrumgatan 11",,Tibro,Sverige,,,8183,natmaklarna@gmail.com,"3060 25 41093",Nordea,"Garizimoff 3","Garizimoff sprider sitt budskap över Sverige. Blir känd över hela världen. Påverkar hädelseutvecklingar även efter sin död.",,,E-bok,,,"119-129 kr",,,,,,,,,,,,,,,,,,,,,,,,,,,,,,,"Humoristiska romaner",,,,,,,,,,,,,,,,,,,,,,,,,,,,,,,,,,,,,,,,,,,,,,,,,,,,,,,,,,,,,,,,,,,,,,,,,,,,,,,,,,,,,,,,,,,,,,,,,,,,,,,"Bok 3 som jag redan skickat via epost","299,00 Kr","Digibook skapar e-boks-fil (EPUB) - 399,00 Kr","Digibook skapar bokframsida - 299,00 Kr",,"997,00 Kr","Olof Aronsson
xxxx xxxx xxxx 2620
Visa",1285,"februari 15, 2025 16:18",,Completed,Yes,No,"Mozilla/5.0 (Windows NT 10.0; Win64; x64) AppleWebKit/537.36 (KHTML, like Gecko) Chrome/133.0.0.0 Safari/537.36",2001:2042:5a26:e100:2447:dc64:f924:28e3,23c3fc96-1160-4926-88a5-c409642ba465,Partrefund,"Total: 997,00
Currency: SEK
Gateway: Stripe
Type: En gång
Mode: live
Transaction: pi_3Qsn8RLgKhr8jxDX0wfl7OSG
",,,,"Lat/Long: 58.0818, 13.0384
Map: https://maps.google.com/maps?q=Herrljunga,Västra Götaland County&ll=58.0818,13.0384&z=6&output=embed
Location: Herrljunga, Västra Götaland County
Postal: 524 32
Country: SE
","februari 15, 2025
- 16:10 - Referrer - https://www.google.com/
- 16:10 - Digibook – Publicering av digitala böcker - 2 sekunder - https://www.digibook.se/
"
Checked,Olof,Aronsson,,,,,Checked,Lovisa,Kvickrot,"Centrumgatan 11",,Tibro,Sverige,,,8183,natmaklarna@gmail.com,"3060 25 41093",Nordea,"Garizimoff 2","Junsele – En berättelse om flykt, överlevnad och samhällsbygge

År 1808 tvingas överbefälhavare Alexandrovitj Garizimoff och hans följeslagare Ivan Morozov och Nikita Telatoff på en dramatisk flykt från Vasa i Finland till Sverige, undan det pågående kriget mellan Ryssland och Sverige. Efter att ha blivit tillfångatagna i Umeå och tillbringat ett år i rysk fångenskap, lyckas de ta sig vidare till Junsele i Ångermanland.

Där börjar de ett nytt liv – Garizimoff får arbete i handelsboden, Telatoff på en bondgård, och så småningom gifter sig Garizimoff med Christina, en kvinna som förlorat sin familj i hungersnöden. Genom årtiondena bidrar de till att forma Junsele genom reformer, företagande och samhällsbygge, vilket skapar ett starkt socialt skyddsnät för invånarna.

Men historien upprepar sig – när nästa generation tar vid, förändras deras plats i samhället, och gamla hierarkier utmanas. Junsele är en gripande historisk roman om flykt, identitet och viljan att bygga en bättre framtid.",,,E-bok,,,"119-129 kr",,,,,,,,,,,,,,,,,,,,,,,,,,,,,,,,,,,,,,,,,,,,,,,,,,,,,,,,,,,,,,,,,,,,"Familj / släktromaner",,,,,,,,,,,,,,,,,,,,,,,,,,,,,,,,,,,,,,,,,,,,,,,,,,,,,,,,,,,,,,,,,,"Skickat in bok 2 och 3 via mejl i wordformat Ryssen Garizimoff","299,00 Kr","Digibook skapar e-boks-fil (EPUB) - 399,00 Kr","Digibook skapar bokframsida - 299,00 Kr",,"997,00 Kr","Olof Aronsson
xxxx xxxx xxxx 2620
Visa",1284,"februari 15, 2025 16:10",,Completed,Yes,No,"Mozilla/5.0 (Windows NT 10.0; Win64; x64) AppleWebKit/537.36 (KHTML, like Gecko) Chrome/133.0.0.0 Safari/537.36",2001:2042:5a26:e100:2447:dc64:f924:28e3,23c3fc96-1160-4926-88a5-c409642ba465,Partrefund,"Total: 997,00
Currency: SEK
Gateway: Stripe
Type: En gång
Mode: live
Transaction: pi_3Qsn0YLgKhr8jxDX3LxyHpmX
",,,,"Lat/Long: 58.0818, 13.0384
Map: https://maps.google.com/maps?q=Herrljunga,Västra Götaland County&ll=58.0818,13.0384&z=6&output=embed
Location: Herrljunga, Västra Götaland County
Postal: 524 32
Country: SE
",
Checked,Ralf,Nährström,,,,,,,,"Grönbotorp 572",,"718 91",Frövi,,,,crbilofix@outlook.com,90226623922,"Länsförsäkringar Bank","Yxsjön Från roten av ondska","I den här deckar-thrillern får ni följa familjen
Hardman och framförallt sonen Lars som
minst sagt har udda värderingar och böjelser,
inte minst när det gäller sex. Hans intresse
för att experimentera med insekter och
smådjur växer till allt större proportioner
ju äldre han blir.

Den stackars Bella Willson som försöker 
överleva Lars humörsvängningar
medans hon duckar för de 
haglande slagen.

Ni får även följa polisen Evert Näbb som ofta
tittar allt för djupt i flaskan och ställer till det
ordentligt för sig själv gång efter annan.
Mellan fylleslagen jagar han Lars Hardman, 
just när han tror att han ska få honom 
bakom lås och bom så kommer
han undan.",,Ljudbok,E-bok,,,,"79-89 kr",,,,,,,,,,,,,Deckare,,,,,,,,,,,,,,,,,,,,,,,,,,,,,,,,,,,,,,,,,,,,,,,,"Thrillers / spänningsromaner",,,,,,,,,,,,,,,,,,,,,,,,,,,,,,,,,,,,,,,,,,,,,,,,,,,,,,,,,,,,,,,,,,,,,https://www.digibook.se/wp-content/uploads/wpforms/3506-037327dcc1ba9acb4c2b4d1a0e70a3c0/Yxsjon-Fran-roten-av-ondska-d1bfb0770aad40f006aac730bc8075c5.docx,"Markera detta val så vi kan matcha ditt formulär med filerna från Sprend. Ange titelns namn i Sprends meddelanderuta. ",,"Jag har en färdig framsida till boken, Kan jag använda den?","299,00 Kr","Digibook skapar e-boks-fil (EPUB) - 399,00 Kr",,"Digibook konverterar dina MP3-filer till WAV-filer - 199,00 Kr","897,00 Kr","Ralf Nährström
xxxx xxxx xxxx 6053
Mastercard",1283,"februari 12, 2025 15:16",,Completed,Yes,No,"Mozilla/5.0 (Windows NT 10.0; Win64; x64) AppleWebKit/537.36 (KHTML, like Gecko) Chrome/132.0.0.0 Safari/537.36",2a02:aa1:104b:7dd9:3de6:95ec:3813:ab76,e62fdf69-8210-4cb8-8ad4-7e3a6a28273f,Completed,"Total: 897,00
Currency: SEK
Gateway: Stripe
Type: En gång
Mode: live
Transaction: pi_3QrgkGLgKhr8jxDX0Q7IzNAt
",,,,"Lat/Long: 59.35, 17.9167
Map: https://maps.google.com/maps?q=Bromma,Stockholm County&ll=59.35,17.9167&z=6&output=embed
Location: Bromma, Stockholm County
Postal: 167 38
Country: SE
","februari 12, 2025
- 14:45 - Referrer - https://www.google.com/
- 14:46 - Digibook – Publicering av digitala böcker - 2 sekunder - https://www.digibook.se/
- 15:10 - Skapa Wordfil – Digibook - 24 minuter - https://www.digibook.se/skapa-wordfil/
- 15:10 - Digibook – Publicering av digitala böcker - 24 sekunder - https://www.digibook.se/#Sec3
"
Checked,ghgfh,ghf,,,,,,,,hghf,,hgfhf,hfgh,,,,marino@assarsson.one,12345,sdsadsa,fdfwefwe,fdfsd,,,E-bok,,,,"79-89 kr",,,,,,,"Från 3 år",,,,,,,,,,,,,,,,,,,,,,,,,,,,,,,,,,,,,,,,,,,,,,,,,,,,,,,,,,,,,,,,,,,,,,,,,,,,,,,,,,,,,,,,,,,,,,,,,,,,,,,,,,,,,,,,,,,,,,,,,,,https://www.digibook.se/wp-content/uploads/wpforms/3506-037327dcc1ba9acb4c2b4d1a0e70a3c0/BP-Final-version-All-Parts-Connected-c3f283c69845c946ab54f2d8cd618300.docx,,,,"299,00 Kr",,,,"299,00 Kr","Marino Assarsson
xxxx xxxx xxxx 3014
Mastercard",1277,"februari 6, 2025 15:27",,Completed,Yes,No,"Mozilla/5.0 (Windows NT 10.0; Win64; x64) AppleWebKit/537.36 (KHTML, like Gecko) Chrome/132.0.0.0 Safari/537.36 Edg/132.0.0.0",195.49.161.220,e1f0c342-e871-4b1a-b3c2-b604a23c0c4c,Refunded,"Total: 299,00
Currency: SEK
Gateway: Stripe
Type: En gång
Mode: live
Transaction: pi_3QpW3BLgKhr8jxDX3PePcCeK
",,{},,"Lat/Long: 56.5152, 13.0407
Map: https://maps.google.com/maps?q=Laholm,Halland County&ll=56.5152,13.0407&z=6&output=embed
Location: Laholm, Halland County
Postal: 312 32
Country: SE
","september 23, 2024
- 14:28 - Skapa Wordfil – Digibook - https://www.digibook.se/skapa-wordfil/
- 14:28 - Ljudboksinspelning – Digibook - 5 sekunder - https://www.digibook.se/ljudboksinspelning/
- 14:28 - Digibook – Publicering av digitala böcker - 1 sekund - https://www.digibook.se/
- 14:28 - Beställ författarsida – Digibook - 3 sekunder - https://www.digibook.se/bestall-forfattarsida/
- 14:28 - Integritetspolicy – Digibook - 3 sekunder - https://www.digibook.se/integritetspolicy-2/
- 14:28 - Portfolio – Digibook - 1 sekund - https://www.digibook.se/portfolio/
- 14:28 - Kontakta oss – Digibook - 22 sekunder - https://www.digibook.se/kontakta-oss/
- 14:29 - Mitt konto – Digibook - 2 sekunder - https://www.digibook.se/mitt-konto/
- 14:29 - Digibook – Publicering av digitala böcker - 2 sekunder - https://www.digibook.se/
oktober 15, 2024
- 14:22 - Skapa Wordfil – Digibook - 3 veckor - https://www.digibook.se/skapa-wordfil/
oktober 28, 2024
- 12:48 - Digibook – Publicering av digitala böcker - 2 veckor - https://www.digibook.se/
november 19, 2024
- 07:42 - Mitt konto – Digibook - 3 veckor - https://www.digibook.se/mitt-konto/
januari 10, 2025
- 16:07 - Digibook – Publicering av digitala böcker - 2 månader - https://www.digibook.se/
februari 6, 2025
- 15:24 - Digibook – Publicering av digitala böcker - 4 veckor - https://www.digibook.se/#Sec3
"
Checked,Lars,Nilsson,,,,,,,,"Stallgatan 7",,46432,Mellerud,,,"LaKi Skriverier HB",skolnytt.laki@telia.com,"8234-7,3 513 334-7","Dalslands Sparbank","Halleluja Magistern","Som medlem i gänget är Jonne med om att mobba och nästan knäcka en av sina favoritlärare. Kan han ursäkta sig med att han inte är ledare för gänget? Eller att den som inte gör som de andra åker ut? Eller måste han själv ta ansvar för sina handlingar?
Annika drömmer om att ”tämja” Svempa, men inser snart att hennes dröm bara är just en dröm.
Göran Svedenhök är en ambitiös matematik- och fysiklärare som i en konfrontation tappar fattningen och gör något en lärare absolut inte får göra. 
I Halleluja magistern får vi följa dessa tre. Vi får också en inblick i hur en högstadieskola och en fritidsgård fungerade i mitten på 1970-talet, och lite kring den vänstervåg som på den tiden svepte över Sverige.
Boken återutges nu med originaltexten intakt.
Lars Nilsson är född 1953. ”Halleluja magistern” kom 1977 och var hans debutbok. Nästa bok var en bok om Elevdemokrati 15 år senare. Därefter har han gett ut ett 40-tal böcker, varav de flesta är för skolbruk.",,,E-bok,,,,,"59-69 kr (t.ex. barnbok 0-3 år)",,,,,,,,,"Från 12 år",,,,,,,,,,,,,,,,,,,,,,,,,,,,,,,,,,,,,,,,,,,,,,,,,,,,,,,,,,,,,,,,,,,,,,,,,,"Skönlitteratur barn och ungdom: modern och samtida",,,,,,,"Skönlitteratur barn och ungdom: relationer",,,,,,,,,,,,,,,,,,,,,,,,,,,,,,,,,,,,,,,,,,"Formuläret vill inte ladda upp mina Word-filer. Jag skickar dem med e-post från ovan nämnda e-postadress.","299,00 Kr","Digibook skapar e-boks-fil (EPUB) - 399,00 Kr","Digibook skapar bokframsida - 299,00 Kr",,"997,00 Kr","Lars Nilsson
xxxx xxxx xxxx 7174
Mastercard",1275,"februari 4, 2025 11:18",,Completed,Yes,No,"Mozilla/5.0 (Windows NT 10.0; Win64; x64) AppleWebKit/537.36 (KHTML, like Gecko) Chrome/132.0.0.0 Safari/537.36",81.226.42.31,a9c8eb7c-a9a2-4618-97a8-eb0ce4ffbdfe,Completed,"Total: 997,00
Currency: SEK
Gateway: Stripe
Type: En gång
Mode: live
Transaction: pi_3QojCgLgKhr8jxDX0YfwrBRs
",,,{},"Lat/Long: 58.3807, 12.3234
Map: https://maps.google.com/maps?q=Vänersborg,Västra Götaland County&ll=58.3807,12.3234&z=6&output=embed
Location: Vänersborg, Västra Götaland County
Postal: 462 33
Country: SE
","februari 1, 2025
- 13:58 - Referrer - https://l.facebook.com/
- 13:58 - Digibook – Publicering av digitala böcker - 2 sekunder - https://www.digibook.se/
februari 4, 2025
- 10:48 - Digibook – Publicering av digitala böcker - 3 dagar - https://www.digibook.se/
"
Checked,Karin,Algvik,,,,,,,,"Vårfrugatan 2A",,74534,Enköping,,,"Alinnea Publishing",karinalgvik@hotmail.com,9151-259.837-4,Skandiabanken,Emmy,"Året är 1956 på en liten gård utanför Uppsala. Emmy lever ett stillsamt och isolerat liv med sin far, fångad i en vardag präglad av moderns död och faderns nattsvarta sorg. Ensamheten ligger tung över gården, och hennes drömmar om kärlek och en egen familj känns alltmer avlägsna.

En sensommarnatt förändras allt. I den blå timmen dyker Josef upp – en främling som väcker något inom henne hon trott var förlorat. Deras första möte i skogen där granarna viskar och världen känns förtrollad, blir starten på en kärlek som skakar om hela hennes tillvaro. För Emmy är Josef mer än en man; han är nyckeln till ett liv hon nästan slutat drömma om.
""Emmy"" är en berättelse fylld av känslor och konflikter – om utanförskap och sorg, men också om hopp och systerskapets okuvliga kraft. Här möter vi en vilsen fasantupp, en hemlig fristad och en kvinna som vågar drömma trots allt.

Fristående fortsättning på ""Linnea""
Som fristående fortsättning på ""Linnea"" tar ""Emmy"" dig tillbaka till Borthovda och de älskade vännerna som bor i bygden.",,Ljudbok,E-bok,,,,,"59-69 kr (t.ex. barnbok 0-3 år)",,,,,,,,,,,,,,,,,,,,,,,,,,"Historiska romaner",,,,,,,,,,,,,,,,,,,,,,,,,,,"Modern och samtida skönlitteratur",,,,,,,,,,,,,"Familj / släktromaner",,,,,,,,,,,,,,,,,,,,,,,,,,,,,,,,,,,,,,,,,,,,,,,"Från 15 år",,,,,,,,,,,,,,,,,"Markera detta val så vi kan matcha ditt formulär med filerna från Sprend. Ange titelns namn i Sprends meddelanderuta. ",,"Kan inte skicka filerna via detta formulär så sänder Word-fil till e-bok + bild till e-bok och ljudbok via mail. Skickar wav-fil via länk till Sprend eftersom de inte godkände er info-mail. https://sprend.com/download?C=a2ee49e92321421a857b7a49fe8d36b8","299,00 Kr","Digibook skapar e-boks-fil (EPUB) - 399,00 Kr",,,"698,00 Kr","Karin Algvik
xxxx xxxx xxxx 4831
Mastercard",1274,"februari 3, 2025 18:29",,Completed,Yes,No,"Mozilla/5.0 (Windows NT 10.0; Win64; x64) AppleWebKit/537.36 (KHTML, like Gecko) Chrome/132.0.0.0 Safari/537.36",84.217.142.111,876b6c85-228c-43b3-8882-d8af5444b4d6,Completed,"Total: 698,00
Currency: SEK
Gateway: Stripe
Type: En gång
Mode: live
Transaction: pi_3QoTSlLgKhr8jxDX2FlkTY8u
",,,{},"Lat/Long: 59.6323, 17.0761
Map: https://maps.google.com/maps?q=Enköping,Uppsala County&ll=59.6323,17.0761&z=6&output=embed
Location: Enköping, Uppsala County
Postal: 749 48
Country: SE
","januari 2, 2025
- 15:38 - Skapa ljudbok – Digibook - https://www.digibook.se/skapa-ljudbok/
- 15:38 - Digibook – Publicering av digitala böcker - 28 sekunder - https://www.digibook.se/
februari 3, 2025
- 17:14 - Skapa ljudbok – Digibook - 1 månad - https://www.digibook.se/skapa-ljudbok/
- 17:14 - Digibook – Publicering av digitala böcker - 13 sekunder - https://www.digibook.se/
- 17:52 - Skapa Wordfil – Digibook - 38 minuter - https://www.digibook.se/skapa-wordfil/
- 18:19 - Digibook – Publicering av digitala böcker - 27 minuter - https://www.digibook.se/#Sec3
"
Checked,Amanda,Lind,,,,,Checked,Åsa,Lindqvist,"Badvägen 8",,51831,Sandared,,,LindGroup,lindqvist75@gmail.com,30510282334,nordea,"Ett oskrivet kapitel","Kärlek mellan raderna?
Två människor, 78 brev. Ett möte som förändrar allt.

Karin, snart medelålders, vet vem hon är - som mamma, vän och yrkeskvinna. Men som singel? Det är en annan historia. När hon efter mycket tvekan ger nät-dejting en chans och till slut möter Fredrik börja något hända. Deras brevväxling är magisk, fylld av humor, ärlighet och den slags eftertänksamhet som hon längtat efter. Det blir snabbt något alldeles speciellt.
Kan det skrivna ordet verkligen bära tyngden av två hjärtan? Eller är det tystnaden mellan raderna som avslöjar allt?

Ett oskrivet kapitel är en fängslande berättelse om kärlek, självinsikt och modet att börja om, en roman som påminner oss om att det aldrig är försent att hitta det vi verkligen söker.",,,E-bok,,,,"79-89 kr",,,,,,,,,,,,,,,,,,,,,,,,,,,,,,,,,,,,,,,,,,,,,,,,,,,,,,"Modern och samtida skönlitteratur",,Noveller,,,,,,,,,Feelgood,,,,,,,,,,,,,,,,,,,,,,,,,,,,,,,,,,,,,,,,,,,,,,,,,,,,,,,,,,,,,,,,,,,,"Hej! Jag vill ha hjälp att publicera min bok som jag har skickat med här och jag skulle vilja få hjälp med ett riktig bra omslag också. Jag har med en bild som jag tänkte använda men känner mig inte tillräckligt duktig på att sätta rätt framsida och vill ha er professionella hjälp med att få till den. Skickar med bilden som jag tänkte så får ni avgöra om ni tror att den kan vara bra eller inte.","299,00 Kr","Digibook skapar e-boks-fil (EPUB) - 399,00 Kr","Digibook skapar bokframsida - 299,00 Kr",,"997,00 Kr","Åsa Lindqvist
xxxx xxxx xxxx 8166
Visa",1270,"februari 3, 2025 13:42",,Completed,Yes,No,"Mozilla/5.0 (Windows NT 10.0; Win64; x64) AppleWebKit/537.36 (KHTML, like Gecko) Chrome/132.0.0.0 Safari/537.36 Edg/132.0.0.0",37.123.149.40,5afe07ef-ccb3-43b8-af36-5500cc51d7b1,Completed,"Total: 997,00
Currency: SEK
Gateway: Stripe
Type: En gång
Mode: live
Transaction: pi_3QoOyXLgKhr8jxDX3JfGtoA2
",,,,"Lat/Long: 57.7192, 12.9412
Map: https://maps.google.com/maps?q=Borås,Västra Götaland County&ll=57.7192,12.9412&z=6&output=embed
Location: Borås, Västra Götaland County
Postal: 507 60
Country: SE
","januari 30, 2025
- 21:45 - Portfolio – Digibook - https://www.digibook.se/portfolio/
- 21:46 - FAQ – Digibook - 38 sekunder - https://www.digibook.se/faq/
- 21:47 - Skapa Wordfil – Digibook - 1 minut - https://www.digibook.se/skapa-wordfil/
- 21:50 - Ljudboksinspelning – Digibook - 4 minuter - https://www.digibook.se/ljudboksinspelning/
- 21:52 - AI inläsning – Digibook - 1 minut - https://www.digibook.se/ai-inlasning/
- 22:14 - Bokförlag – Digibook - 22 minuter - https://www.digibook.se/bokforlag/
- 22:18 - Marknadsföringstips – Digibook - 4 minuter - https://www.digibook.se/marknadsforingstips/
- 22:18 - Digibook – Publicering av digitala böcker - 11 sekunder - https://www.digibook.se/
februari 3, 2025
- 11:04 - Skapa Wordfil – Digibook - 4 dagar - https://www.digibook.se/skapa-wordfil/
"
Checked,Gunki,Ström,,,,,,,,"Calle Magallanes 7, Planta 2, Apartamento 5",,03185,Torrevieja,,,,gunkistrom@gmail.com,56900716210,SEB,"Rapport från Paradiset 3","En fristående fortsättning på Rapport från Paradiset och Rapport från Paradiset 2. En samling kåserier och krönikor med reflektioner och tankar kring det som man möts av i vardagen som utlandssvensk. Att läsa för dig som funderar på att flytta till Spanien eller redan bor där. Texterna är personligt vinklade med inslag av humor.","March 2, 2025",,E-bok,,,,,,,"17-25 kr (t.ex. kortare novell)",,,,,,,,,,,,,,,,,,,,,,,,,,,,,,,,,,,,,,,,,,,,,,"Biografi och prosa (ej fiktion)","Personliga berättelser",,,,,,,,,,,,,,,,,,,,,,,,,,,,,,"Resor och platser",,,,,,,,,,,,,,,,,,,,,,,,,,,,,,,,,,,,,,,,,,,,,,,,,,,,,"Filerna skickade till Marino på Digibook eftersom de inte gick att bifoga i detta formuläret.","299,00 Kr",,,,"299,00 Kr","Ström Gun-Christine
xxxx xxxx xxxx 3206
Mastercard",1264,"januari 24, 2025 11:20",,Completed,Yes,No,"Mozilla/5.0 (X11; CrOS x86_64 14541.0.0) AppleWebKit/537.36 (KHTML, like Gecko) Chrome/132.0.0.0 Safari/537.36",31.222.114.164,e963ae4c-538c-4956-821d-97430d90e49a,Completed,"Total: 299,00
Currency: SEK
Gateway: Stripe
Type: En gång
Mode: live
Transaction: pi_3QkjzULgKhr8jxDX1OXs5mF3
",,,,"Lat/Long: 37.9861, -1.1213
Map: https://maps.google.com/maps?q=Murcia,Murcia&ll=37.9861,-1.1213&z=6&output=embed
Location: Murcia, Murcia
Postal: 30004
Country: ES
","januari 23, 2025
- 17:58 - Referrer - https://www.google.com/
- 17:58 - Digibook – Publicering av digitala böcker - 2 sekunder - https://www.digibook.se/
- 17:58 - Skapa Wordfil – Digibook - 9 sekunder - https://www.digibook.se/skapa-wordfil/
- 17:58 - Digibook – Publicering av digitala böcker - 12 sekunder - https://www.digibook.se/
"
Checked,Rebecka,Fallenkvist,,,,,,,,"Masugnsvägen 62",,16877,Bromma,,,"Rebäckis AB",rebackisab@gmail.com,832798847683631,Swedbank,"Segerns pris","I skuggan av segerns triumfer döljer sig konsekvenser jag aldrig varit beredd på. När verkligheten kom ikapp mig insåg jag att varje val jag gjorde och varje ord jag sade hade konsekvenser. Inte bara för mig själv utan för en hel folkrörelse. Det förflutna hänger över mig som en våt filt men nu får jag äntligen möjlighet att berätta min historia.

I segerns pris delar jag med mig av mina reflektioner, mina upplevelser av maktens korridorer och hur det känns att kämpa mot en obesegrad motståndare - den samlade journalistkåren. Jag delar med mig av mitt engagemang i Sverigedemokraterna och hur det är att våga stå pall när det känns som att hela världen vänder sig emot dig.","January 23, 2025",Ljudbok,,Rebecka,Fallenkvist,"119-129 kr",,,,,,,,,,,,,,,,,,,,,,,,,,,,,,,,,,,,,,,,,,,,,,,,,,"Biografi och prosa (ej fiktion)","Personliga berättelser",,,,,,,,,,,,,,,,,,,,,,,,,,,,,,,,,,,,,,,,,,,,,,,,,,,,,,,,,,,,,,,,,,,,,,,,,,,,,,,,,"Markera detta val så vi kan matcha ditt formulär med filerna från Sprend. Ange titelns namn i Sprends meddelanderuta. ",,"Vi önskar få ljudboken utgiven, men den återfinns redan på Storytel, Google och Apple - så om det är möjligt publicering på andra plattformar som ni når bortsett från dem.","299,00 Kr",,,,"299,00 Kr","Mattias Bäckström Johansson
xxxx xxxx xxxx 2103
Mastercard",1263,"januari 24, 2025 08:26",,Completed,Yes,No,"Mozilla/5.0 (Windows NT 10.0; Win64; x64) AppleWebKit/537.36 (KHTML, like Gecko) Chrome/131.0.0.0 Safari/537.36",90.230.5.61,76366bee-aaa0-4fe0-84b7-a43f55cd6560,Completed,"Total: 299,00
Currency: SEK
Gateway: Stripe
Type: En gång
Mode: live
Transaction: pi_3QkhHTLgKhr8jxDX2pW528Os
",,,,"Lat/Long: 56.6591, 16.3569
Map: https://maps.google.com/maps?q=Kalmar,Kalmar&ll=56.6591,16.3569&z=6&output=embed
Location: Kalmar, Kalmar
Postal: 393 55
Country: SE
","januari 20, 2025
- 18:41 - Portfolio – Digibook - https://www.digibook.se/portfolio/
- 18:41 - Bokförlag – Digibook - 20 sekunder - https://www.digibook.se/bokforlag/
- 18:41 - FAQ – Digibook - 4 sekunder - https://www.digibook.se/faq/
- 18:42 - Digibook – Publicering av digitala böcker - 38 sekunder - https://www.digibook.se/
januari 23, 2025
- 20:26 - Kontakta oss – Digibook - 3 dagar - https://www.digibook.se/kontakta-oss/
- 20:28 - Digibook – Publicering av digitala böcker - 1 minut - https://www.digibook.se/
- 20:29 - FAQ – Digibook - 1 minut - https://www.digibook.se/faq/
- 20:30 - Skapa ljudbok – Digibook - 2 minuter - https://www.digibook.se/skapa-ljudbok/
- 20:31 - Digibook – Publicering av digitala böcker - 9 sekunder - https://www.digibook.se/
- 20:32 - Bokförlag – Digibook - 1 minut - https://www.digibook.se/bokforlag/
- 20:33 - FAQ – Digibook - 2 minuter - https://www.digibook.se/faq/
- 20:34 - Om Digibook – Digibook - 17 sekunder - https://www.digibook.se/om-digibook/
- 20:34 - Digibook – Publicering av digitala böcker - 9 sekunder - https://www.digibook.se/
- 21:16 - AI inläsning – Digibook - 42 minuter - https://www.digibook.se/ai-inlasning/
- 21:18 - Bokförlag – Digibook - 2 minuter - https://www.digibook.se/bokforlag/
- 21:18 - Digibook – Publicering av digitala böcker - 20 sekunder - https://www.digibook.se/
"
Checked,Ulf,Rydberg,,,,,,,,"Nyvångsgatan 16",,26142,Landskrona,,,,ulfrydberg@telia.com,30764606158,Nordea,"Lotusblommans sav är röd som blod","Sten, en ung man gör militärtjänst i Israel istället för en judisk nära kär vän. Här får han uppleva en värld i krig med våld och död. Han upplever sitt livs första verkliga kärlek som slutar i död på grund av ett terroristangrepp. Hemma i Sverige upprepas historien med att hans nya familj mördas av några kriminella påtända galningar. Händelsen slår sönder Sten totalt och öppnar hans sinne för de svarta mörka demoner som tränats in i Israel och en total dödsmaskin vaknar till liv. Hans enda tankar är hämnd och död, även för sig själv då han inte har något att leva för. Men den svenska militärmakten har andra tankar och tar in honom under sina vingars skydd.  Detta är bok ett i en trilogi om hur vi alla kan drabbas och förändras av vårt allt hårdare samhälle.",,,E-bok,,,"119-129 kr",,,,,,,,,,,,,,,,,,,,,,,,,,,,,,,,,,,,,,,,,,,,,,,,,,,,,"True crime",,,,,,,,,,,,,,,,,,,,,,,,,,,,,,,,,,,,,,,,,,,,,,,,,,,,,,,,,,,,,,,,,,,,,,,,,,,,,,,,,"Skickar wordfilen direkt till Marino enligt överenskommelse.","299,00 Kr","Digibook skapar e-boks-fil (EPUB) - 399,00 Kr","Digibook skapar bokframsida - 299,00 Kr",,"997,00 Kr","Ulf Rydberg
xxxx xxxx xxxx 8044
Visa",1260,"januari 21, 2025 08:50",,Completed,Yes,No,"Mozilla/5.0 (Windows NT 10.0; Win64; x64) AppleWebKit/537.36 (KHTML, like Gecko) Chrome/132.0.0.0 Safari/537.36 Edg/132.0.0.0",217.208.148.188,1c13a34b-ccec-45cf-8b00-0bda49ff9fa0,Completed,"Total: 997,00
Currency: SEK
Gateway: Stripe
Type: En gång
Mode: live
Transaction: pi_3QjcE7LgKhr8jxDX2xZdLaA0
",,,,"Lat/Long: 55.8729, 12.8269
Map: https://maps.google.com/maps?q=Landskrona,Skåne County&ll=55.8729,12.8269&z=6&output=embed
Location: Landskrona, Skåne County
Postal: 261 93
Country: SE
",
Checked,"Jan O",Bengtson,,,,,,,,"Bonderudsvägen 102",,68195,Kristinehamn,,,,janbengtson@gmail.com,,Handelsbanken,"Teologie Pettersson","Teologie Pettersson, en burlesk bok om en man med stor framgång hos kvinnor och i livet som företagare. Teologie Pettersson har ett gott hjärta men han drar sig inte för vissa våldsamma ingripanden om han anser det som motiverat. Den krets av vänner som rör sig runt huvudpersonen är udda och lika speciella som Pettersson själv.",,Ljudbok,E-bok,"Jan O",Bengtson,"119-129 kr",,,,,,,,,,,,,,,,,,,,,,,,,,,,,,,"Humoristiska romaner",,,,,,,,,,,,,,,,,,,,,,,,,,,,,,,,,,,,,,,,,,,,,,,,,,,,,,,,,,,,,,,,,,,,,,,,,,,,,,,,,,,,,,,,,,,,,,,,,,,,,,,"Textfil sädes separat. Ljudfil kommer och bokens framsida är under utarbetande.","299,00 Kr","Digibook skapar e-boks-fil (EPUB) - 399,00 Kr",,"Digibook konverterar dina MP3-filer till WAV-filer - 199,00 Kr","897,00 Kr","Bengtsson Jan-Olof
xxxx xxxx xxxx 2696
Mastercard",1259,"januari 21, 2025 08:06",,Completed,Yes,No,"Mozilla/5.0 (Windows NT 10.0; Win64; x64) AppleWebKit/537.36 (KHTML, like Gecko) Chrome/132.0.0.0 Safari/537.36 Edg/132.0.0.0",155.4.130.129,b003da4f-ff85-4ab8-999a-a16d05bc42e2,Completed,"Total: 897,00
Currency: SEK
Gateway: Stripe
Type: En gång
Mode: live
Transaction: pi_3QjbXSLgKhr8jxDX1xOxW1Le
",,,,"Lat/Long: 57.7065, 11.967
Map: https://maps.google.com/maps?q=Gothenburg,Västra Götaland County&ll=57.7065,11.967&z=6&output=embed
Location: Gothenburg, Västra Götaland County
Postal: 417 45
Country: SE
","januari 12, 2025
- 11:20 - Digibook – Publicering av digitala böcker - https://www.digibook.se/
januari 16, 2025
- 17:13 - Skapa Wordfil – Digibook - 4 dagar - https://www.digibook.se/skapa-wordfil/
- 17:14 - Skapa ljudbok – Digibook - 1 minut - https://www.digibook.se/skapa-ljudbok/
- 17:17 - Ljudboksinspelning – Digibook - 3 minuter - https://www.digibook.se/ljudboksinspelning/
januari 20, 2025
- 12:11 - Digibook – Publicering av digitala böcker - 4 dagar - https://www.digibook.se/
- 14:22 - Skapa Wordfil – Digibook - 2 timmar - https://www.digibook.se/skapa-wordfil/
januari 21, 2025
- 07:42 - Marknadsföringstips – Digibook - 17 timmar - https://www.digibook.se/marknadsforingstips/
- 07:44 - Digibook – Publicering av digitala böcker - 2 minuter - https://www.digibook.se/
"
Checked,Kjell,Ekborg,,,,,,,,"Tornfalksgatan 30",,25449,Helsingborg,,,,kjellekborg@yahoo.se,"8214-9 9330875734",Swedbank,"En Korv KIosk berättar","Bertils Korv Kiosk i Helsingborg är ett matställedit de hungriga, de utstötta och de som längtar, söker sig. Här finns inga pekpinnar, utan ordet är lyssna när solen skiner, när det ösregnar och när snön fyker en kall vinterdag.",,,,,,,,,,,"Annat pris - ange pris nedan",99,,,,,,,,,,,,,,,,,,,,,,,,,,,,,,,,,,,,,,,,,,,,,,,,,"Modern och samtida skönlitteratur",,,,,,,,,,,,,,,,,,,,,,,,,,,,,,,,,,,,,,,,,,,,,,,,,,,,,,,,,,,,,,,,,,,,,,,,,,,,,,,"99 kr, du vet bäst!","299,00 Kr","Digibook skapar e-boks-fil (EPUB) - 399,00 Kr",,,"698,00 Kr","Klarna
xxxx xxxx xxxx 9121
Visa",1258,"januari 20, 2025 15:54",,Completed,Yes,No,"Mozilla/5.0 (Windows NT 10.0; Win64; x64) AppleWebKit/537.36 (KHTML, like Gecko) Chrome/132.0.0.0 Safari/537.36 Edg/132.0.0.0",83.250.90.86,f9017581-2c5f-4d96-9c76-6a0a52cac245,Completed,"Total: 698,00
Currency: SEK
Gateway: Stripe
Type: En gång
Mode: live
Transaction: pi_3QjMMWLgKhr8jxDX0eYDckAp
",,,,"Lat/Long: 56.045, 12.6923
Map: https://maps.google.com/maps?q=Helsingborg,Skåne County&ll=56.045,12.6923&z=6&output=embed
Location: Helsingborg, Skåne County
Postal: 250 02
Country: SE
","januari 8, 2025
- 13:51 - Forgot Password – Digibook - https://www.digibook.se/forgot-password/
- 13:52 - Forgot Password – Digibook - 17 sekunder - https://www.digibook.se/forgot-password/
- 13:52 - Forgot Password – Digibook - 22 sekunder - https://www.digibook.se/forgot-password/
- 13:52 - Digibook – Publicering av digitala böcker - 20 sekunder - https://www.digibook.se/
- 13:54 - Digibook – Publicering av digitala böcker - 1 minut - https://www.digibook.se/#Sec3
januari 11, 2025
- 14:16 - Digibook – Publicering av digitala böcker - 3 dagar - https://www.digibook.se/
- 14:16 - Kontakta oss – Digibook - 28 sekunder - https://www.digibook.se/kontakta-oss/
- 14:16 - Om Digibook – Digibook - 11 sekunder - https://www.digibook.se/om-digibook/
- 14:17 - Beställ författarsida – Digibook - 21 sekunder - https://www.digibook.se/bestall-forfattarsida/
- 14:17 - Om Digibook – Digibook - 29 sekunder - https://www.digibook.se/om-digibook/
- 14:17 - Portfolio – Digibook - 3 sekunder - https://www.digibook.se/portfolio/
- 14:18 - Kontakta oss – Digibook - 26 sekunder - https://www.digibook.se/kontakta-oss/
- 14:18 - FAQ – Digibook - 14 sekunder - https://www.digibook.se/faq/
- 14:20 - Digibook – Publicering av digitala böcker - 2 minuter - https://www.digibook.se/
januari 19, 2025
- 19:10 - Skapa Wordfil – Digibook - 1 vecka - https://www.digibook.se/skapa-wordfil/
- 20:13 - Digibook – Publicering av digitala böcker - 1 timme - https://www.digibook.se/
- 20:15 - Kontakta oss – Digibook - 2 minuter - https://www.digibook.se/kontakta-oss/
- 20:15 - Om Digibook – Digibook - 2 sekunder - https://www.digibook.se/om-digibook/
- 20:20 - Skapa Wordfil – Digibook - 5 minuter - https://www.digibook.se/skapa-wordfil/
- 20:21 - Om Digibook – Digibook - 39 sekunder - https://www.digibook.se/om-digibook/
- 20:21 - Kontakta oss – Digibook - 10 sekunder - https://www.digibook.se/kontakta-oss/
- 20:21 - Om Digibook – Digibook - 12 sekunder - https://www.digibook.se/om-digibook/
- 20:21 - Digibook – Publicering av digitala böcker - 12 sekunder - https://www.digibook.se/
- 23:03 - Marknadsföringstips – Digibook - 3 timmar - https://www.digibook.se/marknadsforingstips/
- 23:29 - Skapa Wordfil – Digibook - 26 minuter - https://www.digibook.se/skapa-wordfil/
- 00:23 - Digibook – Publicering av digitala böcker - 54 minuter - https://www.digibook.se/
januari 20, 2025
- 15:07 - Bokförlag – Digibook - 15 timmar - https://www.digibook.se/bokforlag/
- 15:07 - Digibook – Publicering av digitala böcker - 14 sekunder - https://www.digibook.se/
- 15:07 - FAQ – Digibook - 5 sekunder - https://www.digibook.se/faq/
- 15:08 - Skapa Wordfil – Digibook - 40 sekunder - https://www.digibook.se/skapa-wordfil/
- 15:08 - Digibook – Publicering av digitala böcker - 19 sekunder - https://www.digibook.se/
"
Checked,Ann,Ying,,,,,,,,"Rönnängs brygga 8b",,47141,Rönnäng,,,,anne.mozart@hotmail.com,8353538225363,"Swedbank Orust sparbank","Linneas magiska frisyrer","Linnea har magiska krafter och kan förändra frisyrer! Med sin magiska kraft gör hon så att tjuvar och banditer får en väldigt stor prickig hårkorv på huvudet! Det enda sättet för tjuvarna och banditerna att bli av med den väldiga hårkorven är att göra goda gärningar!","February 2, 2025",,E-bok,,,,,"59-69 kr (t.ex. barnbok 0-3 år)",,,,,,"Från 3 år",,,,,,,,,,,,,,,,,,,,,,,,,,,,,,,,,,,,,,,,,,,,,,,,,,,,,,,,,,,,,,,,,,,,,,,,,,,,,,,,,,,,,,,,,,,,,,,,,,,,,,,,,,,,,,,,,,,,,,,,,,,,,,,"299,00 Kr",,,,"299,00 Kr","Orust sparbank Ann Ying
xxxx xxxx xxxx 2916
Mastercard",1253,"januari 1, 2025 13:07",,Completed,Yes,No,"Mozilla/5.0 (Windows NT 10.0; Win64; x64) AppleWebKit/537.36 (KHTML, like Gecko) Chrome/131.0.0.0 Safari/537.36 Edg/131.0.0.0",90.227.87.66,3282172a-5778-4db5-8583-64c487b58dcb,Completed,"Total: 299,00
Currency: SEK
Gateway: Stripe
Type: En gång
Mode: live
Transaction: pi_3QcQhxLgKhr8jxDX1v2G8L35
",,,"{""id:loEeJpHBAnAAAAAAAAFUgA"":{""hash"":""id:loEeJpHBAnAAAAAAAAFUgA"",""name"":""Linneas magiska frisyrer.docx"",""description"":"""",""type"":""application/vnd.openxmlformats-officedocument.wordprocessingml.document"",""path"":""/Linneas magiska frisyrer.docx"",""size"":""61 MB"",""link"":""https://www.dropbox.com/home/672b5c28-3b3d-489b-94e7-01a06c15ce03 ()/linneas magiska frisyrer.docx"",""account_id"":""dbid:AADXK_Gkez5UYe0VK2ee1yNTSHNoC0-_pbI"",""folderurl"":""https%3A%2F%2Fwww.dropbox.com%2Fhome%2F672b5c28-3b3d-489b-94e7-01a06c15ce03+%28%29""}}","Lat/Long: 57.7065, 11.967
Map: https://maps.google.com/maps?q=Gothenburg,Västra Götaland County&ll=57.7065,11.967&z=6&output=embed
Location: Gothenburg, Västra Götaland County
Postal: 417 41
Country: SE
","januari 1, 2025
- 12:43 - Marknadsföringstips – Digibook - https://www.digibook.se/marknadsforingstips/
- 12:43 - Skapa Wordfil – Digibook - 35 sekunder - https://www.digibook.se/skapa-wordfil/
- 12:45 - Marknadsföringstips – Digibook - 2 minuter - https://www.digibook.se/marknadsforingstips/
- 12:45 - Recensionsexemplar – Digibook - 23 sekunder - https://www.digibook.se/recensionsexemplar/
- 12:46 - Digibook – Publicering av digitala böcker - 35 sekunder - https://www.digibook.se/
"
Checked,Martin,Elmberg,,,,,,,,Bergmov.6A,,14638,Tullinge,,,"Marelm technology AB",martin.elmberg@gmail.com,734-9350,Bankgiro,"Dödsblomman vid världens ände","Ryssland har sedan tidigare annekterat delar av Sverige och inbördeskrig rasar i de södra delarna av landet. Alva letar efter sin försvunna dotter Moa men hindras av tjänsten som prickskytt i Götlands armé. Barnet i hennes mage ställer henne samtidigt inför svåra val.

Max är åter i Sverige, där alla måste tjänstgöra i Nordsveriges försvar. Annika och Filip kallas in som soldater. Max får en roll som drönarexpert i försvarsindustrin medan Yulija har svårt att anpassa sig till sitt nya liv.

Orvar dras återigen in i kalla krigets spionintriger och bidrar oavsiktligt till Sveriges atombombsutveckling. Hans svåraste spionflygning någonsin kommer också att bli hans sista.

Det här är den tredje och avslutande boken i serien om Alva, Max och Orvar - en spänningsroman delvis baserad på verkliga händelser.",,,E-bok,,,,"79-89 kr",,,,,,,,,,,,,,,,,,,,,,,,,,,"Historiska romaner",,,,,,,,,"Krig och försvar",,,,,,,,,,,,,,,,,,"Modern och samtida skönlitteratur",,,,,,,"Thrillers / spänningsromaner","Äventyrsromaner / action",,,,,,,,,,,,,,,,,,,,,,,,,,,,,,,,,,,,,,,,,,,,,,,,,,,,,,,,,,,,,,,,,,,,,,,"Detta är bok 3 av 3 i serien","299,00 Kr","Digibook skapar e-boks-fil (EPUB) - 399,00 Kr",,,"698,00 Kr","MARELM TECHNOLOGY AB MARTIN ELMBERG
xxxx xxxx xxxx 5523
Mastercard",1252,"december 28, 2024 14:20",,Completed,Yes,No,"Mozilla/5.0 (Windows NT 10.0; Win64; x64; rv:133.0) Gecko/20100101 Firefox/133.0",83.227.208.87,cf7a6596-da37-456c-8ebf-4dadb8f0a795,Completed,"Total: 698,00
Currency: SEK
Gateway: Stripe
Type: En gång
Mode: live
Transaction: pi_3QazwRLgKhr8jxDX2QvCxrY5
",,,"{""id:loEeJpHBAnAAAAAAAAFUaQ"":{""hash"":""id:loEeJpHBAnAAAAAAAAFUaQ"",""name"":""Dödsblomman vid världens ände.docx"",""description"":"""",""type"":""application/vnd.openxmlformats-officedocument.wordprocessingml.document"",""path"":""/Dödsblomman vid världens ände.docx"",""size"":""268 KB"",""link"":""https://www.dropbox.com/home/b0795f85-28f3-4f7e-82bf-1a49253872a2 ()/dödsblomman vid världens ände.docx"",""account_id"":""dbid:AADXK_Gkez5UYe0VK2ee1yNTSHNoC0-_pbI"",""folderurl"":""https%3A%2F%2Fwww.dropbox.com%2Fhome%2Fb0795f85-28f3-4f7e-82bf-1a49253872a2+%28%29""},""id:loEeJpHBAnAAAAAAAAFUag"":{""hash"":""id:loEeJpHBAnAAAAAAAAFUag"",""name"":""Dödsblomman eFront v2.jpg"",""description"":"""",""type"":""image/jpeg"",""path"":""/Dödsblomman eFront v2.jpg"",""size"":""419 KB"",""link"":""https://www.dropbox.com/home/b0795f85-28f3-4f7e-82bf-1a49253872a2 ()/dödsblomman efront v2.jpg"",""account_id"":""dbid:AADXK_Gkez5UYe0VK2ee1yNTSHNoC0-_pbI"",""folderurl"":""https%3A%2F%2Fwww.dropbox.com%2Fhome%2Fb0795f85-28f3-4f7e-82bf-1a49253872a2+%28%29""}}","Lat/Long: 59.2006, 17.8401
Map: https://maps.google.com/maps?q=Tumba,Stockholm County&ll=59.2006,17.8401&z=6&output=embed
Location: Tumba, Stockholm County
Postal: 147 50
Country: SE
","december 28, 2024
- 14:14 - Digibook – Publicering av digitala böcker - https://www.digibook.se/
"
Checked,Martin,Elmberg,,,,,,,,Bergmov.6A,,14638,Tullinge,,,"Marelm Technology AB",martin.elmberg@gmail.com,734-9350,Bankgiro,"Stormens Nemesis","Kriminella gängskjutningar och terrordåd har under en längre tid drabbat Sverige. Inbördeskrig bryter ut i söder efter att Ryssland har ockuperat delar av landet. 

Sökandet efter Alvas försvunna dotter leder henne in i stridigheter och grymma övergrepp som förändrar henne för alltid medan Max seglar vidare mot drömmen om en egen söderhavsö.

Stridsflygaren Orvar hamnar i kalla krigets spionintriger där Sverige befinner sig i den brännheta skärningspunkten mellan öst och väst. Han upptäcker hur judeförföljelsen fortsätter och inte slutar med andra världskriget.

Det här är den andra boken i serien om Alva, Max och Orvar - en spänningsroman delvis baserad på verkliga händelser.",,,E-bok,,,,"79-89 kr",,,,,,,,,,,,,,,,,,,,,,,,,,,"Historiska romaner",,,,,,,,,"Krig och försvar",,,,,,,,,,,,,,,,,,"Modern och samtida skönlitteratur",,,,,,,"Thrillers / spänningsromaner","Äventyrsromaner / action",,,,,,,,,,,,,,,,,,,,,,,,,,,,,,,,,,,,,,,,,,,,,,,,,,,,,,,,,,,,,,,,,,,,,,,"Detta är bok 2 av 3 i serien","299,00 Kr","Digibook skapar e-boks-fil (EPUB) - 399,00 Kr",,,"698,00 Kr","MARELM TECHNOLOGY AB MARTIN ELMBERG
xxxx xxxx xxxx 5523
Mastercard",1251,"december 28, 2024 14:09",,Completed,Yes,No,"Mozilla/5.0 (Windows NT 10.0; Win64; x64; rv:133.0) Gecko/20100101 Firefox/133.0",83.227.208.87,cf7a6596-da37-456c-8ebf-4dadb8f0a795,Completed,"Total: 698,00
Currency: SEK
Gateway: Stripe
Type: En gång
Mode: live
Transaction: pi_3QazlzLgKhr8jxDX1AN9ecnr
",,,"{""id:loEeJpHBAnAAAAAAAAFUZw"":{""hash"":""id:loEeJpHBAnAAAAAAAAFUZw"",""name"":""Stormens Nemesis.docx"",""description"":"""",""type"":""application/vnd.openxmlformats-officedocument.wordprocessingml.document"",""path"":""/Stormens Nemesis.docx"",""size"":""319 KB"",""link"":""https://www.dropbox.com/home/b0795f85-28f3-4f7e-82bf-1a49253872a2 ()/stormens nemesis.docx"",""account_id"":""dbid:AADXK_Gkez5UYe0VK2ee1yNTSHNoC0-_pbI"",""folderurl"":""https%3A%2F%2Fwww.dropbox.com%2Fhome%2Fb0795f85-28f3-4f7e-82bf-1a49253872a2+%28%29""},""id:loEeJpHBAnAAAAAAAAFUaA"":{""hash"":""id:loEeJpHBAnAAAAAAAAFUaA"",""name"":""SN omslagsbild - FINAL.jpg"",""description"":"""",""type"":""image/jpeg"",""path"":""/SN omslagsbild - FINAL.jpg"",""size"":""340 KB"",""link"":""https://www.dropbox.com/home/b0795f85-28f3-4f7e-82bf-1a49253872a2 ()/sn omslagsbild - final.jpg"",""account_id"":""dbid:AADXK_Gkez5UYe0VK2ee1yNTSHNoC0-_pbI"",""folderurl"":""https%3A%2F%2Fwww.dropbox.com%2Fhome%2Fb0795f85-28f3-4f7e-82bf-1a49253872a2+%28%29""}}","Lat/Long: 59.2006, 17.8401
Map: https://maps.google.com/maps?q=Tumba,Stockholm County&ll=59.2006,17.8401&z=6&output=embed
Location: Tumba, Stockholm County
Postal: 147 50
Country: SE
","december 28, 2024
- 14:02 - Digibook – Publicering av digitala böcker - https://www.digibook.se/
"
Checked,Martin,Elmberg,,,,,,,,"Bergmov. 6A",,14638,Tullinge,,,"Marelm Technology AB",martin.elmberg@gmail.com,734-9350,Bankgiro,"Den tredje delningen","Ett gift par ger sig av på långfärdssegling mot soligare breddgrader men egentligen flyr de från sitt tidigare liv.

I Östergötland jagar den ensamstående mamman och polisen ett kriminellt nätverk under tiden som Sverige faller allt djupare ner i kaos. 

Åttio år tidigare hamnar en svensk stridspilot mitt i händelsernas centrum när Europas framtid avgörs under andra världskrigets slutskede.

De lever alla i en värld som rasar samman runtomkring dem och de tvingas fatta beslut och genomleva saker som ingen människa ska behöva uppleva. Deras öden vävs samman av vår nutida historia i en hårdkokt fiktion baserad på en verklighet som ofta är grymmare än dikten.",,,E-bok,,,,"79-89 kr",,,,,,,,,,,,,,,,,,,,,,,,,,,"Historiska romaner",,,,,,,,,"Krig och försvar",,,,,,,,,,,,,,,,,,"Modern och samtida skönlitteratur",,,,,,,"Thrillers / spänningsromaner","Äventyrsromaner / action",,,,,,,,,,,,,,,,,,,,,,,,,,,,,,,,,,,,,,,,,,,,,,,,,,,,,,,,,,,,,,,,,,,,,,,"Detta är bok 1 av 3 i serien.","299,00 Kr","Digibook skapar e-boks-fil (EPUB) - 399,00 Kr",,,"698,00 Kr","MARELM TECHNOLOGY AB MARTIN ELMBERG
xxxx xxxx xxxx 5523
Mastercard",1250,"december 28, 2024 13:57",,Completed,Yes,No,"Mozilla/5.0 (Windows NT 10.0; Win64; x64; rv:133.0) Gecko/20100101 Firefox/133.0",83.227.208.87,cf7a6596-da37-456c-8ebf-4dadb8f0a795,Completed,"Total: 698,00
Currency: SEK
Gateway: Stripe
Type: En gång
Mode: live
Transaction: pi_3QazZoLgKhr8jxDX1zpaTZsL
",,,"{""id:loEeJpHBAnAAAAAAAAFUZQ"":{""hash"":""id:loEeJpHBAnAAAAAAAAFUZQ"",""name"":""Den tredje delningen.docx"",""description"":"""",""type"":""application/vnd.openxmlformats-officedocument.wordprocessingml.document"",""path"":""/Den tredje delningen.docx"",""size"":""346 KB"",""link"":""https://www.dropbox.com/home/b0795f85-28f3-4f7e-82bf-1a49253872a2 ()/den tredje delningen.docx"",""account_id"":""dbid:AADXK_Gkez5UYe0VK2ee1yNTSHNoC0-_pbI"",""folderurl"":""https%3A%2F%2Fwww.dropbox.com%2Fhome%2Fb0795f85-28f3-4f7e-82bf-1a49253872a2+%28%29""},""id:loEeJpHBAnAAAAAAAAFUZg"":{""hash"":""id:loEeJpHBAnAAAAAAAAFUZg"",""name"":""DTD omslagsbild FINAL.jpg"",""description"":"""",""type"":""image/jpeg"",""path"":""/DTD omslagsbild FINAL.jpg"",""size"":""169 KB"",""link"":""https://www.dropbox.com/home/b0795f85-28f3-4f7e-82bf-1a49253872a2 ()/dtd omslagsbild final.jpg"",""account_id"":""dbid:AADXK_Gkez5UYe0VK2ee1yNTSHNoC0-_pbI"",""folderurl"":""https%3A%2F%2Fwww.dropbox.com%2Fhome%2Fb0795f85-28f3-4f7e-82bf-1a49253872a2+%28%29""}}","Lat/Long: 59.2006, 17.8401
Map: https://maps.google.com/maps?q=Tumba,Stockholm County&ll=59.2006,17.8401&z=6&output=embed
Location: Tumba, Stockholm County
Postal: 147 50
Country: SE
","november 11, 2024
- 21:06 - Skapa Wordfil – Digibook - https://www.digibook.se/skapa-wordfil/
december 28, 2024
- 13:45 - Digibook – Publicering av digitala böcker - 2 månader - https://www.digibook.se/
"
Checked,Ellef,Hersoug,,,,,,,,"Hornsgatan 56",,11821,Stockholm,,,,ellef.hersoug@gmail.com,52012952135,SEB,"Provisorisk Huvudstad","Kaunas, maj 1929. Den litauiska nationen är ny och svag. Premiärministern utsätts för ett mordförsök. 
Vytas har inget med det att göra. Vytas vill inte bli inblandad...",,,E-bok,,,,,,,"17-25 kr (t.ex. kortare novell)",,,,,,,,,,,,,,,,,,,,,,,"Historia och arkeologi",,,,,,,,,,,,,,,,,,,,,,,,,,,,,,Noveller,,,,,,,,,,,,,,,,,,,,,,,,,,,,,,,,,,,,,,,,,,,,,,,,,,,,,,,,,,,,,,,,,,,,,,,,,,,,,"God Jul!","299,00 Kr",,,,"299,00 Kr","HERSOUG ELLEF
xxxx xxxx xxxx 5516
Mastercard",1249,"december 26, 2024 17:23",,Completed,No,No,"Mozilla/5.0 (Windows NT 10.0; Win64; x64) AppleWebKit/537.36 (KHTML, like Gecko) Chrome/131.0.0.0 Safari/537.36 Edg/131.0.0.0",213.200.178.129,82a7538c-3979-403f-8bfa-dd287b86d2ab,Completed,"Total: 299,00
Currency: SEK
Gateway: Stripe
Type: En gång
Mode: live
Transaction: pi_3QaJqRLgKhr8jxDX1pCdfBcb
",,,{},"Lat/Long: 59.3241, 18.0517
Map: https://maps.google.com/maps?q=Stockholm,Stockholm County&ll=59.3241,18.0517&z=6&output=embed
Location: Stockholm, Stockholm County
Postal: 109 52
Country: SE
",
Checked,Thomas,Funck,,,,,,,,"Hallingebergs Teater",,59491,Gamleby,,,"Aktiebolaget Boll & Stropp",mikael@bollochstropp.se,8422832973471,"Tjustbygdens Sparbank","Thomas Funcks Kalle Stropp och Grodan Boll - På jullov och uppdrag","""Ä! Vad Grodan är dum! Man har ju redan talat om att ägget skulle vara tomt inuti! Men det förstod väl inte Grodan! Grodan förstår så litet, så Grodan skulle… nästan… behöva gå i skolan, skulle Grodan behöva!"" Och det är precis vad Grodan gör, och när Kalle Stropp kommer för att rädda sin gamle vän lär sig Grodan räkna med ägg.
Men Grodan ställer alltid upp för sin vän Kalle och hjälper honom att mata djuren på bondgården, men har verkligen grisen en kontakt i näsan?
När de är klara på bondgården efter att räven spelat ett litet spratt med alla djuren ger de sig ut på isen för att lära sig åka skridskor och prata med gammelgäddan. Men varför används Grodan som en puck av ishockeyspelarna?
Grodan ser ingen annan väg än att bli domare innan vännerna går hem tillsammans och firar jul ihop!

----

HÖRRU! Nu är vi här igen!

----

Redan på 1950-talet gjorde Kalle Stropp och Grodan Boll stor succé i Sverige som radioprogram. Deras återkommande budskap om att värna om djur, natur och om varandra är lika aktuella idag, som då. Äntligen får vi återse alla kära figurer: den gröna gräshoppan Kalle Stropp, den klumpiga men snälla Grodan Boll, och så deras vänner Plåt-Niklas, papegojan Ragatha, Hönan och Räven. ”På jullov och uppdrag” är den första julboken av de helt nya böckerna om Kalle Stropp och Grodan Boll.",,Ljudbok,,Anne-Christine,Bergholm,,,"59-69 kr (t.ex. barnbok 0-3 år)",,,,,,"Från 3 år","Från 6 år",,,,,,,,,,,,,,,,,,,,,,,,,,,,,,,,,,,,,,,,,,,,,,,,,,,,,,,,,,,,,,,,,,,,,,,,,,,,,"Skönlitteratur barn och ungdom: spänning och äventyr",,,,,,,"Skönlitteratur barn och ungdom: naturberättelser och djurberättelser","Skönlitteratur barn och ungdom: roliga berättelser",,,,,,,,,,,,,,,,,,,,,,,,,,,,,,,,,,,,,,"Markera detta val så vi kan matcha ditt formulär med filerna från Sprend. Ange titelns namn i Sprends meddelanderuta. ",,,"299,00 Kr",,,,"299,00 Kr","Mikael Funck
xxxx xxxx xxxx 3748
Visa",1247,"december 20, 2024 18:22",,Completed,Yes,No,"Mozilla/5.0 (Windows NT 10.0; Win64; x64; rv:133.0) Gecko/20100101 Firefox/133.0",194.68.59.47,91e8d714-1fa1-4787-922e-1751e7953673,Completed,"Total: 299,00
Currency: SEK
Gateway: Stripe
Type: En gång
Mode: live
Transaction: pi_3QY9uaLgKhr8jxDX3QuAUgcP
",,,"{""id:loEeJpHBAnAAAAAAAAFUMA"":{""hash"":""id:loEeJpHBAnAAAAAAAAFUMA"",""name"":""Omslag julljudbok 2024.jpg"",""description"":"""",""type"":""image/jpeg"",""path"":""/Omslag julljudbok 2024.jpg"",""size"":""1 MB"",""link"":""https://www.dropbox.com/home/7a8455ec-6f23-4f46-8fd2-6e02af8bd472 ()/omslag julljudbok 2024.jpg"",""account_id"":""dbid:AADXK_Gkez5UYe0VK2ee1yNTSHNoC0-_pbI"",""folderurl"":""https%3A%2F%2Fwww.dropbox.com%2Fhome%2F7a8455ec-6f23-4f46-8fd2-6e02af8bd472+%28%29""}}","Lat/Long: 59.3247, 18.056
Map: https://maps.google.com/maps?ll=59.3247,18.056&z=6&output=embed
Country: SE
","december 1, 2024
- 18:53 - Digibook – Publicering av digitala böcker - https://www.digibook.se/
"
Checked,Thomas,Hansen,,,,,,,,"Grönbetevägen 41",,16559,Hässelby,,,"Maxinad AB",thomas.sthlm@gmail.com,"9660 9085678","Svea Bank Bokio",Tunnelbanemorden,"En tunnelbaneförare i Stockholm huggs brutalt ner på en station, precis utanför hyttdörren till tåget han kör, och mördaren försvinner spårlöst i mörkret. 

Stockholms tunnelbana är en av Sveriges bäst övervakade platser. Polisen kan se mordet på film, men hittar inte det minsta spår som kan avslöja gärningsmannen, som gömmer sig under heltäckande regnkläder.

Snart dör ännu en förare på samma sätt. Sandra Collin och hennes kollegor på Stockholmspolisens specialavdelning Mordet, tvingas inse att den mystiska figur de jagar, är en seriemördare. 

Trycket på dem att lösa gåtan och fånga den skyldige blir enormt. Stockholmarna blir rädda för att gå ner i tunnelbanan, och förarna vägrar köra tågen. Hela huvudstaden står stilla, och det är bråttom – mördaren är långt ifrån klar.

Tunnelbanemorden är tidigare utgiven 2020, nu i ny version med inläsning av författaren själv.","January 30, 2025",Ljudbok,,Thomas,Hansen,,"79-89 kr",,,,,,,,,,,,,Deckare,,,,,,,,,,,,,,,,,,,,,,,,,,,,,,,,,,,,,,,,,,,,,,,,,,,,,,,,,,,,,,,,,,,,,,,,,,,,,,,,,,,,,,,,,,,,,,,,,,,,,,,,,,,,,,,,,,,,,,"Markera detta val så vi kan matcha ditt formulär med filerna från Sprend. Ange titelns namn i Sprends meddelanderuta. ",,"Jag bifogar två sprend-länkar här, där ljudfilerna finns att ladda ner. Första filen innehåller kapitel 1-40. Andra filen innehåller kapitel 41-79 samt en omslagsbild.

Om frågetecken uppstår - denna bok finns publicerad sedan tidigare med annan (dålig) inläsare och på annat förlag. Jag har återfått rättigheterna till boken så gör därför nu denna lansering. 

https://sprend.com/download?C=277912a8e1944285a7929513b909ea99
https://sprend.com/download?C=d456052bfbe14fbb9ce0c0ff39e6a725","299,00 Kr",,,,"299,00 Kr","MAXINAD AB THOMAS HANSEN
xxxx xxxx xxxx 6967
Mastercard",1246,"december 17, 2024 13:13",,Completed,Yes,No,"Mozilla/5.0 (Windows NT 10.0; Win64; x64) AppleWebKit/537.36 (KHTML, like Gecko) Chrome/131.0.0.0 Safari/537.36",194.68.106.5,2bf4d489-7703-42be-a38d-2809937ee8e1,Completed,"Total: 299,00
Currency: SEK
Gateway: Stripe
Type: En gång
Mode: live
Transaction: pi_3QWzeELgKhr8jxDX1oBS5Bpe
",,,,"Lat/Long: 59.3688, 18.118
Map: https://maps.google.com/maps?q=Lidingö,Stockholm County&ll=59.3688,18.118&z=6&output=embed
Location: Lidingö, Stockholm County
Postal: 181 44
Country: SE
","november 23, 2024
- 15:17 - Skapa ljudbok – Digibook - https://www.digibook.se/skapa-ljudbok/
- 15:17 - Digibook – Publicering av digitala böcker - 7 sekunder - https://www.digibook.se/
"
Checked,Stig,Simonsson,,,,,,,,"Röds Saturnusstig 6",,42334,TORSLANDA,,,stig-simonsson.se,stig.simonsson96@gmail.com,17392013130,Nordea,Myglaren,"Fyra äldre framgångsrika män, kommer att få möta sitt öde. Bakom varje framgångsrik man, kan man skönja hårda nypor och vassa armbågar. Varför mördades den mycket populäre golfspelaren i Björlanda GK, och varför hittas han död i bunker vid sjunde green just denna vackra sommardag? Kriminalkommissarie Yvonne Baaz, som inte kommer låta någonting stå i vägen för sanningen, kommer att få jobba hårt för att få fram bevisen och sambanden. Men på en plats full av myglare och fuskare, skyddas sanningen av motiv värda att döda för. Debutdeckaren Myglaren är en polisdeckare som utspelas i en fiktiv golfmiljö. I debut boken skapade jag min huvudkaraktär kriminalkommissarie Yvonne Baaz, som är väldigt vacker och smart medelålders kvinna med hårda nypor. Boken är skriven i ett väldigt lättläst format och med en hel del humor. Skriven främst för golfare, men det finns en gedigen golfparlör i slutet av boken, så att icke golfare även kan åtnjuta denna deckare. Björlanda GK är en fiktiv golfbana och resten av händelserna utspelas i Torslanda och ute i norra skärgården.",,Ljudbok,,AI,Voice,,,,"39-49 kr (t.ex. längre novell eller kortare roman)",,,,,,,,,,,Deckare,,,,,,,,,,,,,,,,,,,,,,,,,,,,,,,,,"Sport, idrott och friluftsliv",,,,,,,,,,,,"Klassiska deckare",,,,,,,,,,,,,,,,,,,,,,,,,,,,,,,,,,,,,,,,,,,,,,,,,,,,,,,,,,,,,,,,,,,,,,,,,,,"Myglaren är redan publicerad som E-bok. Här kommer ljudboken. Du kan hämta filerna här:
https://www.dropbox.com/scl/fo/f2tbhf1ad6hpl1rkpe53t/AGTWRHhoItkZGv-qBySVxNw?rlkey=oakwhs0pejhpu2vgkevr5phis&st=qlbvtui1&dl=0","299,00 Kr",,,,"299,00 Kr","Stig Simonsson
xxxx xxxx xxxx 3035
Visa",1245,"december 12, 2024 10:30",,Completed,Yes,No,"Mozilla/5.0 (Windows NT 10.0; Win64; x64) AppleWebKit/537.36 (KHTML, like Gecko) Chrome/131.0.0.0 Safari/537.36",2001:2042:7b24:1300:700c:8958:6e55:793f,86059126-202f-4bdd-8181-fc6485d62207,Completed,"Total: 299,00
Currency: SEK
Gateway: Stripe
Type: En gång
Mode: live
Transaction: pi_3QV8jJLgKhr8jxDX24UZy8VO
",,,,"Lat/Long: 57.7065, 11.967
Map: https://maps.google.com/maps?q=Gothenburg,Västra Götaland County&ll=57.7065,11.967&z=6&output=embed
Location: Gothenburg, Västra Götaland County
Postal: 417 49
Country: SE
","december 12, 2024
- 10:23 - Digibook – Publicering av digitala böcker - https://www.digibook.se/
- 10:23 - AI inläsning – Digibook - 11 sekunder - https://www.digibook.se/ai-inlasning/
- 10:24 - Digibook – Publicering av digitala böcker - 59 sekunder - https://www.digibook.se/
"
Checked,Stig,Simonsson,,,,,,,,"Röds Saturnusstig 6",,42334,TORSLANDA,,,stig-simonsson.se,stig.simonsson96@gmail.com,17392013130,Nordea,TorZ,"ONDSKAN HAR DRABBAT TORSLANDA

Dansbandskungen Tor Zetter lever ett tryggt liv  i  sin fashionabla villa i Hästevik, ont anande om ondskan som ska drabba honom.
Tom Kåpp har med sin gravida fru Jasmine flyttat till Hästevik och dras nu in i en härva som startar med Tors tidigare leverne, när hans dansband Torz var som populärast. Tor har genom åren skaffat sig psykopatiska ovänner. Viagonal, sexlustmedlet för kvinnor är fortfarande attraktivt för den kinesiska triaden. Triaden skickar torpeder till Göteborg för att komma åt Viagonal. En katt och råtta lek startar. Motiv, bevis, ledtrådar och samband saknas och Tom får verkligen en utmaning att reda ut dessa härvor av grymhet.
Men det finns hopp för Tom Kåpp.",,Ljudbok,E-bok,AI,Bruce,,,,,,"Annat pris - ange pris nedan",48,,,,,,,,Deckare,,,,,,,,,,,,,,,,,,,,,,,,,,,,,,,,,,,,,,,,,,,,,"Klassiska deckare",,,,,,,,,,,,,,,,,,,,,,,,,,,,,,,,,,,,,,,,,,,,,,,,,,,,,,,,,,,,,,,,,,,,,,,,,,,"Hej, 
Nu kommer min 5:e bok som E- och ljudbok. Epub3 är verifierad och framsidorna ska vara rätt.
OBS! Ljudboken är AI genererad. Hoppas att du godkänner detta. Har kollat med leverantören och det ska vara legalt att göra så.
Kanske du kan ge mig förtur eftersom allt är klart och att du berömde mig förra gången.

Alla filer finns under denna dropboxlänk:

https://www.dropbox.com/scl/fo/t1pm228j017yq5lx7wqrc/AMKZ85Mgg_b_H_VGPDzGGuE?rlkey=ywo2zvo7k283qqcsu6c4omvfl&st=w84n1p54&dl=0","299,00 Kr",,,,"299,00 Kr","Stig Simonsson
xxxx xxxx xxxx 3035
Visa",1244,"december 9, 2024 11:47",,Completed,Yes,No,"Mozilla/5.0 (Windows NT 10.0; Win64; x64) AppleWebKit/537.36 (KHTML, like Gecko) Chrome/131.0.0.0 Safari/537.36",2001:2042:7b24:1300:bd51:9881:edeb:bdf3,86059126-202f-4bdd-8181-fc6485d62207,Completed,"Total: 299,00
Currency: SEK
Gateway: Stripe
Type: En gång
Mode: live
Transaction: pi_3QU4V0LgKhr8jxDX3YAqoxMS
",,,,"Lat/Long: 57.7065, 11.967
Map: https://maps.google.com/maps?q=Gothenburg,Västra Götaland County&ll=57.7065,11.967&z=6&output=embed
Location: Gothenburg, Västra Götaland County
Postal: 417 49
Country: SE
",
Checked,Fredrik,Kocon,,,,,,,,"Rååvägen 119",,25269,Råå,,,"Kocon management AB",fredrik.kocon@outlook.com,821499330995086,Swedbank,"Självledarskap 6.0","Självledarskap 6.0
En Djuplodande Utforskning av Självledarskap i en Föränderlig Värld
Välkommen till en resa som inte bara skrapar på ytan, utan dyker djupt ner i förståelsen av vad det innebär att leda sig själv i en värld som blir alltmer komplex och krävande. Självledarskap 6.0 är mer än bara en handbok i personlig utveckling; det är en omfattande vägledning som bygger på vetenskapliga och filosofiska insikter. Dessa insikter utrustar oss med de verktyg som behövs för att förstå och övervinna de osynliga hinder vi ofta själva sätter upp, de barriärer som begränsar vår potential och hindrar oss från att nå vår fulla kapacitet.","December 9, 2024",Ljudbok,,Benidic,AI,,"79-89 kr",,,,,,,,,,,,"Ande, kropp och själ",,,"Ekonomi, finansväsen, näringsliv och management",,,,,,,,,,,,,,,,,,,,,,,,,,,,"Religion och tro",,"Självhjälp och praktiska råd",,,,,,,,,,,,,,,,,,,,,,,,,,,,,,,,,,,,,,,,,,,,,,,,,,,,,,,,,,,,,,,,,,,,,,,,,,,,,,,,,,,,,,"Markera detta val så vi kan matcha ditt formulär med filerna från Sprend. Ange titelns namn i Sprends meddelanderuta. ",,,"299,00 Kr",,"Digibook skapar bokframsida - 299,00 Kr",,"598,00 Kr","Fredrik Kocon
xxxx xxxx xxxx 7420
Mastercard",1243,"december 9, 2024 07:27",,Completed,Yes,No,"Mozilla/5.0 (iPhone; CPU iPhone OS 18_1_1 like Mac OS X) AppleWebKit/605.1.15 (KHTML, like Gecko) CriOS/131.0.6778.103 Mobile/15E148 Safari/604.1",2001:2042:dc21:7d00:cdf2:a1fa:faaa:8c86,54320a09-fcc1-4d80-87d7-345b9eda566b,Completed,"Total: 598,00
Currency: SEK
Gateway: Stripe
Type: En gång
Mode: live
Transaction: pi_3QU0RcLgKhr8jxDX1sbwapJY
",,,,"Lat/Long: 56.0449, 12.692
Map: https://maps.google.com/maps?q=Helsingborg,Skåne County&ll=56.0449,12.692&z=6&output=embed
Location: Helsingborg, Skåne County
Postal: 256 63
Country: SE
",
Checked,Per-Olof,Malmström,,,,,,,,"narcissgatan 3",,25661,helsingborg,,,,treglasfonster@gmail.com,8214664040213-4,Swedbank,"Plågad Ande","Efter ett långt yrkesliv som lärare går Johan äntligen i pension. Johan har under en tid fått besök av en mystisk man i sina drömmar, och som nybliven pensionär gör han slag i saken och kontaktar mediet Tora Angel. Mannen visar sig vara Johans farfar som vill ställa det förflutna till rätta, och snart får Johan även kontakt med sin pappa och morfar. Tillsammans med dessa tre män, som på olika vis format Johans liv, lyckas Johan slutligen nå självacceptans och harmoni.",,,E-bok,,,,"79-89 kr",,,,,,,,,,,,,,,,,,,,,,,,,,,,,,,,,,,,,,,,,,,,,,,,,,,,,,,,,"Biografiska romaner",,,,,,,,,,,,,,,,,,,,,,,,,,,,,,,,,,,,,,,,,,,,,,,,,,,,,,,,,,,,,,,,,,,,,,,,,,,,,"299,00 Kr","Digibook skapar e-boks-fil (EPUB) - 399,00 Kr","Digibook skapar bokframsida - 299,00 Kr",,"997,00 Kr","Ingrid Malmström
xxxx xxxx xxxx 3339
Mastercard",1242,"december 5, 2024 11:33",,Completed,Yes,No,"Mozilla/5.0 (Windows NT 10.0; Win64; x64) AppleWebKit/537.36 (KHTML, like Gecko) Chrome/131.0.0.0 Safari/537.36",37.123.177.227,ccd34069-ff7a-478a-b732-4ef930d1928a,Completed,"Total: 997,00
Currency: SEK
Gateway: Stripe
Type: En gång
Mode: live
Transaction: pi_3QScNSLgKhr8jxDX1psAjiMS
",,,"{""id:loEeJpHBAnAAAAAAAAFSww"":{""hash"":""id:loEeJpHBAnAAAAAAAAFSww"",""name"":""Plågad Ande.docx"",""description"":"""",""type"":""application/vnd.openxmlformats-officedocument.wordprocessingml.document"",""path"":""/Plågad Ande.docx"",""size"":""303 KB"",""link"":""https://www.dropbox.com/home/575c7e0b-a4f2-44b8-9c9a-522f31917959 ()/plågad ande.docx"",""account_id"":""dbid:AADXK_Gkez5UYe0VK2ee1yNTSHNoC0-_pbI"",""folderurl"":""https%3A%2F%2Fwww.dropbox.com%2Fhome%2F575c7e0b-a4f2-44b8-9c9a-522f31917959+%28%29""}}","Lat/Long: 56.0449, 12.692
Map: https://maps.google.com/maps?q=Helsingborg,Skåne County&ll=56.0449,12.692&z=6&output=embed
Location: Helsingborg, Skåne County
Postal: 252 41
Country: SE
","november 24, 2024
- 12:18 - FAQ – Digibook - https://www.digibook.se/faq/
- 12:18 - Marknadsföringstips – Digibook - 33 sekunder - https://www.digibook.se/marknadsforingstips/
- 12:18 - FAQ – Digibook - 13 sekunder - https://www.digibook.se/faq/
- 12:19 - Bokförlag – Digibook - 46 sekunder - https://www.digibook.se/bokforlag/
- 12:21 - Skapa Wordfil – Digibook - 2 minuter - https://www.digibook.se/skapa-wordfil/
- 12:23 - FAQ – Digibook - 1 minut - https://www.digibook.se/faq/
- 12:23 - Kontakta oss – Digibook - 1 sekund - https://www.digibook.se/kontakta-oss/
- 12:23 - Digibook – Publicering av digitala böcker - 1 sekund - https://www.digibook.se/#Sec2
november 27, 2024
- 10:57 - Skapa Wordfil – Digibook - 3 dagar - https://www.digibook.se/skapa-wordfil/
- 12:24 - Digibook – Publicering av digitala böcker - 1 timme - https://www.digibook.se/
- 12:25 - Skapa Wordfil – Digibook - 25 sekunder - https://www.digibook.se/skapa-wordfil/
- 13:04 - Beställ författarsida – Digibook - 39 minuter - https://www.digibook.se/bestall-forfattarsida/
- 13:04 - Författarsida: Sven Svensson – Digibook - 17 sekunder - https://www.digibook.se/forfattarsida-sven-svensson/
- 13:05 - Portfolio – Digibook - 30 sekunder - https://www.digibook.se/portfolio/
- 13:07 - Författarsida: Sven Svensson – Digibook - 2 minuter - https://www.digibook.se/forfattarsida-sven-svensson/#SEC2
- 13:07 - Beställ författarsida – Digibook - 12 sekunder - https://www.digibook.se/bestall-forfattarsida/
- 13:07 - Skapa Wordfil – Digibook - 3 sekunder - https://www.digibook.se/skapa-wordfil/
- 13:07 - AI inläsning – Digibook - 20 sekunder - https://www.digibook.se/ai-inlasning/
- 13:08 - Skapa Wordfil – Digibook - 5 sekunder - https://www.digibook.se/skapa-wordfil/
- 13:09 - Digibook – Publicering av digitala böcker - 1 minut - https://www.digibook.se/
- 15:23 - Skapa Wordfil – Digibook - 2 timmar - https://www.digibook.se/skapa-wordfil/
- 16:41 - Digibook – Publicering av digitala böcker - 1 timme - https://www.digibook.se/
- 16:41 - Skapa Wordfil – Digibook - 12 sekunder - https://www.digibook.se/skapa-wordfil/
- 16:41 - Portfolio – Digibook - 30 sekunder - https://www.digibook.se/portfolio/
- 16:41 - Bokförlag – Digibook - 7 sekunder - https://www.digibook.se/bokforlag/
- 16:42 - Skapa Wordfil – Digibook - 47 sekunder - https://www.digibook.se/skapa-wordfil/
december 3, 2024
- 13:11 - Digibook – Publicering av digitala böcker - 6 dagar - https://www.digibook.se/
- 13:14 - Skapa Wordfil – Digibook - 3 minuter - https://www.digibook.se/skapa-wordfil/
december 4, 2024
- 13:04 - Digibook – Publicering av digitala böcker - 24 timmar - https://www.digibook.se/
- 13:06 - Skapa Wordfil – Digibook - 2 minuter - https://www.digibook.se/skapa-wordfil/
december 5, 2024
- 10:54 - Digibook – Publicering av digitala böcker - 22 timmar - https://www.digibook.se/
"
Checked,Thomas,Funck,,,,,,,,"Hallingebergs Teater",,59491,Gamleby,,,"Aktiebolaget Boll & Stropp",mikael@bollochstropp.se,"8422-8,3 297 347-1","Tjustbygdens Sparbank","Thomas Funcks Kalle Stropp och Grodan Boll - Resan åt alla håll","En gubbe som är hundra år gammal och glömmer bort nästan allt han skall komma ihåg - en sådan träffar man nog inte så ofta. Men det var just en sån gubbe som Kalle Stropp och Grodan Boll hade mött en dag ute på landsvägen. De kallade honom gubben Glömsk - för han hade glömt vad han hette och glömt var han bodde. Men gubben Glömsk hade med sig ett helt häfte med biljetter för resa med tåg, båt eller buss, så det var ju klart - att han måste nog resa ganska långt för att komma hem. Kalle Stropp och Grodan Boll och Plåt-Niklas hade bestämt sig för att hjälpa gubben Glömsk, men det var ju ingen som hade en aning om var han bodde. Så när de gav sig iväg på resa med gubben Glömsk, valde de bara, på försök, ett håll att fara åt.
----
HÖRRU! Nu är vi här igen!
----
Redan på 1950-talet gjorde Kalle Stropp och Grodan Boll stor succé i Sverige som radioprogram. Deras återkommande budskap om att värna om djur, natur och om varandra är lika aktuella idag, som då. Äntligen får vi återse alla kära figurer: den gröna gräshoppan Kalle Stropp, den klumpiga men snälla Grodan Boll, och så deras vänner Plåt-Niklas, papegojan Ragatha, Hönan och Räven. ”Resan åt alla håll” är den första sommarboken av de helt nya böckerna om Kalle Stropp och Grodan Boll.",,Ljudbok,,Anne-Christine,Bergholm,,,"59-69 kr (t.ex. barnbok 0-3 år)",,,,,,"Från 3 år","Från 6 år",,,,,,,,,,,,,,,,,,,,,,,,,,,,,,,,,,,,,,,,,,,,,,,,,,,,,,,,,,,,,,,,,,,,,,,,,,,,,"Skönlitteratur barn och ungdom: spänning och äventyr",,,,,,,"Skönlitteratur barn och ungdom: naturberättelser och djurberättelser","Skönlitteratur barn och ungdom: roliga berättelser",,,,,,,,,,,,,,,,,,,,,,,,,,,,,,,,,,,,,,"Markera detta val så vi kan matcha ditt formulär med filerna från Sprend. Ange titelns namn i Sprends meddelanderuta. ",,"Som sagt, någon cache bråkar med min dator, det är Omslag ljudbok Resan.jpg som gäller för denna bok... :-) (Sista boken som vi lägger upp denna gång...)","299,00 Kr",,,,"299,00 Kr","Mikael Funck
xxxx xxxx xxxx 3748
Visa",1241,"december 1, 2024 18:45",,Completed,Yes,No,"Mozilla/5.0 (Windows NT 10.0; Win64; x64; rv:133.0) Gecko/20100101 Firefox/133.0",188.66.62.246,91e8d714-1fa1-4787-922e-1751e7953673,Completed,"Total: 299,00
Currency: SEK
Gateway: Stripe
Type: En gång
Mode: live
Transaction: pi_3QRHCdLgKhr8jxDX3UZFfi8a
",,,"{""id:loEeJpHBAnAAAAAAAAFSrg"":{""hash"":""id:loEeJpHBAnAAAAAAAAFSrg"",""name"":""Omslag till ljudbok.jpg"",""description"":"""",""type"":""image/jpeg"",""path"":""/Omslag till ljudbok.jpg"",""size"":""1 MB"",""link"":""https://www.dropbox.com/home/24c9fd3b-262b-41c8-8d4d-9001104a6fb5 ()/omslag till ljudbok.jpg"",""account_id"":""dbid:AADXK_Gkez5UYe0VK2ee1yNTSHNoC0-_pbI"",""folderurl"":""https%3A%2F%2Fwww.dropbox.com%2Fhome%2F24c9fd3b-262b-41c8-8d4d-9001104a6fb5+%28%29""},""id:loEeJpHBAnAAAAAAAAFSrw"":{""hash"":""id:loEeJpHBAnAAAAAAAAFSrw"",""name"":""Omslag ljudbok.jpg"",""description"":"""",""type"":""image/jpeg"",""path"":""/Omslag ljudbok.jpg"",""size"":""1 MB"",""link"":""https://www.dropbox.com/home/24c9fd3b-262b-41c8-8d4d-9001104a6fb5 ()/omslag ljudbok.jpg"",""account_id"":""dbid:AADXK_Gkez5UYe0VK2ee1yNTSHNoC0-_pbI"",""folderurl"":""https%3A%2F%2Fwww.dropbox.com%2Fhome%2F24c9fd3b-262b-41c8-8d4d-9001104a6fb5+%28%29""},""id:loEeJpHBAnAAAAAAAAFSsA"":{""hash"":""id:loEeJpHBAnAAAAAAAAFSsA"",""name"":""Omslag ljudbok Braxenpankan.jpg"",""description"":"""",""type"":""image/jpeg"",""path"":""/Omslag ljudbok Braxenpankan.jpg"",""size"":""1 MB"",""link"":""https://www.dropbox.com/home/24c9fd3b-262b-41c8-8d4d-9001104a6fb5 ()/omslag ljudbok braxenpankan.jpg"",""account_id"":""dbid:AADXK_Gkez5UYe0VK2ee1yNTSHNoC0-_pbI"",""folderurl"":""https%3A%2F%2Fwww.dropbox.com%2Fhome%2F24c9fd3b-262b-41c8-8d4d-9001104a6fb5+%28%29""},""id:loEeJpHBAnAAAAAAAAFSsQ"":{""hash"":""id:loEeJpHBAnAAAAAAAAFSsQ"",""name"":""Omslag ljudbok Resan.jpg"",""description"":"""",""type"":""image/jpeg"",""path"":""/Omslag ljudbok Resan.jpg"",""size"":""1 MB"",""link"":""https://www.dropbox.com/home/24c9fd3b-262b-41c8-8d4d-9001104a6fb5 ()/omslag ljudbok resan.jpg"",""account_id"":""dbid:AADXK_Gkez5UYe0VK2ee1yNTSHNoC0-_pbI"",""folderurl"":""https%3A%2F%2Fwww.dropbox.com%2Fhome%2F24c9fd3b-262b-41c8-8d4d-9001104a6fb5+%28%29""}}","Lat/Long: 59.3287, 18.0717
Map: https://maps.google.com/maps?q=Stockholm,Stockholm County&ll=59.3287,18.0717&z=6&output=embed
Location: Stockholm, Stockholm County
Postal: 172 98
Country: SE
","december 1, 2024
- 18:35 - Digibook – Publicering av digitala böcker - https://www.digibook.se/
"
Checked,Thomas,Funck,,,,,,,,"Hallingebergs Teater",,59491,Gamleby,,,"Aktiebolaget Boll & Stropp",mikael@bollochstropp.se,"8422-8,3 297 347-1","Tjustbygdens Sparbank","Thomas Funcks Kalle Stropp och Grodan Boll - Braxenpankan och den fantastiska fantastmaskinen","Kalle Stropp och Grodan Boll fortsatte nu in i glasgrottan, där inte vattnet gick upp längre. De gick genom en massa grottgångar. Och så småningom blev det ljusare och ljusare. Det skimrade i grottans glasväggar, och glastapparna som hängde ner från grott-taket gnistrade med röda och gröna och gula och blå blixtar. Det var tydligt att det här var en öppning i grottan, och där lyste solen in med sina morgonstrålar.
----
HÖRRU! Nu är vi här igen!
Redan på 1950-talet gjorde Kalle Stropp och Grodan Boll stor succé i Sverige som radioprogram. Deras återkommande budskap om att värna om djur, natur och om varandra är lika aktuella idag, som då. Äntligen får vi återse alla kära figurer: den gröna gräshoppan Kalle Stropp, den klumpiga men snälla Grodan Boll, och så deras vänner Plåt-Niklas, papegojan Ragatha, Hönan och Räven.
----
”Braxenpankan och den fantastiska fantastmaskinen” är den tredje boken i den helt nya bokserien om Kalle Stropp och Grodan Boll.",,Ljudbok,,Anne-Christine,Bergholm,,,"59-69 kr (t.ex. barnbok 0-3 år)",,,,,,"Från 3 år","Från 6 år",,,,,,,,,,,,,,,,,,,,,,,,,,,,,,,,,,,,,,,,,,,,,,,,,,,,,,,,,,,,,,,,,,,,,,,,,,,,,"Skönlitteratur barn och ungdom: spänning och äventyr",,,,,,,"Skönlitteratur barn och ungdom: naturberättelser och djurberättelser","Skönlitteratur barn och ungdom: roliga berättelser",,,,,,,,,,,,,,,,,,,,,,,,,,,,,,,,,,,,,,"Markera detta val så vi kan matcha ditt formulär med filerna från Sprend. Ange titelns namn i Sprends meddelanderuta. ",,"Någon cache bråkar med min dator, det är Omslag ljudbok Braxenpankan.jpg som gäller för denna bok... :-)","299,00 Kr",,,,"299,00 Kr","Mikael Funck
xxxx xxxx xxxx 3748
Visa",1240,"december 1, 2024 18:35",,Completed,Yes,No,"Mozilla/5.0 (Windows NT 10.0; Win64; x64; rv:133.0) Gecko/20100101 Firefox/133.0",188.66.62.246,91e8d714-1fa1-4787-922e-1751e7953673,Completed,"Total: 299,00
Currency: SEK
Gateway: Stripe
Type: En gång
Mode: live
Transaction: pi_3QRH3HLgKhr8jxDX1fWG0ntU
",,,"{""id:loEeJpHBAnAAAAAAAAFSrg"":{""hash"":""id:loEeJpHBAnAAAAAAAAFSrg"",""name"":""Omslag till ljudbok.jpg"",""description"":"""",""type"":""image/jpeg"",""path"":""/Omslag till ljudbok.jpg"",""size"":""1 MB"",""link"":""https://www.dropbox.com/home/24c9fd3b-262b-41c8-8d4d-9001104a6fb5 ()/omslag till ljudbok.jpg"",""account_id"":""dbid:AADXK_Gkez5UYe0VK2ee1yNTSHNoC0-_pbI"",""folderurl"":""https%3A%2F%2Fwww.dropbox.com%2Fhome%2F24c9fd3b-262b-41c8-8d4d-9001104a6fb5+%28%29""},""id:loEeJpHBAnAAAAAAAAFSrw"":{""hash"":""id:loEeJpHBAnAAAAAAAAFSrw"",""name"":""Omslag ljudbok.jpg"",""description"":"""",""type"":""image/jpeg"",""path"":""/Omslag ljudbok.jpg"",""size"":""1 MB"",""link"":""https://www.dropbox.com/home/24c9fd3b-262b-41c8-8d4d-9001104a6fb5 ()/omslag ljudbok.jpg"",""account_id"":""dbid:AADXK_Gkez5UYe0VK2ee1yNTSHNoC0-_pbI"",""folderurl"":""https%3A%2F%2Fwww.dropbox.com%2Fhome%2F24c9fd3b-262b-41c8-8d4d-9001104a6fb5+%28%29""},""id:loEeJpHBAnAAAAAAAAFSsA"":{""hash"":""id:loEeJpHBAnAAAAAAAAFSsA"",""name"":""Omslag ljudbok Braxenpankan.jpg"",""description"":"""",""type"":""image/jpeg"",""path"":""/Omslag ljudbok Braxenpankan.jpg"",""size"":""1 MB"",""link"":""https://www.dropbox.com/home/24c9fd3b-262b-41c8-8d4d-9001104a6fb5 ()/omslag ljudbok braxenpankan.jpg"",""account_id"":""dbid:AADXK_Gkez5UYe0VK2ee1yNTSHNoC0-_pbI"",""folderurl"":""https%3A%2F%2Fwww.dropbox.com%2Fhome%2F24c9fd3b-262b-41c8-8d4d-9001104a6fb5+%28%29""}}","Lat/Long: 59.3287, 18.0717
Map: https://maps.google.com/maps?q=Stockholm,Stockholm County&ll=59.3287,18.0717&z=6&output=embed
Location: Stockholm, Stockholm County
Postal: 172 98
Country: SE
","december 1, 2024
- 18:05 - Digibook – Publicering av digitala böcker - https://www.digibook.se/
"
Checked,Thomas,Funck,,,,,,,,"Hallingebergs Teater",,59491,Gamleby,,,"Aktiebolaget Boll & Stropp",mikael@bollochstropp.se,"8422-8,3 297 347-1","Tjustbygdens Sparbank","Thomas Funcks Kalle Stropp och Grodan Boll - Får nya vänner och firar jul","Först kom en kapten. Han hade ett svärd som var gjort av ett tallbarr. Sen kom fanbäraren. Och fanan var ett blad som viftade i vinden. Sen kom tamburmajoren, det var han som ledde musiken. Och han hade trumpetblåsare och flöjtpipare och trumpojkar efter sig. Och sen kom då alla soldaterna marscherande i gröna och bruna och röda uniformer. Men allra sist kom själva kanonen, en ärtkanon, och ett lass med runda gula ärtor. Det var kanonkulorna!
----
HÖRRU! Nu är vi här igen!
Redan på 1950-talet gjorde Kalle Stropp och Grodan Boll stor succé i Sverige som radioprogram. Deras återkommande budskap om att värna om djur, natur och om varandra är lika aktuella idag, som då. Äntligen får vi återse alla kära figurer: den gröna gräshoppan Kalle Stropp, den klumpiga men snälla Grodan Boll, och så deras vänner Plåt-Niklas, papegojan Ragatha, Hönan och Räven.
----
”Får nya vänner och firar jul” är den andra boken i den helt nya bokserien om Kalle Stropp och Grodan Boll.",,Ljudbok,,Anne-Christine,Bergholm,,,"59-69 kr (t.ex. barnbok 0-3 år)",,,,,,"Från 3 år","Från 6 år",,,,,,,,,,,,,,,,,,,,,,,,,,,,,,,,,,,,,,,,,,,,,,,,,,,,,,,,,,,,,,,,,,,,,,,,,,,,,"Skönlitteratur barn och ungdom: spänning och äventyr",,,,,,,"Skönlitteratur barn och ungdom: naturberättelser och djurberättelser","Skönlitteratur barn och ungdom: roliga berättelser",,,,,,,,,,,,,,,,,,,,,,,,,,,,,,,,,,,,,,"Markera detta val så vi kan matcha ditt formulär med filerna från Sprend. Ange titelns namn i Sprends meddelanderuta. ",,"Något bråkar med min dator, det är Omslag ljudbok.jpg som gäller för denna bok... :-)","299,00 Kr",,,,"299,00 Kr","Mikael Funck
xxxx xxxx xxxx 3748
Visa",1239,"december 1, 2024 18:05",,Completed,Yes,No,"Mozilla/5.0 (Windows NT 10.0; Win64; x64; rv:133.0) Gecko/20100101 Firefox/133.0",188.66.62.246,91e8d714-1fa1-4787-922e-1751e7953673,Completed,"Total: 299,00
Currency: SEK
Gateway: Stripe
Type: En gång
Mode: live
Transaction: pi_3QRGaOLgKhr8jxDX3nYYKNOf
",,,"{""id:loEeJpHBAnAAAAAAAAFSrg"":{""hash"":""id:loEeJpHBAnAAAAAAAAFSrg"",""name"":""Omslag till ljudbok.jpg"",""description"":"""",""type"":""image/jpeg"",""path"":""/Omslag till ljudbok.jpg"",""size"":""1 MB"",""link"":""https://www.dropbox.com/home/24c9fd3b-262b-41c8-8d4d-9001104a6fb5 ()/omslag till ljudbok.jpg"",""account_id"":""dbid:AADXK_Gkez5UYe0VK2ee1yNTSHNoC0-_pbI"",""folderurl"":""https%3A%2F%2Fwww.dropbox.com%2Fhome%2F24c9fd3b-262b-41c8-8d4d-9001104a6fb5+%28%29""},""id:loEeJpHBAnAAAAAAAAFSrw"":{""hash"":""id:loEeJpHBAnAAAAAAAAFSrw"",""name"":""Omslag ljudbok.jpg"",""description"":"""",""type"":""image/jpeg"",""path"":""/Omslag ljudbok.jpg"",""size"":""1 MB"",""link"":""https://www.dropbox.com/home/24c9fd3b-262b-41c8-8d4d-9001104a6fb5 ()/omslag ljudbok.jpg"",""account_id"":""dbid:AADXK_Gkez5UYe0VK2ee1yNTSHNoC0-_pbI"",""folderurl"":""https%3A%2F%2Fwww.dropbox.com%2Fhome%2F24c9fd3b-262b-41c8-8d4d-9001104a6fb5+%28%29""}}","Lat/Long: 59.3287, 18.0717
Map: https://maps.google.com/maps?q=Stockholm,Stockholm County&ll=59.3287,18.0717&z=6&output=embed
Location: Stockholm, Stockholm County
Postal: 172 98
Country: SE
","december 1, 2024
- 17:56 - Digibook – Publicering av digitala böcker - https://www.digibook.se/
"
Checked,Thomas,Funck,,,,,,,,"Hallingebergs Teater",,59491,Gamleby,,,"Aktiebolaget Boll & Stropp",mikael@bollochstropp.se,"8422-8,3 297 347-1","Tjustbygdens Sparbank","Thomas Funcks Kalle Stropp och Grodan Boll - På kalas och äventyr","I sjön, ja, där kom, förstår ni, ett stort riktigt skepp seglande! Det gungade långsamt och knarrade. På stormasten var sjörövarflaggan hissad! Kalle Stropp och Grodan Boll vågade knappast titta, för det här var verkligen mera än de någonsin hade drömt om!
----
HÖRRU! Nu är vi här igen!
Redan på 1950-talet gjorde Kalle Stropp och Grodan Boll stor succé i Sverige som radioprogram. Deras återkommande budskap om att värna om djur, natur och om varandra är lika aktuella idag, som då. Äntligen får vi återse alla kära figurer: den gröna gräshoppan Kalle Stropp, den klumpiga men snälla Grodan Boll, och så deras vänner Plåt-Niklas, papegojan Ragatha, Hönan och Räven.
----
”På kalas och äventyr” är den första boken i den helt nya bokserien om Kalle Stropp och Grodan Boll.",,Ljudbok,,Anne-Christine,Bergholm,,,"59-69 kr (t.ex. barnbok 0-3 år)",,,,,,"Från 3 år","Från 6 år",,,,,,,,,,,,,,,,,,,,,,,,,,,,,,,,,,,,,,,,,,,,,,,,,,,,,,,,,,,,,,,,,,,,,,,,,,,,,"Skönlitteratur barn och ungdom: spänning och äventyr",,,,,,,"Skönlitteratur barn och ungdom: naturberättelser och djurberättelser","Skönlitteratur barn och ungdom: roliga berättelser",,,,,,,,,,,,,,,,,,,,,,,,,,,,,,,,,,,,,,"Markera detta val så vi kan matcha ditt formulär med filerna från Sprend. Ange titelns namn i Sprends meddelanderuta. ",,,"299,00 Kr",,,,"299,00 Kr","Mikael Funck
xxxx xxxx xxxx 3748
Visa",1238,"december 1, 2024 17:56",,Completed,Yes,No,"Mozilla/5.0 (Windows NT 10.0; Win64; x64; rv:133.0) Gecko/20100101 Firefox/133.0",188.66.62.246,91e8d714-1fa1-4787-922e-1751e7953673,Completed,"Total: 299,00
Currency: SEK
Gateway: Stripe
Type: En gång
Mode: live
Transaction: pi_3QRGRVLgKhr8jxDX1k1c2FLs
",,,"{""id:loEeJpHBAnAAAAAAAAFSrg"":{""hash"":""id:loEeJpHBAnAAAAAAAAFSrg"",""name"":""Omslag till ljudbok.jpg"",""description"":"""",""type"":""image/jpeg"",""path"":""/Omslag till ljudbok.jpg"",""size"":""1 MB"",""link"":""https://www.dropbox.com/home/24c9fd3b-262b-41c8-8d4d-9001104a6fb5 ()/omslag till ljudbok.jpg"",""account_id"":""dbid:AADXK_Gkez5UYe0VK2ee1yNTSHNoC0-_pbI"",""folderurl"":""https%3A%2F%2Fwww.dropbox.com%2Fhome%2F24c9fd3b-262b-41c8-8d4d-9001104a6fb5+%28%29""}}","Lat/Long: 59.3287, 18.0717
Map: https://maps.google.com/maps?q=Stockholm,Stockholm County&ll=59.3287,18.0717&z=6&output=embed
Location: Stockholm, Stockholm County
Postal: 172 98
Country: SE
","oktober 25, 2024
- 09:12 - handlar om AUDIO | podverkstan - https://www.podverkstan.se/
- 09:12 - Digibook – Publicering av digitala böcker - 2 sekunder - https://www.digibook.se/
november 29, 2024
- 09:43 - Digibook – Publicering av digitala böcker - 1 månad - https://www.digibook.se/#Sec3
- 13:58 - Digibook – Publicering av digitala böcker - 4 timmar - https://www.digibook.se/
- 13:58 - Bokförlag – Digibook - 7 sekunder - https://www.digibook.se/bokforlag/
december 1, 2024
- 17:51 - Digibook – Publicering av digitala böcker - 2 dagar - https://www.digibook.se/#Sec3
"
Checked,David,"Hulth Wallgren",,,,,,,,"Printz väg 30",,14266,Trångsund,,,"Komunikasi Media",david@hulthwallgren.se,52331020779,SEB,"SPANIEN UNDER YTAN från A till Z: en annorlunda guide","SPANIEN UNDER YTAN från A till Z: en annorlunda guide är en bok om stort och smått, viktigt och oviktigt, berättelser från gatan och underhållande fakta från ett land som lockar miljontals turister varje år. 

Spanien är ju så enkelt att älska med solen, sangrian och stränderna. Men vad döljer sig bakom hotellen och turiststråken? Hur bor de rika och berömda? Varför är paellan gul? Vad gör alla spanjorer med vindruvorna på nyårsafton? Varför finns det så många swingerklubbar i Spanien? Vad tjänar en strandförsäljare? Finns det slumområden i Madrid? Hur många sover siesta? Är cannabisklubbarna verkligen lagliga? Hur många nunnor och munkar finns det i landet? Och vad säger man egentligen när man vill beställa en helt vanlig öl?

David Hulth Wallgren har rest och delvis bott i Spanien sedan 90-talet. Han debuterade som skönlitterär författare med dramakomedin Grattis älskling (Printz Publishing) år 2017 och har även gett ut en reportagebok om Indonesien.",,,E-bok,,,,"79-89 kr",,,,,,,,,,,,,,,,,,,,,,,,,,,,,,,,,,,,,,,,,,,,,,,,,,,,,,,,,,,,,,,,,,,,,,,,,,,,,,,,"Resor och platser",,,,,,,,,,,,,,,,,,,,,,,,,,,,,,,,,,,,,,,,,,,,,,,,,,,,,,"299,00 Kr",,,,"299,00 Kr","David Hulth Wallgren
xxxx xxxx xxxx 6819
Mastercard",1237,"november 28, 2024 12:37",,Completed,Yes,No,"Mozilla/5.0 (Macintosh; Intel Mac OS X 10_15_7) AppleWebKit/537.36 (KHTML, like Gecko) Chrome/131.0.0.0 Safari/537.36",2001:9b1:28f8:8800:c941:8a67:db29:6f43,b12fbee3-179d-4154-9706-8da9cb91705c,Completed,"Total: 299,00
Currency: SEK
Gateway: Stripe
Type: En gång
Mode: live
Transaction: pi_3QQ62SLgKhr8jxDX0ZpA3kHN
",,,"{""id:loEeJpHBAnAAAAAAAAFSiA"":{""hash"":""id:loEeJpHBAnAAAAAAAAFSiA"",""name"":""SPANIEN UNDER YTAN från A till Z - David Hulth Wallgren.epub"",""description"":"""",""type"":""application/epub+zip"",""path"":""/SPANIEN UNDER YTAN från A till Z - David Hulth Wallgren.epub"",""size"":""898 KB"",""link"":""https://www.dropbox.com/home/d622730f-332e-4667-acc4-b3f3a1c47638 ()/spanien under ytan från a till z - david hulth wallgren.epub"",""account_id"":""dbid:AADXK_Gkez5UYe0VK2ee1yNTSHNoC0-_pbI"",""folderurl"":""https%3A%2F%2Fwww.dropbox.com%2Fhome%2Fd622730f-332e-4667-acc4-b3f3a1c47638+%28%29""}}","Lat/Long: 59.3287, 18.0717
Map: https://maps.google.com/maps?q=Stockholm,Stockholm County&ll=59.3287,18.0717&z=6&output=embed
Location: Stockholm, Stockholm County
Postal: 172 98
Country: SE
","oktober 17, 2024
- 15:24 - Skapa ljudbok – Digibook - https://www.digibook.se/skapa-ljudbok/
- 15:24 - Ljudboksinspelning – Digibook - 26 sekunder - https://www.digibook.se/ljudboksinspelning/
oktober 29, 2024
- 10:26 - Digibook – Publicering av digitala böcker - 2 veckor - https://www.digibook.se/
- 10:26 - Skapa Wordfil – Digibook - 11 sekunder - https://www.digibook.se/skapa-wordfil/
- 10:27 - Digibook – Publicering av digitala böcker - 55 sekunder - https://www.digibook.se/
november 20, 2024
- 20:20 - Skapa ljudbok – Digibook - 3 veckor - https://www.digibook.se/skapa-ljudbok/
november 22, 2024
- 13:34 - Digibook – Publicering av digitala böcker - 2 dagar - https://www.digibook.se/
- 13:37 - Bokförlag – Digibook - 2 minuter - https://www.digibook.se/bokforlag/
- 13:37 - Digibook – Publicering av digitala böcker - 8 sekunder - https://www.digibook.se/
- 15:18 - Digibook – Publicering av digitala böcker - 2 timmar - https://www.digibook.se/#Sec2
november 23, 2024
- 16:27 - Bokförlag – Digibook - 1 dag - https://www.digibook.se/bokforlag/
- 16:29 - Digibook – Publicering av digitala böcker - 1 minut - https://www.digibook.se/
november 28, 2024
- 11:38 - Om Digibook – Digibook - 5 dagar - https://www.digibook.se/om-digibook/
"
Checked,E-L,Neander,,,,,,,,"Fyrmästaregången 8",,41318,Göteborg,,,"Word Alchemy Publishing",ewalottaneander@icloud.com,"6682-899 439 101",Handelsbanken,Särling,"Det lackar mot halloween och höstmörkret sveper in över den lilla bohuslänska staden Västernäs, där Eira Lindberg driver sin bokhandel. Eira tillhör stadens övernaturliga invånare, som sedan en tid lever öppet bland människorna. Eira är hamnskiftare - särling, i folkmun - men växte upp med människor och vill helst bara sköta sin mysiga butik och dricka en god kopp kaffe i lugn och ro.

Men friden störs när någon plötsligt hänger en kasse med ett avhugget huvud på bokhandelns dörr en mörk kväll. Huvudet visar sig tillhöra en nyligen transformerad älva, och mordet eldar på de redan starka motsättningarna mellan människor och övernaturliga varelser. Det särlingsfientliga partiet Humandemokraterna anar morgonluft och såväl älvor som varulvar rustar för att skydda sig. Men varför hängde mördaren huvudet just på Eiras dörr?

Det makabra mordet blir början på en dödlig katt-och-råtta-lek där mördaren tvingar Eira att konfrontera sig själv och sin okända familjebakgrund. För hur kommer det sig egentligen att hon är det enda varlodjuret i Västernäs ...?

***

E-L Neander debuterar med Särling, en smart, spännande och rolig urban fantasy-roman i ett nutida Sverige som liknar vårt. Boken är del ett i den planerade serien Gränsland. Författaren är född och uppvuxen i Kungshamn, och bor numera i Göteborg med sin familj.

***

""Urban fantasy när den är som bäst.""

HELEN EKEROTH, FÖRFATTARE TILL TRILOGIN DRAKBERIDAREN.",,Ljudbok,,E-L,Neander,,"79-89 kr",,,,,,,,,,,,,,,,,,,Fantasy,,,,,,,,,,Humor,,,,,,,,,,,,,,,,,,,,,,,,,,,,,,Mysdeckare,,,,"Skräck och övernaturligt","Myter, sagor och legender i skönlitterär form",,,,,,,,,,,,,,,,,,,,,,,,,,,,,,,,,,,,,,,,,,,,,,,,,,,,,,,,,,,,,,,,,,,"Markera detta val så vi kan matcha ditt formulär med filerna från Sprend. Ange titelns namn i Sprends meddelanderuta. ",,"Hej!

Jag har namngett kapitlen i ordning (såg att de hamnade i oordning). Jag har ett omslag men ser inte var jag ska skicka med det,

Vänliga hälsningar Ewa-Lotta Neander","299,00 Kr",,,,"299,00 Kr","Ewa-Lotta Neander
xxxx xxxx xxxx 0574
Mastercard",1236,"november 25, 2024 19:02",,Completed,Yes,No,"Mozilla/5.0 (Macintosh; Intel Mac OS X 10_15_7) AppleWebKit/605.1.15 (KHTML, like Gecko) Version/17.6 Safari/605.1.15",188.148.183.36,951b7137-433f-47ae-a9c7-1e6accad100e,Completed,"Total: 299,00
Currency: SEK
Gateway: Stripe
Type: En gång
Mode: live
Transaction: pi_3QP6cRLgKhr8jxDX0hyUgSbl
",,,{},"Lat/Long: 57.7065, 11.967
Map: https://maps.google.com/maps?q=Gothenburg,Västra Götaland County&ll=57.7065,11.967&z=6&output=embed
Location: Gothenburg, Västra Götaland County
Postal: 418 75
Country: SE
",
Checked,Hans,Oreheim,,,,,,,,"Seminariegatan 2",,"413 13",Göteborg,,,,hassehem@gmail.com,"3300 600418-0292",Nordea,"Tempelriddare John Lionheart och den heliga blodslinjen.","Med denna historiska äventyrsroman vill jag nu ära och hedra de ursprungliga Tempelriddarna. De gömda skatter de sökte,fann och räddade I Jerusalem 1118-1125, var av en enorm betydelse för människans individuella fortsatta andliga utveckling. Deras mål var att bevara och lära ut den högsta samlade kunskapskälla som någonsin påträffats I vår historia. Tusenåriga ihopsamlade esoteriska kunskapsskrifter som esseerna nedtecknat. Men priset blev högt. Kunskapen hotade den Romersk - Katolska kyrkans diktatoriska lära som inte tillät oliktänkande. Tempelriddarna fick gå under jorden och år 1307 fly för sina liv. Många tog sig till Skottland och det är här som berättelsen börjar. Där en ung man står i begrepp att skapa sitt öde och till slut möta sin stora kärlek.

Hans Oreheim.Till yrket Arkeolog och författare. Studerat Antikens kulturer på Göteborgs universitet och medverkat i många arkeologiska projekt, både I Sverige och utomlands.","November 18, 2024",Ljudbok,,Benny,Kalén,,"79-89 kr",,,,,,,,,,,,,,,,,,,,,,,,,,,"Historiska romaner",,,,,,,,,,,,,,,,,,,,,,,,,,,,,,,,,,,"Äventyrsromaner / action",,,,,,,,,,,,,,,,,,,,,,,,,,,,,,,,,,,,,,,,,,,,,,,,,,,,,,,,,,,,,,,,,,,,,,,"Tror redan du har allt du behöver.","299,00 Kr",,"Digibook skapar bokframsida - 299,00 Kr",,"598,00 Kr","Hans Oreheim
xxxx xxxx xxxx 6901
Visa",1232,"november 18, 2024 20:15",,Completed,Yes,No,"Mozilla/5.0 (Linux; Android 10; K) AppleWebKit/537.36 (KHTML, like Gecko) SamsungBrowser/27.0 Chrome/125.0.0.0 Mobile Safari/537.36",188.151.64.171,09e9fded-ff64-4d18-8eac-a7ae0fa10d17,Partrefund,"Total: 598,00
Currency: SEK
Gateway: Stripe
Type: En gång
Mode: live
Transaction: pi_3QMaQ5LgKhr8jxDX3BTvP5s4
",,,,"Lat/Long: 57.7065, 11.967
Map: https://maps.google.com/maps?q=Gothenburg,Västra Götaland County&ll=57.7065,11.967&z=6&output=embed
Location: Gothenburg, Västra Götaland County
Postal: 418 75
Country: SE
","november 18, 2024
- 19:37 - Digibook – Publicering av digitala böcker - https://www.digibook.se/#Sec3
"
Checked,Martin,Elmberg,,,,,,,,Bergmov.6A,,14638,Tullinge,,,"Marelm Technology AB",martin.elmberg@gmail.com,"BG 734-9350",Bankgiro,"Dödsblomman vid världens ände","Ryssland har sedan tidigare annekterat delar av Sverige och inbördeskrig rasar i de södra delarna av landet. Alva letar fortfarande efter sin förvunna dotter Moa men hindras av tjänsten som prickskytt i Götlands armé. Barnet i hennes mage ställer henne samtidigt inför svåra val.
Max är åter i Sverige där alla måste tjänstgöra i Nordsveriges försvar. Annika och Filip kallas in som soldater. Max får en roll som drönarexpert i försvarsindustrin medan Yulija har svårt att anpassa sig till sitt nya liv.
Orvar dras återigen in i det kalla krigets spionintriger och bidrar oavsiktligt till Sveriges atombombsutveckling. Hans svåraste spionflygning någonsin kommer också att bli hans sista.
Det här är den tredje och avslutande boken i serien om Alva, Max och Orvar - en spänningsroman delvis baserad på verkliga händelser.",,Ljudbok,,Sophie,AI,,"79-89 kr",,,,,,,,,,,,,,,,,,,,,,,,,,,"Historiska romaner",,,,,,,,,"Krig och försvar",,,,,,,,,,,,,,,,,,,,,,,,,"Thrillers / spänningsromaner","Äventyrsromaner / action",,,,,,,,,,,,,,,,,,,,,,,,,,,,,,,,,,,,,,,,,,,,,,,,,,,,,,,,,,,,,,,,,,,,,,,"Jag skickar filerna via mitt förlags websida, som vi har gjort med de två tidigare ljudböckerna. Jag skickar separat mail med länkar till filerna.","299,00 Kr",,,,"299,00 Kr","MARELM TECHNOLOGY AB MARTIN ELMBERG
xxxx xxxx xxxx 5523
Mastercard",1231,"november 9, 2024 17:27",,Completed,Yes,No,"Mozilla/5.0 (Windows NT 10.0; Win64; x64; rv:132.0) Gecko/20100101 Firefox/132.0",84.219.147.143,cf7a6596-da37-456c-8ebf-4dadb8f0a795,Completed,"Total: 299,00
Currency: SEK
Gateway: Stripe
Type: En gång
Mode: live
Transaction: pi_3QJHV6LgKhr8jxDX2fEcDLpj
",,,,"Lat/Long: 59.2539, 17.7853
Map: https://maps.google.com/maps?q=Norsborg,Stockholm County&ll=59.2539,17.7853&z=6&output=embed
Location: Norsborg, Stockholm County
Postal: 145 70
Country: SE
",
Checked,Tove,Seger,,,,,,,,"Testgatan 1",,31345,Testia,,,,tove.seger@outlook.com,,,"Toves testbok 2","Toves testbok 2 - handling",,Ljudbok,,Tove,Seger,"119-129 kr",,,,,,,"Från 0-3 år",,,,,,,,,,,,,,,,,,,,,,,,,,,,,,,,,,,,,,,,,,,,,,,,,,,,,,,,,,,,,,,,,,,,,,,,,,,,,,,,,,,,,,,,,,,,,,,,,,,,,,,,,,,,,,,,,,,,,,,,,,,,,,,,"299,00 Kr",,,,"299,00 Kr",,1213,"november 4, 2024 13:47",,Completed,No,No,"Mozilla/5.0 (Windows NT 10.0; Win64; x64) AppleWebKit/537.36 (KHTML, like Gecko) Chrome/130.0.0.0 Safari/537.36",2a02:1406:68:4e4:25ef:69ec:f640:e0a7,bf97f6dc-ed18-4384-80cc-bbd123e5300d,,,,,,"Lat/Long: 59.384, 17.8355
Map: https://maps.google.com/maps?q=Stockholm,Stockholm County&ll=59.384,17.8355&z=6&output=embed
Location: Stockholm, Stockholm County
Postal: 177 38
Country: SE
","november 4, 2024
- 10:43 - Digibook – Publicering av digitala böcker - https://www.digibook.se/
"
Checked,Tove,Seger,,,,,,,,"Testgatan 1",,31345,Testia,,,,tove.seger@outlook.com,,,"Toves testbok 1","Detta är en testhandling",,,E-bok,,,,"79-89 kr",,,,,,,"Från 3 år","Från 6 år",,,,,,,,,,,,,,,,,,,,,,,,,,,,,,,,,,,,,,,,,,,,,,,,,,,,,,,,,,,,,,,,,,,,,,,,,,,,,,,,,,,,,,,,,,,,,,,,,,,,,,,,,,,,,,,,,,,,,,,,,,,,,,"299,00 Kr",,,,"299,00 Kr",,1211,"november 4, 2024 10:42",,Completed,No,No,"Mozilla/5.0 (Windows NT 10.0; Win64; x64) AppleWebKit/537.36 (KHTML, like Gecko) Chrome/130.0.0.0 Safari/537.36",2a02:1406:68:4e4:25ef:69ec:f640:e0a7,bf97f6dc-ed18-4384-80cc-bbd123e5300d,,,,,,"Lat/Long: 59.384, 17.8355
Map: https://maps.google.com/maps?q=Stockholm,Stockholm County&ll=59.384,17.8355&z=6&output=embed
Location: Stockholm, Stockholm County
Postal: 177 38
Country: SE
","oktober 25, 2024
- 08:52 - Digibook – Publicering av digitala böcker - https://www.digibook.se/
oktober 29, 2024
- 16:22 - Skapa Wordfil – Digibook - 4 dagar - https://www.digibook.se/skapa-wordfil/
- 16:22 - Digibook – Publicering av digitala böcker - 6 sekunder - https://www.digibook.se/
november 4, 2024
- 10:35 - Sidan hittades inte – Digibook - 6 dagar - https://www.digibook.se/forfattarportal
- 10:35 - Sidan hittades inte – Digibook - 19 sekunder - https://www.digibook.se/forfattarportalen/
- 10:38 - Digibook – Publicering av digitala böcker - 3 minuter - https://www.digibook.se/
"
Checked,Thomas,Funck,,,,,,,,"Hallingebergs Teater",,59491,Gamleby,,,"Aktiebolaget Boll & Stropp",mikael@bollochstropp.se,"8422-8,3297347-1","Tjustbygdens Sparbank","Thomas Funcks Kalle Stropp Grodan Boll - Upptäcktsresande Herr Stropp!","Vad betyder FUFVOTS, vem är Kalle Busehård och hur kommer det sig att Grodan reser med Paddan?
Efter en lång färd kommer Kalle Stropp och Grodan Boll till en ö, men vad är det för steg de hör, vad färgar allt blått och vems är juvelerna? Kommer våra vänner någonsin få träffa Grodan igen efter att han försvunnit i klyftan?
Det kommer Buffo att berätta när vi träffar honom nere i sin brunn under den Gröna Staden...
----
I år, 2024, är det 70 år sedan Kalle Stropp och Grodan Boll träffades för första gången på Kalle Stropps äng. Under alla de år som gått har de varit med om många äventyr ihop och besökt mängder av spännande platser som ingen förut hört talas om.
Vi firar våra vänner genom att ge ut denna unika jubileumsljudbok.
Så, följ med våra vänner på ett nytt äventyr där de reser bort på en lång och spännande upptäcktsresa!",,Ljudbok,,Anne-Christine,Bergholm,,,"59-69 kr (t.ex. barnbok 0-3 år)",,,,,,"Från 3 år","Från 6 år",,,,,,,,,,,,,,,,,,,,,,,,,,,,,,,,,,,,,,,,,,,,,,,,,,,,,,,,,,,,,,,,,,,,,,,,,,,,,"Skönlitteratur barn och ungdom: spänning och äventyr",,,,,,,"Skönlitteratur barn och ungdom: naturberättelser och djurberättelser","Skönlitteratur barn och ungdom: roliga berättelser",,,,,,,,,,,,,,,,,,,,,,,,,,,,,,,,,,,,,,"Markera detta val så vi kan matcha ditt formulär med filerna från Sprend. Ange titelns namn i Sprends meddelanderuta. ",,,"299,00 Kr",,,,"299,00 Kr","Mikael Funck
xxxx xxxx xxxx 3748
Visa",1208,"oktober 27, 2024 19:02",,Completed,Yes,No,"Mozilla/5.0 (Windows NT 10.0; Win64; x64; rv:131.0) Gecko/20100101 Firefox/131.0",194.68.59.47,8aa064b0-d06c-4ad5-a96f-6deb0906d71a,Completed,"Total: 299,00
Currency: SEK
Gateway: Stripe
Type: En gång
Mode: live
Transaction: pi_3QEampLgKhr8jxDX2fPe9xde
",,,"{""id:loEeJpHBAnAAAAAAAAFRAw"":{""hash"":""id:loEeJpHBAnAAAAAAAAFRAw"",""name"":""Framsida ljudbok.jpg"",""description"":"""",""type"":""image/jpeg"",""path"":""/Framsida ljudbok.jpg"",""size"":""1 MB"",""link"":""https://www.dropbox.com/home/bae6188a-d50f-45f5-98f2-1a143e40f688 ()/framsida ljudbok.jpg"",""account_id"":""dbid:AADXK_Gkez5UYe0VK2ee1yNTSHNoC0-_pbI"",""folderurl"":""https%3A%2F%2Fwww.dropbox.com%2Fhome%2Fbae6188a-d50f-45f5-98f2-1a143e40f688+%28%29""}}","Lat/Long: 59.6146, 16.5528
Map: https://maps.google.com/maps?q=Västerås,Västmanland County&ll=59.6146,16.5528&z=6&output=embed
Location: Västerås, Västmanland County
Postal: 724 61
Country: SE
","oktober 27, 2024
- 18:46 - Digibook – Publicering av digitala böcker - https://www.digibook.se/
"
Checked,Marino,Test,,,,,,,,fsafsa,,saf,fasf,,,fasas,marino@digibook.se,sade,dsad,fsafs,fdsaf,,,E-bok,,,,"79-89 kr",,,,,,,,,,,"Agronomi och lantbruk",,,,,,,,,,,,,,,,,,,,,,,,,,,,,,,,,,,,,,,,,,,,,,,,,,,,,,,,,,,,,,,,,,,,,,,,,,,,,,,,,,,,,,,,,,,,,,,,,,,,,,,,,,,,,,,,,,,,,,,,,,,"299,00 Kr",,,,"299,00 Kr","Marino Assarsson
xxxx xxxx xxxx 3014
Mastercard",1207,"oktober 26, 2024 09:47",,Completed,No,No,"Mozilla/5.0 (Macintosh; Intel Mac OS X 10_15_7) AppleWebKit/605.1.15 (KHTML, like Gecko) Version/18.0.1 Safari/605.1.15",195.49.161.220,503a9a38-e14d-4f1c-8793-2f0f0f19cd6f,Refunded,"Total: 299,00
Currency: SEK
Gateway: Stripe
Type: En gång
Mode: live
Transaction: pi_3QE5enLgKhr8jxDX2UeyAzEf
",,,"{""id:loEeJpHBAnAAAAAAAAFQ3w"":{""hash"":""id:loEeJpHBAnAAAAAAAAFQ3w"",""name"":""MORDET på  H.C S.doc"",""description"":"""",""type"":""application/msword"",""path"":""/MORDET på  H.C S.doc"",""size"":""234 KB"",""link"":""https://www.dropbox.com/home/6ad72493-5426-4c4d-be80-66eb4be082d5 ()/mordet på  h.c s.doc"",""account_id"":""dbid:AADXK_Gkez5UYe0VK2ee1yNTSHNoC0-_pbI"",""folderurl"":""https%3A%2F%2Fwww.dropbox.com%2Fhome%2F6ad72493-5426-4c4d-be80-66eb4be082d5+%28%29""},""id:loEeJpHBAnAAAAAAAAFQ4A"":{""hash"":""id:loEeJpHBAnAAAAAAAAFQ4A"",""name"":""Exterminnii_del2_annons.jpg"",""description"":"""",""type"":""image/jpeg"",""path"":""/Exterminnii_del2_annons.jpg"",""size"":""876 KB"",""link"":""https://www.dropbox.com/home/6ad72493-5426-4c4d-be80-66eb4be082d5 ()/exterminnii_del2_annons.jpg"",""account_id"":""dbid:AADXK_Gkez5UYe0VK2ee1yNTSHNoC0-_pbI"",""folderurl"":""https%3A%2F%2Fwww.dropbox.com%2Fhome%2F6ad72493-5426-4c4d-be80-66eb4be082d5+%28%29""}}","Lat/Long: 56.5158, 13.0464
Map: https://maps.google.com/maps?q=Laholm,Halland County&ll=56.5158,13.0464&z=6&output=embed
Location: Laholm, Halland County
Postal: 312 32
Country: SE
","juni 24, 2024
- 17:00 - Digibook – Publicering av digitala böcker - https://www.digibook.se/
juli 3, 2024
- 17:06 - AI inläsning – Digibook - 1 vecka - https://www.digibook.se/ai-inlasning/
juli 12, 2024
- 10:47 - Digibook – Publicering av digitala böcker - 1 vecka - https://www.digibook.se/
- 10:47 - Marknadsföringstips – Digibook - 8 sekunder - https://www.digibook.se/marknadsforingstips/
juli 24, 2024
- 18:46 - Digibook – Publicering av digitala böcker - 2 veckor - https://www.digibook.se/
augusti 17, 2024
- 14:10 - Skapa Wordfil – Digibook - 3 veckor - https://www.digibook.se/skapa-wordfil/
augusti 18, 2024
- 09:06 - Digibook – Publicering av digitala böcker - 19 timmar - https://www.digibook.se/
augusti 31, 2024
- 12:34 - Birger Nicklasson – Digibook - 2 veckor - https://www.digibook.se/birger-nicklasson/
september 15, 2024
- 09:14 - Skapa Wordfil – Digibook - 2 veckor - https://www.digibook.se/skapa-wordfil/
september 28, 2024
- 10:38 - Digibook – Publicering av digitala böcker - 2 veckor - https://www.digibook.se/
oktober 2, 2024
- 16:42 - Skapa Wordfil – Digibook - 4 dagar - https://www.digibook.se/skapa-wordfil/
oktober 12, 2024
- 15:21 - Digibook – Publicering av digitala böcker - 1 vecka - https://www.digibook.se/
- 15:23 - Skapa Wordfil – Digibook - 2 minuter - https://www.digibook.se/skapa-wordfil/
oktober 20, 2024
- 17:33 - Digibook – Publicering av digitala böcker - 1 vecka - https://www.digibook.se/
- 17:33 - Bokförlag – Digibook - 11 sekunder - https://www.digibook.se/bokforlag/
oktober 21, 2024
- 17:02 - Digibook – Publicering av digitala böcker - 23 timmar - https://www.digibook.se/
- 17:27 - Birger Nicklasson – Digibook - 26 minuter - https://www.digibook.se/birger-nicklasson/
oktober 26, 2024
- 09:44 - Digibook – Publicering av digitala böcker - 5 dagar - https://www.digibook.se/
"
Checked,Maria,Jones,,,,,Checked,Maria,Andberger,"Holbergsgatan 85",,"168 45",Bromma,,,,maria.andberger@gmail.com,"8105-9,914 369 66 9-9",Swedbank,"Inside the Fog","In the late 80s an old man tells a haunting, true tale for his granddaughter. Set against the backdrop of Victorian London, we follow Mark and Angela as they navigate their feelings for each other and the secrets they keep.","November 18, 2024",,E-bok,,,,,,"39-49 kr (t.ex. längre novell eller kortare roman)",,,,,,,,,,,,,,,,,,,,,,,,,"Historiska romaner",,,,,,,,,,,,,,,,,,,,,,,,,,,,,Noveller,,,,,"Thrillers / spänningsromaner",,,,,,,,,,,,,,,,,,,,,,,,,,,,,,,,,,,,,,,,,,,,,,,,,,,,,,"Lättläst för vuxna",,,,,,,,,,,,,,,,,,"Filerna skickade direkt till Marino då formuläret inte ville ladda upp.","299,00 Kr",,,,"299,00 Kr","Maria Andberger
xxxx xxxx xxxx 6949
Mastercard",1206,"oktober 21, 2024 10:35",,Completed,Yes,No,"Mozilla/5.0 (Macintosh; Intel Mac OS X 10_15_7) AppleWebKit/605.1.15 (KHTML, like Gecko) Version/17.6 Safari/605.1.15",84.216.36.98,c61a0689-0608-4fc0-835f-eb4eb66825ae,Completed,"Total: 299,00
Currency: SEK
Gateway: Stripe
Type: En gång
Mode: live
Transaction: pi_3QCI1iLgKhr8jxDX3AgUMoDN
",,,{},"Lat/Long: 59.3241, 18.0517
Map: https://maps.google.com/maps?q=Stockholm,Stockholm County&ll=59.3241,18.0517&z=6&output=embed
Location: Stockholm, Stockholm County
Postal: 100 29
Country: SE
",
Checked,Ulrika,Knutsdotter,,,,,,,,"Nässelfjärilgatan 4",,"233 36",Svedala,,,"The Light of My Soul",ulrika@thelightofmysoul.se,"8295-8,3 104 718-6","Skurups Sparbank","Det sitter en elefant på min rygg - en liten bok om sorg","En varm och vacker sommardag dör min pappa i cancer. Två dagar senare står jag vid spisen och lagar mat åt familjen. Min kropp är så tung att det känns som att jag har näsan långt ner i grytorna. Då hör jag en röst viska i mitt inre om att det sitter en elefant på min rygg – och jag förstår varför det blivit så tungt att andas. Elefanten stannar kvar hos mig i flera månader och hjälper mig att hantera sorgen genom att förklara den på sitt sätt. Sitt alldeles kloka elefantsätt.",,Ljudbok,,Ulrika,Knutsdotter,,"79-89 kr",,,,,,,,,,,,"Ande, kropp och själ",,,,,,,,,,,,,,,,,,,,,,,,,,,,,,,,,"Självhjälp och praktiska råd",,,,,"Personliga berättelser",,,,,,,,,,,,,,,,,,,,,,,,,,,,,,,,,,,,,,,,,,,,,,,,,,,,,,,,,,,,,,,,,,,,,,,,,,,,,,,,,"Markera detta val så vi kan matcha ditt formulär med filerna från Sprend. Ange titelns namn i Sprends meddelanderuta. ",,,"299,00 Kr",,,,"299,00 Kr","Ulrika Knutsdotter
xxxx xxxx xxxx 5664
Mastercard",1205,"oktober 21, 2024 09:20",,Completed,Yes,No,"Mozilla/5.0 (Windows NT 10.0; Win64; x64) AppleWebKit/537.36 (KHTML, like Gecko) Chrome/129.0.0.0 Safari/537.36",81.230.65.13,ff511dd1-bae6-433c-9e61-f040778731c9,Completed,"Total: 299,00
Currency: SEK
Gateway: Stripe
Type: En gång
Mode: live
Transaction: pi_3QCGqsLgKhr8jxDX2bTR4xWh
",,,,"Lat/Long: 55.6078, 12.9982
Map: https://maps.google.com/maps?q=Malmo,Skåne County&ll=55.6078,12.9982&z=6&output=embed
Location: Malmo, Skåne County
Postal: 213 74
Country: SE
",
Checked,Johanna,Krebs,"Jag vill lägga till ytterligare en författare",,Alice,Johansson,,,,"Kärrvägen 13",,56146,Huskvarna,,,"Chapter Rebels AB",redaktion@chapterrebels.se,"530 029 308",Handelsbanken,Viskaren,"Tänk dig att vara en helt vanlig tonåring och få en sjukdom som gör dig blind. Det är vad som hänt Emma, som precis har anlänt till en lägerskola för att lära sig anpassa sig till de nya förutsättningarna. Hon tillhör en av få lyckliga som fått en ledarhund, Santos. Fast Emma vill inte ha någon hund. I alla fall är det vad hon tror tills det visar sig att Santos är en väldigt speciell hund som har förmågan att låna ut sin syn till henne.

Men Emma verkar inte vara den enda på skolan som har en hemlighet. Vilka är ungdomarna som smyger i korridoren på natten och varför drömmer Emma om en fyr? I takt med att Emma börjar förstå vad den nya förmågan innebär lär hon sig också vad det betyder att vara en viskare och vem Margrim är, han som mördade den senaste viskaren för hundra år sedan.

Viskaren är den första boken i serien om arvtagarna, familjerna som fortfarande lever nära de nordiska väsen.",,Ljudbok,,Mathias,Ejdetjärn,"119-129 kr",,,,,,,,,,,"Från 12 år",,,,,,,,,Fantasy,,,,,,,,,,,,,,,,,,,,,,,,,,,,,,,,,,,,,,,,,,,,,,,,,,,,,,,,,,,,,,,,,,,,,,,,,,,,,,,,,,,,,,,,,,,,,,,,,,,,,,,,,,,,,,,,"Markera detta val så vi kan matcha ditt formulär med filerna från Sprend. Ange titelns namn i Sprends meddelanderuta. ",,"Laholm alltså? Vi som brukar hänga i Halmstad :) Vi har ett eget förlag och har gett ut 3 böcker där, samt ett par e-böcker via Saga Egmont. Hur gör ni med ISBN? Vi har möjlighet att ta ut eget nummer vid behov, återkom i så fall. Vi har aldrig publicerat en ljudbok tidigare, men har en professionell inläsare, så på den punkten känner vi oss trygga. Hojta om något ytterligare behövs!","299,00 Kr",,,"Digibook konverterar dina MP3-filer till WAV-filer - 199,00 Kr","498,00 Kr","Johanna Krebs Johansson
xxxx xxxx xxxx 6836
Mastercard",1198,"oktober 9, 2024 20:23",,Completed,Yes,No,"Mozilla/5.0 (Windows NT 10.0; Win64; x64) AppleWebKit/537.36 (KHTML, like Gecko) Chrome/129.0.0.0 Safari/537.36 Edg/129.0.0.0",217.208.166.70,58c8c408-e7e8-401b-8874-5554c6c6341f,Completed,"Total: 498,00
Currency: SEK
Gateway: Stripe
Type: En gång
Mode: live
Transaction: pi_3Q85TbLgKhr8jxDX3sLEkBjt
",,,"{""id:loEeJpHBAnAAAAAAAAFQQg"":{""hash"":""id:loEeJpHBAnAAAAAAAAFQQg"",""name"":""Ljudbok framsida_Chapter Rebels.jpg"",""description"":"""",""type"":""image/jpeg"",""path"":""/Ljudbok framsida_Chapter Rebels.jpg"",""size"":""15 MB"",""link"":""https://www.dropbox.com/home/3b1d0e7a-cdda-4aee-a977-ec85fec5e7ae ()/ljudbok framsida_chapter rebels.jpg"",""account_id"":""dbid:AADXK_Gkez5UYe0VK2ee1yNTSHNoC0-_pbI"",""folderurl"":""https%3A%2F%2Fwww.dropbox.com%2Fhome%2F3b1d0e7a-cdda-4aee-a977-ec85fec5e7ae+%28%29""}}","Lat/Long: 57.7963, 14.1376
Map: https://maps.google.com/maps?q=Jönköping,Jönköping&ll=57.7963,14.1376&z=6&output=embed
Location: Jönköping, Jönköping
Postal: 553 20
Country: SE
","oktober 9, 2024
- 19:52 - FAQ – Digibook - https://www.digibook.se/faq/
- 19:52 - Bokförlag – Digibook - 6 sekunder - https://www.digibook.se/bokforlag/
- 19:52 - Om Digibook – Digibook - 11 sekunder - https://www.digibook.se/om-digibook/
- 19:52 - Beställ författarsida – Digibook - 23 sekunder - https://www.digibook.se/bestall-forfattarsida/
- 19:53 - Portfolio – Digibook - 22 sekunder - https://www.digibook.se/portfolio/
- 19:53 - Integritetspolicy – Digibook - 20 sekunder - https://www.digibook.se/integritetspolicy-2/
- 19:53 - Digibook – Publicering av digitala böcker - 19 sekunder - https://www.digibook.se/
- 19:54 - Om Digibook – Digibook - 35 sekunder - https://www.digibook.se/om-digibook/
- 19:57 - Skapa ljudbok – Digibook - 3 minuter - https://www.digibook.se/skapa-ljudbok/
- 19:57 - Digibook – Publicering av digitala böcker - 16 sekunder - https://www.digibook.se/
"
Checked,Lasse,Diding,,,,,,,,"Borgmästaregatan 1",,43241,VARBERG,,,"Hotell Gästis",gustaf@hotellgastis.se,"5132 10 234 80",SEB,"De grova lögnerna om Jan Myrdal i De hemliga breven","Fick Jan Myrdal ett hus med strandtomt av sina föräldrar?

Efter läsningen av Kaj Fölsters, Bosse Lindquists och Janken Myrdals De hemliga breven om Jan Myrdals beroende av sina föräldrar långt upp i vuxen ålder, var Lasse Diding en av dem som svalt denna boks grova lögn om att den bortskämt otacksamme Jan skulle ha fått ett hus med strandtomt av sina föräldrar. Denna uppgift blev snabbt en ”sanning” som ständigt återkom i recensioner, reportage och intervjuer om De hemliga breven. ”Sanningen” hade bara en stor svaghet. Den var inte sann. Den var osann.

Lasse Diding har ägnat sig åt Jan Myrdals författarskap under mer än 50 år. Inspirerad av nya uppgifter om Jan Myrdal i De hemliga breven började han våren 2024 skriva en litteraturpsykologisk essä om hur Jan Myrdal mycket tidigt i barndom och ungdom formades som människa och stridbar skriftställare. Denna bok bygger på läsning av allt tidigare publicerat biografiskt material om och av alla inblandade medlemmar i denna unika svenska kulturfamilj. De bägge Nobelpristagarna Alva och Gunnar Myrdal kartläggs av sina biografer via sin enorma inbördes brevsamling och barnen Jan Myrdal, Sissela Bok och Kaj Fölster tecknar i sina olika böcker en sammantagen bild av familjen som djupt dysfunktionell, en bild som nu senast fördjupats än mer av Jans son Janken Myrdal med utgivningen av De hemliga breven.

Lasse Didings bok presenterar också en systematisk genomgång av mottagandet av De hemliga breven och den offentliga debatt som 2023–2024 utvecklades till den största kulturfejden i Sverige på många år. Tre år efter hans död tycktes återigen alla börja hata eller älska denne på så sätt återuppståndne intellektuelle riksbuse. I debatten hördes Karl Ove Knausgård, Jan Guillou, Åsa Linderborg, Göran Greider, Maria Schottenius, Kalle Lind, Janken Myrdal, Martin Kragh, Birgitta Holm, Carl-Johan Malmberg och många, många fler.","November 5, 2024",,E-bok,,,,"79-89 kr",,,,,,,,,,,,,,,,,,,,,,,,,,,,,,,,,,,,,,,,,,,,,,,,,"Biografi och prosa (ej fiktion)",,,,"Litteraturhistoria och kritik",,,,,,,,,,,,,,,,,,,,,,,,,,,,,,,,,,,,,,,,,,,,,,,,,,,,,,,,,,,,,,,,,,,,,,,,,,,,,,,,,"299,00 Kr",,,,"299,00 Kr","Gustaf Erling
xxxx xxxx xxxx 1127
Mastercard",1197,"oktober 8, 2024 12:37",,Completed,Yes,No,"Mozilla/5.0 (Macintosh; Intel Mac OS X 10_15_7) AppleWebKit/537.36 (KHTML, like Gecko) Chrome/129.0.0.0 Safari/537.36",217.73.111.107,3b9f6787-0158-4f0d-bdf4-83b4339ba673,Refunded,"Total: 299,00
Currency: SEK
Gateway: Stripe
Type: En gång
Mode: live
Transaction: pi_3Q7bjNLgKhr8jxDX3BTidMmC
",,,"{""id:loEeJpHBAnAAAAAAAAFQPw"":{""hash"":""id:loEeJpHBAnAAAAAAAAFQPw"",""name"":""De_grova_lognerna_Omslag.png"",""description"":"""",""type"":""image/png"",""path"":""/De_grova_lognerna_Omslag.png"",""size"":""3 MB"",""link"":""https://www.dropbox.com/home/dc9b4bc6-166d-4b50-a7d9-e4a3206f7839 ()/de_grova_lognerna_omslag.png"",""account_id"":""dbid:AADXK_Gkez5UYe0VK2ee1yNTSHNoC0-_pbI"",""folderurl"":""https%3A%2F%2Fwww.dropbox.com%2Fhome%2Fdc9b4bc6-166d-4b50-a7d9-e4a3206f7839+%28%29""},""id:loEeJpHBAnAAAAAAAAFQQA"":{""hash"":""id:loEeJpHBAnAAAAAAAAFQQA"",""name"":""De grova lögnerna DIGITAL.epub"",""description"":"""",""type"":""application/epub+zip"",""path"":""/De grova lögnerna DIGITAL.epub"",""size"":""23 MB"",""link"":""https://www.dropbox.com/home/dc9b4bc6-166d-4b50-a7d9-e4a3206f7839 ()/de grova lögnerna digital.epub"",""account_id"":""dbid:AADXK_Gkez5UYe0VK2ee1yNTSHNoC0-_pbI"",""folderurl"":""https%3A%2F%2Fwww.dropbox.com%2Fhome%2Fdc9b4bc6-166d-4b50-a7d9-e4a3206f7839+%28%29""}}","Lat/Long: 57.0531, 12.4047
Map: https://maps.google.com/maps?q=Tvååker,Halland County&ll=57.0531,12.4047&z=6&output=embed
Location: Tvååker, Halland County
Postal: 432 78
Country: SE
","oktober 8, 2024
- 12:32 - Digibook – Publicering av digitala böcker - https://www.digibook.se/
"
Checked,Gustaf,Erling,"Jag vill lägga till ytterligare en författare",,Anton,Honkonen,,,,"Borgmästaregatan 1",,VARBERG,Sverige,,,"Hotell Gästis",gustaf@hotellgastis.se,"5132 10 234 80",SEB,"Myrdaliana : 2024","Han kallade sig själv en europeisk intellektuell och anslöt sig till en ickeskandinavisk tradition. Och visst är han osvensk, inte minst i sin övertygelse om att litteraturen kan förändra världen och människan, samt i sitt sätt att aldrig be om ursäkt för sig. Därmed blir Jan Myrdal, för både kritiker och beundrare, en katalysator för den sorts intellektuella självprövning som är så ovanlig i vår tid.

Denna Myrdaliana har främst kommit att handla om vad som kan kallas för Myrdalåret 2023, ett år då boken om Jan Myrdalbiblioteket äntligen kom ut och Jan Myrdals stora pris gick till en världsberömd norrman. Det var också året då katalysatorn Jan Myrdal tre år efter sin död återuppstod i den svenska offentligheten i och med utgivningen av De hemliga breven och den stora kulturdebatt som följde i Sverige, rörande hans relationer till föräldrarna Alva och Gunnar Myrdal samt fiktionens och sanningens roll i såväl litteraturen i stort som i Jan Myrdals författarskap.

Bråkigt? Ja, precis som gubben själv.","November 5, 2024",,E-bok,,,,"79-89 kr",,,,,,,,,,,,,,,,,,,,,,,,,,,,,,,,,,,,,,,,,,,,,,,,,,,,,"Litteraturhistoria och kritik",,,,,,,,,,,,,,,,,,,,,,,,,,,,,,,,,,,,,,,,,,,,,,,,,,,,,,,,,,,,,,,,,,,,,,,,,,,,,,,,,"299,00 Kr",,,,"299,00 Kr","Gustaf Erling
xxxx xxxx xxxx 1127
Mastercard",1196,"oktober 8, 2024 12:27",,Completed,Yes,No,"Mozilla/5.0 (Macintosh; Intel Mac OS X 10_15_7) AppleWebKit/537.36 (KHTML, like Gecko) Chrome/129.0.0.0 Safari/537.36",217.73.111.107,3b9f6787-0158-4f0d-bdf4-83b4339ba673,Refunded,"Total: 299,00
Currency: SEK
Gateway: Stripe
Type: En gång
Mode: live
Transaction: pi_3Q7bZoLgKhr8jxDX38Lt9Aym
",,,"{""id:loEeJpHBAnAAAAAAAAFQPQ"":{""hash"":""id:loEeJpHBAnAAAAAAAAFQPQ"",""name"":""Myrdaliana_Omslag.png"",""description"":"""",""type"":""image/png"",""path"":""/Myrdaliana_Omslag.png"",""size"":""960 KB"",""link"":""https://www.dropbox.com/home/dc9b4bc6-166d-4b50-a7d9-e4a3206f7839 ()/myrdaliana_omslag.png"",""account_id"":""dbid:AADXK_Gkez5UYe0VK2ee1yNTSHNoC0-_pbI"",""folderurl"":""https%3A%2F%2Fwww.dropbox.com%2Fhome%2Fdc9b4bc6-166d-4b50-a7d9-e4a3206f7839+%28%29""},""id:loEeJpHBAnAAAAAAAAFQPg"":{""hash"":""id:loEeJpHBAnAAAAAAAAFQPg"",""name"":""Myrdaliana VOL1 DIGITAL.epub"",""description"":"""",""type"":""application/epub+zip"",""path"":""/Myrdaliana VOL1 DIGITAL.epub"",""size"":""29 MB"",""link"":""https://www.dropbox.com/home/dc9b4bc6-166d-4b50-a7d9-e4a3206f7839 ()/myrdaliana vol1 digital.epub"",""account_id"":""dbid:AADXK_Gkez5UYe0VK2ee1yNTSHNoC0-_pbI"",""folderurl"":""https%3A%2F%2Fwww.dropbox.com%2Fhome%2Fdc9b4bc6-166d-4b50-a7d9-e4a3206f7839+%28%29""}}","Lat/Long: 57.0531, 12.4047
Map: https://maps.google.com/maps?q=Tvååker,Halland County&ll=57.0531,12.4047&z=6&output=embed
Location: Tvååker, Halland County
Postal: 432 78
Country: SE
","september 28, 2024
- 09:32 - Digibook – Publicering av digitala böcker - https://www.digibook.se/
"
Checked,Lisbeth,Klang,,,,,,,,"Västerlånggatan 50B",,Eslöv,Sverige,,,,lisbethklang@live.se,"8403-8,33 377 003-0","Sparbanken Vinslöv","Axel vid axel","Det är tidigt 1920-tal när 23-åriga Hilma stiger av tåget i Landskrona. Bakom sig har hon lämnat mor och far och det hårda arbetet på gården, nu ska hon utbilda sig till lärarinna i stan. Förändringens vindar sveper över Sverige, och frågan om rösträtt har gått från att vara omtvistad till att ha fått politiskt genomslag. Om sånt kan Hilma inte mycket när hon anländer till Landskrona för att börja på Seminariet. Hon kommer från en by på landsbygden men förväntar sig nu att världen ska öppna sig och att hennes drömmar om ett lättare liv ska slå in.
I Landskrona finns den gamla fästningen Citadellet. Den har tidigare varit fängelse men är nu arbetsanstalt för s k sedeslösa kvinnor. Om det har Hilma inte heller någon kunskap. Men redan på stationen blir hon vittne till hur ett antal kvinnor hoppar från en av tågets kreatursvagnar och transporteras bort i en skåpbil. Vid stationen stöter Hilma också på en irriterande ung man som senare ska komma att spela en stor roll i hennes liv. Och så får hon sällskap till Seminariet med den underliga Viola.
På skolan blir hon rumskamrat med Viola och Bea. Flera av de nya kamraterna tycker liksom Hilma att Viola är underlig. Hilma kan inte släppa tankarna på vad hon kan bära på för hemlighet. Vid en konfrontation i lekens form berättar Viola att hon varit intagen på Citadellet. Hennes livsberättelse griper tag i Hilmas känsla för rättvisa och väcker intuitivt hennes engagemang. Efter stark vånda förstår Hilma att hon måste göra något för de intagna kvinnorna. Men vad? Från grunden växer tanken om att göra sin röst hörd och att protestera tillsammans med sina kamrater. Samtidigt som livet med studier och utflykter pågår utvecklas planer för hur de konkret ska gå till väga. Hilma känner att hon, tillsammans med de andra, har ett uppdrag och hon utvecklar initiativkraft, nytänkande och mod. Skaran som vill förändra de intagnas tillvaro på Citadellet växer.
”Axel vid axel” handlar i första hand om Hilmas utveckling från drömmande och omogen ungdom till ansvarstagande och samhällsmedveten kvinna. Men texten handlar också om motsättningar mellan land och stad, frågor kring könsordning samt de slitningar i samhället som uppstår när gammalt möter nytt, när grunden för vardagens ordning börjar vackla och när framtiden är oviss.","November 17, 2024",,E-bok,,,"119-129 kr",,,,,,,,,,,,,,,,,,,,,,,,,,,,"Historiska romaner",,,,,,,,,,,,,,,,,,,,,,,,,,,,,,,,,,,,,,,,,,,,,,,,,,,,,,,,,,,,,,,,,,,,,,,,,,,,,,,,,,,,,,,,,,,,,,,,,,,,,,,,,,,"299,00 Kr",,"Digibook skapar bokframsida - 299,00 Kr",,"598,00 Kr","Lisbeth klang
xxxx xxxx xxxx 5840
Mastercard",1195,"september 28, 2024 18:32",,Completed,Yes,No,"Mozilla/5.0 (Windows NT 10.0; Win64; x64) AppleWebKit/537.36 (KHTML, like Gecko) Chrome/129.0.0.0 Safari/537.36 Edg/129.0.0.0",185.205.224.95,657d2573-c8ae-41a2-b58f-af52ad06583d,Completed,"Total: 598,00
Currency: SEK
Gateway: Stripe
Type: En gång
Mode: live
Transaction: pi_3Q44VbLgKhr8jxDX0v5Y3pRC
",,,"{""id:loEeJpHBAnAAAAAAAAFPWg"":{""hash"":""id:loEeJpHBAnAAAAAAAAFPWg"",""name"":""AXEL VID AXEL.epub"",""description"":"""",""type"":""application/epub+zip"",""path"":""/Slutvers 2024-07-09/AXEL VID AXEL.epub"",""size"":""169 KB"",""link"":""https://www.dropbox.com/home/987cc599-c93b-43df-bb9b-7046894f95d8 ()/slutvers 2024-07-09/axel vid axel.epub"",""account_id"":""dbid:AADXK_Gkez5UYe0VK2ee1yNTSHNoC0-_pbI"",""folderurl"":""https%3A%2F%2Fwww.dropbox.com%2Fhome%2F987cc599-c93b-43df-bb9b-7046894f95d8+%28%29%2Fslutvers+2024-07-09""}}","Lat/Long: 59.3247, 18.056
Map: https://maps.google.com/maps?ll=59.3247,18.056&z=6&output=embed
Country: SE
","juli 7, 2024
- 18:14 - Bokförlag – Digibook - https://www.digibook.se/bokforlag/
- 18:15 - Om Digibook – Digibook - 56 sekunder - https://www.digibook.se/om-digibook/
- 18:17 - Marknadsföringstips – Digibook - 2 minuter - https://www.digibook.se/marknadsforingstips/
- 18:21 - Digibook – Publicering av digitala böcker - 3 minuter - https://www.digibook.se/
- 18:22 - Skapa ljudbok – Digibook - 1 minut - https://www.digibook.se/skapa-ljudbok/
juli 16, 2024
- 11:07 - Digibook – Publicering av digitala böcker - 1 vecka - https://www.digibook.se/
- 11:24 - Skapa Wordfil – Digibook - 17 minuter - https://www.digibook.se/skapa-wordfil/
juli 27, 2024
- 13:48 - Portfolio – Digibook - 2 veckor - https://www.digibook.se/portfolio/
- 13:52 - Om Digibook – Digibook - 3 minuter - https://www.digibook.se/om-digibook/
- 13:53 - AI inläsning – Digibook - 1 minut - https://www.digibook.se/ai-inlasning/
- 13:58 - Marknadsföringstips – Digibook - 5 minuter - https://www.digibook.se/marknadsforingstips/
- 14:02 - Om Digibook – Digibook - 3 minuter - https://www.digibook.se/om-digibook/
- 14:03 - Skapa Wordfil – Digibook - 1 minut - https://www.digibook.se/skapa-wordfil/
- 16:34 - Marknadsföringstips – Digibook - 3 timmar - https://www.digibook.se/marknadsforingstips/
- 16:34 - Bokförlag – Digibook - 17 sekunder - https://www.digibook.se/bokforlag/
- 16:37 - Digibook – Publicering av digitala böcker - 3 minuter - https://www.digibook.se/
september 28, 2024
- 18:11 - Portfolio – Digibook - 2 månader - https://www.digibook.se/portfolio/
"
Checked,Sofie,Fonovich,,,,,,,,"Vasavägen 36",,"582 33",Linköping,,,,sofiefonovich463@gmail.com,24890548904,"Danske bank","Melodier av Livet","Man får följa huvudpersonen Mia genom hennes ungdom från hur hon drömmer om att bli upptäckt  inom musiken och komma ifrån sin hemort utanför Stockholm. Mia drömde om något större men vardagen var mer grå än glamourös för henne. Mia får en dotter som inte bara blir hennes dotter utan också hennes framtida arbetspartner inom musikbranschen. Man får följa med på musikfestivaler , spelningar utomlands men också motgångar och framgångar.","September 26, 2024",,E-bok,,,,,,"39-49 kr (t.ex. längre novell eller kortare roman)",,,,,,,,"Från 12 år",,,,,,,,,,,,,,,,,,,,,,,,,,,,,,,,,,,,,,,,,,,,,,,,,,,,,,,Feelgood,,,,,,,,,,,,,,,,,,,,,,,,,,,,,,,,,,,,,,,,,,,,,,,,,,,,,,,,,,,,,,,,,,"Markera detta val så vi kan matcha ditt formulär med filerna från Sprend. Ange titelns namn i Sprends meddelanderuta. ",,"Melodier av Livet","299,00 Kr","Digibook skapar e-boks-fil (EPUB) - 399,00 Kr","Digibook skapar bokframsida - 299,00 Kr",,"997,00 Kr","Sofie Fonovich
xxxx xxxx xxxx 4422
Mastercard",1194,"september 25, 2024 09:13",,Completed,Yes,No,"Mozilla/5.0 (X11; CrOS x86_64 14541.0.0) AppleWebKit/537.36 (KHTML, like Gecko) Chrome/128.0.0.0 Safari/537.36",83.249.164.12,0ed0a926-1b75-4a11-9ff6-97921f21355b,Completed,"Total: 997,00
Currency: SEK
Gateway: Stripe
Type: En gång
Mode: live
Transaction: pi_3Q2qLdLgKhr8jxDX1U8Rp0E4
",,,"{""id:loEeJpHBAnAAAAAAAAFPWA"":{""hash"":""id:loEeJpHBAnAAAAAAAAFPWA"",""name"":""Namnlöst dokument.pdf"",""description"":"""",""type"":""application/pdf"",""path"":""/Namnlöst dokument.pdf"",""size"":""343 KB"",""link"":""https://www.dropbox.com/home/70891513-21f8-4942-a6a7-31c3e0015446 ()/namnlöst dokument.pdf"",""account_id"":""dbid:AADXK_Gkez5UYe0VK2ee1yNTSHNoC0-_pbI"",""folderurl"":""https%3A%2F%2Fwww.dropbox.com%2Fhome%2F70891513-21f8-4942-a6a7-31c3e0015446+%28%29""}}","Lat/Long: 58.4016, 15.6462
Map: https://maps.google.com/maps?q=Linköping,Östergötland County&ll=58.4016,15.6462&z=6&output=embed
Location: Linköping, Östergötland County
Postal: 586 47
Country: SE
","september 23, 2024
- 12:59 - Digibook – Publicering av digitala böcker - https://www.digibook.se/
"
Checked,Ellef,Hersoug,,,,,,,,"Hornsgatan 56",,11821,Stockholm,,,,ellef.hersoug@gmail.com,52012952135,SEB,Tidstjuvar,"Karl Wernö skulle bara ge den pompösa gubbstrutten lite markkänning - inte varaktigt skada honom. 

Men konsekvenserna blev allvarligare än så.",,,E-bok,,,,,,,"17-25 kr (t.ex. kortare novell)",,,,,,,,,,,,,,,,,,,,,,,,,,,,,,,,,,,,,,,,,,,,,,,,,,,,,Noveller,,,,,,,,,,,,,,,,,,,,,,,,,,,,,,,,,,,,,,,,,,,,,,,,,,,,,,,,,,,,,,,,,,,,,,,,,,,,,,"299,00 Kr",,,,"299,00 Kr","HERSOUG ELLEF
xxxx xxxx xxxx 5516
Mastercard",1192,"september 16, 2024 09:40",,Completed,Yes,No,"Mozilla/5.0 (Windows NT 10.0; Win64; x64) AppleWebKit/537.36 (KHTML, like Gecko) Chrome/128.0.0.0 Safari/537.36 Edg/128.0.0.0",83.253.196.175,bb8f2291-0ebf-4282-b98a-f48b164a78eb,Completed,"Total: 299,00
Currency: SEK
Gateway: Stripe
Type: En gång
Mode: live
Transaction: pi_3PzaTmLgKhr8jxDX0f1QxqvP
",,,"{""id:loEeJpHBAnAAAAAAAAFLTw"":{""hash"":""id:loEeJpHBAnAAAAAAAAFLTw"",""name"":""Ellef_Hersoug_Tidstjuvar.epub"",""description"":"""",""type"":""application/epub+zip"",""path"":""/Ellef_Hersoug_Tidstjuvar.epub"",""size"":""55 KB"",""link"":""https://www.dropbox.com/home/42314ecd-402f-42e0-80d3-fb6ae5a34789 ()/ellef_hersoug_tidstjuvar.epub"",""account_id"":""dbid:AADXK_Gkez5UYe0VK2ee1yNTSHNoC0-_pbI"",""folderurl"":""https%3A%2F%2Fwww.dropbox.com%2Fhome%2F42314ecd-402f-42e0-80d3-fb6ae5a34789+%28%29""}}","Lat/Long: 59.3241, 18.0517
Map: https://maps.google.com/maps?q=Stockholm,Stockholm County&ll=59.3241,18.0517&z=6&output=embed
Location: Stockholm, Stockholm County
Postal: 112 06
Country: SE
","september 10, 2024
- 13:14 - Skapa Wordfil – Digibook - https://www.digibook.se/skapa-wordfil/
- 14:40 - Digibook – Publicering av digitala böcker - 1 timme - https://www.digibook.se/
- 14:40 - Skapa Wordfil – Digibook - 3 sekunder - https://www.digibook.se/skapa-wordfil/
- 21:11 - Ljudboksinspelning – Digibook - 7 timmar - https://www.digibook.se/ljudboksinspelning/
september 12, 2024
- 04:39 - Digibook – Publicering av digitala böcker - 1 dag - https://www.digibook.se/
- 09:18 - Portfolio – Digibook - 5 timmar - https://www.digibook.se/portfolio/
september 16, 2024
- 05:21 - Digibook – Publicering av digitala böcker - 4 dagar - https://www.digibook.se/
"
Checked,Björn,Edman,,,,,,,,"Pomeransagatan 46",,25373,Gantofta,,,,bjorne51@gmail.com,"5365 0023350",SEB,"Öga för Öga","Pogromerna som utspelade sig i Rumänien är inte lika kända som de som skedde i Tyskland och Sovjet. Men likafullt var de till och med blodigare än de i Tyskland. Detta avspeglar sig med det brev som Hitler skickade till den rumänske ledaren Ion Antonescu och där han bad dem att minska takten på utrotningen. Kanske var han avundsjuk på att de lyckades bättre? 
I boken träffar vi den unge rumänen Rade som växer upp i en judehatande miljö. Hans öde förändras helt när hans familj tvingas flytta in till huvudstaden Bukarest för att undkomma Rysslands invasion av hans landsdel Bessarabien. Där kom han i kontakt med Järngardet, en grönklädd och hårdför grupp som hade som mål att utrota judarna i Rumänien, men han kom också att möta olika historiska personer. Rade fascinerades av gruppens mål och blev snabbt en del av dem och steg i graderna tills han nådde ända upp till toppen av regeringen.
Men verkligheten jagade honom hack i häl och han och hans fru Maria tvingades fly landet vid krigsslutet 1945. Efter många turer hittade de sin fristad på skånska Österlen. Men inte ens där kunde de finna ro helt och hållet. När kommissarie Rolf Mårtensson från Malmöpolisen kopplades in för att leta efter Marias försvunne man, tvingades han att börja nysta upp en 70 år gammal historia för att finna en förklaring på det fasansfulla mordet.",,,E-bok,,,,"79-89 kr",,,,,,,,,,,,,,,,,,,,,,,,,,,"Historiska romaner",,,,,,,,,,,,,,,,,,,,,,,,,,,,,,,,,,,,,,,,,,,,,,,,,,,,,,,,,,,,,,,,,,,,,,,,,,,,,,,,,,,,,,,,,,,,,,,,,,,,,,,,,,,"299,00 Kr",,,,"299,00 Kr","Björn Edman
xxxx xxxx xxxx 4284
Mastercard",1190,"september 10, 2024 14:27",,Completed,Yes,No,"Mozilla/5.0 (Windows NT 10.0; Win64; x64) AppleWebKit/537.36 (KHTML, like Gecko) Chrome/128.0.0.0 Safari/537.36",2001:2042:de1d:c500:2801:7831:2593:d5ac,6d6a6a11-0590-4148-8d44-75866bcf93f2,Completed,"Total: 299,00
Currency: SEK
Gateway: Stripe
Type: En gång
Mode: live
Transaction: pi_3PxU6ALgKhr8jxDX1PT2I2bX
",,,"{""id:loEeJpHBAnAAAAAAAAFK4g"":{""hash"":""id:loEeJpHBAnAAAAAAAAFK4g"",""name"":""öga för öga bokomslag.jpg"",""description"":"""",""type"":""image/jpeg"",""path"":""/öga för öga bokomslag.jpg"",""size"":""1 MB"",""link"":""https://www.dropbox.com/home/b13661d8-c6ca-421c-bde6-2e22967ca6df ()/öga för öga bokomslag.jpg"",""account_id"":""dbid:AADXK_Gkez5UYe0VK2ee1yNTSHNoC0-_pbI"",""folderurl"":""https%3A%2F%2Fwww.dropbox.com%2Fhome%2Fb13661d8-c6ca-421c-bde6-2e22967ca6df+%28%29""},""id:loEeJpHBAnAAAAAAAAFK4w"":{""hash"":""id:loEeJpHBAnAAAAAAAAFK4w"",""name"":""öga-för-öga-2024.epub"",""description"":"""",""type"":""application/epub+zip"",""path"":""/öga-för-öga-2024.epub"",""size"":""203 KB"",""link"":""https://www.dropbox.com/home/b13661d8-c6ca-421c-bde6-2e22967ca6df ()/öga-för-öga-2024.epub"",""account_id"":""dbid:AADXK_Gkez5UYe0VK2ee1yNTSHNoC0-_pbI"",""folderurl"":""https%3A%2F%2Fwww.dropbox.com%2Fhome%2Fb13661d8-c6ca-421c-bde6-2e22967ca6df+%28%29""}}","Lat/Long: 56.6709, 12.859
Map: https://maps.google.com/maps?q=Halmstad,Halland County&ll=56.6709,12.859&z=6&output=embed
Location: Halmstad, Halland County
Postal: 302 24
Country: SE
","augusti 26, 2024
- 07:39 - Referrer - https://www.google.com/
- 07:39 - Digibook – Publicering av digitala böcker - 2 sekunder - https://www.digibook.se/
- 07:40 - Portfolio – Digibook - 27 sekunder - https://www.digibook.se/portfolio/
september 6, 2024
- 16:01 - Skapa Wordfil – Digibook - 2 veckor - https://www.digibook.se/skapa-wordfil/
september 8, 2024
- 16:07 - Böcker – Digibook - 2 dagar - https://www.digibook.se/butik/
- 16:07 - Skapa Wordfil – Digibook - 24 sekunder - https://www.digibook.se/skapa-wordfil/
september 10, 2024
- 13:06 - AI inläsning – Digibook - 2 dagar - https://www.digibook.se/ai-inlasning/
- 13:09 - Digibook – Publicering av digitala böcker - 3 minuter - https://www.digibook.se/
"
Checked,Lars,Andersen,,,,,,,,"Tegvägen 16",,45431,Brastad,,,,larsand314@gmail.com,"983 653 311-8",,Fången,"En fånge vaknar upp i ett fängelse i ett avlägset förflutet och ställs inför minnet av sin kamp i upproret mot förtrycket",,,E-bok,,,,,,,"17-25 kr (t.ex. kortare novell)",,,,,,,,,,,,,,,,,,,,,,,,,,,,,,,,,,,,,,,,,,,,,,,,,,,,,Noveller,,,,,,,,,,,,,,,,,,,,,,,,,,,,,,,,,,,,,,,,,,,,,,,,,,,,,,,,,,,,,,,,,,,,,,,,,,,,,,"299,00 Kr","Digibook skapar e-boks-fil (EPUB) - 399,00 Kr",,,"698,00 Kr","Arne Andersen
xxxx xxxx xxxx 8939
Mastercard",1187,"augusti 31, 2024 20:33",,Completed,Yes,No,"Mozilla/5.0 (Linux; Android 10; K) AppleWebKit/537.36 (KHTML, like Gecko) Chrome/127.0.0.0 Mobile Safari/537.36",95.193.65.200,4905088f-8c88-4bff-86eb-b4bd07e45a1d,Completed,"Total: 698,00
Currency: SEK
Gateway: Stripe
Type: En gång
Mode: live
Transaction: pi_3Ptx3QLgKhr8jxDX0ZoBxuye
",,,"{""id:loEeJpHBAnAAAAAAAAFJuA"":{""hash"":""id:loEeJpHBAnAAAAAAAAFJuA"",""name"":""F_ngen.docx"",""description"":"""",""type"":""application/vnd.openxmlformats-officedocument.wordprocessingml.document"",""path"":""/F_ngen.docx"",""size"":""128 KB"",""link"":""https://www.dropbox.com/home/49c767b6-bfc9-4ef9-8c56-15e7349afce8 ()/f_ngen.docx"",""account_id"":""dbid:AADXK_Gkez5UYe0VK2ee1yNTSHNoC0-_pbI"",""folderurl"":""https%3A%2F%2Fwww.dropbox.com%2Fhome%2F49c767b6-bfc9-4ef9-8c56-15e7349afce8+%28%29""}}","Lat/Long: 57.7065, 11.967
Map: https://maps.google.com/maps?q=Gothenburg,Västra Götaland County&ll=57.7065,11.967&z=6&output=embed
Location: Gothenburg, Västra Götaland County
Postal: 418 71
Country: SE
","augusti 31, 2024
- 20:23 - Referrer - https://www.google.com/
- 20:23 - Digibook – Publicering av digitala böcker - 2 sekunder - https://www.digibook.se/
"
Checked,Albin,Hagberg,,,,,,,,"Grindsby 220",,47394,Henån,,,,albin.hagberg.medin@gmail.com,9271-5113226,"ICA Banken",Drömsamlaren,"Lyma avskyr skolan och gömmer sig i mormors gamla torp i skogen. I källaren hittar hon en trumma som låter henne resa till en annan värld. En värld där uråldriga andar har väntat på henne. Men alla andar är inte av godo.

Drömsamlare är en magisk fantasybok inspirerad av den fornnordiska mytologin. Berättelsen följer två tonåringar och deras resor i andevärlden. Den har fångat läsare i alla åldrar, från 10 till 90 och fått särskild uppskattning för sitt visuella språk, unika karaktärer och bladvändar-spänning.",,Ljudbok,E-bok,Albin,Hagberg,,"79-89 kr",,,,,,,,,"Från 9 år",,,,,,,,,,Fantasy,,,,,,,,,,,,,,,,,,,,,,,,,,,,,,,,,,,,,,,,,,,,,,,,,,,,,,,,,,,,,,,,,,,,,,"Skönlitteratur barn och ungdom: fantasy",,,,,,,,,,,,,,,,,,,,,,,,,,,,,,,,,,,,,,,,,,"Markera detta val så vi kan matcha ditt formulär med filerna från Sprend. Ange titelns namn i Sprends meddelanderuta. ",,"Länk till Epub
https://www.dropbox.com/scl/fi/9yaw9e9ldgvi0wjpt2oji/Dr-msamlaren-updated.epub?rlkey=gfhsuu7ye17ei3ahtw9xqfsl6&st=m6euphwq&dl=0

Länk till 256kbp .mp3 ljudbok
https://www.dropbox.com/scl/fi/hgjk3dv4avkk0q6qdapc9/Dr-msamlaren-Hela-Ljudbok-slutgiltig-256kbps.mp3?rlkey=cvjbezty7x7waysbo5sn83rv4&st=qzykdgph&dl=0

Jag har även möjlighet att skicka en icke-komprimerad .wav, behålls den höga kvalitet till slutkunden isåfall i storytel och de andra plattformarna? Jag utgår från att de komprimerar rätt hårt? För det kräver lite jobb för mig att få tag i min producent som kan rendera en ny .wav utan kompression medans denna 256kbps .mp3 har jag redan på datorn :) Men kan vara värt det om det blir mycket högre kvalitet för lyssnaren, vi har ju spelat in det i studio med bra utrustning.
Jag kryssade inte i digibook konverterar dina mp3 filer till .wav men ni kan återkomma med svar på min fråga innan jag tar beslut om att få hjälp av min producent och rendera ut en fullkvalitet .wav.

Här är länk till framsida stående i högre upplösning än ni begärde, jag såg att ni kostnadsfritt kunde redigera till 1400px tack för det.
https://www.dropbox.com/scl/fi/shpm5cb9kz23v090iolc8/front-cover.png?rlkey=qekarmr34q3sdcpy7z3w03xum&st=on5x2enm&dl=0

Framsida fyrkantig även den i större px än begärt.
https://www.dropbox.com/scl/fi/r5c3g94icft77ah7w2ln0/Audiobook-with-name.jpg?rlkey=64og7fs8pv28yyd5n9hjc9vxz&st=9qw9rl7s&dl=0rlkey=cvjbezty7x7waysbo5sn83rv4&st=qzykdgph&dl=0","299,00 Kr",,,,"299,00 Kr","Albin Hagberg Medin
xxxx xxxx xxxx 2843
Mastercard",1185,"augusti 28, 2024 10:14",,Completed,Yes,No,"Mozilla/5.0 (Macintosh; Intel Mac OS X 10_15_7) AppleWebKit/605.1.15 (KHTML, like Gecko) Version/15.6.1 Safari/605.1.15",2001:2042:7ca5:6580:b1b5:2539:9f85:e92b,,Completed,"Total: 299,00
Currency: SEK
Gateway: Stripe
Type: En gång
Mode: live
Transaction: pi_3PshxDLgKhr8jxDX2eQu1ao2
",,,{},"Lat/Long: 57.7065, 11.967
Map: https://maps.google.com/maps?q=Gothenburg,Västra Götaland County&ll=57.7065,11.967&z=6&output=embed
Location: Gothenburg, Västra Götaland County
Postal: 418 71
Country: SE
",
Checked,Ryan,Dargle,,,,,Checked,Brian,Burns,"Hantverksvägen 67",,18432,Åkersberga,,,,brianjohnburns@gmail.com,53293335101,"Brian Burns","The Manichean Departure","Three murders in Sweden lead to a deadly race against time across Europe, North Africa, and Australasia. A global threat is uncovered and leads to an international crisis not seen since the Covid pandemic. The main protagonists have their roots in a secret organisation that traces its origins back to the time of ancient Rome. A secret battle between light and dark that has raged since the birth of Christianity now explodes into the present day. 

The world will tremble at its Revelations.",,,,,,,"79-89 kr",,,,,,,,,,,,,Deckare,,,,,,,Filosofi,,,,,,,,,,,,,,,,,,,,,,,,,,,,,,,,,,,,,,"Klassiska deckare",,Polisromaner,"Thrillers / spänningsromaner","Äventyrsromaner / action",,,,,,,,,,,,,,,,,,,,,,,,,,,,,,,,,,,,,,,,,,,,,,,,,,,,,,,,,,,,,,,,,,,,,,,,"299,00 Kr","Digibook skapar e-boks-fil (EPUB) - 399,00 Kr",,,"698,00 Kr","Brian Burns
xxxx xxxx xxxx 1880
Mastercard",1184,"augusti 24, 2024 11:10",,Completed,Yes,No,"Mozilla/5.0 (Macintosh; Intel Mac OS X 10_15_7) AppleWebKit/605.1.15 (KHTML, like Gecko) Version/16.6.1 Safari/605.1.15",82.196.111.164,68609a8f-2192-48be-92e8-f9578983c12c,Completed,"Total: 698,00
Currency: SEK
Gateway: Stripe
Type: En gång
Mode: live
Transaction: pi_3PrGvJLgKhr8jxDX2X85y8MT
",,,,"Lat/Long: 59.3241, 18.0517
Map: https://maps.google.com/maps?q=Stockholm,Stockholm County&ll=59.3241,18.0517&z=6&output=embed
Location: Stockholm, Stockholm County
Postal: 107 68
Country: SE
",
Checked,Lexi,Andersen,,,,,Checked,Kristine,Lindgren,"Tallholmsvägen 177",,"589 37",Linköping,,,,kristine.lindgren76@gmail.com,"8480-6, 924 039 480-0",Swedbank,"Sommarflört del 2 - Njutning","Klara sitter med sin mobil i handen, ska hon våga skicka iväg ett meddelande till Oliver? Och kommer han vilja träffa henne igen?",,,E-bok,,,,,,,"17-25 kr (t.ex. kortare novell)",,,,,,,,,,,,,Erotik,,,,,,,,,,,,,,,,,,,,,,,,,,,,,,,,,,,,,,,,,,,,,,,,,,,,,,,,,,,,,,,,,,,,,,,,,,,,,,,,,,,,,,,,,,,,,,,,,,,,,,,,,,,,,,,,,,,,,"Hej, 
Sänder över del 2 i serien Sommarflört.
Jag hoppas att både novellen och bokframsida kommit fram, haft lite problem att skicka dem
Även om jag skrivit fel kontonummer så har ni mitt sedan innan.
Med vänliga hälsningar Kristine","299,00 Kr","Digibook skapar e-boks-fil (EPUB) - 399,00 Kr",,,"698,00 Kr","Kristine Lindgren
xxxx xxxx xxxx 2598
Mastercard",1183,"augusti 18, 2024 16:14",,Completed,Yes,No,"Mozilla/5.0 (Windows NT 10.0; Win64; x64) AppleWebKit/537.36 (KHTML, like Gecko) Chrome/109.0.0.0 Safari/537.36",78.70.3.3,aeb89cf5-bb81-4278-854f-ddd2ca36392a,Completed,"Total: 698,00
Currency: SEK
Gateway: Stripe
Type: En gång
Mode: live
Transaction: pi_3PpAoaLgKhr8jxDX3oLrJwz0
",,,"{""id:loEeJpHBAnAAAAAAAAFFMQ"":{""hash"":""id:loEeJpHBAnAAAAAAAAFFMQ"",""name"":""Sommarflört del 2 - Njutning.docx"",""description"":"""",""type"":""application/vnd.openxmlformats-officedocument.wordprocessingml.document"",""path"":""/Sommarflört del 2 - Njutning.docx"",""size"":""27 KB"",""link"":""https://www.dropbox.com/home/807cab89-c42c-45d8-9a02-208a317e6a03 ()/sommarflört del 2 - njutning.docx"",""account_id"":""dbid:AADXK_Gkez5UYe0VK2ee1yNTSHNoC0-_pbI"",""folderurl"":""https%3A%2F%2Fwww.dropbox.com%2Fhome%2F807cab89-c42c-45d8-9a02-208a317e6a03+%28%29""},""id:loEeJpHBAnAAAAAAAAFFMg"":{""hash"":""id:loEeJpHBAnAAAAAAAAFFMg"",""name"":""back-5294689.jpg"",""description"":"""",""type"":""image/jpeg"",""path"":""/back-5294689.jpg"",""size"":""1 MB"",""link"":""https://www.dropbox.com/home/807cab89-c42c-45d8-9a02-208a317e6a03 ()/back-5294689.jpg"",""account_id"":""dbid:AADXK_Gkez5UYe0VK2ee1yNTSHNoC0-_pbI"",""folderurl"":""https%3A%2F%2Fwww.dropbox.com%2Fhome%2F807cab89-c42c-45d8-9a02-208a317e6a03+%28%29""}}","Lat/Long: 58.4016, 15.6462
Map: https://maps.google.com/maps?q=Linköping,Östergötland County&ll=58.4016,15.6462&z=6&output=embed
Location: Linköping, Östergötland County
Postal: 582 12
Country: SE
","augusti 18, 2024
- 15:56 - Digibook – Publicering av digitala böcker - https://www.digibook.se/
"
Checked,Martin,Elmberg,,,,,,,,"Bergmov. 6A",,"146 38",Tullinge,,,"Marelm Technology AB / Desdemona förlag",martin.elmberg@gmail.com,734-9350,Bankgiro,"Stormens Nemesis","Kriminella gängskjutningar och terrordåd har under en längre tid drabbat Sverige. Inbördeskrig bryter ut i söder efter att Ryssland har ockuperat delar av landet.

Sökandet efter Alvas försvunna dotter leder henne in i stridigheter och grymma övergrepp som förändrar henne för alltid medan Max seglar vidare mot drömmen om en egen söderhavsö.

Stridsflygaren Orvar hamnar i kalla krigets spionintriger där Sverige befinner sig i den brännheta skärningspunkten mellan öst och väst. Han upptäcker hur judeförföljelsen fortsätter och inte slutar med andra världskriget.

Det här är andra boken i serien om Alva, Max och Orvar - en spänningsroman delvis baserad på verkliga händelser.",,Ljudbok,,Sophie,AI,,"79-89 kr",,,,,,,,,,,,,,,,,,,,,,,,,,,"Historiska romaner",,,,,,,,,"Krig och försvar",,,,,,,,,,,,,,,,,,"Modern och samtida skönlitteratur",,,,,,,"Thrillers / spänningsromaner",,,,,,,,,,,,,,,,,,,,,,,,,,,,,,,,,,,,,,,,,,,,,,,,,,,,,,,,,,,,,,,,,,,,,,,,"Jag har mailat länkar till filerna till Marino.","299,00 Kr",,,,"299,00 Kr","MARELM TECHNOLOGY AB MARTIN ELMBERG
xxxx xxxx xxxx 5523
Mastercard",1182,"augusti 18, 2024 09:57",,Completed,Yes,No,"Mozilla/5.0 (Windows NT 10.0; Win64; x64; rv:129.0) Gecko/20100101 Firefox/129.0",84.219.147.82,63cb7efa-eb80-4d06-af62-4128ea1e4e0d,Completed,"Total: 299,00
Currency: SEK
Gateway: Stripe
Type: En gång
Mode: live
Transaction: pi_3Pp4vaLgKhr8jxDX1SPiIh8j
",,,,"Lat/Long: 59.2006, 17.8401
Map: https://maps.google.com/maps?q=Tumba,Stockholm County&ll=59.2006,17.8401&z=6&output=embed
Location: Tumba, Stockholm County
Postal: 147 50
Country: SE
",
Checked,Tord,Eriksson,,,,,,,,"Ädelstensvägen 52",,"434 52",Kungsbacka,,,,tord_eriksson@yahoo.se,13850183173,"Danske Bank","Pedofilen Straffet","Två vitala, arbetsglada pensionärer avslöjar en pedofil som straffas på deras, kanske primitiva sätt, där Håkans kunskap från sitt arbetsliv kommer till nytta, dom hamnar i en karusell av pedofili, trafficking och narkotikabrott, med förgreningar till krigets Ukraina. 
Pedofiler som vill hämnas, hallickar som blir desperata och droghandlare som bara ser pengar som sin drivkraft och vill få stopp på polisens utredning och spaning för att avslöja den smutsiga handeln med barn till pedofiler, drogberoendes behov att få sitt.
Utredningen bara växer medans två pensionärer arbetar på nästa projekt, ovetande om vad dom med sin lilla del i detta har  startat, blivit en härva av mord och avslöjande om en grym verklighet. Som polisen genom samarbete med lokalboende lyckas spränga en internationell liga som profiterat på  människors svaghet och beroende av droger och makt att utnyttja barn för sina sjuka begär.",,,E-bok,,,"119-129 kr",,,,,,,,,,,,,,,,,,,,,,,,,,,,,,,,,,,,,,,,,,,,,,,,,,,,,,,,,,,,,,,"Äventyrsromaner / action",,,,,,,,,,,,,,,,,,,,,,,,,,,,,,,,,,,,,,,,,,,,,,,,,,,,,,,,,,,,,,,,,,,,,,,"Bifogar enl. anvisning, hoppas det är tillfullo, om inte får ni höra av er så det går att rätta till, hade problem med EPUB Checker och Thorium Reader","299,00 Kr",,,,"299,00 Kr","Tord Eriksson
xxxx xxxx xxxx 0114
Mastercard",1181,"augusti 17, 2024 10:34",,Completed,Yes,No,"Mozilla/5.0 (Windows NT 10.0; Win64; x64) AppleWebKit/537.36 (KHTML, like Gecko) Chrome/127.0.0.0 Safari/537.36",31.208.30.30,e029ff2c-e9c0-46d2-86f9-ece9f472e400,Completed,"Total: 299,00
Currency: SEK
Gateway: Stripe
Type: En gång
Mode: live
Transaction: pi_3Poj1fLgKhr8jxDX3fkFpdCH
",,,"{""id:loEeJpHBAnAAAAAAAAFEZw"":{""hash"":""id:loEeJpHBAnAAAAAAAAFEZw"",""name"":""Framsida.jpg"",""description"":"""",""type"":""image/jpeg"",""path"":""/Framsida.jpg"",""size"":""334 KB"",""link"":""https://www.dropbox.com/home/168a8fa6-4850-400c-b9e4-1cb73305b713 ()/framsida.jpg"",""account_id"":""dbid:AADXK_Gkez5UYe0VK2ee1yNTSHNoC0-_pbI"",""folderurl"":""https%3A%2F%2Fwww.dropbox.com%2Fhome%2F168a8fa6-4850-400c-b9e4-1cb73305b713+%28%29""},""id:loEeJpHBAnAAAAAAAAFEaA"":{""hash"":""id:loEeJpHBAnAAAAAAAAFEaA"",""name"":""Baksida.epub"",""description"":"""",""type"":""application/epub+zip"",""path"":""/Baksida.epub"",""size"":""13 KB"",""link"":""https://www.dropbox.com/home/168a8fa6-4850-400c-b9e4-1cb73305b713 ()/baksida.epub"",""account_id"":""dbid:AADXK_Gkez5UYe0VK2ee1yNTSHNoC0-_pbI"",""folderurl"":""https%3A%2F%2Fwww.dropbox.com%2Fhome%2F168a8fa6-4850-400c-b9e4-1cb73305b713+%28%29""},""id:loEeJpHBAnAAAAAAAAFEaQ"":{""hash"":""id:loEeJpHBAnAAAAAAAAFEaQ"",""name"":""Pedofilen.epub"",""description"":"""",""type"":""application/epub+zip"",""path"":""/Pedofilen.epub"",""size"":""190 KB"",""link"":""https://www.dropbox.com/home/168a8fa6-4850-400c-b9e4-1cb73305b713 ()/pedofilen.epub"",""account_id"":""dbid:AADXK_Gkez5UYe0VK2ee1yNTSHNoC0-_pbI"",""folderurl"":""https%3A%2F%2Fwww.dropbox.com%2Fhome%2F168a8fa6-4850-400c-b9e4-1cb73305b713+%28%29""}}","Lat/Long: 59.3247, 18.056
Map: https://maps.google.com/maps?ll=59.3247,18.056&z=6&output=embed
Country: SE
","augusti 3, 2024
- 10:27 - Bokförlag – Digibook - https://www.digibook.se/bokforlag/
- 10:28 - Om Digibook – Digibook - 57 sekunder - https://www.digibook.se/om-digibook/
- 10:29 - Böcker – Digibook - 1 minut - https://www.digibook.se/butik/
- 10:30 - Bosse Söderlund: Bertil – drömmen om Rödkallen – Digibook - 40 sekunder - https://www.digibook.se/produkt/bosse-soderlund-bertil-drommen-om-rodkallen/
- 10:31 - Böcker – Sida 2 – Digibook - 32 sekunder - https://www.digibook.se/butik/page/2/
- 10:31 - Bosse Söderlund: Hämnden – Digibook - 7 sekunder - https://www.digibook.se/produkt/bosse-soderlund-hamnden/
- 10:31 - Böcker – Sida 3 – Digibook - 41 sekunder - https://www.digibook.se/butik/page/3/
- 10:32 - Energikick & självförtroende (ljudbok med faktahäfte) – Digibook - 23 sekunder - https://www.digibook.se/produkt/energikick-sjalvfortroende/
- 10:32 - Desirée Coy: En oplanerad midsommar – Digibook - 41 sekunder - https://www.digibook.se/produkt/desiree-coy-en-oplanerad-midsommar/
- 10:33 - Bosse Söderlund: Huset med tusen dörrar – Digibook - 57 sekunder - https://www.digibook.se/produkt/bosse-soderlund-huset-med-tusen-dorrar/
- 10:34 - Böcker/noveller – Digibook - 45 sekunder - https://www.digibook.se/books/
- 10:34 - Ljudboksinspelning – Digibook - 21 sekunder - https://www.digibook.se/ljudboksinspelning/
- 13:46 - Digibook – Publicering av digitala böcker - 3 timmar - https://www.digibook.se/
- 13:47 - Beställ författarsida – Digibook - 50 sekunder - https://www.digibook.se/bestall-forfattarsida/
- 13:47 - Författarsida: Sven Svensson – Digibook - 12 sekunder - https://www.digibook.se/forfattarsida-sven-svensson/
- 13:48 - Beställ författarsida – Digibook - 1 minut - https://www.digibook.se/bestall-forfattarsida/
- 13:48 - Digibook – Publicering av digitala böcker - 1 sekund - https://www.digibook.se/
- 13:49 - Portfolio – Digibook - 22 sekunder - https://www.digibook.se/portfolio/
- 13:50 - Om Digibook – Digibook - 1 minut - https://www.digibook.se/om-digibook/
- 13:51 - Skapa Wordfil – Digibook - 50 sekunder - https://www.digibook.se/skapa-wordfil/
augusti 4, 2024
- 13:19 - Digibook – Publicering av digitala böcker - 23 timmar - https://www.digibook.se/
augusti 11, 2024
- 10:38 - Skapa Wordfil – Digibook - 7 dagar - https://www.digibook.se/skapa-wordfil/
- 10:40 - Portfolio – Digibook - 2 minuter - https://www.digibook.se/portfolio/
- 10:41 - Skapa Wordfil – Digibook - 56 sekunder - https://www.digibook.se/skapa-wordfil/
- 10:48 - Bokförlag – Digibook - 6 minuter - https://www.digibook.se/bokforlag/
- 10:48 - FAQ – Digibook - 31 sekunder - https://www.digibook.se/faq/
- 15:19 - Digibook – Publicering av digitala böcker - 5 timmar - https://www.digibook.se/
augusti 17, 2024
- 09:54 - Skapa Wordfil – Digibook - 6 dagar - https://www.digibook.se/skapa-wordfil/
"
Checked,J.M.,Evyson,,,,,Checked,Jörgen,"Mikaelsson Evyson","Vallgatan 1B",,93732,Burträsk,,,,jorgen.m.evyson@outlook.com,"6265-761 273 492",Handelsbanken,"Nattreceptionisten och nio andra berättelser","En nybliven nattreceptionist fascineras av hotellgästernas besynnerliga beteenden under natten.

Två hushållsrobotar ger sig ut på en resa för att försöka återfinna sin förlorade familj. 

En man och en kvinna delar tystnaden och kaffet i väntan på att den oroliga berggrunden ska lugna ner sig.

I tio vardagsnära och tankeväckande noveller blandas humor och allvar med en stor dos magisk realism.

Berättelserna i novellsamlingen kretsar kring karaktärernas personliga upplevelser och berör ämnen som döden, relationer, artificiell intelligens och det övernaturligas inverkan på människors liv.",,Ljudbok,,J.M.,Evyson,,,,"39-49 kr (t.ex. längre novell eller kortare roman)",,,,,,,,,,,,,,,,,,,,,,,,,,,,,,,,,,,,,,,,,,,,,,,,,,,,"Modern och samtida skönlitteratur",,Noveller,,,,,,,,,,,,,,,,,,,,,,,,,,,,,,,,,,,,,,,,,,,,,,,,,,,,,,,,,,,,,,,,,,,,,,,,,,,"Markera detta val så vi kan matcha ditt formulär med filerna från Sprend. Ange titelns namn i Sprends meddelanderuta. ",,,"299,00 Kr",,,,"299,00 Kr","Jörgen Mikaelsson
xxxx xxxx xxxx 2589
Mastercard",1180,"juli 27, 2024 17:10",,Completed,Yes,No,"Mozilla/5.0 (Windows NT 10.0; Win64; x64) AppleWebKit/537.36 (KHTML, like Gecko) Chrome/126.0.0.0 Safari/537.36",95.203.57.197,1736050e-3355-4d71-bde2-58f43ba9eda3,Completed,"Total: 299,00
Currency: SEK
Gateway: Stripe
Type: En gång
Mode: live
Transaction: pi_3PhDCqLgKhr8jxDX3wkFP12w
",,,"{""id:loEeJpHBAnAAAAAAAAFC9Q"":{""hash"":""id:loEeJpHBAnAAAAAAAAFC9Q"",""name"":""Nattreceptionisten och nio andra berättelser.jpg"",""description"":"""",""type"":""image/jpeg"",""path"":""/Nattreceptionisten och nio andra berättelser.jpg"",""size"":""1 MB"",""link"":""https://www.dropbox.com/home/27077608-f3dc-4f41-86a0-4337d9bb44bb ()/nattreceptionisten och nio andra berättelser.jpg"",""account_id"":""dbid:AADXK_Gkez5UYe0VK2ee1yNTSHNoC0-_pbI"",""folderurl"":""https%3A%2F%2Fwww.dropbox.com%2Fhome%2F27077608-f3dc-4f41-86a0-4337d9bb44bb+%28%29""}}","Lat/Long: 63.826, 20.2431
Map: https://maps.google.com/maps?q=Västerbotten County&ll=63.826,20.2431&z=6&output=embed
Location: Västerbotten County
Country: SE
","juli 26, 2024
- 17:28 - Referrer - https://www.google.com/
- 17:28 - Skapa ljudbok – Digibook - 2 sekunder - https://www.digibook.se/skapa-ljudbok/
juli 27, 2024
- 17:07 - Digibook – Publicering av digitala böcker - 24 timmar - https://www.digibook.se/
"
Checked,Arne,Weinz,,,,,,,,"Skärviksvägen 24",,Djursholm,Djursholm,,,"Global Village AB",arne.weinz@gmail.com,"9274-409 259 2","ICA BANK","Skrivet i sten","Året är 2029. Göteborg och delar av västra Sverige är under ockupation av muslimska invasionsstyrkor. När 
svenskarna planerar för att återerövra den muslimska ockupationszonen inträffar Helvetesdagen då hundratjugofemtusen 
européer dödas i hundratals synkroniserade terrorattacker. Trots det fruktansvärda mördandet är det ändå bara början på den 
muslimske befälhavaren Ahmed Ben Barkas grandiosa plan för att ta makten över hela Västeuropa.
 Samtidigt råkar hackern Jonas Persson komma över sensationell information som pekar på att en global statskupp planeras 
av de så kallade Globalisterna. Genom hackning och avlyssning under fl era månader klarnar den skrämmande bilden, som visar 
sig ha trådar såväl till internationella organisationer som World Economic Forum, FN och WHO, men också till Globalisternas 
slutna sällskap; Bilderberggruppen, Trilaterala Kommissionen och Romklubben. Informationen visar att Globalisterna tänker 
reducera jordens befolkning ned till 500 miljoner invånare. Det kusligaste är ändå det långt gångna arbetet med att skapa en ny 
människoart genom uppgradering av utvalda elitmänniskors genbanker.
 Den före detta vänsterjournalisten Benno Ronkanen arbetar nu som svensk underrättelseagent med stationering i Düsseldorf, 
för att kartlägga Globalisternas agenda. Ronkanen återfaller till sin tidigare dekadenta livsstil och sjunker allt djupare ned i sitt 
tvångsmässiga sexmissbruk, men allt förändras då han träffar klubbvärdinnan Günes.
 Maktkampen mellan Sveriges rikskansler Anton Brännström och underrättelsechefen Ken Persson eskalerar, med manipulerande ryssar ständigt i kulisserna. 
Vem är vän och vem är fiende i spelet om Sverige?
 Skrivet i sten är den tredje boken av fyra i författarens boksvit som kallas Europatetralogin",,Ljudbok,E-bok,Lennart,Matikainen,"119-129 kr",,,,,,,,,,,,,,,,,,,,,,,,,,,,,,,,,,,,,"Krig och försvar",,,,,,,,,,,,,,,,,,,,,,,,,"Thrillers / spänningsromaner",,,,,,,,,,,,,,,,,,,,,,,,,,,,,,,,,,,,,,,,,,,,,,,,,,,,,,,,,,,,,,,,,,,,,,"Markera detta val så vi kan matcha ditt formulär med filerna från Sprend. Ange titelns namn i Sprends meddelanderuta. ",,,"299,00 Kr","Digibook skapar e-boks-fil (EPUB) - 399,00 Kr","Digibook skapar bokframsida - 299,00 Kr",,"997,00 Kr","Arne Weinz
xxxx xxxx xxxx 0372
Visa",1179,"juli 16, 2024 17:14",,Completed,Yes,No,"Mozilla/5.0 (Windows NT 10.0; Win64; x64) AppleWebKit/537.36 (KHTML, like Gecko) Chrome/125.0.0.0 Safari/537.36 OPR/111.0.0.0",2001:2042:37f0:8d00:9cb8:9844:4826:b221,2d387f57-5d44-4da1-8a3e-9634551f6807,Completed,"Total: 997,00
Currency: SEK
Gateway: Stripe
Type: En gång
Mode: live
Transaction: pi_3PdE14LgKhr8jxDX3gIjrJJx
",,,"{""id:loEeJpHBAnAAAAAAAAFC5A"":{""hash"":""id:loEeJpHBAnAAAAAAAAFC5A"",""name"":""Sammanslaget.docx"",""description"":"""",""type"":""application/vnd.openxmlformats-officedocument.wordprocessingml.document"",""path"":""/Sammanslaget.docx"",""size"":""315 KB"",""link"":""https://www.dropbox.com/home/7f470d6b-840b-4879-8ccc-84cab26084f7 ()/sammanslaget.docx"",""account_id"":""dbid:AADXK_Gkez5UYe0VK2ee1yNTSHNoC0-_pbI"",""folderurl"":""https%3A%2F%2Fwww.dropbox.com%2Fhome%2F7f470d6b-840b-4879-8ccc-84cab26084f7+%28%29""}}","Lat/Long: 59.4022, 18.0619
Map: https://maps.google.com/maps?q=Djursholm,Stockholm County&ll=59.4022,18.0619&z=6&output=embed
Location: Djursholm, Stockholm County
Postal: 182 55
Country: SE
","juli 16, 2024
- 17:01 - Digibook – Publicering av digitala böcker - https://www.digibook.se/
- 17:01 - Skapa ljudbok – Digibook - 11 sekunder - https://www.digibook.se/skapa-ljudbok/
- 17:02 - Skapa Wordfil – Digibook - 15 sekunder - https://www.digibook.se/skapa-wordfil/
- 17:02 - Digibook – Publicering av digitala böcker - 31 sekunder - https://www.digibook.se/
"
Checked,Ewa,Meldrum,,,,,,,,"Karlskronavägen 6A",,"121 52",Johanneshov,,,,ewaamandameldrum@yahoo.se,"5231 02 44 503",SEB,"Allt är så jävla bra","Det svikna barnet i mig
det svikna barnet i mitt barn

Historien upprepar sig
för att läka
alla trasiga band
för att sätta stopp
för all övergivenhet
för att läka
alla sår

ALLT ÄR SÅ JÄVLA BRA är en bok som bearbetar och läker djupa trauman. Genom poesins enkla uttryck, och med ord som är sprungna ur hjärtat, förlöser Ewa Meldrum det som varit svårt i hennes liv.",,,E-bok,,,,"79-89 kr",,,,,,,,,,,,,,,,,,,,,,,,,,,,,,,,,,,,,,,,,,,,,,,,,"Biografi och prosa (ej fiktion)","Personliga berättelser",,,,"Modern och samtida skönlitteratur",,,,,,,,,,,,,,,,,,,,,,,,,,,,,,,,,,,,,,,,,,,,,,,,,,,,,,,,,,,,,,,,,,,,,,,,,,,,,,,"'- Var vänlig tilldela ett nytt ISBN till e-boken och uppdatera EPUB-filen innan publicering.
- Vill ha boken i genre Poesi i första hand (det är självbiografiska dikter) men hittar det inte i listan.
- I baksidestexten ska titeln inte skrivas med enbart versaler som det står, utan med fetstil om möjligt, annars innanför citattecken.
- Obs! Det ska vara en tomrad efter de två första raderna av baksidestexten, precis som det står.","299,00 Kr",,,,"299,00 Kr","Sten Rosendahl
xxxx xxxx xxxx 5547
Mastercard",1178,"juli 2, 2024 19:50",,Completed,Yes,No,"Mozilla/5.0 (Macintosh; Intel Mac OS X 10_15_7) AppleWebKit/537.36 (KHTML, like Gecko) Chrome/126.0.0.0 Safari/537.36",85.30.156.25,16f7925e-9289-4fab-8823-6a3fe2a9e55f,Completed,"Total: 299,00
Currency: SEK
Gateway: Stripe
Type: En gång
Mode: live
Transaction: pi_3PYBmjLgKhr8jxDX1CPFgo3g
",,,"{""id:loEeJpHBAnAAAAAAAAFAyA"":{""hash"":""id:loEeJpHBAnAAAAAAAAFAyA"",""name"":""Allt_ar_sa_javla_bra_Epub3.epub"",""description"":"""",""type"":""application/epub+zip"",""path"":""/Allt_ar_sa_javla_bra_Epub3.epub"",""size"":""359 KB"",""link"":""https://www.dropbox.com/home/fcb47539-6c28-433d-80c5-4a2c3003f12f ()/allt_ar_sa_javla_bra_epub3.epub"",""account_id"":""dbid:AADXK_Gkez5UYe0VK2ee1yNTSHNoC0-_pbI"",""folderurl"":""https%3A%2F%2Fwww.dropbox.com%2Fhome%2Ffcb47539-6c28-433d-80c5-4a2c3003f12f+%28%29""}}","Lat/Long: 55.5586, 14.3562
Map: https://maps.google.com/maps?q=Simrishamn,Skåne County&ll=55.5586,14.3562&z=6&output=embed
Location: Simrishamn, Skåne County
Postal: 272 34
Country: SE
","juni 30, 2024
- 08:40 - Digibook – Publicering av digitala böcker - https://www.digibook.se/
"
Checked,Kirsti,Kuusela,,,,,,,,"Viktor Rydbergsgatan 42",,41257,Göteborg,,,,kipe.kuusela@gmail.com,"Personkonto 470225-6886",Nordea,"Berättelser från Kalevala","Kalevala är Finlands nationalepos som består av folkdikter och sånger från medeltiden eller ännu äldre skapelsemyter. De är muntliga berättelser i versform som samlades och sammanställdes till en helhet på 1800-talet. 

Denna bok är en tolkning och bearbetning av Kalevalas huvudhändelser på svenska i serieform. Här beskrivs hur den gamle vise Väinemöinen föds och hur han använder sina schamankonster och maktord och hur Ilmarinen smider Sampo - som ger välstånd och rikedom till sin ägare och kampen om Sampo samt andra fartfyllda berättelser. Louhi, Pohjolas husfru och härskarinna, skapar dramatik och får saker att hända när hon kräver motprestationer av Kalevalas män när de vill gifta sig med hennes dotter. Här berättas också om Lemminkäinens irrfärder i Pohjola och dödens dal Tuonela och om hans uppoffrande mor. I bokens sista berättelse ropar ett lingon till Marjatta och ber henne komma närmare vilket leder till en ny era i Kalevala.","August 1, 2024",,E-bok,,,,"79-89 kr",,,,,,,,,,,,,,,,,,,,,,,,,,,,,,,,,,,,,,,,,,,,,,,,,,,,,,,,,,,,,,,,"Myter, sagor och legender i skönlitterär form",,,,,,,,,,,,,,,,,"Tecknade romaner, serier, manga, skämtteckningar",,,,,,,,,,,,,,,,,,,,,,,,,,,,,,,,,,,,,,,,,,,,,,,,,,"Markera detta val så vi kan matcha ditt formulär med filerna från Sprend. Ange titelns namn i Sprends meddelanderuta. ",,"Länk till filen, epub, 27 mb, gick ändå inte att ladda upp via formuläret:

https://we.tl/t-jRw7nQUrcW","299,00 Kr",,,,"299,00 Kr","Kirsti Kuusela
xxxx xxxx xxxx 7362
Visa",1176,"juni 22, 2024 15:22",,Completed,Yes,No,"Mozilla/5.0 (Linux; Android 10; K) AppleWebKit/537.36 (KHTML, like Gecko) Chrome/125.0.0.0 Mobile Safari/537.36",78.69.157.208,45d9b856-ea23-4436-8699-a26820632507,Completed,"Total: 299,00
Currency: SEK
Gateway: Stripe
Type: En gång
Mode: live
Transaction: pi_3PUUpKLgKhr8jxDX1S7PgUj9
",,,{},"Lat/Long: 57.6583, 12.016
Map: https://maps.google.com/maps?q=Mölndal,Västra Götaland County&ll=57.6583,12.016&z=6&output=embed
Location: Mölndal, Västra Götaland County
Postal: 431 39
Country: SE
",
Checked,Nina,Strandberg,,,,,,,,"Roslagsgatan 4",,11355,Stockholm,,,,nina.louise.strandberg@gmail.com,9159-767.743-6,Skandiabanken,"Ninas receptsamling - OBS! pris 98 kr","Den här samlingen består av rätter jag själv hittat på, andra har jag hittat och gjort om. Mycket, men inte allt, är eller går att göras vegetariskt. Mycket, men inte allt, är mejerifritt eller går att göra mejerifritt. Det mesta men inte allt är lätt– och snabblagat. 99 % är mat lagad från grunden och liberal lågkolhydrat, det vill säga mat utan socker/gluten, mat som jag, och kanske även du, mår bra av.

I många år jobbade jag som Sveriges första ordningskonsult vilket gick ut på att rensa och skapa ordning i utrymmen som förråd, papper osv. När det skulle rensas i köket uppstod ofta samtal om planering, inköp och tillagning av mat. Den röda tråden hos mina kunder har varit brist på inspiration– ofta fick jag höra att man köper färdiga matkassar eller färdig mat just för att inspirationen fattas. Men den här receptsamlingen vill jag inspirera!","September 3, 2024",,E-bok,,,"119-129 kr",,,,,,,,,,,,,,,,,,,,,,,,,,,,,,,,,,,,,,"Mat och dryck",,,,,,,,,,,,,,,,,,,,,,,,,,,,,,,,,,,,,,,,,,,,,,,,,,,,,,,,,,,,,,,,,,,,,,,,,,,,,,,,,,,,,,,,,,,,,,,,"Hej Marino!

Om titeln: Jag vill ha titeln: Ninas receptsamling
Undertitel: 160 gluten- och sockerfria liberala lågkolhydratrecept

De första orden där jag tillägnar boken min släkt vill jag ha på en egen försättssida men jag skulle inte göra sidbrytningar så jag vet inte hur det ska gå till.

Innehållsförteckningen är det fel på, om man trycker TAB rättar varje fel till sig men jag ville inte göra det eftersom boken inte riktigt är klar men jag lämnar det till dig, jag mailade dig om detta tidigare.

För de bilder som har en bildtext har jag skrivit bildtexten direkt under bilden så att du ska veta vad som är bildtext. Där det inte är bildtext är det luft emellan.

Du erbjöd dig så vänligt att göra så att bilderna inte hamnar som de är nu rakt under texten utan lite snyggt inbäddade i texten, du får gärna göra det med bilderna och också dra i bilderna om du tycker de passar att göras större. Alla är inte högupplösta dock, jag skärmdumpade en del från mitt instagram då jag inte hade alla bilder sparade.

Jag vill gärna att du gör omslaget, det blir bara fult om jag ska göra det. Du får gärna använda mina bilder till omslaget när du gör det om du tycker det passar.

Jag är osäker på priset, tycker du jag ska välja något annat?","299,00 Kr","Digibook skapar e-boks-fil (EPUB) - 399,00 Kr","Digibook skapar bokframsida - 299,00 Kr",,"997,00 Kr","Nina Strandberg
xxxx xxxx xxxx 4528
Visa",1175,"juni 21, 2024 15:54",,Completed,Yes,No,"Mozilla/5.0 (Windows NT 10.0; Win64; x64) AppleWebKit/537.36 (KHTML, like Gecko) Chrome/126.0.0.0 Safari/537.36",194.22.4.101,72db840c-46ac-4a08-93c7-54c7b4a2f8a5,Completed,"Total: 997,00
Currency: SEK
Gateway: Stripe
Type: En gång
Mode: live
Transaction: pi_3PU8qoLgKhr8jxDX2t5IXgRp
",,,"{""id:loEeJpHBAnAAAAAAAAE-JA"":{""hash"":""id:loEeJpHBAnAAAAAAAAE-JA"",""name"":""Ninas kokbok!.docx"",""description"":"""",""type"":""application/vnd.openxmlformats-officedocument.wordprocessingml.document"",""path"":""/Ninas kokbok!.docx"",""size"":""23 MB"",""link"":""https://www.dropbox.com/home/2e6d537e-fb41-4892-947f-75f345398265 ()/ninas kokbok!.docx"",""account_id"":""dbid:AADXK_Gkez5UYe0VK2ee1yNTSHNoC0-_pbI"",""folderurl"":""https%3A%2F%2Fwww.dropbox.com%2Fhome%2F2e6d537e-fb41-4892-947f-75f345398265+%28%29""}}","Lat/Long: 59.3688, 18.118
Map: https://maps.google.com/maps?q=Lidingö,Stockholm County&ll=59.3688,18.118&z=6&output=embed
Location: Lidingö, Stockholm County
Postal: 181 56
Country: SE
","juni 21, 2024
- 15:22 - Skapa Wordfil – Digibook - https://www.digibook.se/skapa-wordfil/
- 15:24 - Digibook – Publicering av digitala böcker - 2 minuter - https://www.digibook.se/
"
Checked,Stig,Simonsson,,,,,,,,"Röds Saturnusstig 6",,TORSLANDA,TORSLANDA,,,stig-simonsson.se,stig.simonsson96@gmail.com,17392013130,Nordea,Viagonal,"VIAGONAL är ett hemligt utvecklat icke legalt läkemedel. Starka krafter gör allt som står i deras makt för att få tag på läkemedlet. Allt startar med en kidnappning. Efter ytterligare en trolig kidnappning och ett brutalt mord kopplas kommissarie Tom Kåpp in i denna härva. Tom har inte mycket att gå på och med tre utredningar samtidigt, som troligen har ett samband, får Tom något rejält att bita i. Bevis, motiv och ledtrådar saknas långt in i utredningarna.
Viagonal är en humoristisk, lättläst, spännande och realistisk deckare i bohuslänsk miljö.",,Ljudbok,E-bok,Stig,Simonsson,,"79-89 kr",,,,,,,,,,,,,Deckare,,,,,,,,,,,,,,,,Humor,,,,,,,,,,,,,,,,,,,,,,,,,,,,,"Klassiska deckare",,,,,,,,,,,,,,,,,,,,,,,,,,,,,,,,,,,,,,,,,,,,,,,,,,,,,,,,,,,,,,,,,,,,,,,,,,,"Du hittar samtliga filer på denna dropboxlänk:

https://www.dropbox.com/scl/fo/vc54e86q4dkmvjx4jw7ip/ACLACcr6HlXvpoXREY1Pbyg?rlkey=9zt6p1xieu4txhuyn38otghcy&dl=0

Tacksam för snabb publicering.","299,00 Kr",,,,"299,00 Kr","Stig Simonsson
xxxx xxxx xxxx 3035
Visa",1174,"juni 17, 2024 08:36",,Completed,Yes,No,"Mozilla/5.0 (Windows NT 10.0; Win64; x64) AppleWebKit/537.36 (KHTML, like Gecko) Chrome/125.0.0.0 Safari/537.36",2001:2042:7b24:1300:2944:8406:dddc:4672,86059126-202f-4bdd-8181-fc6485d62207,Completed,"Total: 299,00
Currency: SEK
Gateway: Stripe
Type: En gång
Mode: live
Transaction: pi_3PSa7aLgKhr8jxDX0gmKZQp0
",,,"{""id:loEeJpHBAnAAAAAAAAE9wQ"":{""hash"":""id:loEeJpHBAnAAAAAAAAE9wQ"",""name"":""Framsida_ebok_cover.jpg"",""description"":"""",""type"":""image/jpeg"",""path"":""/Framsida_ebok_cover.jpg"",""size"":""2 MB"",""link"":""https://www.dropbox.com/home/9a70f8a5-be7f-4fae-a99f-11796971c074 ()/framsida_ebok_cover.jpg"",""account_id"":""dbid:AADXK_Gkez5UYe0VK2ee1yNTSHNoC0-_pbI"",""folderurl"":""https%3A%2F%2Fwww.dropbox.com%2Fhome%2F9a70f8a5-be7f-4fae-a99f-11796971c074+%28%29""}}","Lat/Long: 57.7065, 11.967
Map: https://maps.google.com/maps?q=Gothenburg,Västra Götaland County&ll=57.7065,11.967&z=6&output=embed
Location: Gothenburg, Västra Götaland County
Postal: 417 24
Country: SE
","december 7, 2023
- 16:52 - Digibook – Publicering av digitala böcker - https://www.digibook.se/
december 15, 2023
- 11:33 - Marknadsföringstips – Digibook - 1 vecka - https://www.digibook.se/marknadsforingstips/
- 11:34 - Författarsida: Sven Svensson – Digibook - 44 sekunder - https://www.digibook.se/forfattarsida-sven-svensson/
april 12, 2024
- 12:35 - Ljudboksinspelning – Digibook - 4 månader - https://www.digibook.se/ljudboksinspelning/
juni 17, 2024
- 08:25 - Digibook – Publicering av digitala böcker - 2 månader - https://www.digibook.se/
"
Checked,Jessica,Öster,,,,,,,,"Östermalmsgatan 32 C 1102",,"90332 Umeå",Sverige,,,,jessica.oster@kolumbus.fi,SE5730000000015253558802,Nordea,"Legenden om den store Dandasharman","Den unga Dharmini funderar på livets mening. Hon vill så gärna veta vad som är tanken bakom allting. Då får hon höra om den store Dandasharman - en mystiker som sägs ha kunskap om universums stora frågor. Hon beger sig på en spännande och livsomvälvande andlig resa tillsammans med Dandasharman för att få svar på livets stora frågor.",,,E-bok,,,,,,"39-49 kr (t.ex. längre novell eller kortare roman)",,,,,,,,,,"Ande, kropp och själ",,,,,,,,,,,,,,,,,,,,,,,,,,,,,,,,,,,,,,,,,,,,,,,,,,,,,,,,,,,,,,,,,,,,,,,,,,,,,,,,,,,,,,,,,,,,,,,,,,,,,,,,,,,,,,,,,,,,,,,,,,"299,00 Kr","Digibook skapar e-boks-fil (EPUB) - 399,00 Kr","Digibook skapar bokframsida - 299,00 Kr",,"997,00 Kr","Jessica Öster
xxxx xxxx xxxx 8942
Visa",1172,"juni 12, 2024 11:05",,Completed,Yes,No,"Mozilla/5.0 (Windows NT 10.0; Win64; x64; rv:126.0) Gecko/20100101 Firefox/126.0",213.204.244.21,a8b71a23-e0ad-47f9-8ebe-93a21b5b822e,Completed,"Total: 997,00
Currency: SEK
Gateway: Stripe
Type: En gång
Mode: live
Transaction: pi_3PQo3cLgKhr8jxDX1xDhl7oG
",,,"{""id:loEeJpHBAnAAAAAAAAE9Ng"":{""hash"":""id:loEeJpHBAnAAAAAAAAE9Ng"",""name"":""LEGENDEN OM DEN STORE DANDASHARMAN.docx"",""description"":"""",""type"":""application/vnd.openxmlformats-officedocument.wordprocessingml.document"",""path"":""/LEGENDEN OM DEN STORE DANDASHARMAN.docx"",""size"":""83 KB"",""link"":""https://www.dropbox.com/home/925a95de-be49-41cc-a0e3-b73309a51f05 ()/legenden om den store dandasharman.docx"",""account_id"":""dbid:AADXK_Gkez5UYe0VK2ee1yNTSHNoC0-_pbI"",""folderurl"":""https%3A%2F%2Fwww.dropbox.com%2Fhome%2F925a95de-be49-41cc-a0e3-b73309a51f05+%28%29""}}","Lat/Long: 65.8276, 21.6958
Map: https://maps.google.com/maps?q=Boden,Norrbotten County&ll=65.8276,21.6958&z=6&output=embed
Location: Boden, Norrbotten County
Postal: 961 67
Country: SE
","juni 12, 2024
- 10:19 - Referrer - https://l.facebook.com/
- 10:19 - Digibook – Publicering av digitala böcker - 2 sekunder - https://www.digibook.se/
- 10:21 - Portfolio – Digibook - 2 minuter - https://www.digibook.se/portfolio/
"
Checked,Mikael,Dellming,,,,,,,,"Snäckvägen 1",,14139,Huddinge,,,,mikaeldellming@gmail.com,"personkonto: (3300) 7112200410",Nordea,"Saras röst","Hör ni Abrahams barn, har ni glömt att ni också är Saras barn? Jag kan inte klandra er för att ni inte har lyssnat till hennes röst. För ingen skrev ner vad hon sa. Hennes lockande utseende, hennes tvivlande min och hennes agg mot Hagar noterades av skriftens män, men vad hon som kvinna ville få sagt ansåg de inte värt att notera. Här skildras bakgrunden och konsekvenserna av det obegripliga och oerhörda dramat kring Abrahams beslut att offra sin son Isak och uppkomsten av det utvalda folket. Denna roman handlar om kärlek, om familj, om starka övertygelser och tvivel.",,Ljudbok,E-bok,"Mikael & Elisabet",Dellming,,"79-89 kr",,,,,,,,,,,,,,,,,,,,,,,,,,,"Historiska romaner",,,,,,,,,,,,,,,,,,,,,,,,,,,"Modern och samtida skönlitteratur",,,,,,,,,,,,,,,,,,,,,,,,,,,,,,,,,,,,,,,,,,,,,,,,,,,,,,,,,,,,,,,,,,,,,,,,,,,,,"Markera detta val så vi kan matcha ditt formulär med filerna från Sprend. Ange titelns namn i Sprends meddelanderuta. ",,"https://sprend.com/download?C=cc95f7482735401e9ce65d67eba0a394

Länk till Saras röst spår 001 ovan","299,00 Kr","Digibook skapar e-boks-fil (EPUB) - 399,00 Kr","Digibook skapar bokframsida - 299,00 Kr",,"997,00 Kr","Mikael Dellming
xxxx xxxx xxxx 2792
Visa",1170,"juni 10, 2024 18:49",,Completed,Yes,No,"Mozilla/5.0 (Windows NT 10.0; Win64; x64) AppleWebKit/537.36 (KHTML, like Gecko) Chrome/125.0.0.0 Safari/537.36",85.231.55.58,90492d4a-0729-4ccb-8cef-dc77c5fa0e29,Completed,"Total: 997,00
Currency: SEK
Gateway: Stripe
Type: En gång
Mode: live
Transaction: pi_3PQCLaLgKhr8jxDX2Uw7LDcY
",,,"{""id:loEeJpHBAnAAAAAAAAE9Mw"":{""hash"":""id:loEeJpHBAnAAAAAAAAE9Mw"",""name"":""Saras röst - Mikael Dellming.docx"",""description"":"""",""type"":""application/vnd.openxmlformats-officedocument.wordprocessingml.document"",""path"":""/Saras röst - Mikael Dellming.docx"",""size"":""275 KB"",""link"":""https://www.dropbox.com/home/5baa6ae0-3359-4bb2-8fc2-0c0fd6165161 ()/saras röst - mikael dellming.docx"",""account_id"":""dbid:AADXK_Gkez5UYe0VK2ee1yNTSHNoC0-_pbI"",""folderurl"":""https%3A%2F%2Fwww.dropbox.com%2Fhome%2F5baa6ae0-3359-4bb2-8fc2-0c0fd6165161+%28%29""},""id:loEeJpHBAnAAAAAAAAE9NA"":{""hash"":""id:loEeJpHBAnAAAAAAAAE9NA"",""name"":""Saras röst spår 002.WAV"",""description"":"""",""type"":""audio/x-wav"",""path"":""/Saras röst spår 002.WAV"",""size"":""252 MB"",""link"":""https://www.dropbox.com/home/5baa6ae0-3359-4bb2-8fc2-0c0fd6165161 ()/saras röst spår 002.wav"",""account_id"":""dbid:AADXK_Gkez5UYe0VK2ee1yNTSHNoC0-_pbI"",""folderurl"":""https%3A%2F%2Fwww.dropbox.com%2Fhome%2F5baa6ae0-3359-4bb2-8fc2-0c0fd6165161+%28%29""}}","Lat/Long: 59.241, 17.9808
Map: https://maps.google.com/maps?q=Huddinge,Stockholm County&ll=59.241,17.9808&z=6&output=embed
Location: Huddinge, Stockholm County
Postal: 141 41
Country: SE
","april 3, 2024
- 15:36 - Digibook – Publicering av digitala böcker - https://www.digibook.se/
- 15:40 - Kontakta oss – Digibook - 4 minuter - https://www.digibook.se/kontakta-oss/
maj 7, 2024
- 16:28 - Digibook – Publicering av digitala böcker - 1 månad - https://www.digibook.se/
- 16:28 - Beställ författarsida – Digibook - 7 sekunder - https://www.digibook.se/bestall-forfattarsida/
- 16:29 - Författarsida: Sven Svensson – Digibook - 40 sekunder - https://www.digibook.se/forfattarsida-sven-svensson/
- 16:30 - Kontakta oss – Digibook - 56 sekunder - https://www.digibook.se/kontakta-oss/
- 16:30 - Beställ författarsida – Digibook - 10 sekunder - https://www.digibook.se/bestall-forfattarsida/
- 16:30 - Digibook – Publicering av digitala böcker - 2 sekunder - https://www.digibook.se/
- 16:30 - Ljudboksinspelning – Digibook - 5 sekunder - https://www.digibook.se/ljudboksinspelning/
- 16:31 - Skapa ljudbok – Digibook - 29 sekunder - https://www.digibook.se/skapa-ljudbok/
- 16:32 - Ljudboksinspelning – Digibook - 59 sekunder - https://www.digibook.se/ljudboksinspelning/
- 16:32 - Digibook – Publicering av digitala böcker - 5 sekunder - https://www.digibook.se/
maj 15, 2024
- 09:24 - Böcker/noveller – Digibook - 1 vecka - https://www.digibook.se/books/
- 09:30 - Digibook – Publicering av digitala böcker - 6 minuter - https://www.digibook.se/
- 09:39 - Om Digibook – Digibook - 8 minuter - https://www.digibook.se/om-digibook/
juni 10, 2024
- 18:08 - Digibook – Publicering av digitala böcker - 4 veckor - https://www.digibook.se/
- 18:08 - Skapa ljudbok – Digibook - 10 sekunder - https://www.digibook.se/skapa-ljudbok/
- 18:09 - Portfolio – Digibook - 31 sekunder - https://www.digibook.se/portfolio/
- 18:09 - Skapa Wordfil – Digibook - 7 sekunder - https://www.digibook.se/skapa-wordfil/
- 18:10 - Skapa ljudbok – Digibook - 54 sekunder - https://www.digibook.se/skapa-ljudbok/
- 18:10 - Digibook – Publicering av digitala böcker - 10 sekunder - https://www.digibook.se/
"
Checked,Tina,Sundlöf,,,,,,,,"Strålgatan 23",,11263,Stockholm,,,"ibexa consulting AB",tina@ibexa.se,6106518233391,Handelsbanken,Fastighetsrevolutionen,"Boken tar läsaren genom en resa av hållbarhetstrender, teknologiska innovationer och strategisk fastighetsförvaltning. Genom att dyka ner i användningen av hållbara byggmaterial som grafenförstärkta kompositer och gröna väggar, samt smarta teknologier och dataanalys, belyser boken hur dessa framsteg inte bara förbättrar byggnaders prestanda utan också bidrar till en mer miljövänlig och effektiv framtid. Med en kombination av teoretiska insikter och praktiska råd, erbjuder boken en omfattande guide för dig som strävar efter att anpassa dig till och dra nytta av de senaste trenderna och teknologierna inom hållbart byggande och fastighetsförvaltning.","June 8, 2024",,E-bok,,,,"79-89 kr",,,,,,,,,,,,,,,"Ekonomi, finansväsen, näringsliv och management",,,,,,,,,,,,,,,,,,,,,,,,,,Miljön,,,,,,,,,,,,,,,,,,,,,,,,,,,,,,,"Teknik, ingenjörsvetenskap, lantbruk och industri",,,,,,,,,,,,,,,,,,,,,,,,,,,,,,,,,,,,,,,,,,,,,,,,,,,,,,,,,,,,,,"299,00 Kr",,,,"299,00 Kr","Tina Sundlöf
xxxx xxxx xxxx 6725
Visa",1168,"juni 9, 2024 15:30",,Completed,Yes,Yes,"Mozilla/5.0 (Macintosh; Intel Mac OS X 10_15_7) AppleWebKit/537.36 (KHTML, like Gecko) Chrome/125.0.0.0 Safari/537.36",178.174.145.70,9eef6a3f-0a41-466c-8ec4-d69feda48ce3,Completed,"Total: 299,00
Currency: SEK
Gateway: Stripe
Type: En gång
Mode: live
Transaction: pi_3PPmlDLgKhr8jxDX1BvgDCDw
",,,"{""id:loEeJpHBAnAAAAAAAAE8yA"":{""hash"":""id:loEeJpHBAnAAAAAAAAE8yA"",""name"":""Fastighetsrevolutionen.epub"",""description"":"""",""type"":""application/epub+zip"",""path"":""/Fastighetsrevolutionen.epub"",""size"":""9 MB"",""link"":""https://www.dropbox.com/home/f6186761-f874-49b7-8a16-6d9a524d172d ()/fastighetsrevolutionen.epub"",""account_id"":""dbid:AADXK_Gkez5UYe0VK2ee1yNTSHNoC0-_pbI"",""folderurl"":""https%3A%2F%2Fwww.dropbox.com%2Fhome%2Ff6186761-f874-49b7-8a16-6d9a524d172d+%28%29""}}","Lat/Long: 59.3241, 18.0517
Map: https://maps.google.com/maps?q=Stockholm,Stockholm County&ll=59.3241,18.0517&z=6&output=embed
Location: Stockholm, Stockholm County
Postal: 102 73
Country: SE
","juni 8, 2024
- 14:01 - Referrer - https://www.google.com/
- 14:01 - Digibook – Publicering av digitala böcker - 2 sekunder - https://www.digibook.se/
"
Checked,Arne,Weinz,,,,,,,,"Skärviksvägen 24",,18261,Djursholm,,,"Global Village AB",arne.weinz@gmail.com,"9274-409 259 2","ICA BANK","Landet som ingen ägde","Den ryskleddda befrielsen av Stockholm på Annandag Jul 2027 skänkte svenskarna nytt hopp och gav dem kontroll över hela Sverige, norr om 
Göta Kanal. Söder om kanalen delas landet i en muslimsk ockupationszon i väst och en rysk i öst.
Sverige styrs av det Nationella Rådet, där den tidigare överbefälhavaren Daniel Gyllenstierna tror sig ha total kontroll i sin nya roll som Rikskansler. Men i skuggorna verkar starka krafter inom säkerhetstjänsterna. Gyllenstierna drabbas av tvivel, vilket får en okänd 
underrättelseofficer att se sin chans.
Riksordningsrådet Björn Väster leder jakten på lands förrädare och Sverigefi entliga vänsteraktivister. I Finspång inrättas en tribunal där tiotusentals svenskar döms för olika grader av landsförräderi. 
Med skoningslös effektivitet driver Väster också det så kallade Edkrävartåget, där muslimer tvingas välja mellan att 
avsäga sig sin tro eller att deporteras. Till sin hjälp har Väster Polisen, Nationella Insatsstyrkan, Nationalgardet och Bataljon Viking.
Den spröda vapenvilan bryts i söder och övergår i ett grymt och blodigt befrielsekrig som orsakar närmast total förstörelse av kulturvärden i södra och västra Skåne. 
Nu inleds det sista slaget om Sverige, samtidigt som hela Västeuropa skakas av makthungriga muslimer på marsch.","June 10, 2024",Ljudbok,,Lennart,Matikainen,,"79-89 kr",,,,,,,,,,,,,,,,,,,,,,,,,,,,,,,,,,,,"Krig och försvar",,,,,,,,,,,,,,,,,,,,,,,,,"Thrillers / spänningsromaner","Äventyrsromaner / action",,,,,,,,,,,,,,,,,,,,,,,,,,,,,,,,,,,,,,,,,,,,,,,,,,,,"Från 15 år",,,,,,,,,,,,,,,,,,,"V v notera att jag har nytt bankkonto, avseende tidigare ljudbok ""Perfekt storm"".

T","299,00 Kr",,,,"299,00 Kr","Arne Weinz
xxxx xxxx xxxx 5997
Mastercard",1148,"juni 4, 2024 07:11",,Completed,Yes,No,"Mozilla/5.0 (Windows NT 10.0; Win64; x64) AppleWebKit/537.36 (KHTML, like Gecko) Chrome/123.0.0.0 Safari/537.36 OPR/109.0.0.0",2001:2042:37f0:8d00:44bc:1be2:e186:a875,2d387f57-5d44-4da1-8a3e-9634551f6807,Completed,"Total: 299,00
Currency: SEK
Gateway: Stripe
Type: En gång
Mode: live
Transaction: pi_3PNqatLgKhr8jxDX2EkgTrZV
",,,"{""id:loEeJpHBAnAAAAAAAAE8hQ"":{""hash"":""id:loEeJpHBAnAAAAAAAAE8hQ"",""name"":""landet_som_ingen_agde_inlay_NOcropmarks.pdf"",""description"":"""",""type"":""application/pdf"",""path"":""/landet_som_ingen_agde_inlay_NOcropmarks.pdf"",""size"":""2 MB"",""link"":""https://www.dropbox.com/home/a88748c4-214a-40ca-8d3e-a922b90d9a2a ()/landet_som_ingen_agde_inlay_nocropmarks.pdf"",""account_id"":""dbid:AADXK_Gkez5UYe0VK2ee1yNTSHNoC0-_pbI"",""folderurl"":""https%3A%2F%2Fwww.dropbox.com%2Fhome%2Fa88748c4-214a-40ca-8d3e-a922b90d9a2a+%28%29""}}","Lat/Long: 59.3952, 18.0168
Map: https://maps.google.com/maps?q=Danderyd,Stockholm County&ll=59.3952,18.0168&z=6&output=embed
Location: Danderyd, Stockholm County
Postal: 182 39
Country: SE
","maj 29, 2024
- 09:24 - Skapa ljudbok – Digibook - https://www.digibook.se/skapa-ljudbok/
juni 3, 2024
- 16:32 - Digibook – Publicering av digitala böcker - 5 dagar - https://www.digibook.se/
- 16:51 - Kontakta oss – Digibook - 19 minuter - https://www.digibook.se/kontakta-oss/
"
Checked,Hebert,Abimorad,,,,,,,,"paternostergatan 24",,göteborg,göteborg,,,,hebertabimorad@gmail.com,460317-3453,Nordea,"Frugaliska profetior","HEBERT ABIMORAD (1946) ÄR POET, ÖVERSÄTTARE OCH JOURNALIST, FÖDD OCH UPPVÄXT I MONTEVIDEO MEN BOSATT I GÖTEBORG SEDAN 1975 NÄR HAN KOM SOM POLITISK FLYKTING TILL SVERIGE. BAKOM SIG HAR HAN ETT TRETTIOTAL DIKTSAMLINGAR OCH HANS VERK ÖVERSATTS TILL FLERA SPRÅK, BLAND ANNAT SVENSKA FRANSKA, ENGELSKA, PERSIKA.","June 30, 2024",,E-bok,,,,"79-89 kr",,,,,,,,,,,,,,,,,,,,,,,,,,,,,,,,,,,,,,,,,,,,,,,,,,,,,,,,,,,,,,,,,,,,,,,,,,,,,,,,,,,,,,,,,,,,,,,,,,,,,,,,,,,,,,,,,,,"Lättläst för vuxna",,,,,,,,,,,,,,,,,,,"299,00 Kr","Digibook skapar e-boks-fil (EPUB) - 399,00 Kr","Digibook skapar bokframsida - 299,00 Kr",,"997,00 Kr","Hebert Abimorad Pereira
xxxx xxxx xxxx 3319
Visa",1147,"maj 31, 2024 16:34",,Completed,Yes,Yes,"Mozilla/5.0 (Windows NT 10.0; Win64; x64) AppleWebKit/537.36 (KHTML, like Gecko) Chrome/125.0.0.0 Safari/537.36",87.227.17.156,cd4fd5a3-e499-442f-8e72-42198c9620ad,Completed,"Total: 997,00
Currency: SEK
Gateway: Stripe
Type: En gång
Mode: live
Transaction: pi_3PMXTnLgKhr8jxDX2pxhRxF0
",,,"{""id:loEeJpHBAnAAAAAAAAE6wg"":{""hash"":""id:loEeJpHBAnAAAAAAAAE6wg"",""name"":""frugaliska profetior-inlaga (1).pdf"",""description"":"""",""type"":""application/pdf"",""path"":""/frugaliska profetior-inlaga (1).pdf"",""size"":""418 KB"",""link"":""https://www.dropbox.com/home/a770bed6-f7f3-4ba7-b428-f24495bf3afa ()/frugaliska profetior-inlaga (1).pdf"",""account_id"":""dbid:AADXK_Gkez5UYe0VK2ee1yNTSHNoC0-_pbI"",""folderurl"":""https%3A%2F%2Fwww.dropbox.com%2Fhome%2Fa770bed6-f7f3-4ba7-b428-f24495bf3afa+%28%29""}}","Lat/Long: 57.7065, 11.967
Map: https://maps.google.com/maps?q=Gothenburg,Västra Götaland County&ll=57.7065,11.967&z=6&output=embed
Location: Gothenburg, Västra Götaland County
Postal: 418 36
Country: SE
","maj 31, 2024
- 12:51 - Referrer - https://www.google.se/
- 12:51 - Hem – Digibook - 2 sekunder - https://www.digibook.se/hem/
- 13:17 - Digibook – Publicering av digitala böcker - 26 minuter - https://www.digibook.se/
- 15:38 - Kontakta oss – Digibook - 2 timmar - https://www.digibook.se/kontakta-oss/
- 15:38 - Digibook – Publicering av digitala böcker - 20 sekunder - https://www.digibook.se/
- 15:39 - Skapa Wordfil – Digibook - 18 sekunder - https://www.digibook.se/skapa-wordfil/
- 15:41 - Digibook – Publicering av digitala böcker - 2 minuter - https://www.digibook.se/
"
Checked,Sofie,Fonovich,,,,,,,,"Vasavägen 36",,"582 33",Linköping,,,,sofiefonovich463@gmail.com,24890548904,"Danske bank","Kaos & Harmoni","Emma börjar på en ny skola där hon har svårt att få kompisar, ingen vill prata med henne och hon känner sig osynlig. Sara och hennes gäng gör allt  för att förstöra för Emma. En dag i biblioteket platsen som Emma känner sig som mest trygg på, hon hör hur en tjej sitter och gråter Emma beslutar sig för att gå fram till henne. Hon heter Lina och Emma och hon blir kompisar. Emma vinner en skrivartävling och får uppmärksamheten som Sara inte tycker om.... hon gör allt för att skämma ut henne.  Emma börjar stå upp för sig själv och man får följ med på hennes resa till hur hon blev en mäktig ledare i världen. En dag så dör Emma i en sjukdom och hennes dotter Lara tar över hennes roll, Lara tillsammans med hennes team gör olika  uppdrag där man måste bekväma olika varelser.  Är en spännande kortare roman där man som läsare får dyka in i en värld full av händelser.","June 10, 2024",,E-bok,,,,,,"39-49 kr (t.ex. längre novell eller kortare roman)",,,,,,,,"Från 12 år",,,,,,,,,Fantasy,,,,,,,,,,,,,,,,,,,,,,,,,,,,,,,,,,,,,,,,,,,,,,,,,,,,,,,,,,,,,,,,,,,,,,,,,,,,,,,,,,,,,,,,,,,,,,,,,,,,,,,,,,,,,,,,,,"Är jättetacksam för att ni vill skapa min E-bok.","299,00 Kr","Digibook skapar e-boks-fil (EPUB) - 399,00 Kr","Digibook skapar bokframsida - 299,00 Kr",,"997,00 Kr","Elis Irestedt
xxxx xxxx xxxx 4390
Mastercard",1144,"maj 31, 2024 10:33",,Completed,Yes,Yes,"Mozilla/5.0 (X11; CrOS x86_64 14541.0.0) AppleWebKit/537.36 (KHTML, like Gecko) Chrome/123.0.0.0 Safari/537.36",83.249.164.12,0ed0a926-1b75-4a11-9ff6-97921f21355b,Completed,"Total: 997,00
Currency: SEK
Gateway: Stripe
Type: En gång
Mode: live
Transaction: pi_3PMRpeLgKhr8jxDX0VPyfjVQ
",,,"{""id:loEeJpHBAnAAAAAAAAE6rw"":{""hash"":""id:loEeJpHBAnAAAAAAAAE6rw"",""name"":""min bok_ Kaos och Harmoni.pdf"",""description"":"""",""type"":""application/pdf"",""path"":""/min bok_ Kaos och Harmoni.pdf"",""size"":""375 KB"",""link"":""https://www.dropbox.com/home/b37e05dd-c0ca-49e5-b15b-77dbbca53406 ()/min bok_ kaos och harmoni.pdf"",""account_id"":""dbid:AADXK_Gkez5UYe0VK2ee1yNTSHNoC0-_pbI"",""folderurl"":""https%3A%2F%2Fwww.dropbox.com%2Fhome%2Fb37e05dd-c0ca-49e5-b15b-77dbbca53406+%28%29""}}","Lat/Long: 58.4016, 15.6462
Map: https://maps.google.com/maps?q=Linköping,Östergötland County&ll=58.4016,15.6462&z=6&output=embed
Location: Linköping, Östergötland County
Postal: 587 38
Country: SE
","maj 31, 2024
- 07:09 - Referrer - https://www.google.com/
- 07:09 - Digibook – Publicering av digitala böcker - 2 sekunder - https://www.digibook.se/
- 07:09 - Skapa ljudbok – Digibook - 17 sekunder - https://www.digibook.se/skapa-ljudbok/
- 07:12 - Digibook – Publicering av digitala böcker - 3 minuter - https://www.digibook.se/
- 07:12 - Skapa Wordfil – Digibook - 8 sekunder - https://www.digibook.se/skapa-wordfil/
- 07:12 - Digibook – Publicering av digitala böcker - 41 sekunder - https://www.digibook.se/
- 07:56 - Skapa Wordfil – Digibook - 44 minuter - https://www.digibook.se/skapa-wordfil/
- 10:23 - Om Digibook – Digibook - 2 timmar - https://www.digibook.se/om-digibook/
"
Checked,Marino,"Assarsson TEST",,,,,,,,Klarabäcksgatan,,"312 34",Laholm,,,,marino@assarsson.one,123456,,TEST,TEST,,,E-bok,,,"119-129 kr",,,,,,,,,"Från 6 år",,,,,,,,,,,,,,,,,,,,,,,,,,,,,,,,,,,,,,,,,,,,,,,,,,,,,,,,,,,,,,,,,,,,,,,,,,,,,,,,,,,,,,,,,,,,,,,,,,,,,,,,,,,,,,,,,,,,,,,,,,,,,,"299,00 Kr",,,,"299,00 Kr","Marino Assarsson
xxxx xxxx xxxx 3014
Mastercard",1143,"maj 31, 2024 10:27",,Completed,No,No,"Mozilla/5.0 (Windows NT 10.0; Win64; x64) AppleWebKit/537.36 (KHTML, like Gecko) Chrome/125.0.0.0 Safari/537.36 Edg/125.0.0.0",195.49.161.220,a02c3c44-bbda-4138-ab7d-e8240f2704ea,Refunded,"Total: 299,00
Currency: SEK
Gateway: Stripe
Type: En gång
Mode: live
Transaction: pi_3PMRkcLgKhr8jxDX24KmQ1Xi
",,,,"Lat/Long: 56.5158, 13.0464
Map: https://maps.google.com/maps?q=Laholm,Halland County&ll=56.5158,13.0464&z=6&output=embed
Location: Laholm, Halland County
Postal: 312 32
Country: SE
","april 26, 2024
- 12:40 - Skapa ljudbok – Digibook - https://www.digibook.se/skapa-ljudbok/
- 12:41 - Digibook – Publicering av digitala böcker - 1 minut - https://www.digibook.se/
- 12:41 - Ljudboksinspelning – Digibook - 5 sekunder - https://www.digibook.se/ljudboksinspelning/
- 12:43 - Skapa Wordfil – Digibook - 1 minut - https://www.digibook.se/skapa-wordfil/
- 12:52 - Digibook – Publicering av digitala böcker - 10 minuter - https://www.digibook.se/
- 12:54 - Exterminii 4_ljudprov – Digibook - 2 minuter - https://www.digibook.se/exterminii-4_ljudprov/
- 12:56 - Exterminii ljudprov – Digibook - 2 minuter - https://www.digibook.se/
- 12:57 - Exterminii ljudprov – Digibook - 47 sekunder - https://www.digibook.se/exterminii-ljudprov/
april 29, 2024
- 12:19 - Digibook – Publicering av digitala böcker - 3 dagar - https://www.digibook.se/
- 12:19 - Mitt konto – Digibook - 3 sekunder - https://www.digibook.se/mitt-konto/
- 12:19 - Skrivarkurs (betalversion) – TEST – Digibook - 16 sekunder - https://www.digibook.se/courses/skrivarkurs-med-katinka-wallner-3/
- 12:20 - Bestäm vilken genre du vill skriva – Digibook - 7 sekunder - https://www.digibook.se/lessons/bestam-vilken-genre-du-vill-skriva-3/
- 12:20 - Miljön du skriver i – Digibook - 9 sekunder - https://www.digibook.se/lessons/miljon-du-skriver-i-3/
- 12:20 - Skrivarkurs (betalversion) – TEST – Digibook - 7 sekunder - https://www.digibook.se/courses/skrivarkurs-med-katinka-wallner-3/
- 12:20 - Mitt konto – Digibook - 4 sekunder - https://www.digibook.se/mitt-konto/
- 12:24 - Registrera dig – Digibook - 4 minuter - https://www.digibook.se/
- 12:24 - Registrera dig – Digibook - 20 sekunder - https://www.digibook.se/registration/
- 15:04 - Butik – Digibook - 3 timmar - https://www.digibook.se/butik/
maj 2, 2024
- 09:05 - Digibook – Publicering av digitala böcker - 3 dagar - https://www.digibook.se/
- 09:07 - Kurser – Digibook - 1 minut - https://www.digibook.se/kurser/
- 09:09 - Mitt konto – Digibook - 2 minuter - https://www.digibook.se/mitt-konto/
- 09:09 - Skrivarkurs (betalversion) – TEST – Digibook - 4 sekunder - https://www.digibook.se/courses/skrivarkurs-med-katinka-wallner-3/
maj 3, 2024
- 10:26 - Digibook – Publicering av digitala böcker - 1 dag - https://www.digibook.se/
- 10:29 - Marknadsföringstips – Digibook - 4 minuter - https://www.digibook.se/marknadsforingstips/
maj 13, 2024
- 10:03 - Digibook – Publicering av digitala böcker - 1 vecka - https://www.digibook.se/
maj 22, 2024
- 09:44 - Mitt konto – Digibook - 1 vecka - https://www.digibook.se/mitt-konto/
- 09:44 - Digibook – Publicering av digitala böcker - 26 sekunder - https://www.digibook.se/
- 09:45 - Mitt konto – Digibook - 49 sekunder - https://www.digibook.se/mitt-konto/
- 09:46 - Digibook – Publicering av digitala böcker - 32 sekunder - https://www.digibook.se/
"
Checked,Jenny,Malmqvist,,,,,,,,"Solskensvägen 32",,96151,Boden,,,"Grow by Jenny",growbyjenny@outlook.com,"PlusGiro 213 16 25-2",Nordea,"Skapa vackra rabatter i kallt klimat","Bär du på en önskan att skapa frodiga och färgstarka rabatter i din trädgård i kallt klimat? Behöver du hjälp att planera och komponera en plantering av fleråriga växter som är både vacker, harmonisk och härdig för de högre odlingszonerna? Att lyckas med detta kan för många upplevas utmanande, men det finns hjälp att få i den här grönskande guideboken.

Jenny Malmqvist är odlare och trädgårdsformgivare med en egen visningsträdgård i zon 6. Hon är också pedagog med lång erfarenhet av att handleda människor i lärande och skapande processer. Hennes trädgård är porträtterad i flera olika reportage och fungerar som en studieplats för människor som går hennes trädgårdskurser. 

I den här boken får du stöd och råd genom hela processen för att skapa en vacker rabatt, anpassad för olika lägen och jordar. Här delar Jenny med sig av flera färdiga recept på växtkombinationer i olika färgskala för dig att kopiera eller inspireras av. Du får 9 nycklar för att lyckas, listor på växter från Jennys egen trädgård som alla är extra härdiga, några växtporträtt samt naturvänliga skötselråd för hela säsongen.",,,E-bok,,,,,,,,"Annat pris - ange pris nedan",149,,,,,,,,,,,,,,,,,,,,,,,,,,,,,,,,,,,,,,,,,,,,,,,,,,,,,,,,,,,,,,,,,,,,,,,,,,Trädgårdsskötsel,,,,,,,,,,,,,,,,,,,,,,,,,,,,,,,,,,,,,,,,,,,,,,,,,,,,"Markera detta val så vi kan matcha ditt formulär med filerna från Sprend. Ange titelns namn i Sprends meddelanderuta. ",,,"299,00 Kr","Digibook skapar e-boks-fil (EPUB) - 399,00 Kr",,,"698,00 Kr","Jenny Malmqvist
xxxx xxxx xxxx 8065
Visa",1142,"maj 31, 2024 06:51",,Completed,Yes,Yes,"Mozilla/5.0 (Windows NT 10.0; Win64; x64) AppleWebKit/537.36 (KHTML, like Gecko) Chrome/125.0.0.0 Safari/537.36",37.123.143.59,3e0cd88f-b986-471c-8459-766be536ea3c,Completed,"Total: 698,00
Currency: SEK
Gateway: Stripe
Type: En gång
Mode: live
Transaction: pi_3PMOMwLgKhr8jxDX0wB2npdR
",,,,"Lat/Long: 62.3772, 17.3203
Map: https://maps.google.com/maps?q=Sundsvall,Västernorrland County&ll=62.3772,17.3203&z=6&output=embed
Location: Sundsvall, Västernorrland County
Postal: 852 38
Country: SE
","maj 31, 2024
- 06:25 - Digibook – Publicering av digitala böcker - https://www.digibook.se/
"
Checked,Kristina,Klintenberg,,,,,,,,"Höggeröd 363",,47392,Henån,,,,kristinaklintenberg@gmail.com,"8353-5,3113881-1",Swedbank,"Nike och Leo - SOMMAR (inväntar ny EPUB-fil från författaren)","Nike och Leo är bröder. Viktiga personer i pojkarnas liv är naturligtvis mamma och pappa men även pojkarnas kompisar. 
Existentiella frågor blandas med vardagsfiffigheter, harmoni och bus. Alla kapitel i boken behandlar olika känslor. 
Bokens vuxna gestalter är varma och goda vuxenförebilder. 
Varje kapitel avslutas med en fråga, som kan mana till reflektion och eftertanke.",,,E-bok,,,,"79-89 kr",,,,,,,,"Från 6 år",,,,,,,,,,,,,,,,,,,,,,,,,,,,,,,,,,"Personliga och sociala frågor barn och ungdom",,,,,,,,,,,,,,,,,,,,,,,,,,,,,,,,,,,,,,,,,,,,,,,,,,,,,,,,,,,,,,,,,,,,,,,,,,,,,,,,,,,,,,,,,,,,"299,00 Kr",,,,"299,00 Kr","Kristina Klintenberg
xxxx xxxx xxxx 1577
Mastercard",1139,"maj 27, 2024 15:04",,Completed,Yes,No,"Mozilla/5.0 (Macintosh; Intel Mac OS X 10_15_7) AppleWebKit/537.36 (KHTML, like Gecko) Chrome/116.0.0.0 Safari/537.36",2a00:1598:6698:bf00:f5d4:e204:1ca2:ee4a,ddf0a451-26bb-4518-8b63-0bcdab00fc93,,"Total: 299,00
Currency: SEK
Gateway: Stripe
Type: En gång
Mode: live
Transaction: pi_3PL4ARLgKhr8jxDX1QyOH7Gq
",,,"{""id:loEeJpHBAnAAAAAAAAE6gw"":{""hash"":""id:loEeJpHBAnAAAAAAAAE6gw"",""name"":""Nike och Leo - SOMMAR.epub"",""description"":"""",""type"":""application/epub+zip"",""path"":""/Nike och Leo - SOMMAR.epub"",""size"":""30 MB"",""link"":""https://www.dropbox.com/home/5ecacfe9-bc4b-4fe0-a205-3227466bd4eb ()/nike och leo - sommar.epub"",""account_id"":""dbid:AADXK_Gkez5UYe0VK2ee1yNTSHNoC0-_pbI"",""folderurl"":""https%3A%2F%2Fwww.dropbox.com%2Fhome%2F5ecacfe9-bc4b-4fe0-a205-3227466bd4eb+%28%29""}}","Lat/Long: 59.3247, 18.056
Map: https://maps.google.com/maps?ll=59.3247,18.056&z=6&output=embed
Country: SE
","maj 26, 2024
- 16:07 - Digibook – Publicering av digitala böcker - https://www.digibook.se/
"
Checked,Gunilla,Eddeborn,,,,,,,,"Södermannagatan 57 F",,11666,Stockholm,,,,mollygumma@outlook.com,6118136309798,Handelsbanken,"Samma som de andra fast nummer 5","Vill ha din hjälp med texten som du tidigare varit så bra på","June 1, 2024",,E-bok,,,,,"59-69 kr (t.ex. barnbok 0-3 år)",,,,,,,,,,,,,,,,,,,,,,,,,,,,,,,,,,,,,,,,,,,,,,,,"Biografi och prosa (ej fiktion)",,,,,,,,,,,,,,,,Feelgood,,,,,,,,,,,,,,,,,,,,,,,,,,,,,,,,,,,,,,,,,,,,,,,,,,,,,,,,,,,,,,,,,,,,"Skickade filen per mail","299,00 Kr","Digibook skapar e-boks-fil (EPUB) - 399,00 Kr","Digibook skapar bokframsida - 299,00 Kr","Digibook konverterar dina MP3-filer till WAV-filer - 199,00 Kr","1.196,00 Kr","Gunilla Eddeborn
xxxx xxxx xxxx 8015
Mastercard",1137,"maj 17, 2024 16:13",,Completed,Yes,Yes,"Mozilla/5.0 (Windows NT 10.0; Win64; x64) AppleWebKit/537.36 (KHTML, like Gecko) Chrome/124.0.0.0 Safari/537.36",83.177.233.128,53f04f59-885e-4d74-98aa-d072b1fa80cd,Partrefund,"Total: 1.196,00
Currency: SEK
Gateway: Stripe
Type: En gång
Mode: live
Transaction: pi_3PHSTpLgKhr8jxDX2m62AvEG
",,,,"Lat/Long: 59.3241, 18.0517
Map: https://maps.google.com/maps?q=Stockholm,Stockholm County&ll=59.3241,18.0517&z=6&output=embed
Location: Stockholm, Stockholm County
Postal: 102 73
Country: SE
","maj 16, 2024
- 19:48 - Referrer - https://www.google.com/
- 19:48 - Digibook – Publicering av digitala böcker - 2 sekunder - https://www.digibook.se/
- 19:48 - Skapa Wordfil – Digibook - 11 sekunder - https://www.digibook.se/skapa-wordfil/
- 19:49 - Digibook – Publicering av digitala böcker - 34 sekunder - https://www.digibook.se/
- 19:49 - Portfolio – Digibook - 17 sekunder - https://www.digibook.se/portfolio/
- 19:49 - Skapa Wordfil – Digibook - 17 sekunder - https://www.digibook.se/skapa-wordfil/
- 19:49 - Portfolio – Digibook - 7 sekunder - https://www.digibook.se/portfolio/
- 19:49 - Kontakta oss – Digibook - 4 sekunder - https://www.digibook.se/kontakta-oss/
- 19:50 - Portfolio – Digibook - 10 sekunder - https://www.digibook.se/portfolio/
- 19:50 - Digibook – Publicering av digitala böcker - 5 sekunder - https://www.digibook.se/
- 19:50 - Om Digibook – Digibook - 11 sekunder - https://www.digibook.se/om-digibook/
- 19:50 - Digibook – Publicering av digitala böcker - 17 sekunder - https://www.digibook.se/
- 19:50 - Portfolio – Digibook - 8 sekunder - https://www.digibook.se/portfolio/
- 19:50 - Om Digibook – Digibook - 2 sekunder - https://www.digibook.se/om-digibook/
- 19:50 - Portfolio – Digibook - 2 sekunder - https://www.digibook.se/portfolio/
- 19:51 - Skapa Wordfil – Digibook - 27 sekunder - https://www.digibook.se/skapa-wordfil/
- 19:52 - Digibook – Publicering av digitala böcker - 1 minut - https://www.digibook.se/
- 19:52 - Marknadsföringstips – Digibook - 5 sekunder - https://www.digibook.se/marknadsforingstips/
- 19:52 - Om Digibook – Digibook - 4 sekunder - https://www.digibook.se/om-digibook/
- 19:55 - Digibook – Publicering av digitala böcker - 3 minuter - https://www.digibook.se/
"
Checked,Kristina,Blomstrand,,,,,,,,"Stationsgatan 2 b",,57432,Vetlanda,,,,kristinablomstrand301@gmail.com,815056947726979,"Swedbank 8150-5 694772697-9","Behövde välja mig","En livsåskådning självbiografi av Kristina Blomstrand
Relationer, Anhöriga, Familj, Arbetsliv
Generationsrelationer, Dysfunktion. 
Omprogrammering av Livsmönster, Acceptans och Balans i Livet
Lösa konflikter  och att se sina egna beteende mönster.","May 19, 2024",Ljudbok,E-bok,Kristina,Blomstrand,"119-129 kr",,,,,,,,,,,,,"Ande, kropp och själ",,,,,,"Familj och hälsa",,Filosofi,,,,,,,,,,,,,,,,,,,,,,,,,,,,,,,,,,,,,,,,,,,,,,,,,,,,,,,,,,,,,,,,,,,,,,,,,,,,,,,,,,,,,,,,,,,,,,,,,,,,,,,,,,,,,,,,,"Jag tänker att jag talar in inför ljudbok också. Skickar in det snart","299,00 Kr",,,,"299,00 Kr","Kristina Blomstrand
xxxx xxxx xxxx 7900
Mastercard",1134,"maj 13, 2024 15:28","maj 14, 2024 kl. 17:44, marino Assarsson: Författare ångrat sig, är återbetalt.
",Completed,Yes,Yes,"Mozilla/5.0 (Windows NT 10.0; Win64; x64) AppleWebKit/537.36 (KHTML, like Gecko) Chrome/124.0.0.0 Safari/537.36",2001:2042:fc0f:4b00:fdd6:5dba:b9ab:2dce,d53a36c3-b64c-4129-a493-9ec6a6198a17,Refunded,"Total: 299,00
Currency: SEK
Gateway: Stripe
Type: En gång
Mode: live
Transaction: pi_3PFzrFLgKhr8jxDX0LKAxY1e
",,,"{""id:loEeJpHBAnAAAAAAAAE6Dw"":{""hash"":""id:loEeJpHBAnAAAAAAAAE6Dw"",""name"":""Behövde välja mig aktuell.pdf"",""description"":"""",""type"":""application/pdf"",""path"":""/Behövde välja mig aktuell.pdf"",""size"":""139 KB"",""link"":""https://www.dropbox.com/home/c438f4f1-319e-48f1-8b0b-16a11f66f360 ()/behövde välja mig aktuell.pdf"",""account_id"":""dbid:AADXK_Gkez5UYe0VK2ee1yNTSHNoC0-_pbI"",""folderurl"":""https%3A%2F%2Fwww.dropbox.com%2Fhome%2Fc438f4f1-319e-48f1-8b0b-16a11f66f360+%28%29""}}","Lat/Long: 57.7963, 14.1376
Map: https://maps.google.com/maps?q=Jönköping,Jönköping&ll=57.7963,14.1376&z=6&output=embed
Location: Jönköping, Jönköping
Postal: 556 25
Country: SE
","maj 11, 2024
- 10:12 - Referrer - https://www.google.se/
- 10:12 - Skapa ljudbok – Digibook - 2 sekunder - https://www.digibook.se/skapa-ljudbok/
- 10:12 - Digibook – Publicering av digitala böcker - 13 sekunder - https://www.digibook.se/
maj 12, 2024
- 17:31 - Ljudboksinspelning – Digibook - 1 dag - https://www.digibook.se/ljudboksinspelning/
- 17:31 - Skapa Wordfil – Digibook - 17 sekunder - https://www.digibook.se/skapa-wordfil/
- 17:31 - Portfolio – Digibook - 17 sekunder - https://www.digibook.se/portfolio/
- 17:31 - Mastring av ljudfiler – Digibook - 11 sekunder - https://www.digibook.se/mastring-av-ljudfiler/
- 17:32 - Beställ författarsida – Digibook - 13 sekunder - https://www.digibook.se/bestall-forfattarsida/
- 17:32 - Författarsida: Sven Svensson – Digibook - 18 sekunder - https://www.digibook.se/forfattarsida-sven-svensson/
maj 13, 2024
- 14:43 - Digibook – Publicering av digitala böcker - 21 timmar - https://www.digibook.se/
"
Checked,Andreas,Slätt,,,,,,,,"Hans Ygbergs Väg 10",,"429 43",Särö,,,"Pemich AB",jgvpetrov@gmail.com,"8105-9, 694 895 758-1",Swedbank,"Honken Biografi ""Stolparna var mina bästa vänner""","Målvaktsgiganten Leif ”Honken” Holmqvist; en av vår tids mest folkkära ishockeyspelare berättar i biografin - ”Stolparna var mina bästa vänner” - om sin resa som sträckt sig från lilla Strömsbro IF, till bl a ett fullsatt Johanneshov under hockey-VM i Stockholm 1970, där över 10 000 människor skanderade ”Honken, Honken, Honken” efter suveränt målvaktspel. Lägg därtill att ca 6 miljoner svenska TV-tittare på en befolkning om ca 8 miljoner invånare följde första matchen mot Sovjetunionen. Honkens karriär avslutades med att han blev invald i Internationella Hockey Hall Of Fame 1999. 

Boken kommer bl.a. berätta om hur han var en hårsmån från att var med i den stora flygkatastrofen i Ermenonville utanför Paris 1974, där 346 människor dog och hur Lill-Strimma Svedbergs bilolycka tog hårt på honom ur flera perspektiv eller när han, mot doktorns inrådan, följde Sven Tumbas rekommendation av kiropraktor när ryggen kändes som att den var ”av” inför VM i Stockholm. Han litade på Tumba, eftersom Tumba redan visat vägen till framgång. Detta är Honken i ett nötskal. Han vågade redan på den tiden lämna sin s.k. komfortzon för att utforska alternativ. Han tog inga extra bedövningar från sjukvården när han fått ett slagskott i ansiktet. Han menade på att det redan var försent; han var bedövad – sy istället. Vi får också veta hur den store ryske härföraren och hockeygurun Anatolij Tarasov hängivet jobbade för att få Honken till att bli sin svärson.",,,E-bok,,,"119-129 kr",,,,,,,,,,,,,,,,,,,,,,,,,,,,,,,,,,,,,,,,,,,,,,,"Sport, idrott och friluftsliv",,,"Biografi och prosa (ej fiktion)","Personliga berättelser",,,,,,,,,,,,,,,Feelgood,,,,,,,,,,,,,,,,,,,,,,,,,,,,,,,,,,,,,,,,,,,,,,,,,,"Lättläst för vuxna",,,,,,,,,,,,,,,,,,"Vill även lägga till redaktör Janis Petrov tillsammans med Leif ""Honken"" Holmqvist och författaren Andreas Slätt (se bokens framsida)","299,00 Kr",,,,"299,00 Kr","Janis Petrov
xxxx xxxx xxxx 0513
Mastercard",1133,"maj 3, 2024 10:16",,Completed,Yes,Yes,"Mozilla/5.0 (Macintosh; Intel Mac OS X 10_15_7) AppleWebKit/605.1.15 (KHTML, like Gecko) Version/17.4.1 Safari/605.1.15",178.30.78.43,e15bbdec-cfba-4006-93db-3ffe0cfa5f77,Completed,"Total: 299,00
Currency: SEK
Gateway: Stripe
Type: En gång
Mode: live
Transaction: pi_3PCIDnLgKhr8jxDX3VeAY9Mr
",,,,"Lat/Long: 57.4804, 12.6347
Map: https://maps.google.com/maps?q=Skene,Västra Götaland County&ll=57.4804,12.6347&z=6&output=embed
Location: Skene, Västra Götaland County
Postal: 511 64
Country: SE
","maj 3, 2024
- 09:54 - Digibook – Publicering av digitala böcker - https://www.digibook.se/
"
Checked,Charlotte,Dohle,"Jag vill lägga till ytterligare en författare",,oscar,Panizza,,,,"Norra klöverstigen 20",,44932,Nödinge,,,,charlotte361@outlook.com,"SEB : 5156 1023965","Seb banken","Dorbe ett troll inte som andra","En saga om en snäll och hjälpsam trollunge som växer upp med sin farmor i Rosendalen, en skog där rosorna sjunger. Dorbe är annorlunda från de andra trollen - han saknar en svans och har bara en stump där bak. När Dorbe börjar skolan förändras hans liv och ett spännande äventyr tar sin början. 

Berättelsen utforskar möten med Fjärilen Aurora, elefanten Mosa, en jätte och en magisk häxa, samt andra  djur som bor i Rosendalen. 

De söta gnuggisarna hjälper barnen till skolan. 

Temat är att tro på sig själv och den kraft vi alla bär inom oss, att vi är fina och duger precis som vi är. Boken är fin till avslappning stund eller inför sömn. 

Boken är skriven av Charlotte Dohle och är starten på en serie om Dorbe. 

Charlotte har en lång erfarenhet av att jobba som barnpedagog och hjälpa människor att hitta sin inre styrka. 

Oscar Panizza, medskapare till boken, har skapat musiken och hjälpt till med karaktärer. 



Röster i boken tillhör Charlotte Dohle och Oscar Panizza.","May 11, 2024",Ljudbok,,Charlotte,Dohle,"119-129 kr",,,,,,,,"Från 3 år",,,,,,,,,,,,,,,,,,,,,,,,,,,,,,,,,,,,,,,,,,,,,,,,,,,,,,,,,,,,,,,,,,,,,,,,,,,,,,,,,,,,,,,,,,,,,,,,,,,,,,,,,,,,,,,,,,,,,,,,,,,,,,"Boken önskas ligga på barn avdelning från 3 -7 
Filerna skickar Oscar på mail. Precis som jag charlotte gjorde sist samma. Meddela när ni fått allt.","299,00 Kr",,,,"299,00 Kr","charlotte Dohle
xxxx xxxx xxxx 7533
Mastercard",1132,"april 28, 2024 12:38",,Completed,Yes,Yes,"Mozilla/5.0 (Windows NT 10.0; Win64; x64) AppleWebKit/537.36 (KHTML, like Gecko) Chrome/124.0.0.0 Safari/537.36",188.151.48.212,0fb47491-d329-4446-806e-584359d7f314,Completed,"Total: 299,00
Currency: SEK
Gateway: Stripe
Type: En gång
Mode: live
Transaction: pi_3PAW4GLgKhr8jxDX3NCv2ey1
",,,,"Lat/Long: 57.7065, 11.967
Map: https://maps.google.com/maps?q=Gothenburg,Västra Götaland County&ll=57.7065,11.967&z=6&output=embed
Location: Gothenburg, Västra Götaland County
Postal: 412 67
Country: SE
","april 28, 2024
- 09:39 - Digibook – Publicering av digitala böcker - https://www.digibook.se/
- 09:39 - Skapa ljudbok – Digibook - 8 sekunder - https://www.digibook.se/skapa-ljudbok/
- 12:08 - Digibook – Publicering av digitala böcker - 2 timmar - https://www.digibook.se/
- 12:08 - Skapa ljudbok – Digibook - 7 sekunder - https://www.digibook.se/skapa-ljudbok/
- 12:08 - Digibook – Publicering av digitala böcker - 9 sekunder - https://www.digibook.se/
- 12:09 - Digibook – Publicering av digitala böcker - 46 sekunder - https://www.digibook.se/#Sec3
"
Checked,Bobby,Brandt,,,,,,,,"Stuartsgatan 8",,"412 60",Göteborg,,,"Ziegler Utveckling AB",zieglerutveckling@gmail.com,50110087852,SEB,"Heta blickar, Vänner & Fiender volym 2","Roxie är reklambyråns nya försäljningschef. Bobby kommer inte alls överens med henne. Han tycker hon är arrogant och manipulativ. Det verkar dessutom som att hon medvetet vill sabotera hans karriär. Samtidigt gör hennes glödheta blick honom väldigt varm inombords på ett sätt den inte borde kunna göra. Snart är det inte bara konflikterna som hettar till.

”Heta blickar” är den andra volymen i ”Vänner & Fiender”, Bobby Brandts nya serie av fristående noveller. Volymer med udda nummer handlar om en vänskap som utvecklas till något mer medan volymer med jämna nummer är berättelser som börjar med bråk, där de heta känslorna snart övergår i något annat.","May 10, 2024",,E-bok,,,,,,,"17-25 kr (t.ex. kortare novell)",,,,,,,,,,,,,Erotik,,,,,,,,,,,,,,,,,,,,,,,,,,,,,,,,,,,,,,,,,,,,,,,,,,,,,,,,,,,,,,,,,,,,,,,,,,,,,,,,,,,,,,,,,,,,,,,,,,,,,,,,,,,,,,,,,,,,,"Här kommer volym 2. Denna volym ska alltså ha ett svart tema på omslaget och en orange ros. Jag har bifogat en bild jag tog fram snabbt med hjälp av AI. Jag vill dock att ni tar fram en annan bild (ni är bra på sånt). Kvinnan på omslaget ska vara av iranskt ursprung, strax under trettio år gammal, vara lång och slank och ha långt fylligt svart hår. Hon får gärna ha en mörk/het blick.","299,00 Kr","Digibook skapar e-boks-fil (EPUB) - 399,00 Kr","Digibook skapar bokframsida - 299,00 Kr",,"997,00 Kr","Andreas Ziegler
xxxx xxxx xxxx 4381
Mastercard",1129,"april 15, 2024 11:52",,Completed,Yes,Yes,"Mozilla/5.0 (Windows NT 10.0; Win64; x64) AppleWebKit/537.36 (KHTML, like Gecko) Chrome/123.0.0.0 Safari/537.36 Edg/123.0.0.0",83.255.40.55,5f9ff326-5883-415b-8d0c-aff9e4815be2,Completed,"Total: 997,00
Currency: SEK
Gateway: Stripe
Type: En gång
Mode: live
Transaction: pi_3P5n9fLgKhr8jxDX0mtIcN2G
",,,"{""id:loEeJpHBAnAAAAAAAAE3Mg"":{""hash"":""id:loEeJpHBAnAAAAAAAAE3Mg"",""name"":""Heta blickar AI omslag.jpeg"",""description"":"""",""type"":""image/jpeg"",""path"":""/Heta blickar AI omslag.jpeg"",""size"":""106 KB"",""link"":""https://www.dropbox.com/home/a65f29c4-2886-493e-9395-5a84940722f8 ()/heta blickar ai omslag.jpeg"",""account_id"":""dbid:AADXK_Gkez5UYe0VK2ee1yNTSHNoC0-_pbI"",""folderurl"":""https%3A%2F%2Fwww.dropbox.com%2Fhome%2Fa65f29c4-2886-493e-9395-5a84940722f8+%28%29""},""id:loEeJpHBAnAAAAAAAAE3Mw"":{""hash"":""id:loEeJpHBAnAAAAAAAAE3Mw"",""name"":""Vänner o Fiender volym 2.docx"",""description"":"""",""type"":""application/vnd.openxmlformats-officedocument.wordprocessingml.document"",""path"":""/Vänner o Fiender volym 2.docx"",""size"":""40 KB"",""link"":""https://www.dropbox.com/home/a65f29c4-2886-493e-9395-5a84940722f8 ()/vänner o fiender volym 2.docx"",""account_id"":""dbid:AADXK_Gkez5UYe0VK2ee1yNTSHNoC0-_pbI"",""folderurl"":""https%3A%2F%2Fwww.dropbox.com%2Fhome%2Fa65f29c4-2886-493e-9395-5a84940722f8+%28%29""}}","Lat/Long: 57.7065, 11.967
Map: https://maps.google.com/maps?q=Gothenburg,Västra Götaland County&ll=57.7065,11.967&z=6&output=embed
Location: Gothenburg, Västra Götaland County
Postal: 412 63
Country: SE
","april 15, 2024
- 11:40 - Digibook – Publicering av digitala böcker - https://www.digibook.se/
"
Checked,Birger,Nicklasson,,,,,,,,"Garnviksvägen 34",,Trollhättan,"Västra Götaland",,,"B&B Books",birger_nicklasson@yahoo.se,,"Länsförsäkringar Bank","Exterminii Del 4 Flykt","Lisa och barnen kommer äntligen iväg på den där hett efterlängtade
båtturen med Jenny och hennes båtvänner, Linda, Jim och Manfred.
  Efter en avkopplande tur ut mot de yttre öarna i Norrtälje skärgård 
slås lugnet sönder då ett marinfartyg från Finland snabbt närmar sig och en officer meddelar att en rysk invasionsstyrka är på väg mot kusten.
  Nu blir det en jakt på sekunder för att komma undan och flykten pågår i dagar, allt längre västerut.
  Gun och Sofie är åter på rymmen, men från rättvisan. Deras mål att mörda Lisa och polischefen Emma är fortfarande lika stark.","April 19, 2024",Ljudbok,E-bok,Birger,Nicklasson,,"79-89 kr",,,,,,,,,,"Från 12 år",,,,,,,,,Fantasy,,,,,,,,,,,,,,,,,"Krig och försvar",,,,,,,,,,,,,,,,,,,,,,,,,"Thrillers / spänningsromaner",,,,,,,,,,,,,,,,,,,,,,,,,,,,,,,,,,,,,,,,,,,,,,,,,,,,,,,,,,,,,,,,,,,,,,,,"Ljudfil kommer från Hans
E-boksfil har du fått på Mail","299,00 Kr",,,,"299,00 Kr","Birger Niklasson
xxxx xxxx xxxx 5178
Mastercard",1128,"april 9, 2024 17:41",,Completed,Yes,Yes,"Mozilla/5.0 (Windows NT 10.0; Win64; x64) AppleWebKit/537.36 (KHTML, like Gecko) Chrome/123.0.0.0 Safari/537.36",90.226.128.85,3d2f4308-b45c-4b07-9ac4-eb5f1a8d4b65,Completed,"Total: 299,00
Currency: SEK
Gateway: Stripe
Type: En gång
Mode: live
Transaction: pi_3P3hjkLgKhr8jxDX0ipv0rDt
",,,,"Lat/Long: 58.2854, 12.2816
Map: https://maps.google.com/maps?q=Trollhättan,Västra Götaland County&ll=58.2854,12.2816&z=6&output=embed
Location: Trollhättan, Västra Götaland County
Postal: 461 57
Country: SE
","februari 9, 2024
- 21:27 - Birger Nicklasson – Digibook - https://www.digibook.se/birger-nicklasson/
februari 11, 2024
- 13:42 - Digibook – Publicering av digitala böcker - 2 dagar - https://www.digibook.se/
- 13:42 - Portfolio – Digibook - 27 sekunder - https://www.digibook.se/portfolio/
- 13:44 - Digibook – Publicering av digitala böcker - 2 minuter - https://www.digibook.se/
februari 15, 2024
- 01:48 - Birger Nicklasson – Digibook - 4 dagar - https://www.digibook.se/birger-nicklasson/
februari 25, 2024
- 09:23 - Digibook – Publicering av digitala böcker - 1 vecka - https://www.digibook.se/
februari 27, 2024
- 16:43 - Birger Nicklasson – Digibook - 2 dagar - https://www.digibook.se/birger-nicklasson/
mars 9, 2024
- 21:31 - Ljudboksinspelning – Digibook - 2 veckor - https://www.digibook.se/ljudboksinspelning/
mars 24, 2024
- 09:48 - Birger Nicklasson – Digibook - 2 veckor - https://www.digibook.se/birger-nicklasson/
- 09:49 - Ljudboksinspelning – Digibook - 9 sekunder - https://www.digibook.se/ljudboksinspelning/
april 3, 2024
- 13:32 - Birger Nicklasson – Digibook - 1 vecka - https://www.digibook.se/birger-nicklasson/
april 9, 2024
- 15:22 - Ljudboksinspelning – Digibook - 6 dagar - https://www.digibook.se/ljudboksinspelning/
- 15:22 - Birger Nicklasson – Digibook - 32 sekunder - https://www.digibook.se/birger-nicklasson/
- 15:22 - Digibook – Publicering av digitala böcker - 19 sekunder - https://www.digibook.se/
"
Checked,Marino,Assarsson,,,,,,,,dwqd,,dqwd,dqwd,,,,marino@assarsson.one,fwfd,dq,fdsf,fds,,,E-bok,,,,,,,"17-25 kr (t.ex. kortare novell)",,,,"Från 3 år",,,,,,,,,,,,,,,,,,,,,,,,,,,,,,,,,,,,,,,,,,,,,,,,,,,,,,,,,,,,,,,,,,,,,,,,,,,,,,,,,,,,,,,,,,,,,,,,,,,,,,,,,,,,,,,,,,,,,,,,,,,,,,,"3,00 Kr",,,,"3,00 Kr","Marino Assarsson
xxxx xxxx xxxx 3014
Mastercard",1127,"april 9, 2024 17:32",,Completed,No,Yes,"Mozilla/5.0 (Macintosh; Intel Mac OS X 10_15_7) AppleWebKit/605.1.15 (KHTML, like Gecko) Version/17.4.1 Safari/605.1.15",195.49.161.220,503a9a38-e14d-4f1c-8793-2f0f0f19cd6f,Completed,"Total: 3,00
Currency: SEK
Gateway: Stripe
Type: En gång
Mode: live
Transaction: pi_3P3hayLgKhr8jxDX19tAsV2V
",,,,"Lat/Long: 56.5158, 13.0464
Map: https://maps.google.com/maps?q=Laholm,Halland County&ll=56.5158,13.0464&z=6&output=embed
Location: Laholm, Halland County
Postal: 312 32
Country: SE
","mars 9, 2024
- 14:28 - Ljudboksinspelning – Digibook - https://www.digibook.se/ljudboksinspelning/
- 14:36 - Birger Nicklasson – Digibook - 7 minuter - https://www.digibook.se/birger-nicklasson/
- 16:03 - Birger Nicklasson – Digibook - 1 timme - https://www.digibook.se/birger-nicklasson/
- 16:22 - Birger Nicklasson – Digibook - 19 minuter - https://www.digibook.se/birger-nicklasson/
- 16:23 - Ljudboksinspelning – Digibook - 9 sekunder - https://www.digibook.se/ljudboksinspelning/
mars 16, 2024
- 10:25 - Digibook – Publicering av digitala böcker - 7 dagar - https://www.digibook.se/
mars 25, 2024
- 17:28 - Presentkort – Digibook - 1 vecka - https://www.digibook.se/
- 17:33 - Presentkort – Digibook - 6 minuter - https://www.digibook.se/presentkort/
- 17:36 - Digibook – Publicering av digitala böcker - 2 minuter - https://www.digibook.se/
- 17:36 - Presentkort – Digibook - 3 sekunder - https://www.digibook.se/presentkort/
- 17:38 - Digibook – Publicering av digitala böcker - 2 minuter - https://www.digibook.se/
mars 31, 2024
- 09:26 - Portfolio – Digibook - 6 dagar - https://www.digibook.se/portfolio/
- 09:45 - Digibook – Publicering av digitala böcker - 19 minuter - https://www.digibook.se/
- 09:45 - Portfolio – Digibook - 8 sekunder - https://www.digibook.se/portfolio/
- 10:41 - Digibook – Publicering av digitala böcker - 56 minuter - https://www.digibook.se/
- 10:41 - Skapa Wordfil – Digibook - 8 sekunder - https://www.digibook.se/skapa-wordfil/
april 9, 2024
- 17:27 - Digibook – Publicering av digitala böcker - 1 vecka - https://www.digibook.se/
"
Checked,Gun-Christine,Ström,,,,,,,,"Calle Magallanes 7",,03185,Torrevieja,,,,gunkistrom@gmail.com,56900716210,SEB,"Rapport från Paradiset 2","En fristående fortsättning på Rapport från Paradiset, en samling kåserier kring miljöer i Sverige och Spanien. Rapport från Paradiset 2 är i samma stil, men handlar uteslutande om Spanien och hur det är att vara utlandssvensk där. Ögonblicksbilder blandas med reflektioner kring vardagliga händelser där både humor och allvar blandas. En feelgood för dig som redan bor i Spanien eller för dig som tänker flytta dit!","May 2, 2024",,E-bok,,,,,,,"17-25 kr (t.ex. kortare novell)",,,,,,,,,,,,,,,,,,,,,,,,,,,,,,,,,,,,,,,,,,,,,,,"Personliga berättelser",,,,,,,,,,,,,,,Feelgood,,,,,,,,,,,,,,,"Resor och platser",,,,,,,,,,,,,,,,,,,,,,,,,,,,,,,,,,,,,,,,,,,,,,,,,,,,,"Vet inte om det funkar med förstasidan, som jag själv skapat. Den är runt 8 MB.","299,00 Kr","Digibook skapar e-boks-fil (EPUB) - 399,00 Kr",,,"698,00 Kr","Gun-Christine Ström
xxxx xxxx xxxx 3206
Mastercard",1118,"april 4, 2024 19:17",,Completed,Yes,Yes,"Mozilla/5.0 (X11; CrOS x86_64 14541.0.0) AppleWebKit/537.36 (KHTML, like Gecko) Chrome/122.0.0.0 Safari/537.36",31.222.115.36,8050daa1-e5e5-4ded-9506-c28e5e16c910,Completed,"Total: 698,00
Currency: SEK
Gateway: Stripe
Type: En gång
Mode: live
Transaction: pi_3P1ur2LgKhr8jxDX2Jzx690V
",,,"{""id:loEeJpHBAnAAAAAAAAEzeA"":{""hash"":""id:loEeJpHBAnAAAAAAAAEzeA"",""name"":""Rapport från Paradiset II (1).pdf"",""description"":"""",""type"":""application/pdf"",""path"":""/Rapport från Paradiset II (1).pdf"",""size"":""8 MB"",""link"":""https://www.dropbox.com/home/9bcbfa6f-838f-4f5f-91b4-a0ed68654691 ()/rapport från paradiset ii (1).pdf"",""account_id"":""dbid:AADXK_Gkez5UYe0VK2ee1yNTSHNoC0-_pbI"",""folderurl"":""https%3A%2F%2Fwww.dropbox.com%2Fhome%2F9bcbfa6f-838f-4f5f-91b4-a0ed68654691+%28%29""}}","Lat/Long: 40.4172, -3.684
Map: https://maps.google.com/maps?ll=40.4172,-3.684&z=6&output=embed
Country: ES
","februari 26, 2024
- 11:29 - Referrer - https://www.google.com/
- 11:29 - Digibook – Publicering av digitala böcker - 2 sekunder - https://www.digibook.se/
- 11:29 - Skapa Wordfil – Digibook - 24 sekunder - https://www.digibook.se/skapa-wordfil/
- 11:30 - Digibook – Publicering av digitala böcker - 1 minut - https://www.digibook.se/
"
Checked,Pia,Rockström,,,,,,,,"Folkdansgatan 7",,27192,Ystad,,,"Rindi text och förlag",pia@rockstrom.nu,671-4133,Swedbank,"Högsensitiva berättar","Högsensitiva berättar är 22 djupintervjuer med högkänsliga personer gjorda av journalisten Pia Rockström. Män och kvinnor i olika åldrar, som alla har sin egen livshistoria, belyser temperamentsdraget högkänslighet. Framförallt ligger fokus i berättelserna på hur de kunnat använda sin personlighet och berika sin omvärld. Boken är till dig som vill förstå mer av din sensitiva sida och på så sätt få glädje av dina egenskaper.",,Ljudbok,,Pia,Rockström,,"79-89 kr",,,,,,,,,,,,"Ande, kropp och själ",,,,,,"Familj och hälsa",,,,,,,,,,,,,,,,,,,,,,,,,,,,,,,,,,,,,,,,,,,,,,,,,,,,,,,,,,"Populärpsykologi och personlig utveckling",,,,,,,,,,,,,,,,,,,,,,,,,,,,,,,,,,,,,,,,,,,,,,,,,,,,,,,"Markera detta val så vi kan matcha ditt formulär med filerna från Sprend. Ange titelns namn i Sprends meddelanderuta. ",,"Hej Marino! Här kommer min debutbok Högsensitiva berättar som utlovat. Omslaget är kvadratiskt och ta med Ann-Sofie Hammarström Östergrens namn vid bilden då hon illustrerat det. Ordningen i boken framgår av låtnummer. Intro-Inledning-Kapitel 1-22-Efterord-Krönika-Outro. Mvh Pia Rockström","299,00 Kr",,,,"299,00 Kr","Pia Rockström
xxxx xxxx xxxx 6068
Mastercard",1116,"mars 26, 2024 15:20",,Completed,Yes,Yes,"Mozilla/5.0 (Windows NT 10.0; Win64; x64) AppleWebKit/537.36 (KHTML, like Gecko) Chrome/122.0.0.0 Safari/537.36",155.4.74.78,26c95a8f-9077-44bb-bca1-263d65b8e41a,Completed,"Total: 299,00
Currency: SEK
Gateway: Stripe
Type: En gång
Mode: live
Transaction: pi_3OyarXLgKhr8jxDX3mzhXUO9
",,,,"Lat/Long: 55.4259, 13.8224
Map: https://maps.google.com/maps?q=Ystad,Skåne County&ll=55.4259,13.8224&z=6&output=embed
Location: Ystad, Skåne County
Postal: 271 51
Country: SE
","mars 21, 2024
- 14:31 - Digibook – Publicering av digitala böcker - https://www.digibook.se/
- 16:12 - Ljudboksinspelning – Digibook - 2 timmar - https://www.digibook.se/ljudboksinspelning/
- 16:13 - Skapa ljudbok – Digibook - 30 sekunder - https://www.digibook.se/skapa-ljudbok/
- 16:14 - Digibook – Publicering av digitala böcker - 1 minut - https://www.digibook.se/
- 16:16 - Mastring av ljudfiler – Digibook - 2 minuter - https://www.digibook.se/mastring-av-ljudfiler/
mars 26, 2024
- 14:42 - Digibook – Publicering av digitala böcker - 5 dagar - https://www.digibook.se/
"
Checked,Anders,Gradin,,,,,,,,"Gustavslundsvägen 175",,Bromma,Bromma,,,,anders@lavix.se,"2310 01 91615",Ålandsbanken,"Torpare, Båtsmän och Bönder- 12 generationers liv och slit i den ångermanländska myllan","Att känna till sin familjs historia och bakgrund är ett sätt förstå samtiden, framtiden och sig själv. Det ger en starkare känsla av identitet och förankring om vi vet lite mera om våra rötter och hur ens föregångare har påverkat ens liv. Genom att förstå sin historia utvecklas också större tolerans och förståelse för andras bakgrund och erfarenheter.
I denna bok skildras en familjs historia i över 500 år, en familj som kom att få släktnamnet Gradin och som levde i huvudsak kring Ångermanälvens flodfåra tills nuvarande generationer bröt upp och i urbaniseringens tecken flyttade 
in till städerna. Boken skildrar parallellt också hur samhällsutvecklingen under århundraden påverkat allmogen i Norrland.
Boken är skriven av Anders Gradin, född och uppvuxen i Boteå och har bland annat varit förbundschef för Studieförbundet Vuxenskolan.",,,E-bok,,,,"79-89 kr",,,,,,,,,,,"Agronomi och lantbruk",,,,,,,,,,,,,,,"Historia och arkeologi",,,,,,,,,,,,,,,,,,,,,,,,,,,,,,,,,,,,,,,,,"Familj / släktromaner",,,,,,,,,,,,,,,,,,,,,,,,,,,,,,,,,,,,,,,,,,,,,,,,,,,,,,,,,,,,,,,,"Markera detta val så vi kan matcha ditt formulär med filerna från Sprend. Ange titelns namn i Sprends meddelanderuta. ",,,"299,00 Kr","Digibook skapar e-boks-fil (EPUB) - 399,00 Kr",,,"698,00 Kr","Anders Gradin
xxxx xxxx xxxx 2880
Mastercard",1113,"mars 20, 2024 10:34",,Completed,Yes,Yes,"Mozilla/5.0 (Windows NT 10.0; Win64; x64) AppleWebKit/537.36 (KHTML, like Gecko) Chrome/122.0.0.0 Safari/537.36",213.89.151.196,3af644d4-d476-41ce-840b-eaff96ce020c,Completed,"Total: 698,00
Currency: SEK
Gateway: Stripe
Type: En gång
Mode: live
Transaction: pi_3OwLX6LgKhr8jxDX0zRP7HlR
",,,"{""id:loEeJpHBAnAAAAAAAAEzCA"":{""hash"":""id:loEeJpHBAnAAAAAAAAEzCA"",""name"":""Anders_Gradiin_Bok redigerad.docx"",""description"":"""",""type"":""application/vnd.openxmlformats-officedocument.wordprocessingml.document"",""path"":""/Anders_Gradiin_Bok redigerad.docx"",""size"":""14 MB"",""link"":""https://www.dropbox.com/home/2d65e289-dff4-4b1e-a371-ebfbdb63abcd ()/anders_gradiin_bok redigerad.docx"",""account_id"":""dbid:AADXK_Gkez5UYe0VK2ee1yNTSHNoC0-_pbI"",""folderurl"":""https%3A%2F%2Fwww.dropbox.com%2Fhome%2F2d65e289-dff4-4b1e-a371-ebfbdb63abcd+%28%29""}}","Lat/Long: 59.3494, 17.916
Map: https://maps.google.com/maps?q=Bromma,Stockholm County&ll=59.3494,17.916&z=6&output=embed
Location: Bromma, Stockholm County
Postal: 168 37
Country: SE
","mars 18, 2024
- 12:26 - Referrer - https://www.google.com/
- 12:26 - Digibook – Publicering av digitala böcker - 2 sekunder - https://www.digibook.se/
"
Checked,Anna,Höök,,,,,,,,"Tingstugatan 43b",,"645 34",Strängnäs,,,"Utfall förlag",anna_hook@hotmail.com,,,"Hon reste sig ur askan","samma som tidigare",,Ljudbok,,,,,,"59-69 kr (t.ex. barnbok 0-3 år)",,,,,,,,,,,,,,,,,,,,,,,,,,,,,"Humoristiska romaner",,,,,,,,,,,,,,,,,,,,,,,,,,,,,,,,,,,,,,,,,,,,,,,,,,,,,,,,,,,,,,,,,,,,,,,,,,,,,,,,,,,,,,,,,,,,,,,,,,,,,"Markera detta val så vi kan matcha ditt formulär med filerna från Sprend. Ange titelns namn i Sprends meddelanderuta. ",,,"299,00 Kr",,,,"299,00 Kr","Anna Höök
xxxx xxxx xxxx 8982
Visa",1112,"mars 20, 2024 07:40",,Completed,Yes,Yes,"Mozilla/5.0 (X11; CrOS x86_64 14541.0.0) AppleWebKit/537.36 (KHTML, like Gecko) Chrome/119.0.0.0 Safari/537.36",92.32.4.11,2b528ea7-a723-4dfa-8358-263de51d0513,Completed,"Total: 299,00
Currency: SEK
Gateway: Stripe
Type: En gång
Mode: live
Transaction: pi_3OwIp2LgKhr8jxDX2ufa6N7m
",,,,"Lat/Long: 59.369, 16.5053
Map: https://maps.google.com/maps?q=Eskilstuna,Södermanland County&ll=59.369,16.5053&z=6&output=embed
Location: Eskilstuna, Södermanland County
Postal: 632 37
Country: SE
","november 2, 2023
- 11:42 - Digibook – Publicering av digitala böcker - https://www.digibook.se/
- 11:45 - Ljudboksinspelning – Digibook - 3 minuter - https://www.digibook.se/ljudboksinspelning/
- 11:46 - AI inläsning – Digibook - 1 minut - https://www.digibook.se/ai-inlasning/
- 11:48 - Skapa ljudbok – Digibook - 2 minuter - https://www.digibook.se/skapa-ljudbok/
november 19, 2023
- 14:37 - Digibook – Publicering av digitala böcker - 2 veckor - https://www.digibook.se/
- 14:37 - Skapa ljudbok – Digibook - 7 sekunder - https://www.digibook.se/skapa-ljudbok/
- 14:37 - Digibook – Publicering av digitala böcker - 10 sekunder - https://www.digibook.se/
"
Checked,Bobby,Brandt,,,,,Checked,Andreas,Ziegler,"Stuartsgatan 8",,"412 60",Göteborg,,,"Ziegler Utveckling AB",zieglerutveckling@gmail.com,50110087852,SEB,"En väns förförelse, Vänner & Fiender volym 1","När den vackra Sophia blir en del av Bobbys kompisgäng blir han genast lite betuttad i henne. Dessvärre verkar tiden aldrig vara rätt för dem. Genom åren utvecklar de en fin vänskap och Bobby finner sig i att de bara är vänner. Hon kanske inte ens gillar honom på det sättet? När de är ensamma i en sommarstuga ett par dagar innan midsommarafton bubblar de där känslorna upp i Bobby igen. Han börjar undra om Sophia kanske känner likadant för honom trots allt.

”En väns förförelse” är första volymen ”Vänner & Fiender”, Bobby Brandts nya serie av fristående noveller. Volymer med udda nummer handlar om en vänskap som utvecklas till något mer medan volymer med jämna nummer är berättelser som börjar med bråk, där de heta känslorna snart övergår i något annat.",,,E-bok,,,,,,,"17-25 kr (t.ex. kortare novell)",,,,,,,,,,,,,Erotik,,,,,,,,,,,,,,,,,,,,,,,,,,,,,,,,,,,,,,,,,,,,,,,,,,,,,,,,,,,,,,,,,,,,,,,,,,,,,,,,,,,,,,,,,,,,,,,,,,,,,,,,,,,,,,,,,,,,,"Det är viktigt att den här serien presenteras på ett korrekt sätt. Som det står i pitchen till denna novell, kommer udda volymer handla om vänner och jämna volymer om ""fiender"". Jag hade tänkt att texten skulle vara guldfärgad för alla volymer, MEN färgtemat ska vara vitt för udda/vänner-volymer och svart för jämna/fiende-volymer. Detta första omslag ska alltså ha guldfärgad text och vitt tema. Om ni VET att mina idéer för dessa färgteman inte blir snyggt eller fungerar dåligt, vill jag att ni säger till på en gång, så att vi inte slösar er tid med något som inte funkar. Tjejen på detta första omslag ska vara smal, kort och blond med en platt mage. Hon har även klarblå ögon.","299,00 Kr","Digibook skapar e-boks-fil (EPUB) - 399,00 Kr","Digibook skapar bokframsida - 299,00 Kr",,"997,00 Kr","Andreas Ziegler
xxxx xxxx xxxx 4381
Mastercard",1111,"mars 15, 2024 15:53",,Completed,Yes,Yes,"Mozilla/5.0 (Windows NT 10.0; Win64; x64) AppleWebKit/537.36 (KHTML, like Gecko) Chrome/122.0.0.0 Safari/537.36 Edg/122.0.0.0",80.217.152.134,5f9ff326-5883-415b-8d0c-aff9e4815be2,Completed,"Total: 997,00
Currency: SEK
Gateway: Stripe
Type: En gång
Mode: live
Transaction: pi_3Ouc8qLgKhr8jxDX1FX9xTmA
",,,"{""id:loEeJpHBAnAAAAAAAAEy8w"":{""hash"":""id:loEeJpHBAnAAAAAAAAEy8w"",""name"":""En väns förförelse, Vänner & Fiender volym 1.docx"",""description"":"""",""type"":""application/vnd.openxmlformats-officedocument.wordprocessingml.document"",""path"":""/En väns förförelse, Vänner & Fiender volym 1.docx"",""size"":""37 KB"",""link"":""https://www.dropbox.com/home/009f0521-4a34-4404-bd4d-3e5dfe5ef46b ()/en väns förförelse, vänner & fiender volym 1.docx"",""account_id"":""dbid:AADXK_Gkez5UYe0VK2ee1yNTSHNoC0-_pbI"",""folderurl"":""https%3A%2F%2Fwww.dropbox.com%2Fhome%2F009f0521-4a34-4404-bd4d-3e5dfe5ef46b+%28%29""}}","Lat/Long: 57.7065, 11.967
Map: https://maps.google.com/maps?q=Gothenburg,Västra Götaland County&ll=57.7065,11.967&z=6&output=embed
Location: Gothenburg, Västra Götaland County
Postal: 418 71
Country: SE
","mars 15, 2024
- 15:41 - Digibook – Publicering av digitala böcker - https://www.digibook.se/
"
Checked,Hanna,Landahl,,,,,,,,"Krokusgatan 3",,52130,Falköping,,,"Skrivringen AB (Förlagsnamnet är San Buono Books)",mail@hannalandahl.se,256-8020,Bankgiro,"Elvis, kom hem!","Mira har en katt som heter Elvis. Imorgon fyller han tio och hon har sytt en kudde i slöjden till honom. Men när hon kommer hem från skolan har Elvis har rymt. Mira blir förtvivlad. Hennes älskade Elvis! 

Dessutom känner hon sig ensam och övergiven då hennes bästis Anna har börjat vara med andra kompisar. Mira börjar leta efter Elvis och snart får hon hjälp från ett oväntat håll.

""Jag bad min 6-åring sätta betyg på boken och han satte 5 katter av 5 möjliga."" Malins Bokblogg",,Ljudbok,,Hanna,Landahl,,"79-89 kr",,,,,,,,"Från 6 år",,,,,,,,,,,,,,,,,,,,,,,,,,,,,,,,,,,,,,,,,,,,,,,,,,,,,,,,,,,,,,,,,,,,,,,,,,,,,,,,,,,,,,,,,,,,,,,,,,,,,,,,,,,,,,,,,,,,,,,,,,,"Markera detta val så vi kan matcha ditt formulär med filerna från Sprend. Ange titelns namn i Sprends meddelanderuta. ",,"Boken är under korrlyssning. Jag skickar den via Sprend de närmaste dagarna.","299,00 Kr",,,,"299,00 Kr","Hanna Landahl
xxxx xxxx xxxx 1735
Mastercard",1110,"mars 13, 2024 07:43",,Completed,Yes,Yes,"Mozilla/5.0 (Windows NT 10.0; Win64; x64) AppleWebKit/537.36 (KHTML, like Gecko) Chrome/122.0.0.0 Safari/537.36",2001:2044:f1d:3b00:6cd4:c8b4:8480:c211,763734f1-5eba-4960-8898-0112acb72360,Completed,"Total: 299,00
Currency: SEK
Gateway: Stripe
Type: En gång
Mode: live
Transaction: pi_3OtlXGLgKhr8jxDX3a0zcSnK
",,,"{""id:loEeJpHBAnAAAAAAAAEy8A"":{""hash"":""id:loEeJpHBAnAAAAAAAAEy8A"",""name"":""Elvis, kom hem!-ljudboksomslag.jpg"",""description"":"""",""type"":""image/jpeg"",""path"":""/Elvis, kom hem!-ljudboksomslag.jpg"",""size"":""362 KB"",""link"":""https://www.dropbox.com/home/6dfbfc9c-9410-4f14-b3be-eea63b8f359f ()/elvis, kom hem!-ljudboksomslag.jpg"",""account_id"":""dbid:AADXK_Gkez5UYe0VK2ee1yNTSHNoC0-_pbI"",""folderurl"":""https%3A%2F%2Fwww.dropbox.com%2Fhome%2F6dfbfc9c-9410-4f14-b3be-eea63b8f359f+%28%29""}}","Lat/Long: 57.6568, 12.0998
Map: https://maps.google.com/maps?q=Mölnlycke,Västra Götaland County&ll=57.6568,12.0998&z=6&output=embed
Location: Mölnlycke, Västra Götaland County
Postal: 435 39
Country: SE
","mars 13, 2024
- 07:22 - Referrer - https://www.google.com/
- 07:22 - Digibook – Publicering av digitala böcker - 2 sekunder - https://www.digibook.se/
"
Checked,Susanna,Roxfelt,"Jag vill lägga till ytterligare en författare",,Anethe,Bergendahl,,,,"Flatön 191",,47491,Ellös,,,"Sear Book AB",susanna.roxfelt@gmail.com,"8353-5 03 844 857-7",Swedbank,"Ensamma hjärtan och vilsna själar","Med ett krossat hjärta och i jakt på nytt jobb reser Alicia från Malmö till Vara där hon träffar Lovisa som blivit kvar på släktgården strax utanför samhället. Vänskapen och självförtroendet växer när de stöttar varandra genom kärleksproblem och affärsutmaningar. 
Lovisas känslor för barndomskärleken Noah väcks till liv när han oväntat dyker upp i staden men relationen sätts på prov av konflikter som blossar upp. 
Samtidigt tycks Alicias samarbete med Benjamin, ägaren till den lokala veterinärkliniken, kunna utvecklas till något mer.
Ensamma hjärtan och frusna själar är en varm berättelse om vänskap, kärlek, familj och personlig utveckling, där lyckan kommer när man minst förväntar det.","March 17, 2024",,E-bok,,,,"79-89 kr",,,,,,,,,,,,,,,,,,,,,,,,,,,,,,,,,,,,,,,,,,,,,,,,,,,,,,"Modern och samtida skönlitteratur",,,,,,,,,,,Feelgood,,,,,,,,,,,,,,,,,,,,,,,,,,,,,,,,,,,,,,,,,,,,,,,,,,,,,,,,,,,,,,,,,,,,,"299,00 Kr","Digibook skapar e-boks-fil (EPUB) - 399,00 Kr","Digibook skapar bokframsida - 299,00 Kr",,"997,00 Kr","Sear Book AB, Susanna Roxfelt
xxxx xxxx xxxx 8910
Mastercard",1086,"mars 2, 2024 21:35",,Completed,Yes,Yes,"Mozilla/5.0 (Windows NT 10.0; Win64; x64) AppleWebKit/537.36 (KHTML, like Gecko) Chrome/121.0.0.0 Safari/537.36",87.227.67.101,d443293b-613a-434b-81ed-9830cf11d6c9,Completed,"Total: 997,00
Currency: SEK
Gateway: Stripe
Type: En gång
Mode: live
Transaction: pi_3OpzH1LgKhr8jxDX08Bt0PXS
",,,"{""id:loEeJpHBAnAAAAAAAAEyyw"":{""hash"":""id:loEeJpHBAnAAAAAAAAEyyw"",""name"":""Ensamma hjärtan och vilsna själar e-bok.docx"",""description"":"""",""type"":""application/vnd.openxmlformats-officedocument.wordprocessingml.document"",""path"":""/Ensamma hjärtan och vilsna själar e-bok.docx"",""size"":""284 KB"",""link"":""https://www.dropbox.com/home/937d7089-76b1-4e80-bc74-a5f7e5f163bb ()/ensamma hjärtan och vilsna själar e-bok.docx"",""account_id"":""dbid:AADXK_Gkez5UYe0VK2ee1yNTSHNoC0-_pbI"",""folderurl"":""https%3A%2F%2Fwww.dropbox.com%2Fhome%2F937d7089-76b1-4e80-bc74-a5f7e5f163bb+%28%29""}}","Lat/Long: 59.3024, 18.0485
Map: https://maps.google.com/maps?q=Enskede Gard,Stockholm County&ll=59.3024,18.0485&z=6&output=embed
Location: Enskede Gard, Stockholm County
Postal: 120 47
Country: SE
","mars 2, 2024
- 16:37 - Skapa Wordfil – Digibook - https://www.digibook.se/skapa-wordfil/
- 16:49 - Digibook – Publicering av digitala böcker - 12 minuter - https://www.digibook.se/
"
Checked,Anna-Karin,Deinoff,,,,,,,,"Norra Lyysevägen 43",,42338,Torslanda,,,"Deinoff Development",kontakt@deinoffdevelopment.se,"Clearing 81059 kontonummer 9148852404",Swedbank,"Medarbetarskap, ledarskap och allt däremellan; Lifehacks för oss mitt i (arbets)livet","""Kommunikation är svårt och kräver träning och en vilja att dela med sig. Vi behöver förmågan att ordsätta, beskriva och lyssna. Framförallt krävs att vi kan förstå, anta och ta in andras perspektiv.""

En bok som bjuder på en lättillgänglig verktygslåda för att mer framgångsrikt hantera olika situationer i livet, på arbetet och hemmaplan. Baserat på insikter, erfarenheter och bakomliggande kunskaper i beteendevetenskap lotsas du på ett lättsamt sätt genom lärande och reflektioner. Ämnen som medarbetarskap, ledarskap, arbetsglädje, samarbete, tillit, kommunikation, vägen till sunda relationer och självkänsla tas upp. Du bjuds på lifehacks för att framgångsrikt kunna chefa, både över dig själv och andra. Kunskaper och erfarenheter delas ut tillsammans med dråpliga situationer och andra händelser ur det verkliga livet.",,Ljudbok,,Anna-Karin,Deinoff,"119-129 kr",,,,,,,,,,,,,,,,,,,,,,,,"Företagsekonomi och management",,,,,,,,,,,,,,,,,,,,,,"Självhjälp och praktiska råd",,,,,,,,,,,,,,,,,,,,,,,,,,,,,,,"Populärpsykologi och personlig utveckling",,,,,,,,,,,,,,,,,,,,,,,,,,,,,,,,,,,,,,,,,,,,,,,,,,,,,,,"Markera detta val så vi kan matcha ditt formulär med filerna från Sprend. Ange titelns namn i Sprends meddelanderuta. ",,"Hej, jag hoppas att jag hinner klart till imorgon:-) Om inte får den dyka upp så snart det går (förhoppningsvis att det sedan inte behöver ta så lång tid att få ut den från er?).
Boken ges ut som tryckt version och e-bok via Bod - om vi på något sätt kan formulera det på ett smart sätt vore det toppen så att den som finner ljudboken också kan lotsas vidare till textversionerna?  Klura gärna (jag har varit i kontakt med Marino om detta).

Jag skickar omslaget via sprend eftersom filen är för stor att ladda upp här. Ni får det med både fram/baksida och bokrygg. Ni kommer enbart använda framsidan - om jag behöver justera bilden/ladda upp ny på endast den - bara meddela så löser jag det.

Tack för nu, vänligen Anna-Karin Deinoff","299,00 Kr",,,,"299,00 Kr","Anna-Karin Deinoff
xxxx xxxx xxxx 9897
Mastercard",1073,"februari 29, 2024 20:09",,Completed,Yes,Yes,"Mozilla/5.0 (Macintosh; Intel Mac OS X 10_15_7) AppleWebKit/605.1.15 (KHTML, like Gecko) Version/17.2.1 Safari/605.1.15",88.206.203.22,3ab7c067-529f-455c-8651-2e5a27317954,Completed,"Total: 299,00
Currency: SEK
Gateway: Stripe
Type: En gång
Mode: live
Transaction: pi_3OpEyzLgKhr8jxDX2FXAp11n
",,,,"Lat/Long: 57.6695, 14.9825
Map: https://maps.google.com/maps?q=Eksjö,Jönköping&ll=57.6695,14.9825&z=6&output=embed
Location: Eksjö, Jönköping
Postal: 575 37
Country: SE
","februari 29, 2024
- 19:49 - Digibook – Publicering av digitala böcker - https://www.digibook.se/
"
Checked,Klockren,Kommentar,,,,,Checked,Marcus,Rydén,"Furet 2",,23631,Höllviken,,,"Toma Media AB",tomamediaab@gmail.com,9660-3041318,"Svea Bank","Svanar & dickpics - En femstjärnig resa genom oförglömliga kommentarsfält","Denna bok kanske inte kommer vinna Nobels litteraturpris, men å andra sidan är det knappt någon som hört talas om de titlar eller författare som brukar vinna. Istället för storheter som Annie Ernaux, Bob Dylan, William Golding och Harry Martinson får ni som alternativ en något mer lättsmält bok från instagram-humoristerna @klockrenkommentar. Läs om vaktmästarens matlådemysterium, Gustens törst efter dick-pics, eller varför inte en mörk historia om ett tungt missbruk av skolkritor?

I denna uppföljare till deras debutbok “Klockren kommentar” (vi vet, något fantasilöst) expanderas innehållet till längre forumtrådar som knappast kommer lämna dig som läsare oberörd. Man skulle kunna beskriva din annalkande läsupplevelse som en “Hurricane”. Vem var det nu som skrev den låten? Just det, Bob Dylan…",,,E-bok,,,,,"59-69 kr (t.ex. barnbok 0-3 år)",,,,,,,,,,,,,,,,,,,,,,,,,,,,Humor,,,,,,,,,,,,,,,,,,,,,,,,,,,,,,,,,,,,,,,,,,,,,,,,,,,,,,,,,,,,,,,,,,,,,,,,,,,,,,,,,,,,,,,,,,,,,,,,,,,,,,,,,"299,00 Kr","Digibook skapar e-boks-fil (EPUB) - 399,00 Kr",,,"698,00 Kr","Tobias Andersson
xxxx xxxx xxxx 6316
Mastercard",1069,"februari 28, 2024 18:56",,Completed,Yes,Yes,"Mozilla/5.0 (Windows NT 10.0; Win64; x64) AppleWebKit/537.36 (KHTML, like Gecko) Chrome/121.0.0.0 Safari/537.36",2606:40:1f4:1933::665:49bc,3bb98318-575a-47a5-8edf-d5a90961ace5,Completed,"Total: 698,00
Currency: SEK
Gateway: Stripe
Type: En gång
Mode: live
Transaction: pi_3OorMNLgKhr8jxDX36IKCwOH
",,,"{""id:loEeJpHBAnAAAAAAAAEyJw"":{""hash"":""id:loEeJpHBAnAAAAAAAAEyJw"",""name"":""Boken2 utan crop marks digibook.pdf"",""description"":"""",""type"":""application/pdf"",""path"":""/Boken2 utan crop marks digibook.pdf"",""size"":""597 KB"",""link"":""https://www.dropbox.com/home/e27146aa-769c-47be-b5dd-8c905d5109c3 ()/boken2 utan crop marks digibook.pdf"",""account_id"":""dbid:AADXK_Gkez5UYe0VK2ee1yNTSHNoC0-_pbI"",""folderurl"":""https%3A%2F%2Fwww.dropbox.com%2Fhome%2Fe27146aa-769c-47be-b5dd-8c905d5109c3+%28%29""},""id:loEeJpHBAnAAAAAAAAEyKA"":{""hash"":""id:loEeJpHBAnAAAAAAAAEyKA"",""name"":""omslag digibook 1300px.jpg"",""description"":"""",""type"":""image/jpeg"",""path"":""/omslag digibook 1300px.jpg"",""size"":""1 MB"",""link"":""https://www.dropbox.com/home/e27146aa-769c-47be-b5dd-8c905d5109c3 ()/omslag digibook 1300px.jpg"",""account_id"":""dbid:AADXK_Gkez5UYe0VK2ee1yNTSHNoC0-_pbI"",""folderurl"":""https%3A%2F%2Fwww.dropbox.com%2Fhome%2Fe27146aa-769c-47be-b5dd-8c905d5109c3+%28%29""}}","Lat/Long: 59.3247, 18.056
Map: https://maps.google.com/maps?ll=59.3247,18.056&z=6&output=embed
Country: SE
","februari 20, 2024
- 11:00 - Flödet - Boktugg.se - https://www.boktugg.se/
- 11:00 - Digibook – Publicering av digitala böcker - 2 sekunder - https://www.digibook.se/
- 11:01 - Kontakta oss – Digibook - 2 minuter - https://www.digibook.se/kontakta-oss/
- 11:01 - Om Digibook – Digibook - 5 sekunder - https://www.digibook.se/om-digibook/
- 11:02 - Skapa Wordfil – Digibook - 16 sekunder - https://www.digibook.se/skapa-wordfil/
- 11:02 - Digibook – Publicering av digitala böcker - 18 sekunder - https://www.digibook.se/
februari 28, 2024
- 18:39 - Digibook – Publicering av digitala böcker - 1 vecka - https://www.digibook.se/#Sec3
"
Checked,Charlotte,Dohle,,,,,,,,"Norra klöverstigen 20",,44932,Nödinge,,,"Heart Diamond",charlotte361@outlook.com,5156-1023965,seb,"Heart Diamond kraften i dig","Heart Diamond 

KRAFTEN I DIG 



Träd in i en inspirerande resa till din inre kraft med Charlotte som din vägledare. Hon delar med sig av 10 kraftfulla verktyg skräddarsydda för att väcka ditt inre ljus och styrka. Övningarna kan göras i vilken ordning som helst.

Genom denna kraftresa kommer du att utforska magin i manifestation och upptäcka stillheten i musiken. Du kommer att omfamna din inre kraft och låta hoppets glöd växa inom dig. Med Charlotte som leder dig genom varje övning kommer du att känna dig upplyft och inspirerad att utforska ditt sanna jag, för att leva det liv ditt hjärta önskar.

Text ord kanaliserat av Charlotte Heart Diamond.

Musik: Oscar Panizza

Bokomslag: Oscar Panizza",,Ljudbok,,Charlotte,Dohle,"119-129 kr",,,,,,,,,,,,,"Ande, kropp och själ",,,,,,,,,,,,,,,,,,,,,,,,,,,,,,,,,,,,,,,,,,,,,,,,,,,,,,,,,,,,,,,,,,,,,,,,,,,,,,,,,,,,,,,,,,,,,,,,,,,,,,,,,,,,,,,,,,,,,,,,,"Jag har mailat via we transfer. Jag har även mailat info och ska även maila 1-10 titel namn på de guidade resorna där vi får prata om var det ska stå. Varje guidade resa har info om vad det är jag berättar och vad det är för övning. Har även mailat bokomslag.","299,00 Kr",,,,"299,00 Kr","charlotte Dohle
xxxx xxxx xxxx 7533
Mastercard",1033,"februari 11, 2024 09:34",,Completed,Yes,Yes,"Mozilla/5.0 (Windows NT 10.0; Win64; x64) AppleWebKit/537.36 (KHTML, like Gecko) Chrome/121.0.0.0 Safari/537.36",188.151.48.212,0fb47491-d329-4446-806e-584359d7f314,Completed,"Total: 299,00
Currency: SEK
Gateway: Stripe
Type: En gång
Mode: live
Transaction: pi_3OiYUuLgKhr8jxDX38073t5P
",,,,"Lat/Long: 57.7065, 11.967
Map: https://maps.google.com/maps?q=Gothenburg,Västra Götaland County&ll=57.7065,11.967&z=6&output=embed
Location: Gothenburg, Västra Götaland County
Postal: 418 42
Country: SE
","februari 11, 2024
- 09:24 - Digibook – Publicering av digitala böcker - https://www.digibook.se/#Sec3
"
Checked,Birger,Nicklasson,,,,,,,,"Garnviksvägen 34",,"461 91",Trollhättan,,,,birger_nicklasson@yahoo.se,"9060 2143683",,"Exterminii del 3 Genom blod och eld","I denna del, den tredje, får Lisa nya och mycket envisa dödsfiender som hotar såväl henne som barnen till livet.
Terroristerna fortsätter att med olika medel försöka ta kontroll över landet och ingen går säker.
Jenny och hennes seglarvänner når till sist sitt mål, men det kommer nästan att kosta henne liv, när Lisas nya dödsfiender, Gun och Sofie slår till.
Med hjälp av svenska förrädare försöker Ryssland ta kontroll över södra Sverige men samtidigt drabbas världen av en naturkatastrof Jorden inte upplevt under många tusen år.","February 18, 2024",Ljudbok,E-bok,Birger,Nicklasson,,"79-89 kr",,,,,,,,,,,,,,,,,,,,,,,,,,,,,,,,,,,,,,,,,,,,,,,,,,,,,,,,,,,,,,"Äventyrsromaner / action",,,,,,,,,,,,,,,,,,,,,,,,,,,,,,,,,,,,,,,,,,,,,,,,,,,,,,,,,,,,,,,,,,,,,,,,"299,00 Kr","Digibook skapar e-boks-fil (EPUB) - 399,00 Kr",,,"698,00 Kr","Birger Nicklasson
xxxx xxxx xxxx 5178
Mastercard",1028,"februari 8, 2024 20:41",,Completed,Yes,Yes,"Mozilla/5.0 (Windows NT 10.0; Win64; x64) AppleWebKit/537.36 (KHTML, like Gecko) Chrome/121.0.0.0 Safari/537.36",192.71.14.203,ffc84f2a-8de1-4351-8755-dec21c8b70a2,Completed,"Total: 698,00
Currency: SEK
Gateway: Stripe
Type: En gång
Mode: live
Transaction: pi_3OhdTeLgKhr8jxDX0pp2Faa5
",,,"{""id:loEeJpHBAnAAAAAAAAExng"":{""hash"":""id:loEeJpHBAnAAAAAAAAExng"",""name"":""Exterminii slutversion del 3 20210516.docx"",""description"":"""",""type"":""application/vnd.openxmlformats-officedocument.wordprocessingml.document"",""path"":""/Exterminii slutversion del 3 20210516.docx"",""size"":""754 KB"",""link"":""https://www.dropbox.com/home/25d8e30c-8239-4bf1-a7e8-53fee9c6a5e7 ()/exterminii slutversion del 3 20210516.docx"",""account_id"":""dbid:AADXK_Gkez5UYe0VK2ee1yNTSHNoC0-_pbI"",""folderurl"":""https%3A%2F%2Fwww.dropbox.com%2Fhome%2F25d8e30c-8239-4bf1-a7e8-53fee9c6a5e7+%28%29""}}","Lat/Long: 57.7065, 11.967
Map: https://maps.google.com/maps?q=Gothenburg,Västra Götaland County&ll=57.7065,11.967&z=6&output=embed
Location: Gothenburg, Västra Götaland County
Postal: 418 42
Country: SE
","december 18, 2023
- 14:46 - Digibook – Publicering av digitala böcker - https://www.digibook.se/
- 15:15 - Birger Nicklasson – Digibook - 29 minuter - https://www.digibook.se/birger-nicklasson/
december 25, 2023
- 11:31 - Birger Nicklasson – Digibook - 7 dagar - https://www.digibook.se/birger-nicklasson/
december 26, 2023
- 10:42 - AI inläsning – Digibook - 23 timmar - https://www.digibook.se/ai-inlasning/
januari 3, 2024
- 15:30 - Birger Nicklasson – Digibook - 1 vecka - https://www.digibook.se/birger-nicklasson/
januari 7, 2024
- 15:27 - Birger Nicklasson – Digibook - 4 dagar - https://www.digibook.se/birger-nicklasson/
januari 9, 2024
- 13:38 - Digibook – Publicering av digitala böcker - 2 dagar - https://www.digibook.se/
- 13:38 - Birger Nicklasson – Digibook - 6 sekunder - https://www.digibook.se/birger-nicklasson/
januari 25, 2024
- 20:42 - Birger Nicklasson – Digibook - 2 veckor - https://www.digibook.se/birger-nicklasson/
februari 3, 2024
- 20:47 - Digibook – Publicering av digitala böcker - 1 vecka - https://www.digibook.se/
februari 6, 2024
- 17:13 - Birger Nicklasson – Digibook - 3 dagar - https://www.digibook.se/birger-nicklasson/
- 17:14 - Birger Nicklasson – Digibook - 35 sekunder - https://www.digibook.se/birger-nicklasson/
- 17:14 - Digibook – Publicering av digitala böcker - 5 sekunder - https://www.digibook.se/
februari 7, 2024
- 21:45 - Birger Nicklasson – Digibook - 1 dag - https://www.digibook.se/birger-nicklasson/
februari 8, 2024
- 20:30 - Digibook – Publicering av digitala böcker - 23 timmar - https://www.digibook.se/
"
Checked,Stefan,Regebro,"Jag vill lägga till ytterligare en författare",,REGEMEDIA,,,,,Kvarnhagsgatan,,28137,Hässleholm,,,Regemedia,stefan@regemedia.se,"8313-9,524 182 929-9","Sparbankenn Skåne","Annorlunda Sagor Vol 1","Sagor som d","January 31, 2024",,E-bok,,,,,"59-69 kr (t.ex. barnbok 0-3 år)",,,,,,,,,,,,,,,,,,,,,,,,,,,,Humor,,,,,,,,,,,,,,,,,,,,,,,,,,,,,,,,,,,,,,,,,,,,,,,,,,,,,,,,,,,,,,,,,,,,,,,,,,,,,,,,,,,,,,,,,,,,,,,,,,,,,,,,"Annorlunda sagor","299,00 Kr",,,,"299,00 Kr","Regemedia Stefan Regebro
xxxx xxxx xxxx 3711
Mastercard",1013,"januari 31, 2024 15:11",,Completed,Yes,Yes,"Mozilla/5.0 (Macintosh; Intel Mac OS X 10_15_7) AppleWebKit/537.36 (KHTML, like Gecko) Chrome/120.0.0.0 Safari/537.36",155.4.129.183,32f67c10-dee3-480c-85ec-9c612efa3994,Refunded,"Total: 299,00
Currency: SEK
Gateway: Stripe
Type: En gång
Mode: live
Transaction: pi_3OeeVLLgKhr8jxDX1y9496Xo
",,,"{""id:loEeJpHBAnAAAAAAAAExOg"":{""hash"":""id:loEeJpHBAnAAAAAAAAExOg"",""name"":""Annorlunda Sagor Vol 1.epub"",""description"":"""",""type"":""application/epub+zip"",""path"":""/Annorlunda Sagor Vol 1.epub"",""size"":""69 MB"",""link"":""https://www.dropbox.com/home/e6c1a465-beb4-4244-be4a-bf5a0465f6eb ()/annorlunda sagor vol 1.epub"",""account_id"":""dbid:AADXK_Gkez5UYe0VK2ee1yNTSHNoC0-_pbI"",""folderurl"":""https%3A%2F%2Fwww.dropbox.com%2Fhome%2Fe6c1a465-beb4-4244-be4a-bf5a0465f6eb+%28%29""}}","Lat/Long: 55.6078, 12.9982
Map: https://maps.google.com/maps?q=Malmo,Skåne County&ll=55.6078,12.9982&z=6&output=embed
Location: Malmo, Skåne County
Postal: 212 13
Country: SE
","januari 31, 2024
- 14:47 - Digibook – Publicering av digitala böcker - https://www.digibook.se/
"
Checked,Thomas,Hansen,,,,,,,,"Grönbetevägen 41",,16559,Hässelby,,,"Maxinad AB",thomas.sthlm@gmail.com,"9660 9085678",,Dödslyktan,"En grånad kvinna tittar ut över de vackra fälten på den uppländska landsbygden, och får en chock. Efter 34 år lyser dödslyktan igen. 

Nästa dag får Enköpingspolisen ett samtal från två oroliga föräldrar. Deras 17-åriga dotter är försvunnen. Hon visar sig vara spårlöst borta, på samma sätt som två unga kvinnor från trakten som råkade ut för samma öde på 80-talet – försvinnanden som fortfarande är olösta.

Mordutredaren Sandra Collin har annat än jobb att tänka på, hennes privatliv håller på att kantra fullständigt. Ändå dyker hon ner i fallet som blir mer komplicerat för varje dag som går. När fler tjejer försvinner, ser Sandra ingen annan utväg än att personligen provocera mördaren. Det valet kommer hon att ångra.

Dödslyktan är den tredje boken om Sandra Collin. Tidigare utgivna är ”När mikrofonen tystnar” och ”Tunnelbanemorden”.","March 15, 2024",Ljudbok,,Thomas,Hansen,,"79-89 kr",,,,,,,,,,,,,Deckare,,,,,,,,,,,,,,,,,,,,,,,,,,,,,,,,,,,,,,,,,,,,,,,,,,,,,,,,,,,,,,,,,,,,,,,,,,,,,,,,,,,,,,,,,,,,,,,,,,,,,,,,,,,,,,,,,,,,,,"Markera detta val så vi kan matcha ditt formulär med filerna från Sprend. Ange titelns namn i Sprends meddelanderuta. ",,"Ljudfiler och omslagsbild skickade via sprend med denna länk: 
https://sprend.com/download?C=a7d3408a410842d5bff5c87ad215b02b","299,00 Kr",,,,"299,00 Kr","MAXINAD AB THOMAS HANSEN
xxxx xxxx xxxx 6967
Mastercard",997,"januari 22, 2024 20:26",,Completed,Yes,Yes,"Mozilla/5.0 (Windows NT 10.0; Win64; x64) AppleWebKit/537.36 (KHTML, like Gecko) Chrome/120.0.0.0 Safari/537.36",194.68.106.5,8eef0c89-6b4b-4306-8a51-af10735965cf,Completed,"Total: 299,00
Currency: SEK
Gateway: Stripe
Type: En gång
Mode: live
Transaction: pi_3ObT8dLgKhr8jxDX3m6Odlom
",,,,"Lat/Long: 59.2735, 18.01
Map: https://maps.google.com/maps?q=Älvsjö,Stockholm County&ll=59.2735,18.01&z=6&output=embed
Location: Älvsjö, Stockholm County
Postal: 125 55
Country: SE
","januari 22, 2024
- 20:15 - Digibook – Publicering av digitala böcker - https://www.digibook.se/
"
Checked,Erzen,Bordoniqi,,,,,,,,"Föreningsgatan 143",,26151,Landskrona,,,,erzenbo@hotmail.com,56241839187,,"Inåtvända tårar","Inåtvända tårar är egentligen bara ett kapitel utav krama främlingar, vilket kommer handla om det andliga där det ingår ett ton massa pleasure, men tragiska händelser också pga en 1 av 3 personer är krigsförbrytare.",,,E-bok,,,,,,"39-49 kr (t.ex. längre novell eller kortare roman)",,,,,,,,,,,,,,,,,,,,,,,,,,,,,,,,,,,,,,,,,,,,,,,,,,,,,,,"Biografiska romaner",,,,,,,,,,,,,,,,,,,,,,,,,,,,,,,,,,,,,,,,,,,,,,,,,,,,,,,,,,,,,,,,,,,,,,,,,,,,,"299,00 Kr",,,,"299,00 Kr","Gentiana Bordoniqi
xxxx xxxx xxxx 5362
Mastercard",995,"januari 20, 2024 15:32",,Completed,Yes,Yes,"Mozilla/5.0 (iPhone; CPU iPhone OS 17_2_1 like Mac OS X) AppleWebKit/605.1.15 (KHTML, like Gecko) Version/17.2 Mobile/15E148 Safari/604.1",2001:2042:dc2f:1800:b8b9:fc31:2ad2:e512,8b62be84-9a0c-44d4-a1b0-cb1814fb9eca,Completed,"Total: 299,00
Currency: SEK
Gateway: Stripe
Type: En gång
Mode: live
Transaction: pi_3Oafb0LgKhr8jxDX0ankq3E9
",,,"{""id:loEeJpHBAnAAAAAAAAEwUg"":{""hash"":""id:loEeJpHBAnAAAAAAAAEwUg"",""name"":""Erzen ny (1) 1.pdf"",""description"":"""",""type"":""application/pdf"",""path"":""/Erzen ny (1) 1.pdf"",""size"":""220 KB"",""link"":""https://www.dropbox.com/home/3bc772a7-9fa9-4f80-935d-d499dbdf5e84 ()/erzen ny (1) 1.pdf"",""account_id"":""dbid:AADXK_Gkez5UYe0VK2ee1yNTSHNoC0-_pbI"",""folderurl"":""https%3A%2F%2Fwww.dropbox.com%2Fhome%2F3bc772a7-9fa9-4f80-935d-d499dbdf5e84+%28%29""}}","Lat/Long: 56.0449, 12.692
Map: https://maps.google.com/maps?q=Helsingborg,Skåne County&ll=56.0449,12.692&z=6&output=embed
Location: Helsingborg, Skåne County
Postal: 252 63
Country: SE
","januari 20, 2024
- 14:43 - Referrer - https://www.google.com/
- 14:43 - Digibook – Publicering av digitala böcker - 2 sekunder - https://www.digibook.se/
- 14:44 - Skapa Wordfil – Digibook - 1 minut - https://www.digibook.se/skapa-wordfil/
- 15:15 - Digibook – Publicering av digitala böcker - 31 minuter - https://www.digibook.se/
"
Checked,Agnes,Ek,,,,,Checked,Ingrid,Lindquist,"Åsögatan 148",,11632,Stockholm,,,,ingridjosefinskriver@gmail.com,"5231 11 086 70 (eller bankgiro 5132-6346 Mobil ekonomi)",SEB,"Passion vid havet - erotisk novell","Clara reser från snöslask till Spaniens sol. I Kieran O’Sullivans armar hittar hon tillbaka till experimentlusta och passion. 

Nyckelord: 40+, Erotik, Åtrå, Eggande, Njutning, Polyamor

Novellen finns som ljudbok och ebok","February 13, 2024",Ljudbok,,Malin,Wahlstedt,,,,,,"Annat pris - ange pris nedan",35,,,,,,,,,,,Erotik,,,,,,,,,,,,,,,,,,,,,,,,,,,,,,,,,,,,,,,,,,,,,,,,,,,,,,,,,,,,,,,,,,,,,,,,,,,,,,,,,,,,,,,,,,,,,,,,,,,,,,,,,,,,,,,,,,,,,"Hej. Jag har gett ut denna som ebok för ungefär ett år sedan men hade då ""- erotisk romance"" som tillägg på titeln. Använder nu - erotisk novell i hopp om att intressera fler.","299,00 Kr",,,,"299,00 Kr","Ingrid Lindquist f:a Mobil ekonomi
xxxx xxxx xxxx 3790
Mastercard",993,"januari 18, 2024 14:13",,Completed,Yes,Yes,"Mozilla/5.0 (Windows NT 10.0; Win64; x64) AppleWebKit/537.36 (KHTML, like Gecko) Chrome/120.0.0.0 Safari/537.36",2001:2042:3006:a500:95:1523:760f:71e6,7a185728-8237-4b7c-a0d2-cedd7cf0da7b,Completed,"Total: 299,00
Currency: SEK
Gateway: Stripe
Type: En gång
Mode: live
Transaction: pi_3OZvPTLgKhr8jxDX1ESLpTXM
",,,"{""id:loEeJpHBAnAAAAAAAAEv_w"":{""hash"":""id:loEeJpHBAnAAAAAAAAEv_w"",""name"":""Passion vid havet audio jpg.jpg"",""description"":"""",""type"":""image/jpeg"",""path"":""/Passion vid havet audio jpg.jpg"",""size"":""268 KB"",""link"":""https://www.dropbox.com/home/b99fb68f-5a2d-45e6-ade2-19ca2ef05698 ()/passion vid havet audio jpg.jpg"",""account_id"":""dbid:AADXK_Gkez5UYe0VK2ee1yNTSHNoC0-_pbI"",""folderurl"":""https%3A%2F%2Fwww.dropbox.com%2Fhome%2Fb99fb68f-5a2d-45e6-ade2-19ca2ef05698+%28%29""},""id:loEeJpHBAnAAAAAAAAEwAA"":{""hash"":""id:loEeJpHBAnAAAAAAAAEwAA"",""name"":""Passion vid havet.wav"",""description"":"""",""type"":""audio/x-wav"",""path"":""/Passion vid havet.wav"",""size"":""189 MB"",""link"":""https://www.dropbox.com/home/b99fb68f-5a2d-45e6-ade2-19ca2ef05698 ()/passion vid havet.wav"",""account_id"":""dbid:AADXK_Gkez5UYe0VK2ee1yNTSHNoC0-_pbI"",""folderurl"":""https%3A%2F%2Fwww.dropbox.com%2Fhome%2Fb99fb68f-5a2d-45e6-ade2-19ca2ef05698+%28%29""}}","Lat/Long: 59.3241, 18.0517
Map: https://maps.google.com/maps?q=Stockholm,Stockholm County&ll=59.3241,18.0517&z=6&output=embed
Location: Stockholm, Stockholm County
Postal: 171 76
Country: SE
","januari 18, 2024
- 13:55 - Digibook – Publicering av digitala böcker - https://www.digibook.se/
"
Checked,Ella,S,"Jag vill lägga till ytterligare en författare",,TellUs,,Checked,Helena,Bergman,"Sveagatan 26B",,58232,Linköping,,,,bergman_helena@hotmail.com,,,"Kalenderkvinnorna: Februari","Joel är nyskild och har flyttat till en ny stad för att starta om livet. 
En kylig vinterkväll blir han uppraggad av en sanslöst vacker kvinna som kallar sig för ”Januari” och efteråt får han hennes nummer. Nu ska de ses igen och hon har en överraskning: hon vill ha med sin väninna i leken. 
Följ med Joel på en erotisk resa i tolv delar – en novell för varje månad!","February 1, 2024",Ljudbok,E-bok,Tilde,Adeberg,,,,,"17-25 kr (t.ex. kortare novell)",,,,,,,,,,,,,Erotik,,,,,,,,,,,,,,,,,,,,,,,,,,,,,,,,,,,,,,,,,,,,,,,,,,,,,,,,,,,,,,,,,,,,,,,,,,,,,,,,,,,,,,,,,,,,,,,,,,,,,,,,,,,,,,,,,,,,,,"299,00 Kr","Digibook skapar e-boks-fil (EPUB) - 399,00 Kr","Digibook skapar bokframsida - 299,00 Kr",,"997,00 Kr","Helena Bergman
xxxx xxxx xxxx 2253
Mastercard",992,"januari 18, 2024 13:31",,Completed,Yes,Yes,"Mozilla/5.0 (Windows NT 10.0; Win64; x64) AppleWebKit/537.36 (KHTML, like Gecko) Chrome/120.0.0.0 Safari/537.36 Edg/120.0.0.0",2a02:aa1:1147:4f10:18a2:53ff:3eba:c88a,4e6d2e86-fb03-44f5-949e-b168a24c7bd9,Completed,"Total: 997,00
Currency: SEK
Gateway: Stripe
Type: En gång
Mode: live
Transaction: pi_3OZul5LgKhr8jxDX11ERxI3j
",,,"{""id:loEeJpHBAnAAAAAAAAEv_Q"":{""hash"":""id:loEeJpHBAnAAAAAAAAEv_Q"",""name"":""Bokmall FEBRUARI.docx"",""description"":"""",""type"":""application/vnd.openxmlformats-officedocument.wordprocessingml.document"",""path"":""/Bokmall FEBRUARI.docx"",""size"":""63 KB"",""link"":""https://www.dropbox.com/home/e957a52f-fb5a-4673-af63-8699087c8ead ()/bokmall februari.docx"",""account_id"":""dbid:AADXK_Gkez5UYe0VK2ee1yNTSHNoC0-_pbI"",""folderurl"":""https%3A%2F%2Fwww.dropbox.com%2Fhome%2Fe957a52f-fb5a-4673-af63-8699087c8ead+%28%29""}}","Lat/Long: 57.7963, 14.1376
Map: https://maps.google.com/maps?q=Jönköping,Jönköping&ll=57.7963,14.1376&z=6&output=embed
Location: Jönköping, Jönköping
Postal: 553 31
Country: SE
","december 27, 2023
- 16:14 - Digibook – Publicering av digitala böcker - https://www.digibook.se/
"
Checked,Hanna,Landahl,,,,,,,,"Krokusgatan 3",,52130,Falköping,,,"Skrivringen AB (Förlagsnamnet är San Buono Books)",mail@hannalandahl.se,256-8020,Bankgiro,"14 and in Love","”Wow! What a reading experience!” The blog Barnboksprat

 ”A cozy YA book with a feel-good atmosphere that doesn't shy away from serious topics.” BTJ 

 ”I have a hard time expressing in words how good the book is, and how much it means to many of our students.” Katarina, middle school teacher

Every morning, Kimmie stands in front of the mirror, desperate to see any evidence that she’s actually going to turn into a woman one day. But she’s still as flat as a board. And that’s not her biggest problem.

There is a new guy at the athletics practice, Love. He’s cute, Kimmie thinks. But it turns out her best friend, Elina, does too.

Like that wasn’t enough, one day Kimmie receives a message from a family member who has been gone for a long time. This becomes the starting point for a series of events that make her entire world shake.

""14 and in Love"" is a novel about intense emotions, friendship, family bonds, and the very first love.

Hanna Landahl is a Swedish fiction author. She has published eleven books for children, young adults, and adults in Swedish. ""14 and in Love"" is the first of her books to be translated into English. The Swedish title is ""Love, Love, Love"".",,,E-bok,,,,"79-89 kr",,,,,,,,,,"Från 12 år",,,,,,,,,,,,,,,,,,,,,,,,,,,,,,,,"Personliga och sociala frågor barn och ungdom",,,,,,,,,,,,,,,,,,,,,,,,,,,,,,,,,,,,,,,,,,"Skönlitteratur barn och ungdom: modern och samtida",,,,,,,,,,,,,,,,,,,,,,,,,,,,,,,,,,,,,,,,,,,,,,,,,"Den här boken är på engelska. Det är en översättning av Love, Love, Love (titeln på svenska). Jag innehar alla rättigheter, men översättare bör framgå: Nuanxed, Leesa Wheatley

Formgivare för omslaget: Sara Stierna","299,00 Kr",,,,"299,00 Kr","Hanna Landahl
xxxx xxxx xxxx 8642
Mastercard",984,"januari 12, 2024 10:31",,Completed,Yes,Yes,"Mozilla/5.0 (Windows NT 10.0; Win64; x64) AppleWebKit/537.36 (KHTML, like Gecko) Chrome/120.0.0.0 Safari/537.36",2001:2044:f1d:3b00:2cc8:b34e:4d55:d6e8,53855fcc-8b6c-4772-8d49-646ac243b27e,Completed,"Total: 299,00
Currency: SEK
Gateway: Stripe
Type: En gång
Mode: live
Transaction: pi_3OXh56LgKhr8jxDX3nv5WUrI
",,,"{""id:loEeJpHBAnAAAAAAAAEv4g"":{""hash"":""id:loEeJpHBAnAAAAAAAAEv4g"",""name"":""14-and-in-love.epub"",""description"":"""",""type"":""application/epub+zip"",""path"":""/14-and-in-love.epub"",""size"":""2 MB"",""link"":""https://www.dropbox.com/home/eb8c5eaa-7039-4c82-9883-325c6cfc2362 ()/14-and-in-love.epub"",""account_id"":""dbid:AADXK_Gkez5UYe0VK2ee1yNTSHNoC0-_pbI"",""folderurl"":""https%3A%2F%2Fwww.dropbox.com%2Fhome%2Feb8c5eaa-7039-4c82-9883-325c6cfc2362+%28%29""},""id:loEeJpHBAnAAAAAAAAEv4w"":{""hash"":""id:loEeJpHBAnAAAAAAAAEv4w"",""name"":""Framsida_14_Amazon (1).jpg"",""description"":"""",""type"":""image/jpeg"",""path"":""/Framsida_14_Amazon (1).jpg"",""size"":""311 KB"",""link"":""https://www.dropbox.com/home/eb8c5eaa-7039-4c82-9883-325c6cfc2362 ()/framsida_14_amazon (1).jpg"",""account_id"":""dbid:AADXK_Gkez5UYe0VK2ee1yNTSHNoC0-_pbI"",""folderurl"":""https%3A%2F%2Fwww.dropbox.com%2Fhome%2Feb8c5eaa-7039-4c82-9883-325c6cfc2362+%28%29""}}","Lat/Long: 57.6568, 12.0998
Map: https://maps.google.com/maps?q=Mölnlycke,Västra Götaland County&ll=57.6568,12.0998&z=6&output=embed
Location: Mölnlycke, Västra Götaland County
Postal: 435 40
Country: SE
","januari 3, 2024
- 15:54 - Referrer - https://www.google.com/
- 15:54 - Digibook – Publicering av digitala böcker - 2 sekunder - https://www.digibook.se/
"
Checked,Gunilla,Eddeborn,,,,,,,,"Södermannagatan 57F",,11666,Stockholm,,,,mollygumma@outlook.com,"6118 136309798",Handelsbanken,"""Hjärtats Sånger Del 4","I ""Hjärtats Sång Del 4 – Resan genom Livet fortsätter vidare"" fortsätter Gunilla Eddeborns resa genom livets mångfacetterade labyrint av känslor och insikter. I denna fjärde bok i diktsamlingen, som bär seriens namn ""Hjärtats Sång"", öppnar författaren upp sitt hjärta ännu mer och bjuder in läsaren till en fördjupad och rikare upplevelse av hennes poetiska universum.

Gunillas poetiska röst strömmar fritt från hjärtat och varje ord blir en klangfull melodi, en tröst och en vägledning för den som vågar följa med på denna poetiska expedition. Dikterna avslöjar kärlekens mystik, smärtans eviga närvaro, hoppets strålande ljus och drömmarnas förunderliga dans, men i denna fjärde del når författaren även en harmonisk sammansmältning av dessa element. Läsaren blir inte bara en åhörare utan en medresenär på denna fortsatta poetiska expedition genom själens rika landskap.

Gunilla skapar en odödlig värld av ord, där varje sida inte bara läses utan omfamnas och återvänds till gång på gång. ""Hjärtats Sång Del 4"" erbjuder en ständig utforskning av nya nyanser av känslor och ger läsaren en möjlighet att finna en djupare förståelse för sig själv och för den gemensamma värld vi delar. En bok att återvända till och låta genomsyra ens själ med en harmonisk symfoni av Gunilla Eddeborns poetiska talang.","January 25, 2024",,E-bok,,,,,"59-69 kr (t.ex. barnbok 0-3 år)",,,,,,,,,,,,,,,,,,,,,,,,,,,,,,,,,,,,,,,,,,,,,,,,"Biografi och prosa (ej fiktion)",,,,,,,,,,,,,,,,,,,,,,,,,,,,,,,,,,,,,,,,,,,,,,,,,,,,,,,,,,,,,,,,,,,,,,,,,,,,,,,,,,,,"Hej Kan du skriva samma text som de andra böckerna, kommer en femte och sista diktbok senare. Hoppas det blev rätt nu med filen som var svår att få tag i datorn  Hälsningar Gunilla Eddeborn","299,00 Kr","Digibook skapar e-boks-fil (EPUB) - 399,00 Kr","Digibook skapar bokframsida - 299,00 Kr","Digibook konverterar dina MP3-filer till WAV-filer - 199,00 Kr","1.196,00 Kr","Gunilla Eddeborn
xxxx xxxx xxxx 8015
Mastercard",979,"januari 9, 2024 17:25",,Completed,Yes,Yes,"Mozilla/5.0 (Windows NT 10.0; Win64; x64) AppleWebKit/537.36 (KHTML, like Gecko) Chrome/120.0.0.0 Safari/537.36",188.151.109.208,55b35027-5d4d-40b5-81ba-8a7e67af8a00,Partrefund,"Total: 1.196,00
Currency: SEK
Gateway: Stripe
Type: En gång
Mode: live
Transaction: pi_3OWi7SLgKhr8jxDX0JOlJq4U
",,,,"Lat/Long: 59.3241, 18.0517
Map: https://maps.google.com/maps?q=Stockholm,Stockholm County&ll=59.3241,18.0517&z=6&output=embed
Location: Stockholm, Stockholm County
Postal: 105 00
Country: SE
","januari 9, 2024
- 10:51 - Referrer - https://www.google.com/
- 10:51 - Digibook – Publicering av digitala böcker - 2 sekunder - https://www.digibook.se/
- 10:51 - Skapa Wordfil – Digibook - 19 sekunder - https://www.digibook.se/skapa-wordfil/
- 10:52 - Digibook – Publicering av digitala böcker - 44 sekunder - https://www.digibook.se/
"
Checked,Marcus,Bagge,,,,,,,,"Spånvägen 4",,27261,Gärsnäs,,,,info@marcusbagge.com,"8313-9 524566948-5","Sparbaken Skåne",Fatima,"Detta är del två i trilogin ""Treenigheten"". (Del 1: Gabriel, Del 2: Fatima och Del 3: Liv).
Fatima är en hängiven mentalskötare som är missnöjd med samhällets syn på psykvården. Efter långt sökande hittar hon ett litet oansenligt privat sjukhus som använder alternativa och ålderdomliga metoder för att lindra och bota mental ohälsa. Fast saker är inte helt som de verkar och efter en kort tid, suddas gränserna ut mellan friskt och sjukt.",,,E-bok,,,"119-129 kr",,,,,,,,,,,,,,,,,,,,,,,,,,,,,,,,,,,,,,,,,,,,,,,,,,,,,,,,,,,,,,"Thrillers / spänningsromaner",,"Skräck och övernaturligt",,,,,,,,,,,,,,,,,,,,,,,,,,,,,,,,,,,,,,,,,,,,,,,,,,,,,,,,,,,,,,,,,,,,,,"Hur bifogar jag en bildfil till framsidan?
Vilket format vill ni ha denna i?","299,00 Kr","Digibook skapar e-boks-fil (EPUB) - 399,00 Kr",,,"698,00 Kr","Marcus Bagge
xxxx xxxx xxxx 5076
Mastercard",972,"januari 6, 2024 16:11",,Completed,Yes,Yes,"Mozilla/5.0 (Macintosh; Intel Mac OS X 10_15_7) AppleWebKit/605.1.15 (KHTML, like Gecko) Version/17.2.1 Safari/605.1.15",2001:2044:1109:b600:bdab:24d9:855d:5f2a,1bb1d3a5-9405-477b-a92e-1aa1354efac1,Completed,"Total: 698,00
Currency: SEK
Gateway: Stripe
Type: En gång
Mode: live
Transaction: pi_3OVbX2LgKhr8jxDX04OnLEBq
",,,"{""id:loEeJpHBAnAAAAAAAAEvsg"":{""hash"":""id:loEeJpHBAnAAAAAAAAEvsg"",""name"":""Fatima .docx"",""description"":"""",""type"":""application/vnd.openxmlformats-officedocument.wordprocessingml.document"",""path"":""/Fatima .docx"",""size"":""138 KB"",""link"":""https://www.dropbox.com/home/f2903112795f8c086ab89f8dc9055471 ()/fatima .docx"",""account_id"":""dbid:AADXK_Gkez5UYe0VK2ee1yNTSHNoC0-_pbI"",""folderurl"":""https%3A%2F%2Fwww.dropbox.com%2Fhome%2Ff2903112795f8c086ab89f8dc9055471+%28%29""}}","Lat/Long: 55.3641, 13.1751
Map: https://maps.google.com/maps?q=Trelleborg,Skåne County&ll=55.3641,13.1751&z=6&output=embed
Location: Trelleborg, Skåne County
Postal: 231 34
Country: SE
","januari 4, 2024
- 11:31 - Referrer - https://www.google.com/
- 11:31 - Digibook – Publicering av digitala böcker - 2 sekunder - https://www.digibook.se/
- 11:31 - Skapa Wordfil – Digibook - 46 sekunder - https://www.digibook.se/skapa-wordfil/
januari 6, 2024
- 15:17 - Om Digibook – Digibook - 2 dagar - https://www.digibook.se/om-digibook/
- 15:18 - Digibook – Publicering av digitala böcker - 34 sekunder - https://www.digibook.se/
"
Checked,Axel,Hellby,,,,,,,,"Trappgränd 3",,64234,Flen,,,,axelhellby2@gmail.com,"8381-6, 934 763 171-6",Handelsbanken,"Om man var en gädda - Historier från Hundberget","Välkommen till Hundberget, en liten kommun i Sörmland och skådeplats för spänningsromanerna Sönderfall och Kritisk massa. 

Allt är inte kärnkraft och konspirationer. I denna fristående novellsamling möter vi en toastädande statsminister, Karate-Maggan och en karamellkokande gäddfilosof. En innebandytjej hittar Döden på förstutrappen, en gammal kemist brottas med Truxa och dessutom får vi smygkika på Agneta Sjödins största fan. Novellerna är tragikomiska betraktelser av livet i en mellansvensk håla, där allt är mycket märkligt, enastående och precis som vanligt på samma gång.

Axel Hellby är författare och lärare i skrivande på Åsa folkhögskola. Förutom noveller och spänning skriver han läromedel och kulturjournalistik.",,,E-bok,,,,"79-89 kr",,,,,,,,,,,,,,,,,,,,,,,,,,,,,,,,,,,,,,,,,,,,,,,,,,,,,,"Modern och samtida skönlitteratur",,Noveller,,,,,,,,,,,,,,,,,,,,,,,,,,,,,,,,,,,,,,,,,,,,,,,,,,,,,,,,,,,,,,,,,,,,,,,,,,,,,,"299,00 Kr","Digibook skapar e-boks-fil (EPUB) - 399,00 Kr",,,"698,00 Kr","Axel Hellby
xxxx xxxx xxxx 6711
Mastercard",967,"januari 2, 2024 17:53",,Completed,Yes,No,"Mozilla/5.0 (Macintosh; Intel Mac OS X 10_15_7) AppleWebKit/605.1.15 (KHTML, like Gecko) Version/16.3 Safari/605.1.15",151.177.210.58,6e11befe-1d34-4f1a-8645-83e06dba0814,Completed,"Total: 698,00
Currency: SEK
Gateway: Stripe
Type: En gång
Mode: live
Transaction: pi_3OUBD6LgKhr8jxDX1hEpA24Q
",,,"{""id:loEeJpHBAnAAAAAAAAEvrw"":{""hash"":""id:loEeJpHBAnAAAAAAAAEvrw"",""name"":""Om man var en gädda_korrad_epubklar_fil.docx"",""description"":"""",""type"":""application/vnd.openxmlformats-officedocument.wordprocessingml.document"",""path"":""/Om man var en gädda_korrad_epubklar_fil.docx"",""size"":""58 KB"",""link"":""https://www.dropbox.com/home/9df4177f17f632271b3b98d925b393ef ()/om man var en gädda_korrad_epubklar_fil.docx"",""account_id"":""dbid:AADXK_Gkez5UYe0VK2ee1yNTSHNoC0-_pbI"",""folderurl"":""https%3A%2F%2Fwww.dropbox.com%2Fhome%2F9df4177f17f632271b3b98d925b393ef+%28%29""},""id:loEeJpHBAnAAAAAAAAEvsA"":{""hash"":""id:loEeJpHBAnAAAAAAAAEvsA"",""name"":""Skärmavbild 2024-01-02 kl. 17.47.02.png"",""description"":"""",""type"":""image/png"",""path"":""/Skärmavbild 2024-01-02 kl. 17.47.02.png"",""size"":""1 MB"",""link"":""https://www.dropbox.com/home/9df4177f17f632271b3b98d925b393ef ()/skärmavbild 2024-01-02 kl. 17.47.02.png"",""account_id"":""dbid:AADXK_Gkez5UYe0VK2ee1yNTSHNoC0-_pbI"",""folderurl"":""https%3A%2F%2Fwww.dropbox.com%2Fhome%2F9df4177f17f632271b3b98d925b393ef+%28%29""}}","Lat/Long: 59.35, 17.9167
Map: https://maps.google.com/maps?q=Bromma,Stockholm County&ll=59.35,17.9167&z=6&output=embed
Location: Bromma, Stockholm County
Postal: 168 50
Country: SE
","januari 2, 2024
- 17:01 - Skapa Wordfil – Digibook - https://www.digibook.se/skapa-wordfil/
- 17:13 - Digibook – Publicering av digitala böcker - 12 minuter - https://www.digibook.se/
"
Checked,E-L,Neander,,,,,,,,"Fyrmästaregången 8",,"413 18",Göteborg,,,"Word Alchemy Publishing",ewalottaneander@icloud.com,6682899439101,Handelsbanken,Midvinterblot,"Vintern vägrar släppa taget om den lilla bohuslänska staden Västernäs, där den övernaturliga invånaren - särlingen - Eira Lindberg bor.  

Ingen tror längre att kylan har en naturlig förklaring, och osämjan mellan människor och särlingar växer sig allt starkare.  

Den mänskliga hyresvärden har bestämt sig för att inte förnya kontraktet på lokalen där Eira bedriver sin mysiga bokhandel. Samtidigt får hon omskakande nyheter om sin familjebakgrund. Så dödas en varulv av ett mystiskt Ordenssällskap och Västernäs Flock löper amok. 

Det blir starten på en dramatisk händelsekedja som leder till att Eira och den enigmatiska älvan Vincent Benedict gör en fasansfull upptäckt, en som hotar särlingarnas själva existens. 

Och vad är det egentligen i hemdimensionen Feeria som oroar Västernäs älvor så? 

*** 

Midvinterblot är uppföljare till Särling, och den andra fristående delen i urban fantasy-serien Gränsland. E-L Neander är född och uppvuxen i Kungshamn, och bor numera i Göteborg med sin familj. 

*** 

 ""Den här debuten är något alldeles extra."" MALIN EDGREN, FÖRFATTARE OM SÄRLING",,,E-bok,,,,"79-89 kr",,,,,,,,,,,,,,,,,,,Fantasy,,,,,,,,,,,,,,,,,,,,,,,,,,,,,,,,,,,,,,,,,,"Thrillers / spänningsromaner","Äventyrsromaner / action","Skräck och övernaturligt",,,,,,,,,,,,,,,,,,,,,,,,,,,,,,,,,,,,,,,,,,,,,,,,,,,,,,,,,,,,,,,,,,,,,,"Två saker: 
Boken är nummer 2 i serien ""Gränsland"" (nummer 1 heter Särling och ligger redan uppe)

Den ska läggas upp överallt FÖRUTOM på Storytel, med vilka Word Alchemy Publishing har eget avtal (mitt mikroförlag)","299,00 Kr",,,,"299,00 Kr","Ewa-Lotta Neander
xxxx xxxx xxxx 0574
Mastercard",961,"december 28, 2023 08:22",,Completed,Yes,No,"Mozilla/5.0 (Macintosh; Intel Mac OS X 10_15_7) AppleWebKit/605.1.15 (KHTML, like Gecko) Version/16.5.2 Safari/605.1.15",31.208.31.243,db4aaa6e-94fb-48c4-b03f-4373a6f5f179,Completed,"Total: 299,00
Currency: SEK
Gateway: Stripe
Type: En gång
Mode: live
Transaction: pi_3OSDv8LgKhr8jxDX21FyCMhp
",,,"{""id:loEeJpHBAnAAAAAAAAEvpQ"":{""hash"":""id:loEeJpHBAnAAAAAAAAEvpQ"",""name"":""9789198675528.epub"",""description"":"""",""type"":""application/epub+zip"",""path"":""/9789198675528.epub"",""size"":""4 MB"",""link"":""https://www.dropbox.com/home/5ac764d5c39773ba12edf81c0dc0c0bf ()/9789198675528.epub"",""account_id"":""dbid:AADXK_Gkez5UYe0VK2ee1yNTSHNoC0-_pbI"",""folderurl"":""https%3A%2F%2Fwww.dropbox.com%2Fhome%2F5ac764d5c39773ba12edf81c0dc0c0bf+%28%29""}}","Lat/Long: 59.3247, 18.056
Map: https://maps.google.com/maps?ll=59.3247,18.056&z=6&output=embed
Country: SE
","december 27, 2023
- 20:03 - Digibook – Publicering av digitala böcker - https://www.digibook.se/
"
Checked,Ella,S,,,,,Checked,Helena,Bergman,"Sveagatan 26B",,"582 32",Linköping,,,,bergman_helena@hotmail.com,,,"Kalenderkvinnorna Januari","Joel är nyskild och har flyttat till en ny stad för att starta om livet. 
En kylig januarikväll väljer han att gå till en hotellbar efter jobbet, i stället för direkt hem till den tomma lägenheten. Föga anar han att det kommer leda till en serie händelser i erotikens spår under det kommande året. 
Följ med Joel på en resa i tolv delar – en novell för varje månad!","January 1, 2024",Ljudbok,E-bok,Tilde,Adeberg,,,,,"17-25 kr (t.ex. kortare novell)",,,,,,,,,,,,,Erotik,,,,,,,,,,,,,,,,,,,,,,,,,,,,,,,,,,,,,,,,,,,,,,,,,,,,,,,,,,,,,,,,,,,,,,,,,,,,,,,,,,,,,,,,,,,,,,,,,,,,,,,,,,,,,,,,,,,,,,"299,00 Kr","Digibook skapar e-boks-fil (EPUB) - 399,00 Kr","Digibook skapar bokframsida - 299,00 Kr",,"997,00 Kr","Helena Bergman
xxxx xxxx xxxx 6255
Mastercard",955,"december 20, 2023 18:20",,Completed,Yes,No,"Mozilla/5.0 (Windows NT 10.0; Win64; x64) AppleWebKit/537.36 (KHTML, like Gecko) Chrome/120.0.0.0 Safari/537.36 Edg/120.0.0.0",2a02:aa1:1012:854e:c543:6668:f6cf:ea6c,4e6d2e86-fb03-44f5-949e-b168a24c7bd9,Completed,"Total: 997,00
Currency: SEK
Gateway: Stripe
Type: En gång
Mode: live
Transaction: pi_3OPTRSLgKhr8jxDX0mZzlVQZ
",,,,"Lat/Long: 59.3247, 18.056
Map: https://maps.google.com/maps?ll=59.3247,18.056&z=6&output=embed
Country: SE
","oktober 25, 2023
- 08:04 - Digibook – Publicering av digitala böcker - https://www.digibook.se/
"
Checked,Hanna,Landahl,,,,,,,,"Krokusgatan 3",,52130,Falköping,,,"Skrivringen AB (Förlagsnamnet är San Buono Books)",mail@hannalandahl.se,256-8020,Bankgiro,"Välkommen till Himmelsta","”Ibra lutade huvudet mot tågfönstret, kände den kalla rutan mot pannan och försökte ta in det stora i att hans resa snart skulle vara över. Tänk att inte längre vara på flykt, utan att få vakna i samma säng flera dagar i rad. Kanske i månader. Eller år. Tanken kittlade.” 

Året är 2014 och småstaden Himmelsta håller långsamt på att avfolkas. Vardagen rullar på i sakta mak för de invånare som bor kvar. Men när kommunen beslutar sig för att öppna ett boende för ensamkommande flyktingbarn, förändras något i grunden. 

Nicke, som kommer bli granne med boendet, bestämmer sig för att göra allt han kan för att stoppa planerna. Hans svägerska Anja däremot, ser fram emot ungdomarnas ankomst, då de har gett henne en helt ny karriärmöjlighet. Och för Inez, som för många år sedan förlorade sin älskade son, kommer livet ta helt nya vägar. 

Välkommen till Himmelsta är Hanna Landahls debutroman. När den först släpptes 2016 blev hon nominerad till Studieförbundet Vuxenskolans författarpris. 

”Skrämmande skarpögd debutant” Östgöta Correspondenten

”Välskriven debut med en varm ton om rädslan för det okända.” Lottens bokblogg

”Jag ler, svär, oroas, fäller tårar och hoppas med Anja, Ibra, Hamid och Muhammed. En viktig, bra och berörande berättelse!” Vargnatts bokhylla",,,E-bok,,,,"79-89 kr",,,,,,,,,,,,,,,,,,,,,,,,,,,,,,,,,,,,,,,,,,,,,,,,,,,,,,"Modern och samtida skönlitteratur",,,,,,,,,,,,,,,,,,,,,,,,,,,,,,,,,,,,,,,,,,,,,,,,,,,,,,,,,,,,,,,,,,,,,,,,,,,,,,,,"299,00 Kr","Digibook skapar e-boks-fil (EPUB) - 399,00 Kr",,,"698,00 Kr","Hanna Landahl
xxxx xxxx xxxx 8642
Mastercard",953,"december 20, 2023 11:20",,Completed,Yes,No,"Mozilla/5.0 (Windows NT 10.0; Win64; x64) AppleWebKit/537.36 (KHTML, like Gecko) Chrome/120.0.0.0 Safari/537.36",2001:2044:f1d:3b00:c1b:7156:3b3a:aaa1,53855fcc-8b6c-4772-8d49-646ac243b27e,Completed,"Total: 698,00
Currency: SEK
Gateway: Stripe
Type: En gång
Mode: live
Transaction: pi_3OPMtHLgKhr8jxDX0gVoN3E5
",,,"{""id:loEeJpHBAnAAAAAAAAEvjQ"":{""hash"":""id:loEeJpHBAnAAAAAAAAEvjQ"",""name"":""978-91-989110-3-9.jpg"",""description"":"""",""type"":""image/jpeg"",""path"":""/978-91-989110-3-9.jpg"",""size"":""205 KB"",""link"":""https://www.dropbox.com/home/f6918aeac04f48952f4e6139dabdcf1b ()/978-91-989110-3-9.jpg"",""account_id"":""dbid:AADXK_Gkez5UYe0VK2ee1yNTSHNoC0-_pbI"",""folderurl"":""https%3A%2F%2Fwww.dropbox.com%2Fhome%2Ff6918aeac04f48952f4e6139dabdcf1b+%28%29""},""id:loEeJpHBAnAAAAAAAAEvjg"":{""hash"":""id:loEeJpHBAnAAAAAAAAEvjg"",""name"":""Välkommen till Himmelsta.docx"",""description"":"""",""type"":""application/vnd.openxmlformats-officedocument.wordprocessingml.document"",""path"":""/Välkommen till Himmelsta.docx"",""size"":""299 KB"",""link"":""https://www.dropbox.com/home/f6918aeac04f48952f4e6139dabdcf1b ()/välkommen till himmelsta.docx"",""account_id"":""dbid:AADXK_Gkez5UYe0VK2ee1yNTSHNoC0-_pbI"",""folderurl"":""https%3A%2F%2Fwww.dropbox.com%2Fhome%2Ff6918aeac04f48952f4e6139dabdcf1b+%28%29""}}","Lat/Long: 57.6568, 12.0998
Map: https://maps.google.com/maps?q=Mölnlycke,Västra Götaland County&ll=57.6568,12.0998&z=6&output=embed
Location: Mölnlycke, Västra Götaland County
Postal: 435 42
Country: SE
","december 5, 2023
- 13:57 - Referrer - https://www.google.com/
- 13:57 - Digibook – Publicering av digitala böcker - 2 sekunder - https://www.digibook.se/
december 20, 2023
- 10:30 - Skapa Wordfil – Digibook - 2 veckor - https://www.digibook.se/skapa-wordfil/
"
Checked,Solkarina,Hammare,"Jag vill lägga till ytterligare en författare",,Profiiler,Kosmiskkunskap,,,,"Viggens väg 8",,90365,Umeå,,,Kosmiskkunskap,ekkosmiskkunskap@hotmail.com,"BG 432-8720 (Kosmiskkunskap ekonomisk förening)",Swedbank,"Dimensionsmedium, esoteriska rådgivare och änglamedium","I den här boken kan du hitta dimensionella medium och esoteriska rådgivare i hela Sverige som också finns som profiler på www.kosmiskunskap.se 
Några av profilerna har valt att skriva lite texter i den här boken. Kosmisk Kunskap startade 2020 på initiativ av Solkarina Sinnligkunskap®, en av Sveriges mest erfarna andliga lärare. Drivkraften var att de esoteriska rådgivare som varit elever hos Solkarina skulle få samlas med alla sina styrkor och andra kunskaper, metoder och utbildningar som de innehar och kan dela med sig av. Syftet är att människor i behov kunna hitta kvalitativ vägledning och rådgivning av välutbildade dimensionella medium på ett ställe.

Det finns för närvarande 152 utbildade dimensionella medium i Sverige november 2023. 
Vårt motto är “lite bättre, lite bredare och mycket modernare”","December 18, 2023",,E-bok,,,,"79-89 kr",,,,,,,,,,,,"Ande, kropp och själ",,,,,,,,,,,,,,,,,,,,,,,,,,,,,,,,,,,,,,"Personliga berättelser",,,,,,,,,,,,,,,,,,,,,,,,,,"Populärpsykologi och personlig utveckling",,,,,,,,,,,,,,,,,,,,,,,,,,,,,,,,,,,,,,,,,,,,,,,,,,,,,,,,,"Hej Marino, Den här kan du skicka ut på alla streamingtjänster och sätt lämpligt pris som du finner själv jag har skrivit ett förslag. Hälsningar Solkarina","299,00 Kr","Digibook skapar e-boks-fil (EPUB) - 399,00 Kr",,,"698,00 Kr","Sinnligkunskap AB
xxxx xxxx xxxx 5977
Mastercard",950,"december 17, 2023 22:36",,Completed,Yes,No,"Mozilla/5.0 (Windows NT 10.0; Win64; x64) AppleWebKit/537.36 (KHTML, like Gecko) Chrome/120.0.0.0 Safari/537.36",82.117.99.26,933cbb6b-6872-4c42-b2c5-61b8e1088120,Completed,"Total: 698,00
Currency: SEK
Gateway: Stripe
Type: En gång
Mode: live
Transaction: pi_3OOS15LgKhr8jxDX3IFh0flh
",,,"{""id:loEeJpHBAnAAAAAAAAEviA"":{""hash"":""id:loEeJpHBAnAAAAAAAAEviA"",""name"":""Framsida bild.pdf"",""description"":"""",""type"":""application/pdf"",""path"":""/Framsida bild.pdf"",""size"":""119 KB"",""link"":""https://www.dropbox.com/home/bedd8b9eba9a0401b53aec95f9d4a58f ()/framsida bild.pdf"",""account_id"":""dbid:AADXK_Gkez5UYe0VK2ee1yNTSHNoC0-_pbI"",""folderurl"":""https%3A%2F%2Fwww.dropbox.com%2Fhome%2Fbedd8b9eba9a0401b53aec95f9d4a58f+%28%29""},""id:loEeJpHBAnAAAAAAAAEviQ"":{""hash"":""id:loEeJpHBAnAAAAAAAAEviQ"",""name"":""KLAR Kosmiskkunskap bok 2023.pdf"",""description"":"""",""type"":""application/pdf"",""path"":""/KLAR Kosmiskkunskap bok 2023.pdf"",""size"":""5 MB"",""link"":""https://www.dropbox.com/home/bedd8b9eba9a0401b53aec95f9d4a58f ()/klar kosmiskkunskap bok 2023.pdf"",""account_id"":""dbid:AADXK_Gkez5UYe0VK2ee1yNTSHNoC0-_pbI"",""folderurl"":""https%3A%2F%2Fwww.dropbox.com%2Fhome%2Fbedd8b9eba9a0401b53aec95f9d4a58f+%28%29""}}","Lat/Long: 59.3247, 18.056
Map: https://maps.google.com/maps?ll=59.3247,18.056&z=6&output=embed
Country: SE
","december 17, 2023
- 22:25 - DuckDuckGo — Privacy, simplified. - https://duckduckgo.com/
- 22:25 - Digibook – Publicering av digitala böcker - 2 sekunder - https://www.digibook.se/
"
Checked,Martin,Elmberg,,,,,,,,Bergmov.6A,,14638,Tullinge,,,"Marelm Technology AB",martin.elmberg@gmail.com,734-9350,Swedbank,"Den tredje delningen","Ett gift par ger sig av på långfärdssegling mot soligare breddgrader men egentligen flyr de från sitt tidigare liv.

I Östergötland jagar den ensamstående mamman och polisen ett kriminellt nätverk under tiden som Sverige faller allt djupare ner i kaos.

Åttio år tidigare hamnar en svensk stridspilot mitt i händelsernas centrum när Europas framtid avgörs under andra världskrigets slutskede.

De lever alla i en värld som rasar samman runtomkring dem och de tvingas fatta beslut och genomleva saker som ingen människa ska behöva uppleva. Deras öden vävs samman av vår nutida historia i en hårdkokt fiktion baserad på en verklighet som ofta är grymmare än dikten.",,Ljudbok,,Sophie,AI,,"79-89 kr",,,,,,,,,,,,,,,,,,,,,,,,,,,"Historiska romaner",,,,,,,,,"Krig och försvar",,,,,,,,,,,,,,,,,,"Modern och samtida skönlitteratur",,,,,,,"Thrillers / spänningsromaner",,,,,,,,,,,,,,,,,,,,,,,,,,,,,,,,,,,,,,,,,,,,,,,,,,,,,,,,,,,,,,,,,,,,,,"Markera detta val så vi kan matcha ditt formulär med filerna från Sprend. Ange titelns namn i Sprends meddelanderuta. ",,"Boken Den tredje delningen är utgiven som tryckt bok och som ePub/eBok av Vulkan förlag, år 2021. Jag väljer nu att ge ut ljudboken via er, Digibook. Ljudfilen är stor och skickas via Sprend, den heter DTD 1.0 FINAL. Ljudboken är inspelad med hjälp av AI-teknik, därav att jag angett uppläsarens namn som ""Sophia AI"". 
Utbetalning görs enklast till mitt aktiebolags Bankgiro-nummer, vilket jag angett.","299,00 Kr",,,,"299,00 Kr","ELMBERG MARTIN
xxxx xxxx xxxx 9791
Mastercard",941,"december 10, 2023 15:03",,Completed,Yes,No,"Mozilla/5.0 (Windows NT 10.0; Win64; x64; rv:120.0) Gecko/20100101 Firefox/120.0",84.219.213.139,b0079188-e203-476f-82a2-d01262468123,Completed,"Total: 299,00
Currency: SEK
Gateway: Stripe
Type: En gång
Mode: live
Transaction: pi_3OLnbhLgKhr8jxDX2gi4J9PV
",,,"{""id:loEeJpHBAnAAAAAAAAEvhA"":{""hash"":""id:loEeJpHBAnAAAAAAAAEvhA"",""name"":""DTD omslagsbild FINAL.jpg"",""description"":"""",""type"":""image/jpeg"",""path"":""/DTD omslagsbild FINAL.jpg"",""size"":""169 KB"",""link"":""https://www.dropbox.com/home/cc02fbdd1f82b2623e88ef00f8ac3a4d ()/dtd omslagsbild final.jpg"",""account_id"":""dbid:AADXK_Gkez5UYe0VK2ee1yNTSHNoC0-_pbI"",""folderurl"":""https%3A%2F%2Fwww.dropbox.com%2Fhome%2Fcc02fbdd1f82b2623e88ef00f8ac3a4d+%28%29""}}","Lat/Long: 59.1986, 17.8119
Map: https://maps.google.com/maps?q=Uttran,Stockholm County&ll=59.1986,17.8119&z=6&output=embed
Location: Uttran, Stockholm County
Postal: 147 63
Country: SE
","december 7, 2023
- 21:58 - Digibook – Publicering av digitala böcker - https://www.digibook.se/
- 22:04 - Skapa ljudbok – Digibook - 6 minuter - https://www.digibook.se/skapa-ljudbok/
- 22:04 - Digibook – Publicering av digitala böcker - 14 sekunder - https://www.digibook.se/
- 22:10 - Portfolio – Digibook - 6 minuter - https://www.digibook.se/portfolio/
- 22:29 - Digibook – Publicering av digitala böcker - 19 minuter - https://www.digibook.se/#Sec2
- 22:30 - Digibook – Publicering av digitala böcker - 21 sekunder - https://www.digibook.se/
- 22:30 - Skapa ljudbok – Digibook - 11 sekunder - https://www.digibook.se/skapa-ljudbok/
- 22:31 - AI inläsning – Digibook - 48 sekunder - https://www.digibook.se/ai-inlasning/
- 22:31 - Ljudboksinspelning – Digibook - 13 sekunder - https://www.digibook.se/ljudboksinspelning/
- 22:32 - Mastring av ljudfiler – Digibook - 37 sekunder - https://www.digibook.se/mastring-av-ljudfiler/
- 22:32 - Skapa Wordfil – Digibook - 35 sekunder - https://www.digibook.se/skapa-wordfil/
- 22:35 - Digibook – Publicering av digitala böcker - 3 minuter - https://www.digibook.se/
"
Checked,Stig,Simonsson,,,,,,,,"Röds Saturnusstig 6",,TORSLANDA,Sverige,,,,stig.simonsson96@gmail.com,17392013130,Nordea,"Mannens ädlaste ägodel","En seriemördare härjar i Göteborg.

Ett bisarrt mord sker på en swingersklubb i Mölndal. 
Kriminalkommissarie Yvonne Baaz knyter ihop ett tidigare mord med mordet på
swingersklubben och ytterligare ledtrådar visar att det är en seriemördare som härjar.
Fler personer med liknande tatuering som de mördade männen har ligger nu i riskzonen 
för att bli mördade. 
Ett mystiskt hemligt ordenssällskap skapar dilemman för Yvonne.
Yvonnes nya chef gör inte saker och ting lättare. Den nya chefen är ett narcissistiskt svin.","December 8, 2023",Ljudbok,E-bok,Stig,Simonsson,,"79-89 kr",,,,,,,,,,,,,Deckare,,,,,,,,,,,,,,,,,,,,,,,,,,,,,,,,,,,,,,,,,,,,,,,Polisromaner,"Thrillers / spänningsromaner",,,,,,,,,,,,,,,,,,,,,,,,,,,,,,,,,,,,,,,,,,,,,,,,,,,,,,,,,,,,,,,,,,,,,,,,"Hej,
Du kan hämta mina wav filer från mitt Dropbox. Lösen digibook_01
https://www.dropbox.com/scl/fo/wayxbfbj9onsp4347hbf8/h?rlkey=tlodlrz6r1cn5z7xn23zyy7lf&dl=0
Om det inte fungerar så kanske du kan skapa en dropbox folder som jag kan lägga filerna i.
Mvh
Stig Simonsson","299,00 Kr",,,,"299,00 Kr","Stig Simonsson
xxxx xxxx xxxx 3035
Visa",938,"december 7, 2023 16:51",,Completed,Yes,No,"Mozilla/5.0 (Windows NT 10.0; Win64; x64) AppleWebKit/537.36 (KHTML, like Gecko) Chrome/120.0.0.0 Safari/537.36",2001:2042:7b24:1300:51d1:2ba8:2e74:f9e5,04d4d748-8bf0-4def-b251-76038766f738,Completed,"Total: 299,00
Currency: SEK
Gateway: Stripe
Type: En gång
Mode: live
Transaction: pi_3OKjrhLgKhr8jxDX39AfbqNk
",,,"{""id:loEeJpHBAnAAAAAAAAEp5Q"":{""hash"":""id:loEeJpHBAnAAAAAAAAEp5Q"",""name"":""Mannens_ädlaste_ägodel_ebok_epub3.epub"",""description"":"""",""type"":""application/epub+zip"",""path"":""/Mannens_ädlaste_ägodel_ebok_epub3.epub"",""size"":""274 KB"",""link"":""https://www.dropbox.com/home/632551d454d281ac586799fc5144d992 ()/mannens_ädlaste_ägodel_ebok_epub3.epub"",""account_id"":""dbid:AADXK_Gkez5UYe0VK2ee1yNTSHNoC0-_pbI"",""folderurl"":""https%3A%2F%2Fwww.dropbox.com%2Fhome%2F632551d454d281ac586799fc5144d992+%28%29""}}","Lat/Long: 57.7065, 11.967
Map: https://maps.google.com/maps?q=Gothenburg,Västra Götaland County&ll=57.7065,11.967&z=6&output=embed
Location: Gothenburg, Västra Götaland County
Postal: 400 10
Country: SE
","oktober 18, 2023
- 11:05 - Referrer - https://www.google.com/
- 11:05 - Digibook – Publicering av digitala böcker - 2 sekunder - https://www.digibook.se/
oktober 19, 2023
- 08:39 - Skapa Wordfil – Digibook - 22 timmar - https://www.digibook.se/skapa-wordfil/
- 20:34 - Digibook – Publicering av digitala böcker - 12 timmar - https://www.digibook.se/
- 20:36 - Portfolio – Digibook - 1 minut - https://www.digibook.se/portfolio/
oktober 20, 2023
- 14:59 - Digibook – Publicering av digitala böcker - 18 timmar - https://www.digibook.se/
- 15:01 - Om Digibook – Digibook - 2 minuter - https://www.digibook.se/om-digibook/
- 15:02 - Digibook – Publicering av digitala böcker - 1 minut - https://www.digibook.se/
november 29, 2023
- 08:22 - Portfolio – Digibook - 1 månad - https://www.digibook.se/portfolio/
- 08:23 - Kontakta oss – Digibook - 1 minut - https://www.digibook.se/kontakta-oss/
- 08:24 - Marknadsföringstips – Digibook - 10 sekunder - https://www.digibook.se/marknadsforingstips/
december 7, 2023
- 16:37 - Digibook – Publicering av digitala böcker - 1 vecka - https://www.digibook.se/
"
Checked,Erzen,Bordoniqi,,,,,,,,"Föreningsgatan 143",,26151,Landskrona,,,,erzenbo@hotmail.com,56241839187,SEB,"Inside tears","Boken handlar om mitt kriminella liv och hur jag sedan blir ett på ett övernaturligt sett med en tjej. Det ingår komedi, pain samt pleasure.",,,E-bok,,,,,,"39-49 kr (t.ex. längre novell eller kortare roman)",,,,,,,,,,,,,,,,,,,,,,,,,,,,,,,,,,,,,,,,,,,,,,,,,,,,,,Noveller,,,,,,,,,,,,,,,,,,,,,,,,,,,,,,,,,,,,,,,,,,,,,,,,,,,,,,,,,,,,,,,,,,,,,,,,,,,,,,"299,00 Kr",,,,"299,00 Kr","Gentiana Bordoniqi
xxxx xxxx xxxx 5362
Mastercard",932,"december 5, 2023 20:14",,Completed,Yes,No,"Mozilla/5.0 (iPhone; CPU iPhone OS 17_1_2 like Mac OS X) AppleWebKit/605.1.15 (KHTML, like Gecko) Version/17.1.2 Mobile/15E148 Safari/604.1",2001:2042:dc2f:1800:647d:89:b1b7:a557,6725cbac-732c-4bbc-9b1e-5c8f3c090b26,Refunded,"Total: 299,00
Currency: SEK
Gateway: Stripe
Type: En gång
Mode: live
Transaction: pi_3OK44ILgKhr8jxDX0T6DCuV3
",,,"{""id:loEeJpHBAnAAAAAAAAEp4w"":{""hash"":""id:loEeJpHBAnAAAAAAAAEp4w"",""name"":""erzen bok styckindelad (1).docx"",""description"":"""",""type"":""application/vnd.openxmlformats-officedocument.wordprocessingml.document"",""path"":""/erzen bok styckindelad (1).docx"",""size"":""704 KB"",""link"":""https://www.dropbox.com/home/5f5282c18b7991444e09d5842d979f99 ()/erzen bok styckindelad (1).docx"",""account_id"":""dbid:AADXK_Gkez5UYe0VK2ee1yNTSHNoC0-_pbI"",""folderurl"":""https%3A%2F%2Fwww.dropbox.com%2Fhome%2F5f5282c18b7991444e09d5842d979f99+%28%29""}}","Lat/Long: 56.0449, 12.692
Map: https://maps.google.com/maps?q=Helsingborg,Skåne County&ll=56.0449,12.692&z=6&output=embed
Location: Helsingborg, Skåne County
Postal: 250 02
Country: SE
","december 5, 2023
- 17:36 - Digibook – Publicering av digitala böcker - https://www.digibook.se/
"
Checked,Solkarina,Sinnligkunskap,"Jag vill lägga till ytterligare en författare",,David,Grahn,,,,"Viggens väg 8",,90365,Umeå,,,,info@sinnligkunskap.com,"8420-2 704 876 641-9",Swedbank,"Vem vill Du vara","Det är dags för dig att äga ditt liv.
Boken är enkel, konkret och rakt på sak
Läs den om och om igen och du kommer att upptäcka att din förståelse för ditt liv ökar. 
Solkarina och David är rakt på sak utan krusiduller eller en massa tekniker som förvirrar dig ännu mer. 
Livet är enkelt och kort
Äg det.
Hela boken handlar om det och att hantera känslor.
Solkarina och David är två vänner som tillsammans delar sina erfarenheter av dimensionella världar och livet. Hur människan tänker, tycker och uttrycker sig är viktigt för att leva ett värdefullt och tydligt liv. Inte bara hos oss själva utan också hos våra medmänniskor.
Tillsammans har de podcasten ” Kosmiska samtal” där de delar sina erfarenheter och svarar på frågor från lyssnarna. David är minimalist och lever tillsammans med sin familj i Västerbotten. Solkarina är en av den mest erfarna andliga läraren i Sverige och utbildar regelbundet människor i dimensionell kunskap och självkännedom
Här hittar du Solkarinas kontaktinformation
Hemsida: www.solkarina.se 
Instagram: solkarina.se
Youtube: Solkarina",,,E-bok,,,,,,,,"Annat pris - ange pris nedan",130,,,,,,,"Ande, kropp och själ",,,,,,,,Filosofi,,,,,,,,,,,,,,,,,,,,,,,,,"Självhjälp och praktiska råd",,,,,,,,,,,,,,,,,,,,,,,,,,,,,,,,,,,,,,,,,,,,,,,,,,,,,,,,,,,,,,,,,,,,,,,,,,,,,,,,,,,,,,,,"Den här boken kan du lägga på streamingtjänsterna","299,00 Kr",,,,"299,00 Kr","Sinnligkunskap AB
xxxx xxxx xxxx 5977
Mastercard",912,"november 26, 2023 17:16",,Completed,Yes,No,"Mozilla/5.0 (Windows NT 10.0; Win64; x64) AppleWebKit/537.36 (KHTML, like Gecko) Chrome/119.0.0.0 Safari/537.36",82.117.99.26,933cbb6b-6872-4c42-b2c5-61b8e1088120,Processed,"Total: 299,00
Currency: SEK
Gateway: Stripe
Type: En gång
Mode: live
Transaction: pi_3OGl0DLgKhr8jxDX3HESPLz3
",,,"{""id:loEeJpHBAnAAAAAAAAEpIQ"":{""hash"":""id:loEeJpHBAnAAAAAAAAEpIQ"",""name"":""Klar Framsida.pdf"",""description"":"""",""type"":""application/pdf"",""path"":""/Klar Framsida.pdf"",""size"":""106 KB"",""link"":""https://www.dropbox.com/home/4bf3454f914b1eaa40eed2b54f6296bd ()/klar framsida.pdf"",""account_id"":""dbid:AADXK_Gkez5UYe0VK2ee1yNTSHNoC0-_pbI"",""folderurl"":""https%3A%2F%2Fwww.dropbox.com%2Fhome%2F4bf3454f914b1eaa40eed2b54f6296bd+%28%29""},""id:loEeJpHBAnAAAAAAAAEpIg"":{""hash"":""id:loEeJpHBAnAAAAAAAAEpIg"",""name"":""Klar Baksida.pdf"",""description"":"""",""type"":""application/pdf"",""path"":""/Klar Baksida.pdf"",""size"":""112 KB"",""link"":""https://www.dropbox.com/home/4bf3454f914b1eaa40eed2b54f6296bd ()/klar baksida.pdf"",""account_id"":""dbid:AADXK_Gkez5UYe0VK2ee1yNTSHNoC0-_pbI"",""folderurl"":""https%3A%2F%2Fwww.dropbox.com%2Fhome%2F4bf3454f914b1eaa40eed2b54f6296bd+%28%29""},""id:loEeJpHBAnAAAAAAAAEpIw"":{""hash"":""id:loEeJpHBAnAAAAAAAAEpIw"",""name"":""KLAR- Vem vill du vara 20231126.pdf"",""description"":"""",""type"":""application/pdf"",""path"":""/KLAR- Vem vill du vara 20231126.pdf"",""size"":""355 KB"",""link"":""https://www.dropbox.com/home/4bf3454f914b1eaa40eed2b54f6296bd ()/klar- vem vill du vara 20231126.pdf"",""account_id"":""dbid:AADXK_Gkez5UYe0VK2ee1yNTSHNoC0-_pbI"",""folderurl"":""https%3A%2F%2Fwww.dropbox.com%2Fhome%2F4bf3454f914b1eaa40eed2b54f6296bd+%28%29""}}","Lat/Long: 59.3247, 18.056
Map: https://maps.google.com/maps?ll=59.3247,18.056&z=6&output=embed
Country: SE
","november 26, 2023
- 17:06 - DuckDuckGo — Privacy, simplified. - https://duckduckgo.com/
- 17:06 - Digibook – Publicering av digitala böcker - 2 sekunder - https://www.digibook.se/
"
Checked,Gunilla,Eddeborn,,,,,,,,"Södermannagatan 57F",,11666,Stockholm,,,,mollygumma@outlook.com,"6118 136309798",Handelsbanken,"Hjärtats sånger Bok 3","""Hjärtats Sånger Del 3 – Resan genom Livet fortsätter"", en fortsättning på Gunilla Eddeborns förunderliga resa genom livets labyrint av känslor och erfarenheter. Denna tredje bok i den emotionellt gripande diktsamlingen bjuder in läsaren till en ännu djupare och mer nyanserad upptäcktsfärd in i författarens själ. 

Gunillas poetiska röst fortsätter att stråla direkt från hjärtat, vars varje ord är en tröstande och vägledande melodi som omfamnar läsaren. Varje dikt är en portal till förundran och en spegel som reflekterar både de glänsande stunderna av hopp och de mörkare skuggorna av smärta.

Dikterna avslöjar kärlekens mystik, smärtans eviga närvaro, hoppets strålande ljus och drömmarnas förunderliga dans. Läsaren blir inte bara en åhörare utan en medresenär på denna poetiska expedition genom själens landskap.

Gunilla skapar en odödlig värld av ord, en bok som inte bara läses utan omfamnas och återvänds till, gång på gång, för att utforska nya skiftningar av känslor och för att finna en djupare förståelse för sig själv och för den värld vi delar.","November 20, 2023",,E-bok,,,,,"59-69 kr (t.ex. barnbok 0-3 år)",,,,,,,,,,,,,,,,,,,,,,,,,,,,,,,,,,,,,,,,,,,,,,,,"Biografi och prosa (ej fiktion)",,,,,,,,,,,,,,,,,,,,,,,,,,,,,,,,,,,,,,,,,,,,,,,,,,,,,,,,,,,,,,,,,,,,,,,,,,,,,,,,,,,,"Baksidetexten gör du så bra","299,00 Kr","Digibook skapar e-boks-fil (EPUB) - 399,00 Kr","Digibook skapar bokframsida - 299,00 Kr",,"997,00 Kr","Handelsbanken
xxxx xxxx xxxx 8015
Mastercard",891,"november 12, 2023 15:01",,Completed,Yes,No,"Mozilla/5.0 (Windows NT 10.0; Win64; x64) AppleWebKit/537.36 (KHTML, like Gecko) Chrome/119.0.0.0 Safari/537.36",188.151.109.208,43f0af3e-5a0c-4e2b-8e29-23bf26bf1abd,Processed,"Total: 997,00
Currency: SEK
Gateway: Stripe
Type: En gång
Mode: live
Transaction: pi_3OBeDtLgKhr8jxDX3Jy65HUv
",,,"{""id:loEeJpHBAnAAAAAAAAEnYA"":{""hash"":""id:loEeJpHBAnAAAAAAAAEnYA"",""name"":""Bok-3-100-dikter-från-Jag-passerade-ett-ställe-idag-till-Morgonen-är-nattens-moder.docx"",""description"":"""",""type"":""application/vnd.openxmlformats-officedocument.wordprocessingml.document"",""path"":""/Bok-3-100-dikter-från-Jag-passerade-ett-ställe-idag-till-Morgonen-är-nattens-moder.docx"",""size"":""61 KB"",""link"":""https://www.dropbox.com/home/eb358c5efeb38ab3688608292c1af885 ()/bok-3-100-dikter-från-jag-passerade-ett-ställe-idag-till-morgonen-är-nattens-moder.docx"",""account_id"":""dbid:AADXK_Gkez5UYe0VK2ee1yNTSHNoC0-_pbI"",""folderurl"":""https%3A%2F%2Fwww.dropbox.com%2Fhome%2Feb358c5efeb38ab3688608292c1af885+%28%29""}}","Lat/Long: 59.3241, 18.0517
Map: https://maps.google.com/maps?q=Stockholm,Stockholm County&ll=59.3241,18.0517&z=6&output=embed
Location: Stockholm, Stockholm County
Postal: 116 32
Country: SE
","november 12, 2023
- 14:39 - Digibook – Publicering av digitala böcker - https://www.digibook.se/
"
Checked,Anna,Höök,,,,,,,,"Tingstugatan 43B, 1203",,64534,Strängnäs,,,"Utfall förlag",anna_hook@hotmail.com,3469-2060875,Nordea,"Hon reste sig ur askan","Stina är en städerska som bor i Åkers styckebruk. Hennes liv kan nog beskrivas som rätt trist, men så en dag träffar hon Märta och då förändras allt. Länge har Stina bittert gnetat på. Sparat pengar till framtidskontot och drömmen. Nu börjar de två istället tillsammans prata om allt skit de ser i samhället. Snart blir de fler och nu börjar de fundera på vad de kan göra själva för att få till en förändring. Stärkt av änglarnas budskap och beskydd går Stina till handling. Ängeln Chamuel visar henne vägen och förlåter henne när saker går överstyr. För överstyr går det på ett ögonblick och vår hjältar befinner sig strax i en galopperande händelsekedja. Även om de andra inte förstår Stinas snack om änglar, så följer de henne och tillsammans gör de skillnad.
Hon reste sig ur askan är en rolig och brutal bok. Den utspelar sig i en småstad och vi får följa dem som hamnat utanför. Vi följer dem i deras mission att rätta orätt.",,Ljudbok,,Anna,Höök,,"79-89 kr",,,,,,,,,,,,,,,,,,,,,,,,,,,,,,"Humoristiska romaner",,,,,,,,,,,,,,,,,,,,,,,,"Modern och samtida skönlitteratur",,,,,,,,,,,,,,,,,,,,,,,,,,,,,,,,,,,,,,,,,,,,,,,,,,,,,,,,,,,,,,,,,,,,,,,,,,,,,"Markera detta val så vi kan matcha ditt formulär med filerna från Sprend. Ange titelns namn i Sprends meddelanderuta. ",,,"299,00 Kr",,,,"299,00 Kr","Anna Höök
xxxx xxxx xxxx 8982
Visa",884,"november 10, 2023 12:27",,Completed,Yes,No,"Mozilla/5.0 (Windows NT 10.0; Win64; x64) AppleWebKit/537.36 (KHTML, like Gecko) Chrome/119.0.0.0 Safari/537.36 Edg/119.0.0.0",92.32.4.11,d24dacd5-ef0b-471c-8949-a225402b5c07,Processed,"Total: 299,00
Currency: SEK
Gateway: Stripe
Type: En gång
Mode: live
Transaction: pi_3OAssNLgKhr8jxDX0YpdTJ1f
",,,"{""id:loEeJpHBAnAAAAAAAAEnKw"":{""hash"":""id:loEeJpHBAnAAAAAAAAEnKw"",""name"":""ljudomslaghonrestesig.jpg"",""description"":"""",""type"":""image/jpeg"",""path"":""/ljudomslaghonrestesig.jpg"",""size"":""216 KB"",""link"":""https://www.dropbox.com/home/b9bc0cd0a5b8996b641081519e695b0d ()/ljudomslaghonrestesig.jpg"",""account_id"":""dbid:AADXK_Gkez5UYe0VK2ee1yNTSHNoC0-_pbI"",""folderurl"":""https%3A%2F%2Fwww.dropbox.com%2Fhome%2Fb9bc0cd0a5b8996b641081519e695b0d+%28%29""}}","Lat/Long: 59.369, 16.5053
Map: https://maps.google.com/maps?q=Eskilstuna,Södermanland County&ll=59.369,16.5053&z=6&output=embed
Location: Eskilstuna, Södermanland County
Postal: 633 57
Country: SE
","november 10, 2023
- 11:40 - Digibook – Publicering av digitala böcker - https://www.digibook.se/
- 11:40 - Skapa ljudbok – Digibook - 12 sekunder - https://www.digibook.se/skapa-ljudbok/
- 11:40 - Digibook – Publicering av digitala böcker - 11 sekunder - https://www.digibook.se/
"
Checked,Birger,Nicklasson,,,,,,,,"Garnviksvägen 34",,"461 91",Trollhättan,,,"B&B Books",birger_nicklasson@yahoo.se,"9060 2143683","Länsförsäkringar Bank","Exterminii Del 2 Terror","De knappt tre miljonerna som fortfarande klamrar sig fast vid livet i Sverige har fått kämpa under några månader för att behålla kontrollen över sina liv och sin framtid. Men det är långt ifrån över ännu.
Stockholm med omnejd drabbas av en mycket välorganiserad terrororganisation som har som mål att ta över landet och skapa ett kalifat. Södra halvan av landet drabbas av ett oväder bortom allt förstånd.
Jenny och de andra på segelbåten Berlin II möter så väl naturens ursinne som människors brutalitet på färden över Atlanten och Lisa får åter ta till våld för att freda sig och barnen. Några är fast beslutna, hon ska dö.","November 23, 2023",Ljudbok,E-bok,Birger,Nicklasson,,"79-89 kr",,,,,,,,,,,,,,,,,,,,,,,,,,,,,,,,,,,,,,,,,,,,,,,,,,,,,,,,,,,,,,,,,,,,,,,,,,,,,,,,,,,,,,,,,,,,,,,,,,,,,,,,,,,,,,,,,,,,,,,"Från 14 år",,,,,,,,,,,,,,"Jag lyckades inte klistra in manuset ( word ) till E-boken. Skickar den på vanligt mail. Hoppas det är ok.
Ljudfilen har ni redan fått.","299,00 Kr","Digibook skapar e-boks-fil (EPUB) - 399,00 Kr",,,"698,00 Kr","Birger Niklasson
xxxx xxxx xxxx 5178
Mastercard",878,"november 5, 2023 12:31",,Completed,Yes,No,"Mozilla/5.0 (Windows NT 10.0; Win64; x64) AppleWebKit/537.36 (KHTML, like Gecko) Chrome/118.0.0.0 Safari/537.36",90.226.128.85,ffc84f2a-8de1-4351-8755-dec21c8b70a2,Processed,"Total: 698,00
Currency: SEK
Gateway: Stripe
Type: En gång
Mode: live
Transaction: pi_3O94XwLgKhr8jxDX0aQTMIEG
",,,,"Lat/Long: 58.2854, 12.2816
Map: https://maps.google.com/maps?q=Trollhättan,Västra Götaland County&ll=58.2854,12.2816&z=6&output=embed
Location: Trollhättan, Västra Götaland County
Postal: 461 58
Country: SE
","oktober 31, 2023
- 19:36 - Birger Nicklasson – Digibook - https://www.digibook.se/birger-nicklasson/
november 2, 2023
- 23:30 - Digibook – Publicering av digitala böcker - 2 dagar - https://www.digibook.se/
- 23:30 - Skapa ljudbok – Digibook - 26 sekunder - https://www.digibook.se/skapa-ljudbok/
november 5, 2023
- 12:09 - Kontakta oss – Digibook - 3 dagar - https://www.digibook.se/kontakta-oss/
- 12:09 - Skapa ljudbok – Digibook - 16 sekunder - https://www.digibook.se/skapa-ljudbok/
- 12:09 - Digibook – Publicering av digitala böcker - 24 sekunder - https://www.digibook.se/
"
Checked,Solinda,Lövstedt,,,,,,,,"Riddargatan 1A",,59240,Vadstena,,,"Himlalunda Frilans",online@solinda.se,"81141 635267719","Med Hjärta i Vården","Med Hjärta i Vården","Likt en klagosång ekar våra åsikter genom milsvida korridorer, som löper kors och tvärs genom hela Svea rike. Tusentals korridorer. Verksamheter som i de allra flesta fall möter samma utmaningar, och tampas med samma problem. Vi blir trötta i kropp och själ. Många blir utbrända, andra får arbetsskador. Någon dag måste vindarna vända. Låt det vara nu.",,Ljudbok,,Hanna,Stenson,,,"59-69 kr (t.ex. barnbok 0-3 år)",,,,,,,,,,,,,,,,,,,,,,,,,,,,,,,,,,,,,,,,,,,,,,,,,,,,,,,,,,,,,,,,,,,,,,,,,,,,,,,,,,,,,,,,,,,,,,,,,,,,,,,,,,,,,,,,,,,,"Skönlitteratur: allmänt",,,,,,,,,,,,,,"Markera detta val så vi kan matcha ditt formulär med filerna från Sprend. Ange titelns namn i Sprends meddelanderuta. ",,"Hej, ni har ju redan publicerat ljudboken Med Hjärta i Vården, men nu behöver den ompubliceras - då ljudfilerna inte var döpta enligt kapitlen i innehållsförteckningen - utan bara numrerade. I tex bokusappen kan en bläddra mellan olika kapitel och då är det ju bra om de finns namngivna. Så jag har alltså döpt om ljudfilerna, och betalar för en ny publicering. Jag utgår från att ni kan använda samma omslagsfil som ni redan har publicerat. Lösenord för att ladda ner de krypterade filerna från Sprend är som tidigare - freeborn. De finns tillgängliga där en vecka från och med 5/11. Meddela gärna via mail online@solinda.se när ändringen har ägt rum.

Mvh Soliinda Lövstedt, Himlalunda Frilans","299,00 Kr",,,,"299,00 Kr","Solinda Lövstedt
xxxx xxxx xxxx 7632
Visa",876,"november 5, 2023 10:47",,Completed,Yes,No,"Mozilla/5.0 (Macintosh; Intel Mac OS X 10_15_7) AppleWebKit/605.1.15 (KHTML, like Gecko) Version/17.0 Safari/605.1.15",2a00:801:435:ed15:45c3:dd4b:4057:26dd,64b2f123-51d7-42a9-858c-6a3602c8abb6,Processed,"Total: 299,00
Currency: SEK
Gateway: Stripe
Type: En gång
Mode: live
Transaction: pi_3O92vqLgKhr8jxDX2S2ZPSZn
",,,,"Lat/Long: 59.2857, 18.0611
Map: https://maps.google.com/maps?q=Enskede-Arsta-Vantoer,Stockholm County&ll=59.2857,18.0611&z=6&output=embed
Location: Enskede-Arsta-Vantoer, Stockholm County
Postal: 122 37
Country: SE
","november 5, 2023
- 10:12 - Digibook – Publicering av digitala böcker - https://www.digibook.se/
- 10:13 - Skapa ljudbok – Digibook - 59 sekunder - https://www.digibook.se/skapa-ljudbok/
- 10:13 - Digibook – Publicering av digitala böcker - 9 sekunder - https://www.digibook.se/
"
Checked,Rebecca,Nilsson,,"Jag vill ge ut min bok under pseudonym",,,,Nora,Morander,"St Persgatan 55",,60240,Norrköping,,,,nora.morander@gmail.com,"5398 0134652",SEB,"Fångad av narcissisten","Den magiska kvällen utvecklas snabbt till ett passionerat förhållande och en ny familj - helt perfekt från utsidan. Men under fasaden finns det hemligheter som ingen känner till. Ingen ser de overkliga och sadistiska konflikterna under våra resor, den mångsidiga och kreativa misshandeln i vardagen. Balansgången att inte dra in barnen i alla konflikter och att inte helt tappa mig själv blir svårare och svårare. Äntligen samlar jag styrkan och bestämmer att trots alla hot lämna förhållandet, men mitt beslut går fruktansvärt fel…","November 2, 2023",,E-bok,,,,"79-89 kr",,,,,,,,,,,,,,,,,,,,,,,,,,,,,,,,,,,,,,,,,,,,,,,,,,,,,,,,,,,,,,,,,,,,,,,,,,,,,,,,,,,,,,,,,,,,,,,,,,,,,,,,,,,,,,,,,,,,,,,,,,,,,"Biografier, sanna berättelser, essäer etc.",,,,,,,,,"299,00 Kr",,,,"299,00 Kr","Nora Morander
xxxx xxxx xxxx 1713
Visa",875,"november 2, 2023 14:40",,Completed,Yes,No,"Mozilla/5.0 (Macintosh; Intel Mac OS X 10_15_7) AppleWebKit/537.36 (KHTML, like Gecko) Chrome/116.0.0.0 Safari/537.36",78.70.84.9,55b29ab0-68af-4ea6-a2cb-def019dc8fb0,Processed,"Total: 299,00
Currency: SEK
Gateway: Stripe
Type: En gång
Mode: live
Transaction: pi_3O818CLgKhr8jxDX35qu57tS
",,,"{""id:loEeJpHBAnAAAAAAAAEmxw"":{""hash"":""id:loEeJpHBAnAAAAAAAAEmxw"",""name"":""Fangad_av_narcissisten (6).epub"",""description"":"""",""type"":""application/epub+zip"",""path"":""/Fangad_av_narcissisten (6).epub"",""size"":""3 MB"",""link"":""https://www.dropbox.com/home/eba0d7df6ec275c2393fc3153072de86 ()/fangad_av_narcissisten (6).epub"",""account_id"":""dbid:AADXK_Gkez5UYe0VK2ee1yNTSHNoC0-_pbI"",""folderurl"":""https%3A%2F%2Fwww.dropbox.com%2Fhome%2Feba0d7df6ec275c2393fc3153072de86+%28%29""}}","Lat/Long: 58.594, 16.1889
Map: https://maps.google.com/maps?q=Norrköping,Östergötland County&ll=58.594,16.1889&z=6&output=embed
Location: Norrköping, Östergötland County
Postal: 603 86
Country: SE
","september 21, 2023
- 20:28 - Referrer - https://www.google.com/
- 20:28 - Digibook – Publicering av digitala böcker - 2 sekunder - https://www.digibook.se/
oktober 8, 2023
- 14:02 - Digibook – Publicering av digitala böcker - 2 veckor - https://www.digibook.se/
"
Checked,Agnes,Ek,,"Jag vill ge ut min bok under pseudonym",,,,Ingrid,Lindquist,"Åsögatan 148",,11632,Stockholm,,,,ingridjosefinskriver@gmail.com,"5231 11 086 70 (eller bankgiro 5132-6346 Mobil ekonomi)",SEB,"Svart lust - erotisk novell","Teologistuderande Magda besöker sin halvsyster Sabina. Det är något mystiskt med halvsystern som gör att Magdas far, frikyrkopredikanten, har förbjudit Magda att ha kontakt med henne. 

Hos Sabina möter hon den mörkhyade dansaren Noel, som håller på att göra henne galen av åtrå. Sabina och Noel visar henne ett chockerande men mycket lustfyllt sätt att leva. Men Noel har en hemlighet. När den till slut avslöjas förändras allt för Magda.

Nyckelord: #rasifiering #hemligheter #kinks #frånfiendertillälskare","November 15, 2023",Ljudbok,,Tilde,Adeberg,,,,"39-49 kr (t.ex. längre novell eller kortare roman)",,,,,,,,,,,,,,Erotik,,,,,,,,,,,,,,,,,,,,,,,,,,,,,,,,,,,,,,,,,,,,,,,,,,,,,,,,,,,,,,,,,,,,,,,,,,,,,,,,,,,,,,,,,,,,,,,,,,,,,,,,,,,,,,,,,,,"Markera detta val så vi kan matcha ditt formulär med filerna från Sprend. Ange titelns namn i Sprends meddelanderuta. ",,"Wav-fil skickad via Sprend från mobilekonomi.se@gmail.com","299,00 Kr",,,,"299,00 Kr","Ingrid Lindquist f:a Mobil ekonomi
xxxx xxxx xxxx 3790
Mastercard",868,"oktober 27, 2023 13:08",,Completed,Yes,No,"Mozilla/5.0 (Windows NT 10.0; Win64; x64) AppleWebKit/537.36 (KHTML, like Gecko) Chrome/118.0.0.0 Safari/537.36",81.228.194.64,7a185728-8237-4b7c-a0d2-cedd7cf0da7b,Processed,"Total: 299,00
Currency: SEK
Gateway: Stripe
Type: En gång
Mode: live
Transaction: pi_3O5opoLgKhr8jxDX0aFf2qyV
",,,"{""id:loEeJpHBAnAAAAAAAAEklQ"":{""hash"":""id:loEeJpHBAnAAAAAAAAEklQ"",""name"":""Svart lust audio jpg.jpg"",""description"":"""",""type"":""image/jpeg"",""path"":""/Svart lust audio jpg.jpg"",""size"":""234 KB"",""link"":""https://www.dropbox.com/home/2c131c5a11d40acb96eeb8680e33d7f0 ()/svart lust audio jpg.jpg"",""account_id"":""dbid:AADXK_Gkez5UYe0VK2ee1yNTSHNoC0-_pbI"",""folderurl"":""https%3A%2F%2Fwww.dropbox.com%2Fhome%2F2c131c5a11d40acb96eeb8680e33d7f0+%28%29""}}","Lat/Long: 59.3287, 18.0717
Map: https://maps.google.com/maps?q=Stockholm,Stockholm County&ll=59.3287,18.0717&z=6&output=embed
Location: Stockholm, Stockholm County
Postal: 116 74
Country: SE
","oktober 27, 2023
- 12:52 - Referrer - https://www.google.com/
- 12:52 - Digibook – Publicering av digitala böcker - 2 sekunder - https://www.digibook.se/
"
Checked,Birger,Nicklasson,,,,,,,,"Garnviksvägen 34",,"461 91",Trollhättan,,,,birger_nicklasson@yahoo.se,"9060 2143683",,"Exterminii Del 1 Återuppbyggnaden","De som överlevt pandemin får nu kämpa mot krafter som med våld vill ta för sig av det som är kvar.
Men det är bara början.
Människor måste ta fram sidor hos sig de inte ens viste att de hade, för att skydda sig själva och dem
som inte klarar det själva.","October 31, 2023",,E-bok,,,,"79-89 kr",,,,,,,,,,,,,,,,,,,,,,,,,,,,,,,,,,,,,,,,,,,,,,,,,,,,,,,,,,,,,,,,,,,,,,,,,,,,,,,,,,,,,,,,,,,,,,,,,,,,,,,,,,,,,,,,,,,,,,,"Från 14 år",,,,,,,,,,,,,,"Ni har väl redan omslaget till boken?

Är det möjligt att få ett kvitto till B&B Books?","299,00 Kr","Digibook skapar e-boks-fil (EPUB) - 399,00 Kr",,,"698,00 Kr","Birger Niklasson
xxxx xxxx xxxx 5178
Mastercard",867,"oktober 26, 2023 15:06",,Completed,Yes,No,"Mozilla/5.0 (Windows NT 10.0; Win64; x64) AppleWebKit/537.36 (KHTML, like Gecko) Chrome/118.0.0.0 Safari/537.36",2001:2044:706:9400:f585:91a3:2849:3021,ffc84f2a-8de1-4351-8755-dec21c8b70a2,Processed,"Total: 698,00
Currency: SEK
Gateway: Stripe
Type: En gång
Mode: live
Transaction: pi_3O5UCELgKhr8jxDX2LyMm6ST
",,,"{""id:loEeJpHBAnAAAAAAAAEklA"":{""hash"":""id:loEeJpHBAnAAAAAAAAEklA"",""name"":""Nytt reviderat manus exterminii del 1. 2023.docx"",""description"":"""",""type"":""application/vnd.openxmlformats-officedocument.wordprocessingml.document"",""path"":""/Nytt reviderat manus exterminii del 1. 2023.docx"",""size"":""798 KB"",""link"":""https://www.dropbox.com/home/f5bf65e70e0d58df59a2b10dd7d53b8e ()/nytt reviderat manus exterminii del 1. 2023.docx"",""account_id"":""dbid:AADXK_Gkez5UYe0VK2ee1yNTSHNoC0-_pbI"",""folderurl"":""https%3A%2F%2Fwww.dropbox.com%2Fhome%2Ff5bf65e70e0d58df59a2b10dd7d53b8e+%28%29""}}","Lat/Long: 58.2854, 12.2816
Map: https://maps.google.com/maps?q=Trollhättan,Västra Götaland County&ll=58.2854,12.2816&z=6&output=embed
Location: Trollhättan, Västra Götaland County
Postal: 461 54
Country: SE
","september 14, 2023
- 12:16 - Birger Nicklasson – ljudfiler – Digibook - https://www.digibook.se/birger-niklasson-ljudfiler/
september 25, 2023
- 08:46 - Ljudboksinspelning – Digibook - 2 veckor - https://www.digibook.se/ljudboksinspelning/
- 08:47 - Beställ författarsida – Digibook - 19 sekunder - https://www.digibook.se/bestall-forfattarsida/
- 19:12 - Birger Nicklasson – ljudfiler – Digibook - 10 timmar - https://www.digibook.se/birger-niklasson-ljudfiler/
- 19:13 - Digibook – Publicering av digitala böcker - 1 minut - https://www.digibook.se/
- 19:15 - Birger Nicklasson – ljudfiler – Digibook - 1 minut - https://www.digibook.se/birger-niklasson-ljudfiler/
oktober 3, 2023
- 14:39 - Beställ författarsida – Digibook - 1 vecka - https://www.digibook.se/bestall-forfattarsida/
- 15:01 - Digibook – Publicering av digitala böcker - 21 minuter - https://www.digibook.se/
- 15:02 - Beställ författarsida – Digibook - 1 minut - https://www.digibook.se/bestall-forfattarsida/
- 15:38 - Birger Nicklasson – ljudfiler – Digibook - 36 minuter - https://www.digibook.se/birger-niklasson-ljudfiler/
- 15:38 - Beställ författarsida – Digibook - 8 sekunder - https://www.digibook.se/bestall-forfattarsida/
oktober 8, 2023
- 15:50 - Birger Nicklasson – Digibook - 5 dagar - https://www.digibook.se/birger-nicklasson/
oktober 15, 2023
- 10:33 - Beställ författarsida – Digibook - 7 dagar - https://www.digibook.se/bestall-forfattarsida/
oktober 17, 2023
- 08:25 - Birger Nicklasson – Digibook - 2 dagar - https://www.digibook.se/birger-nicklasson/
oktober 23, 2023
- 16:02 - Beställ författarsida – Digibook - 6 dagar - https://www.digibook.se/bestall-forfattarsida/
oktober 24, 2023
- 06:13 - Birger Nicklasson – Digibook - 14 timmar - https://www.digibook.se/birger-nicklasson/
- 07:40 - Om Digibook – Digibook - 1 timme - https://www.digibook.se/om-digibook/
- 07:40 - Skapa ljudbok – Digibook - 12 sekunder - https://www.digibook.se/skapa-ljudbok/
- 15:13 - Digibook – Publicering av digitala böcker - 8 timmar - https://www.digibook.se/
"
Checked,Viola,Varg,,"Jag vill ge ut min bok under pseudonym",,,,Li,Nolin,"Kalixälvsvägen 69",,98594,Vettasjärvi,,,"Nolins böcker",lisano2001@hotmail.se,"6259 - 608 696 668",Handelsbanken,"Chefens favorit","Alice har trånat efter hennes chef Leo enda sedan hon började på jobbet. En dag tar hon mod till sig och frågar om han vill följa med henne hem på middag. När han tackar ja känner hon en spirande förväntan byggas upp. Förhoppningsvis hinner de göra annat än bara äta...","November 26, 2023",Ljudbok,,Tilde,Adeberg,,,,,"17-25 kr (t.ex. kortare novell)",,,,,,,,,,,,,Erotik,,,,,,,,,,,,,,,,,,,,,,,,,,,,,,,,,,,,,,,,,,,,,,,,,,,,,,,,,,,,,,,,,,,,,,,,,,,,,,,,,,,,,,,,,,,,,,,,,,,,,,,,,,,,,,,,,,,,,"Novellen finns redan som E-bok. Använd samma omslag.","299,00 Kr",,,,"299,00 Kr","Li Nolin
xxxx xxxx xxxx 2336
Mastercard",866,"oktober 26, 2023 10:20",,Completed,Yes,No,"Mozilla/5.0 (Windows NT 10.0; Win64; x64) AppleWebKit/537.36 (KHTML, like Gecko) Chrome/117.0.0.0 Safari/537.36",217.213.155.69,f376b00d-c1ee-4d65-ad54-18e617b938f3,Processed,"Total: 299,00
Currency: SEK
Gateway: Stripe
Type: En gång
Mode: live
Transaction: pi_3O5PjXLgKhr8jxDX1XJ9wrVw
",,,"{""id:loEeJpHBAnAAAAAAAAEkkg"":{""hash"":""id:loEeJpHBAnAAAAAAAAEkkg"",""name"":""Chefens favorit.zip"",""description"":"""",""type"":""application/zip"",""path"":""/Chefens favorit.zip"",""size"":""99 MB"",""link"":""https://www.dropbox.com/home/d0a11a515e14f95ec03ca593c4e83620 ()/chefens favorit.zip"",""account_id"":""dbid:AADXK_Gkez5UYe0VK2ee1yNTSHNoC0-_pbI"",""folderurl"":""https%3A%2F%2Fwww.dropbox.com%2Fhome%2Fd0a11a515e14f95ec03ca593c4e83620+%28%29""}}","Lat/Long: 63.8247, 20.2559
Map: https://maps.google.com/maps?q=Umeå,Västerbotten County&ll=63.8247,20.2559&z=6&output=embed
Location: Umeå, Västerbotten County
Postal: 907 38
Country: SE
","oktober 26, 2023
- 10:14 - Digibook – Publicering av digitala böcker - https://www.digibook.se/
"
Checked,Agnes,Ek,,"Jag vill ge ut min bok under pseudonym",,,,Ingrid,Lindquist,"ÅSÖGATAN 148",,11632,Stockholm,,,,ingridjosefinskriver@gmail.com,"5231 11 086 70 (eller bankgiro 5132-6346 Mobil ekonomi)",SEB,"Svart lust - erotisk novell","Teologistuderande Magda besöker sin halvsyster Sabina. Det är något mystiskt med halvsystern som gör att Magdas far, frikyrkopredikanten, har förbjudit Magda att ha kontakt med henne. 

Hos Sabina möter hon den mörkhyade dansaren Noel, som håller på att göra henne galen av åtrå. Sabina och Noel visar henne ett chockerande men mycket lustfyllt sätt att leva. Men Noel har en hemlighet. När den till slut avslöjas förändras allt för Magda.

Nyckelord: #rasifiering #hemligheter #kinks #frånfiendertillälskare","November 15, 2023",,E-bok,,,,,,"39-49 kr (t.ex. längre novell eller kortare roman)",,,,,,,,,,,,,,Erotik,,,,,,,,,,,,,,,,,,,,,,,,,,,,,,,,,,,,,,,,,,,,,,,,,,,,,,,,,,,,,,,,,,,,,,,,,,,,,,,,,,,,,,,,,,,,,,,,,,,,,,,,,,,,,,,,,,,,,"Lägg in eboken som Del 1 i serien ÅTRÅ

Jag återkommer med ljudversionen av samma novell inom en vecka.","299,00 Kr",,,,"299,00 Kr","Ingrid Lindquist f:a Mobil ekonomi
xxxx xxxx xxxx 3790
Mastercard",865,"oktober 25, 2023 14:53",,Completed,No,No,"Mozilla/5.0 (Windows NT 10.0; Win64; x64) AppleWebKit/537.36 (KHTML, like Gecko) Chrome/118.0.0.0 Safari/537.36",81.228.194.64,7a185728-8237-4b7c-a0d2-cedd7cf0da7b,Processed,"Total: 299,00
Currency: SEK
Gateway: Stripe
Type: En gång
Mode: live
Transaction: pi_3O57WNLgKhr8jxDX1gRRjgOj
",,,"{""id:loEeJpHBAnAAAAAAAAEkjg"":{""hash"":""id:loEeJpHBAnAAAAAAAAEkjg"",""name"":""Svart lust ebok.scrivx"",""description"":"""",""type"":""application/octet-stream"",""path"":""/Svart lust ebok.scrivx"",""size"":""7 KB"",""link"":""https://www.dropbox.com/home/2c131c5a11d40acb96eeb8680e33d7f0 ()/svart lust ebok.scrivx"",""account_id"":""dbid:AADXK_Gkez5UYe0VK2ee1yNTSHNoC0-_pbI"",""folderurl"":""https%3A%2F%2Fwww.dropbox.com%2Fhome%2F2c131c5a11d40acb96eeb8680e33d7f0+%28%29""},""id:loEeJpHBAnAAAAAAAAEkjw"":{""hash"":""id:loEeJpHBAnAAAAAAAAEkjw"",""name"":""Svart lust ebok jpg.jpg"",""description"":"""",""type"":""image/jpeg"",""path"":""/Svart lust ebok jpg.jpg"",""size"":""341 KB"",""link"":""https://www.dropbox.com/home/2c131c5a11d40acb96eeb8680e33d7f0 ()/svart lust ebok jpg.jpg"",""account_id"":""dbid:AADXK_Gkez5UYe0VK2ee1yNTSHNoC0-_pbI"",""folderurl"":""https%3A%2F%2Fwww.dropbox.com%2Fhome%2F2c131c5a11d40acb96eeb8680e33d7f0+%28%29""},""id:loEeJpHBAnAAAAAAAAEkkA"":{""hash"":""id:loEeJpHBAnAAAAAAAAEkkA"",""name"":""Svart lust ebok slutversion.epub"",""description"":"""",""type"":""application/epub+zip"",""path"":""/Svart lust ebok slutversion.epub"",""size"":""876 KB"",""link"":""https://www.dropbox.com/home/2c131c5a11d40acb96eeb8680e33d7f0 ()/svart lust ebok slutversion.epub"",""account_id"":""dbid:AADXK_Gkez5UYe0VK2ee1yNTSHNoC0-_pbI"",""folderurl"":""https%3A%2F%2Fwww.dropbox.com%2Fhome%2F2c131c5a11d40acb96eeb8680e33d7f0+%28%29""}}","Lat/Long: 59.3287, 18.0717
Map: https://maps.google.com/maps?q=Stockholm,Stockholm County&ll=59.3287,18.0717&z=6&output=embed
Location: Stockholm, Stockholm County
Postal: 116 74
Country: SE
","oktober 14, 2023
- 19:58 - Referrer - https://www.google.com/
- 19:58 - Digibook – Publicering av digitala böcker - 2 sekunder - https://www.digibook.se/
- 20:00 - Skapa Wordfil – Digibook - 2 minuter - https://www.digibook.se/skapa-wordfil/
oktober 16, 2023
- 13:47 - Om Digibook – Digibook - 2 dagar - https://www.digibook.se/om-digibook/
- 13:47 - Skapa Wordfil – Digibook - 36 sekunder - https://www.digibook.se/skapa-wordfil/
oktober 23, 2023
- 19:23 - Digibook – Publicering av digitala böcker - 1 vecka - https://www.digibook.se/
- 19:23 - Skapa Wordfil – Digibook - 6 sekunder - https://www.digibook.se/skapa-wordfil/
- 19:50 - Digibook – Publicering av digitala böcker - 27 minuter - https://www.digibook.se/
"
Checked,Solinda,Lövstedt,,,,,,,,"Riddargatan 1A",,59240,Vadstena,,,"Himlalunda Frilans",online@solinda.se,"8114-1 635267719","Södra Dalarnas Sparbank","Med Hjärta i Vården","Likt en klagosång ekar våra åsikter genom milsvida korridorer, som löper kors och tvärs genom hela Svea rike. Tusentals korridorer. Verksamheter som i de allra flesta fall möter samma utmaningar, och tampas med samma problem. Vi blir trötta i kropp och själ. Många blir utbrända, andra får arbetsskador. Någon dag måste vindarna vända. Låt det vara nu.",,Ljudbok,E-bok,Hanna,Stenson,,,"59-69 kr (t.ex. barnbok 0-3 år)",,,,,,,,,,,,,,,,,,,,,,,,,,,,,,,,,,,,,,,,,,,,,,,,,,,,,,,,,,,,,,,,,,,,,,,,,,,,,,,,,,,,,,,,,,,,,,,,,,,,,,,,,,,,,,,,,,,,"Skönlitteratur: allmänt",,,,,,,,,,,,,,"Markera detta val så vi kan matcha ditt formulär med filerna från Sprend. Ange titelns namn i Sprends meddelanderuta. ",,"Titeln Med Hjärta i Vården finns redan publicerad som tryckt exemplar via publit.se. Önskar publicera ljudbok och e-bok via digibook.se. Sänder fil för konvertering till e-pub enligt mailkorrespondens med Marino Assarsson. Det är den pdf-fil som använts för att publicera den tryckta boken, med tillägg för e-bokspublicering - och utrymme för nytt isbn på sida 2. Önskvärt är att e-boken finns tillgänglig innan 1 december, då marknadsföring kommer att påbörjas i december -23. Undrar om omslaget som jag bifogar fungerar både till ljud-bok och e-bok? Vill gärna få bekräftelse per mail att alla filer jag laddar upp är korrekta och i rätt format. Filerna har blivit sända via Sprend. Där hamnade vaw-filerna i oordning, men de ska så klart publiceras i nummerordning. Mvh Solinda Lövstedt","299,00 Kr","Digibook skapar e-boks-fil (EPUB) - 399,00 Kr",,,"698,00 Kr","Solinda Lövstedt
xxxx xxxx xxxx 7632
Visa",864,"oktober 24, 2023 13:02",,Completed,Yes,No,"Mozilla/5.0 (Macintosh; Intel Mac OS X 10_15_7) AppleWebKit/605.1.15 (KHTML, like Gecko) Version/17.0 Safari/605.1.15",83.251.222.86,64b2f123-51d7-42a9-858c-6a3602c8abb6,Processed,"Total: 698,00
Currency: SEK
Gateway: Stripe
Type: En gång
Mode: live
Transaction: pi_3O4jJ7LgKhr8jxDX37qcawle
",,,,"Lat/Long: 60.1508, 16.1679
Map: https://maps.google.com/maps?q=Avesta,Dalarna County&ll=60.1508,16.1679&z=6&output=embed
Location: Avesta, Dalarna County
Postal: 774 34
Country: SE
","oktober 12, 2023
- 13:12 - Digibook – Publicering av digitala böcker - https://www.digibook.se/
"
Checked,Ella,S,,"Jag vill ge ut min bok under pseudonym",,,,Helena,Bergman,"Sveagatan 26B",,"582 32",Linköping,,,,bergman_helena@hotmail.com,,,"Naket äventyr Del 1 Att låna en man","finns sedan tidigare",,Ljudbok,,Tilde,Adeberg,,,,,"17-25 kr (t.ex. kortare novell)",,,,,,,,,,,,,Erotik,,,,,,,,,,,,,,,,,,,,,,,,,,,,,,,,,,,,,,,,,,,,,,,,,,,,,,,,,,,,,,,,,,,,,,,,,,,,,,,,,,,,,,,,,,,,,,,,,,,,,,,,,,,,,,,,,,,,,,"299,00 Kr",,,,"299,00 Kr","Helena Bergman
xxxx xxxx xxxx 6255
Mastercard",860,"oktober 22, 2023 10:57",,Completed,Yes,No,"Mozilla/5.0 (Windows NT 10.0; Win64; x64) AppleWebKit/537.36 (KHTML, like Gecko) Chrome/118.0.0.0 Safari/537.36 Edg/118.0.2088.57",2a02:aa1:1603:cdfd:18a8:7f9f:a78a:1cd9,4e6d2e86-fb03-44f5-949e-b168a24c7bd9,Processed,"Total: 299,00
Currency: SEK
Gateway: Stripe
Type: En gång
Mode: live
Transaction: pi_3O3yPULgKhr8jxDX0NHcTJYm
",,,"{""id:loEeJpHBAnAAAAAAAAEjVA"":{""hash"":""id:loEeJpHBAnAAAAAAAAEjVA"",""name"":""Att låna en man.wav"",""description"":"""",""type"":""audio/x-wav"",""path"":""/Att låna en man.wav"",""size"":""140 MB"",""link"":""https://www.dropbox.com/home/c5f638b6261e30626eee60ddfe756478 ()/att låna en man.wav"",""account_id"":""dbid:AADXK_Gkez5UYe0VK2ee1yNTSHNoC0-_pbI"",""folderurl"":""https%3A%2F%2Fwww.dropbox.com%2Fhome%2Fc5f638b6261e30626eee60ddfe756478+%28%29""}}","Lat/Long: 59.3333, 18.05
Map: https://maps.google.com/maps?q=Stockholm County&ll=59.3333,18.05&z=6&output=embed
Location: Stockholm County
Country: SE
","oktober 22, 2023
- 10:52 - Digibook – Publicering av digitala böcker - https://www.digibook.se/
"
Checked,Mattias,Löfroth,,,,,,,,"Stopvägen 92",,16836,Bromma,,,,mattias.lofroth@gmail.com,305844327,Nordea,"En sång för Julius","Julius Martin är heartbroken. Hans före detta flickvän ska gifta sig i sommar och han kan inte göra något åt det. Han lever på sms-lån, rött vin och vedugnsbakade gyrospizzor. Dessutom vantrivs han på jobbet och drömmen om att bli en framgångsrik låtskrivare har pulveriserats för länge sen. Han har gett upp.

En sen kväll skriver han en låt som inom en vecka ligger etta på Billboardlistan. Alla vill plötsligt ha honom, drar i honom, älskar honom.

Vad gör en sån ögonblicklig framgång med en människa? Är det vad som slutgiltigen får Julius att känna sig levande igen? Eller blir pressen för tung, alltför svår att bära?",,,E-bok,,,,,,,,"Annat pris - ange pris nedan",99,,,,,,,,,,,,,,,,,,,,,,,,,,,,,,,,,,,,,,,,,,,,,,,,,,,,,,,,,,,,,,,,,,,,,,,,,,,,,,,,,,,,,,,,,,,,,,,,,,,,,,,,,,,,,,,,"Skönlitteratur: allmänt",,,,,,,,,"Samtida livsstilsromaner",,,Musik,,,,,"299,00 Kr",,,,"299,00 Kr","Mattias Löfroth
xxxx xxxx xxxx 1153
Visa",844,"oktober 9, 2023 08:39",,Completed,Yes,No,"Mozilla/5.0 (Macintosh; Intel Mac OS X 10_15_7) AppleWebKit/605.1.15 (KHTML, like Gecko) Version/17.0 Safari/605.1.15",217.209.215.159,9c4cb34a-2867-499b-85f0-29ac732c833c,Processed,"Total: 299,00
Currency: SEK
Gateway: Stripe
Type: En gång
Mode: live
Transaction: pi_3NzE3sLgKhr8jxDX0LDnvUdu
",,,"{""id:loEeJpHBAnAAAAAAAAEgsA"":{""hash"":""id:loEeJpHBAnAAAAAAAAEgsA"",""name"":""En sång för Julius.epub"",""description"":"""",""type"":""application/epub+zip"",""path"":""/En sång för Julius.epub"",""size"":""634 KB"",""link"":""https://www.dropbox.com/home/35d9f63c582b1fb2927d9fdf45a94af9 ()/en sång för julius.epub"",""account_id"":""dbid:AADXK_Gkez5UYe0VK2ee1yNTSHNoC0-_pbI"",""folderurl"":""https%3A%2F%2Fwww.dropbox.com%2Fhome%2F35d9f63c582b1fb2927d9fdf45a94af9+%28%29""},""id:loEeJpHBAnAAAAAAAAEgsQ"":{""hash"":""id:loEeJpHBAnAAAAAAAAEgsQ"",""name"":""En sång för Julius.jpg"",""description"":"""",""type"":""image/jpeg"",""path"":""/En sång för Julius.jpg"",""size"":""107 KB"",""link"":""https://www.dropbox.com/home/35d9f63c582b1fb2927d9fdf45a94af9 ()/en sång för julius.jpg"",""account_id"":""dbid:AADXK_Gkez5UYe0VK2ee1yNTSHNoC0-_pbI"",""folderurl"":""https%3A%2F%2Fwww.dropbox.com%2Fhome%2F35d9f63c582b1fb2927d9fdf45a94af9+%28%29""}}","Lat/Long: 59.3287, 18.0717
Map: https://maps.google.com/maps?q=Stockholm,Stockholm County&ll=59.3287,18.0717&z=6&output=embed
Location: Stockholm, Stockholm County
Postal: 101 54
Country: SE
","oktober 9, 2023
- 08:17 - Referrer - https://www.google.com/
- 08:17 - Digibook – Publicering av digitala böcker - 2 sekunder - https://www.digibook.se/
"
Checked,Gunilla,Eddeborn,,,,,,,,"Södermannagatan 57F",,11666,Stockholm,,,,mollygumma@outlook.com,"6118 136309798",Handelsbanken,"Hjärtats sånger, Del 2","""Hjärtats Sånger Del 2 - Fortsättningen på Resan genom Livet"" är en fortsättning på författaren Gunilla Eddeborns känslosamma och introspektiva resa genom livet, som inleddes med den gripande första delen. Denna nya diktsamling bär vidare på den personliga berättelsen och tar läsaren ännu djupare in i författarens hjärta och själ.
 
I denna andra del är Gunilla ännu mer öppen och ärlig om livets komplexitet. Dikterna kastar ljus över de djupa känslor som präglar våra liv: kärlekens förunderliga gåtor, smärtan som tär på vårt inre, hoppets sköra flämtande och drömmarnas skiftande nyanser. Genom varje dikt blir läsaren en del av Gunillas inre värld och får möjligheten att reflektera över sina egna erfarenheter och känslor.
 
Precis som i den första delen av ""Hjärtats Sånger"" är Gunillas prosa rakt från hjärtat, och varje dikt är en sång som erbjuder tröst och insikt. Det är som att ha en vän som delar sina mest privata tankar med dig och en spegel som avslöjar de skiftande nyanserna av livets resa.
 
""Hjärtats Sånger Del 2 - Fortsättningen på Resan genom Livet"" är en kraftfull påminnelse om vår egen mänsklighet och vår förmåga att övervinna och växa genom livets utmaningar. Det är en bok som du kan återvända till om och om igen för att hitta nya insikter om dig själv och världen omkring dig. Gunilla fortsätter att väva poetiska mästerverk som berör själen och inspirerar till eftertanke.","October 20, 2023",,E-bok,,,,,"59-69 kr (t.ex. barnbok 0-3 år)",,,,,,,,,,,"Ande, kropp och själ",,,,,,,,,,,,,,,,,,,,,,,,,,,,,,,,,,,,,,,Poesi,,,,,,,,,,,,,,,,,,,,,,,,,,,,,,,,,,,,,,,,,,,,,,,,,,,,,,,,,,,,,,,,,,,,,,,,,,,,,,,,"Markera detta val så vi kan matcha ditt formulär med filerna från Sprend. Ange titelns namn i Sprends meddelanderuta. ",,"Tacksam för hjälp med fram och baksida  Hälsningar Gunilla Eddeborn","299,00 Kr","Digibook skapar e-boks-fil (EPUB) - 399,00 Kr","Digibook skapar bokframsida - 299,00 Kr",,"997,00 Kr","Gunilla Eddeborn
xxxx xxxx xxxx 8015
Mastercard",836,"oktober 4, 2023 17:31",,Completed,Yes,No,"Mozilla/5.0 (Windows NT 10.0; Win64; x64) AppleWebKit/537.36 (KHTML, like Gecko) Chrome/117.0.0.0 Safari/537.36",188.151.109.208,446f4fc5-e39f-46c8-8db9-3f2dc7973a34,Processed,"Total: 997,00
Currency: SEK
Gateway: Stripe
Type: En gång
Mode: live
Transaction: pi_3NxXz9LgKhr8jxDX3mk3f7fZ
",,,"{""id:loEeJpHBAnAAAAAAAAEeVw"":{""hash"":""id:loEeJpHBAnAAAAAAAAEeVw"",""name"":""Ibland är längtan.rtf"",""description"":"""",""type"":""text/rtf"",""path"":""/Bok 2/Ibland är längtan.rtf"",""size"":""7 KB"",""link"":""https://www.dropbox.com/home/503c7c0f36c4dedafb454f883df4d54b ()/bok 2/ibland är längtan.rtf"",""account_id"":""dbid:AADXK_Gkez5UYe0VK2ee1yNTSHNoC0-_pbI"",""folderurl"":""https%3A%2F%2Fwww.dropbox.com%2Fhome%2F503c7c0f36c4dedafb454f883df4d54b+%28%29%2Fbok+2""},""id:loEeJpHBAnAAAAAAAAEeWQ"":{""hash"":""id:loEeJpHBAnAAAAAAAAEeWQ"",""name"":""Jag låter mina tankar.rtf"",""description"":"""",""type"":""text/rtf"",""path"":""/Bok 2/Jag låter mina tankar.rtf"",""size"":""8 KB"",""link"":""https://www.dropbox.com/home/503c7c0f36c4dedafb454f883df4d54b ()/bok 2/jag låter mina tankar.rtf"",""account_id"":""dbid:AADXK_Gkez5UYe0VK2ee1yNTSHNoC0-_pbI"",""folderurl"":""https%3A%2F%2Fwww.dropbox.com%2Fhome%2F503c7c0f36c4dedafb454f883df4d54b+%28%29%2Fbok+2""},""id:loEeJpHBAnAAAAAAAAEeWg"":{""hash"":""id:loEeJpHBAnAAAAAAAAEeWg"",""name"":""Jag har nuddat vid din själ.rtf"",""description"":"""",""type"":""text/rtf"",""path"":""/Bok 2/Jag har nuddat vid din själ.rtf"",""size"":""11 KB"",""link"":""https://www.dropbox.com/home/503c7c0f36c4dedafb454f883df4d54b ()/bok 2/jag har nuddat vid din själ.rtf"",""account_id"":""dbid:AADXK_Gkez5UYe0VK2ee1yNTSHNoC0-_pbI"",""folderurl"":""https%3A%2F%2Fwww.dropbox.com%2Fhome%2F503c7c0f36c4dedafb454f883df4d54b+%28%29%2Fbok+2""},""id:loEeJpHBAnAAAAAAAAEeWw"":{""hash"":""id:loEeJpHBAnAAAAAAAAEeWw"",""name"":""En liten stund en hand i min.rtf"",""description"":"""",""type"":""text/rtf"",""path"":""/Bok 2/En liten stund en hand i min.rtf"",""size"":""6 KB"",""link"":""https://www.dropbox.com/home/503c7c0f36c4dedafb454f883df4d54b ()/bok 2/en liten stund en hand i min.rtf"",""account_id"":""dbid:AADXK_Gkez5UYe0VK2ee1yNTSHNoC0-_pbI"",""folderurl"":""https%3A%2F%2Fwww.dropbox.com%2Fhome%2F503c7c0f36c4dedafb454f883df4d54b+%28%29%2Fbok+2""},""id:loEeJpHBAnAAAAAAAAEeXA"":{""hash"":""id:loEeJpHBAnAAAAAAAAEeXA"",""name"":""Jag reser tillbaka.rtf"",""description"":"""",""type"":""text/rtf"",""path"":""/Bok 2/Jag reser tillbaka.rtf"",""size"":""8 KB"",""link"":""https://www.dropbox.com/home/503c7c0f36c4dedafb454f883df4d54b ()/bok 2/jag reser tillbaka.rtf"",""account_id"":""dbid:AADXK_Gkez5UYe0VK2ee1yNTSHNoC0-_pbI"",""folderurl"":""https%3A%2F%2Fwww.dropbox.com%2Fhome%2F503c7c0f36c4dedafb454f883df4d54b+%28%29%2Fbok+2""},""id:loEeJpHBAnAAAAAAAAEeXQ"":{""hash"":""id:loEeJpHBAnAAAAAAAAEeXQ"",""name"":""Jag gör vad jag vill.rtf"",""description"":"""",""type"":""text/rtf"",""path"":""/Bok 2/Jag gör vad jag vill.rtf"",""size"":""6 KB"",""link"":""https://www.dropbox.com/home/503c7c0f36c4dedafb454f883df4d54b ()/bok 2/jag gör vad jag vill.rtf"",""account_id"":""dbid:AADXK_Gkez5UYe0VK2ee1yNTSHNoC0-_pbI"",""folderurl"":""https%3A%2F%2Fwww.dropbox.com%2Fhome%2F503c7c0f36c4dedafb454f883df4d54b+%28%29%2Fbok+2""},""id:loEeJpHBAnAAAAAAAAEeXg"":{""hash"":""id:loEeJpHBAnAAAAAAAAEeXg"",""name"":""Fri som örnen.rtf"",""description"":"""",""type"":""text/rtf"",""path"":""/Bok 2/Fri som örnen.rtf"",""size"":""5 KB"",""link"":""https://www.dropbox.com/home/503c7c0f36c4dedafb454f883df4d54b ()/bok 2/fri som örnen.rtf"",""account_id"":""dbid:AADXK_Gkez5UYe0VK2ee1yNTSHNoC0-_pbI"",""folderurl"":""https%3A%2F%2Fwww.dropbox.com%2Fhome%2F503c7c0f36c4dedafb454f883df4d54b+%28%29%2Fbok+2""},""id:loEeJpHBAnAAAAAAAAEeXw"":{""hash"":""id:loEeJpHBAnAAAAAAAAEeXw"",""name"":""En stund en tid.rtf"",""description"":"""",""type"":""text/rtf"",""path"":""/Bok 2/En stund en tid.rtf"",""size"":""6 KB"",""link"":""https://www.dropbox.com/home/503c7c0f36c4dedafb454f883df4d54b ()/bok 2/en stund en tid.rtf"",""account_id"":""dbid:AADXK_Gkez5UYe0VK2ee1yNTSHNoC0-_pbI"",""folderurl"":""https%3A%2F%2Fwww.dropbox.com%2Fhome%2F503c7c0f36c4dedafb454f883df4d54b+%28%29%2Fbok+2""},""id:loEeJpHBAnAAAAAAAAEeYA"":{""hash"":""id:loEeJpHBAnAAAAAAAAEeYA"",""name"":""Jag lyssnar på knarret i träden.rtf"",""description"":"""",""type"":""text/rtf"",""path"":""/Bok 2/Jag lyssnar på knarret i träden.rtf"",""size"":""8 KB"",""link"":""https://www.dropbox.com/home/503c7c0f36c4dedafb454f883df4d54b ()/bok 2/jag lyssnar på knarret i träden.rtf"",""account_id"":""dbid:AADXK_Gkez5UYe0VK2ee1yNTSHNoC0-_pbI"",""folderurl"":""https%3A%2F%2Fwww.dropbox.com%2Fhome%2F503c7c0f36c4dedafb454f883df4d54b+%28%29%2Fbok+2""},""id:loEeJpHBAnAAAAAAAAEeYQ"":{""hash"":""id:loEeJpHBAnAAAAAAAAEeYQ"",""name"":""Jag nuddade vid ditt öppna sår.rtf"",""description"":"""",""type"":""text/rtf"",""path"":""/Bok 2/Jag nuddade vid ditt öppna sår.rtf"",""size"":""9 KB"",""link"":""https://www.dropbox.com/home/503c7c0f36c4dedafb454f883df4d54b ()/bok 2/jag nuddade vid ditt öppna sår.rtf"",""account_id"":""dbid:AADXK_Gkez5UYe0VK2ee1yNTSHNoC0-_pbI"",""folderurl"":""https%3A%2F%2Fwww.dropbox.com%2Fhome%2F503c7c0f36c4dedafb454f883df4d54b+%28%29%2Fbok+2""},""id:loEeJpHBAnAAAAAAAAEeYg"":{""hash"":""id:loEeJpHBAnAAAAAAAAEeYg"",""name"":""Bok 2 komprimerad.zip"",""description"":"""",""type"":""application/zip"",""path"":""/Bok 2/Bok 2 komprimerad.zip"",""size"":""143 KB"",""link"":""https://www.dropbox.com/home/503c7c0f36c4dedafb454f883df4d54b ()/bok 2/bok 2 komprimerad.zip"",""account_id"":""dbid:AADXK_Gkez5UYe0VK2ee1yNTSHNoC0-_pbI"",""folderurl"":""https%3A%2F%2Fwww.dropbox.com%2Fhome%2F503c7c0f36c4dedafb454f883df4d54b+%28%29%2Fbok+2""},""id:loEeJpHBAnAAAAAAAAEeYw"":{""hash"":""id:loEeJpHBAnAAAAAAAAEeYw"",""name"":""Innan stjärnorna slocknar.rtf"",""description"":"""",""type"":""text/rtf"",""path"":""/Bok 2/Innan stjärnorna slocknar.rtf"",""size"":""11 KB"",""link"":""https://www.dropbox.com/home/503c7c0f36c4dedafb454f883df4d54b ()/bok 2/innan stjärnorna slocknar.rtf"",""account_id"":""dbid:AADXK_Gkez5UYe0VK2ee1yNTSHNoC0-_pbI"",""folderurl"":""https%3A%2F%2Fwww.dropbox.com%2Fhome%2F503c7c0f36c4dedafb454f883df4d54b+%28%29%2Fbok+2""},""id:loEeJpHBAnAAAAAAAAEeZA"":{""hash"":""id:loEeJpHBAnAAAAAAAAEeZA"",""name"":""Ett sista ljus en stund så skör.rtf"",""description"":"""",""type"":""text/rtf"",""path"":""/Bok 2/Ett sista ljus en stund så skör.rtf"",""size"":""6 KB"",""link"":""https://www.dropbox.com/home/503c7c0f36c4dedafb454f883df4d54b ()/bok 2/ett sista ljus en stund så skör.rtf"",""account_id"":""dbid:AADXK_Gkez5UYe0VK2ee1yNTSHNoC0-_pbI"",""folderurl"":""https%3A%2F%2Fwww.dropbox.com%2Fhome%2F503c7c0f36c4dedafb454f883df4d54b+%28%29%2Fbok+2""},""id:loEeJpHBAnAAAAAAAAEeZQ"":{""hash"":""id:loEeJpHBAnAAAAAAAAEeZQ"",""name"":""En natt en dag.rtf"",""description"":"""",""type"":""text/rtf"",""path"":""/Bok 2/En natt en dag.rtf"",""size"":""6 KB"",""link"":""https://www.dropbox.com/home/503c7c0f36c4dedafb454f883df4d54b ()/bok 2/en natt en dag.rtf"",""account_id"":""dbid:AADXK_Gkez5UYe0VK2ee1yNTSHNoC0-_pbI"",""folderurl"":""https%3A%2F%2Fwww.dropbox.com%2Fhome%2F503c7c0f36c4dedafb454f883df4d54b+%28%29%2Fbok+2""},""id:loEeJpHBAnAAAAAAAAEeZg"":{""hash"":""id:loEeJpHBAnAAAAAAAAEeZg"",""name"":""Jag hade en dröm.rtf"",""description"":"""",""type"":""text/rtf"",""path"":""/Bok 2/Jag hade en dröm.rtf"",""size"":""7 KB"",""link"":""https://www.dropbox.com/home/503c7c0f36c4dedafb454f883df4d54b ()/bok 2/jag hade en dröm.rtf"",""account_id"":""dbid:AADXK_Gkez5UYe0VK2ee1yNTSHNoC0-_pbI"",""folderurl"":""https%3A%2F%2Fwww.dropbox.com%2Fhome%2F503c7c0f36c4dedafb454f883df4d54b+%28%29%2Fbok+2""},""id:loEeJpHBAnAAAAAAAAEeZw"":{""hash"":""id:loEeJpHBAnAAAAAAAAEeZw"",""name"":""Jag flyger över hav.rtf"",""description"":"""",""type"":""text/rtf"",""path"":""/Bok 2/Jag flyger över hav.rtf"",""size"":""10 KB"",""link"":""https://www.dropbox.com/home/503c7c0f36c4dedafb454f883df4d54b ()/bok 2/jag flyger över hav.rtf"",""account_id"":""dbid:AADXK_Gkez5UYe0VK2ee1yNTSHNoC0-_pbI"",""folderurl"":""https%3A%2F%2Fwww.dropbox.com%2Fhome%2F503c7c0f36c4dedafb454f883df4d54b+%28%29%2Fbok+2""},""id:loEeJpHBAnAAAAAAAAEeaA"":{""hash"":""id:loEeJpHBAnAAAAAAAAEeaA"",""name"":""En tår som gnistrar av liv.rtf"",""description"":"""",""type"":""text/rtf"",""path"":""/Bok 2/En tår som gnistrar av liv.rtf"",""size"":""6 KB"",""link"":""https://www.dropbox.com/home/503c7c0f36c4dedafb454f883df4d54b ()/bok 2/en tår som gnistrar av liv.rtf"",""account_id"":""dbid:AADXK_Gkez5UYe0VK2ee1yNTSHNoC0-_pbI"",""folderurl"":""https%3A%2F%2Fwww.dropbox.com%2Fhome%2F503c7c0f36c4dedafb454f883df4d54b+%28%29%2Fbok+2""},""id:loEeJpHBAnAAAAAAAAEeaQ"":{""hash"":""id:loEeJpHBAnAAAAAAAAEeaQ"",""name"":""Hunden och katten.rtf"",""description"":"""",""type"":""text/rtf"",""path"":""/Bok 2/Hunden och katten.rtf"",""size"":""6 KB"",""link"":""https://www.dropbox.com/home/503c7c0f36c4dedafb454f883df4d54b ()/bok 2/hunden och katten.rtf"",""account_id"":""dbid:AADXK_Gkez5UYe0VK2ee1yNTSHNoC0-_pbI"",""folderurl"":""https%3A%2F%2Fwww.dropbox.com%2Fhome%2F503c7c0f36c4dedafb454f883df4d54b+%28%29%2Fbok+2""},""id:loEeJpHBAnAAAAAAAAEeag"":{""hash"":""id:loEeJpHBAnAAAAAAAAEeag"",""name"":""För ett ögonblick.rtf"",""description"":"""",""type"":""text/rtf"",""path"":""/Bok 2/För ett ögonblick.rtf"",""size"":""7 KB"",""link"":""https://www.dropbox.com/home/503c7c0f36c4dedafb454f883df4d54b ()/bok 2/för ett ögonblick.rtf"",""account_id"":""dbid:AADXK_Gkez5UYe0VK2ee1yNTSHNoC0-_pbI"",""folderurl"":""https%3A%2F%2Fwww.dropbox.com%2Fhome%2F503c7c0f36c4dedafb454f883df4d54b+%28%29%2Fbok+2""},""id:loEeJpHBAnAAAAAAAAEeaw"":{""hash"":""id:loEeJpHBAnAAAAAAAAEeaw"",""name"":""I en värld av tusen sånger.rtf"",""description"":"""",""type"":""text/rtf"",""path"":""/Bok 2/I en värld av tusen sånger.rtf"",""size"":""5 KB"",""link"":""https://www.dropbox.com/home/503c7c0f36c4dedafb454f883df4d54b ()/bok 2/i en värld av tusen sånger.rtf"",""account_id"":""dbid:AADXK_Gkez5UYe0VK2ee1yNTSHNoC0-_pbI"",""folderurl"":""https%3A%2F%2Fwww.dropbox.com%2Fhome%2F503c7c0f36c4dedafb454f883df4d54b+%28%29%2Fbok+2""},""id:loEeJpHBAnAAAAAAAAEebA"":{""hash"":""id:loEeJpHBAnAAAAAAAAEebA"",""name"":""Ett hjärta så kärt.rtf"",""description"":"""",""type"":""text/rtf"",""path"":""/Bok 2/Ett hjärta så kärt.rtf"",""size"":""5 KB"",""link"":""https://www.dropbox.com/home/503c7c0f36c4dedafb454f883df4d54b ()/bok 2/ett hjärta så kärt.rtf"",""account_id"":""dbid:AADXK_Gkez5UYe0VK2ee1yNTSHNoC0-_pbI"",""folderurl"":""https%3A%2F%2Fwww.dropbox.com%2Fhome%2F503c7c0f36c4dedafb454f883df4d54b+%28%29%2Fbok+2""},""id:loEeJpHBAnAAAAAAAAEebQ"":{""hash"":""id:loEeJpHBAnAAAAAAAAEebQ"",""name"":""En sommar en vinter och en höst.rtf"",""description"":"""",""type"":""text/rtf"",""path"":""/Bok 2/En sommar en vinter och en höst.rtf"",""size"":""6 KB"",""link"":""https://www.dropbox.com/home/503c7c0f36c4dedafb454f883df4d54b ()/bok 2/en sommar en vinter och en höst.rtf"",""account_id"":""dbid:AADXK_Gkez5UYe0VK2ee1yNTSHNoC0-_pbI"",""folderurl"":""https%3A%2F%2Fwww.dropbox.com%2Fhome%2F503c7c0f36c4dedafb454f883df4d54b+%28%29%2Fbok+2""},""id:loEeJpHBAnAAAAAAAAEebg"":{""hash"":""id:loEeJpHBAnAAAAAAAAEebg"",""name"":""Jag har all tid i världen.rtf"",""description"":"""",""type"":""text/rtf"",""path"":""/Bok 2/Jag har all tid i världen.rtf"",""size"":""7 KB"",""link"":""https://www.dropbox.com/home/503c7c0f36c4dedafb454f883df4d54b ()/bok 2/jag har all tid i världen.rtf"",""account_id"":""dbid:AADXK_Gkez5UYe0VK2ee1yNTSHNoC0-_pbI"",""folderurl"":""https%3A%2F%2Fwww.dropbox.com%2Fhome%2F503c7c0f36c4dedafb454f883df4d54b+%28%29%2Fbok+2""},""id:loEeJpHBAnAAAAAAAAEebw"":{""hash"":""id:loEeJpHBAnAAAAAAAAEebw"",""name"":""Ett mjukt litet steg.rtf"",""description"":"""",""type"":""text/rtf"",""path"":""/Bok 2/Ett mjukt litet steg.rtf"",""size"":""8 KB"",""link"":""https://www.dropbox.com/home/503c7c0f36c4dedafb454f883df4d54b ()/bok 2/ett mjukt litet steg.rtf"",""account_id"":""dbid:AADXK_Gkez5UYe0VK2ee1yNTSHNoC0-_pbI"",""folderurl"":""https%3A%2F%2Fwww.dropbox.com%2Fhome%2F503c7c0f36c4dedafb454f883df4d54b+%28%29%2Fbok+2""},""id:loEeJpHBAnAAAAAAAAEecA"":{""hash"":""id:loEeJpHBAnAAAAAAAAEecA"",""name"":""Jag låtsas att det regnar på min kind.rtf"",""description"":"""",""type"":""text/rtf"",""path"":""/Bok 2/Jag låtsas att det regnar på min kind.rtf"",""size"":""6 KB"",""link"":""https://www.dropbox.com/home/503c7c0f36c4dedafb454f883df4d54b ()/bok 2/jag låtsas att det regnar på min kind.rtf"",""account_id"":""dbid:AADXK_Gkez5UYe0VK2ee1yNTSHNoC0-_pbI"",""folderurl"":""https%3A%2F%2Fwww.dropbox.com%2Fhome%2F503c7c0f36c4dedafb454f883df4d54b+%28%29%2Fbok+2""},""id:loEeJpHBAnAAAAAAAAEecQ"":{""hash"":""id:loEeJpHBAnAAAAAAAAEecQ"",""name"":""En vacker dag och bara du och jag.rtf"",""description"":"""",""type"":""text/rtf"",""path"":""/Bok 2/En vacker dag och bara du och jag.rtf"",""size"":""6 KB"",""link"":""https://www.dropbox.com/home/503c7c0f36c4dedafb454f883df4d54b ()/bok 2/en vacker dag och bara du och jag.rtf"",""account_id"":""dbid:AADXK_Gkez5UYe0VK2ee1yNTSHNoC0-_pbI"",""folderurl"":""https%3A%2F%2Fwww.dropbox.com%2Fhome%2F503c7c0f36c4dedafb454f883df4d54b+%28%29%2Fbok+2""},""id:loEeJpHBAnAAAAAAAAEecg"":{""hash"":""id:loEeJpHBAnAAAAAAAAEecg"",""name"":""En himmel så rosa i en stad någonstans.rtf"",""description"":"""",""type"":""text/rtf"",""path"":""/Bok 2/En himmel så rosa i en stad någonstans.rtf"",""size"":""12 KB"",""link"":""https://www.dropbox.com/home/503c7c0f36c4dedafb454f883df4d54b ()/bok 2/en himmel så rosa i en stad någonstans.rtf"",""account_id"":""dbid:AADXK_Gkez5UYe0VK2ee1yNTSHNoC0-_pbI"",""folderurl"":""https%3A%2F%2Fwww.dropbox.com%2Fhome%2F503c7c0f36c4dedafb454f883df4d54b+%28%29%2Fbok+2""},""id:loEeJpHBAnAAAAAAAAEecw"":{""hash"":""id:loEeJpHBAnAAAAAAAAEecw"",""name"":""En tid en dag ett år.rtf"",""description"":"""",""type"":""text/rtf"",""path"":""/Bok 2/En tid en dag ett år.rtf"",""size"":""6 KB"",""link"":""https://www.dropbox.com/home/503c7c0f36c4dedafb454f883df4d54b ()/bok 2/en tid en dag ett år.rtf"",""account_id"":""dbid:AADXK_Gkez5UYe0VK2ee1yNTSHNoC0-_pbI"",""folderurl"":""https%3A%2F%2Fwww.dropbox.com%2Fhome%2F503c7c0f36c4dedafb454f883df4d54b+%28%29%2Fbok+2""},""id:loEeJpHBAnAAAAAAAAEedA"":{""hash"":""id:loEeJpHBAnAAAAAAAAEedA"",""name"":""En ängel viskade.rtf"",""description"":"""",""type"":""text/rtf"",""path"":""/Bok 2/En ängel viskade.rtf"",""size"":""8 KB"",""link"":""https://www.dropbox.com/home/503c7c0f36c4dedafb454f883df4d54b ()/bok 2/en ängel viskade.rtf"",""account_id"":""dbid:AADXK_Gkez5UYe0VK2ee1yNTSHNoC0-_pbI"",""folderurl"":""https%3A%2F%2Fwww.dropbox.com%2Fhome%2F503c7c0f36c4dedafb454f883df4d54b+%28%29%2Fbok+2""},""id:loEeJpHBAnAAAAAAAAEedQ"":{""hash"":""id:loEeJpHBAnAAAAAAAAEedQ"",""name"":""Ett minne blott.rtf"",""description"":"""",""type"":""text/rtf"",""path"":""/Bok 2/Ett minne blott.rtf"",""size"":""7 KB"",""link"":""https://www.dropbox.com/home/503c7c0f36c4dedafb454f883df4d54b ()/bok 2/ett minne blott.rtf"",""account_id"":""dbid:AADXK_Gkez5UYe0VK2ee1yNTSHNoC0-_pbI"",""folderurl"":""https%3A%2F%2Fwww.dropbox.com%2Fhome%2F503c7c0f36c4dedafb454f883df4d54b+%28%29%2Fbok+2""},""id:loEeJpHBAnAAAAAAAAEedg"":{""hash"":""id:loEeJpHBAnAAAAAAAAEedg"",""name"":""Jag känner igen en fri själ.rtf"",""description"":"""",""type"":""text/rtf"",""path"":""/Bok 2/Jag känner igen en fri själ.rtf"",""size"":""10 KB"",""link"":""https://www.dropbox.com/home/503c7c0f36c4dedafb454f883df4d54b ()/bok 2/jag känner igen en fri själ.rtf"",""account_id"":""dbid:AADXK_Gkez5UYe0VK2ee1yNTSHNoC0-_pbI"",""folderurl"":""https%3A%2F%2Fwww.dropbox.com%2Fhome%2F503c7c0f36c4dedafb454f883df4d54b+%28%29%2Fbok+2""},""id:loEeJpHBAnAAAAAAAAEedw"":{""hash"":""id:loEeJpHBAnAAAAAAAAEedw"",""name"":""Jag minns allt du rara.rtf"",""description"":"""",""type"":""text/rtf"",""path"":""/Bok 2/Jag minns allt du rara.rtf"",""size"":""8 KB"",""link"":""https://www.dropbox.com/home/503c7c0f36c4dedafb454f883df4d54b ()/bok 2/jag minns allt du rara.rtf"",""account_id"":""dbid:AADXK_Gkez5UYe0VK2ee1yNTSHNoC0-_pbI"",""folderurl"":""https%3A%2F%2Fwww.dropbox.com%2Fhome%2F503c7c0f36c4dedafb454f883df4d54b+%28%29%2Fbok+2""},""id:loEeJpHBAnAAAAAAAAEeeA"":{""hash"":""id:loEeJpHBAnAAAAAAAAEeeA"",""name"":""Ett ord eller två.rtf"",""description"":"""",""type"":""text/rtf"",""path"":""/Bok 2/Ett ord eller två.rtf"",""size"":""9 KB"",""link"":""https://www.dropbox.com/home/503c7c0f36c4dedafb454f883df4d54b ()/bok 2/ett ord eller två.rtf"",""account_id"":""dbid:AADXK_Gkez5UYe0VK2ee1yNTSHNoC0-_pbI"",""folderurl"":""https%3A%2F%2Fwww.dropbox.com%2Fhome%2F503c7c0f36c4dedafb454f883df4d54b+%28%29%2Fbok+2""},""id:loEeJpHBAnAAAAAAAAEeeQ"":{""hash"":""id:loEeJpHBAnAAAAAAAAEeeQ"",""name"":""Inte visste jag att det bodde en ängel i dig.rtf"",""description"":"""",""type"":""text/rtf"",""path"":""/Bok 2/Inte visste jag att det bodde en ängel i dig.rtf"",""size"":""9 KB"",""link"":""https://www.dropbox.com/home/503c7c0f36c4dedafb454f883df4d54b ()/bok 2/inte visste jag att det bodde en ängel i dig.rtf"",""account_id"":""dbid:AADXK_Gkez5UYe0VK2ee1yNTSHNoC0-_pbI"",""folderurl"":""https%3A%2F%2Fwww.dropbox.com%2Fhome%2F503c7c0f36c4dedafb454f883df4d54b+%28%29%2Fbok+2""},""id:loEeJpHBAnAAAAAAAAEeeg"":{""hash"":""id:loEeJpHBAnAAAAAAAAEeeg"",""name"":""Ett antal dagar har vi fått.rtf"",""description"":"""",""type"":""text/rtf"",""path"":""/Bok 2/Ett antal dagar har vi fått.rtf"",""size"":""10 KB"",""link"":""https://www.dropbox.com/home/503c7c0f36c4dedafb454f883df4d54b ()/bok 2/ett antal dagar har vi fått.rtf"",""account_id"":""dbid:AADXK_Gkez5UYe0VK2ee1yNTSHNoC0-_pbI"",""folderurl"":""https%3A%2F%2Fwww.dropbox.com%2Fhome%2F503c7c0f36c4dedafb454f883df4d54b+%28%29%2Fbok+2""},""id:loEeJpHBAnAAAAAAAAEeew"":{""hash"":""id:loEeJpHBAnAAAAAAAAEeew"",""name"":""Genom dig.rtf"",""description"":"""",""type"":""text/rtf"",""path"":""/Bok 2/Genom dig.rtf"",""size"":""8 KB"",""link"":""https://www.dropbox.com/home/503c7c0f36c4dedafb454f883df4d54b ()/bok 2/genom dig.rtf"",""account_id"":""dbid:AADXK_Gkez5UYe0VK2ee1yNTSHNoC0-_pbI"",""folderurl"":""https%3A%2F%2Fwww.dropbox.com%2Fhome%2F503c7c0f36c4dedafb454f883df4d54b+%28%29%2Fbok+2""},""id:loEeJpHBAnAAAAAAAAEefA"":{""hash"":""id:loEeJpHBAnAAAAAAAAEefA"",""name"":""En liten tröst.rtf"",""description"":"""",""type"":""text/rtf"",""path"":""/Bok 2/En liten tröst.rtf"",""size"":""7 KB"",""link"":""https://www.dropbox.com/home/503c7c0f36c4dedafb454f883df4d54b ()/bok 2/en liten tröst.rtf"",""account_id"":""dbid:AADXK_Gkez5UYe0VK2ee1yNTSHNoC0-_pbI"",""folderurl"":""https%3A%2F%2Fwww.dropbox.com%2Fhome%2F503c7c0f36c4dedafb454f883df4d54b+%28%29%2Fbok+2""},""id:loEeJpHBAnAAAAAAAAEefQ"":{""hash"":""id:loEeJpHBAnAAAAAAAAEefQ"",""name"":""Jag lämnar dörren öppen.rtf"",""description"":"""",""type"":""text/rtf"",""path"":""/Bok 2/Jag lämnar dörren öppen.rtf"",""size"":""10 KB"",""link"":""https://www.dropbox.com/home/503c7c0f36c4dedafb454f883df4d54b ()/bok 2/jag lämnar dörren öppen.rtf"",""account_id"":""dbid:AADXK_Gkez5UYe0VK2ee1yNTSHNoC0-_pbI"",""folderurl"":""https%3A%2F%2Fwww.dropbox.com%2Fhome%2F503c7c0f36c4dedafb454f883df4d54b+%28%29%2Fbok+2""},""id:loEeJpHBAnAAAAAAAAEefg"":{""hash"":""id:loEeJpHBAnAAAAAAAAEefg"",""name"":""En liten hand.rtf"",""description"":"""",""type"":""text/rtf"",""path"":""/Bok 2/En liten hand.rtf"",""size"":""7 KB"",""link"":""https://www.dropbox.com/home/503c7c0f36c4dedafb454f883df4d54b ()/bok 2/en liten hand.rtf"",""account_id"":""dbid:AADXK_Gkez5UYe0VK2ee1yNTSHNoC0-_pbI"",""folderurl"":""https%3A%2F%2Fwww.dropbox.com%2Fhome%2F503c7c0f36c4dedafb454f883df4d54b+%28%29%2Fbok+2""},""id:loEeJpHBAnAAAAAAAAEefw"":{""hash"":""id:loEeJpHBAnAAAAAAAAEefw"",""name"":""Ett fint möte med en man.rtf"",""description"":"""",""type"":""text/rtf"",""path"":""/Bok 2/Ett fint möte med en man.rtf"",""size"":""6 KB"",""link"":""https://www.dropbox.com/home/503c7c0f36c4dedafb454f883df4d54b ()/bok 2/ett fint möte med en man.rtf"",""account_id"":""dbid:AADXK_Gkez5UYe0VK2ee1yNTSHNoC0-_pbI"",""folderurl"":""https%3A%2F%2Fwww.dropbox.com%2Fhome%2F503c7c0f36c4dedafb454f883df4d54b+%28%29%2Fbok+2""},""id:loEeJpHBAnAAAAAAAAEegA"":{""hash"":""id:loEeJpHBAnAAAAAAAAEegA"",""name"":""Fjärilen vet inte hur vacker den är.rtf"",""description"":"""",""type"":""text/rtf"",""path"":""/Bok 2/Fjärilen vet inte hur vacker den är.rtf"",""size"":""8 KB"",""link"":""https://www.dropbox.com/home/503c7c0f36c4dedafb454f883df4d54b ()/bok 2/fjärilen vet inte hur vacker den är.rtf"",""account_id"":""dbid:AADXK_Gkez5UYe0VK2ee1yNTSHNoC0-_pbI"",""folderurl"":""https%3A%2F%2Fwww.dropbox.com%2Fhome%2F503c7c0f36c4dedafb454f883df4d54b+%28%29%2Fbok+2""},""id:loEeJpHBAnAAAAAAAAEegQ"":{""hash"":""id:loEeJpHBAnAAAAAAAAEegQ"",""name"":""En liten stund du låg bredvid.rtf"",""description"":"""",""type"":""text/rtf"",""path"":""/Bok 2/En liten stund du låg bredvid.rtf"",""size"":""7 KB"",""link"":""https://www.dropbox.com/home/503c7c0f36c4dedafb454f883df4d54b ()/bok 2/en liten stund du låg bredvid.rtf"",""account_id"":""dbid:AADXK_Gkez5UYe0VK2ee1yNTSHNoC0-_pbI"",""folderurl"":""https%3A%2F%2Fwww.dropbox.com%2Fhome%2F503c7c0f36c4dedafb454f883df4d54b+%28%29%2Fbok+2""},""id:loEeJpHBAnAAAAAAAAEegg"":{""hash"":""id:loEeJpHBAnAAAAAAAAEegg"",""name"":""Hovarna hörs lång väg.rtf"",""description"":"""",""type"":""text/rtf"",""path"":""/Bok 2/Hovarna hörs lång väg.rtf"",""size"":""9 KB"",""link"":""https://www.dropbox.com/home/503c7c0f36c4dedafb454f883df4d54b ()/bok 2/hovarna hörs lång väg.rtf"",""account_id"":""dbid:AADXK_Gkez5UYe0VK2ee1yNTSHNoC0-_pbI"",""folderurl"":""https%3A%2F%2Fwww.dropbox.com%2Fhome%2F503c7c0f36c4dedafb454f883df4d54b+%28%29%2Fbok+2""},""id:loEeJpHBAnAAAAAAAAEegw"":{""hash"":""id:loEeJpHBAnAAAAAAAAEegw"",""name"":""Jag reste bort.rtf"",""description"":"""",""type"":""text/rtf"",""path"":""/Bok 2/Jag reste bort.rtf"",""size"":""7 KB"",""link"":""https://www.dropbox.com/home/503c7c0f36c4dedafb454f883df4d54b ()/bok 2/jag reste bort.rtf"",""account_id"":""dbid:AADXK_Gkez5UYe0VK2ee1yNTSHNoC0-_pbI"",""folderurl"":""https%3A%2F%2Fwww.dropbox.com%2Fhome%2F503c7c0f36c4dedafb454f883df4d54b+%28%29%2Fbok+2""},""id:loEeJpHBAnAAAAAAAAEehA"":{""hash"":""id:loEeJpHBAnAAAAAAAAEehA"",""name"":""I tystnad levde vi.rtf"",""description"":"""",""type"":""text/rtf"",""path"":""/Bok 2/I tystnad levde vi.rtf"",""size"":""8 KB"",""link"":""https://www.dropbox.com/home/503c7c0f36c4dedafb454f883df4d54b ()/bok 2/i tystnad levde vi.rtf"",""account_id"":""dbid:AADXK_Gkez5UYe0VK2ee1yNTSHNoC0-_pbI"",""folderurl"":""https%3A%2F%2Fwww.dropbox.com%2Fhome%2F503c7c0f36c4dedafb454f883df4d54b+%28%29%2Fbok+2""},""id:loEeJpHBAnAAAAAAAAEehQ"":{""hash"":""id:loEeJpHBAnAAAAAAAAEehQ"",""name"":""Jag nuddar äntligen vid din själ.rtf"",""description"":"""",""type"":""text/rtf"",""path"":""/Bok 2/Jag nuddar äntligen vid din själ.rtf"",""size"":""6 KB"",""link"":""https://www.dropbox.com/home/503c7c0f36c4dedafb454f883df4d54b ()/bok 2/jag nuddar äntligen vid din själ.rtf"",""account_id"":""dbid:AADXK_Gkez5UYe0VK2ee1yNTSHNoC0-_pbI"",""folderurl"":""https%3A%2F%2Fwww.dropbox.com%2Fhome%2F503c7c0f36c4dedafb454f883df4d54b+%28%29%2Fbok+2""},""id:loEeJpHBAnAAAAAAAAEehg"":{""hash"":""id:loEeJpHBAnAAAAAAAAEehg"",""name"":""Jag lockades av den vackra blomman.rtf"",""description"":"""",""type"":""text/rtf"",""path"":""/Bok 2/Jag lockades av den vackra blomman.rtf"",""size"":""7 KB"",""link"":""https://www.dropbox.com/home/503c7c0f36c4dedafb454f883df4d54b ()/bok 2/jag lockades av den vackra blomman.rtf"",""account_id"":""dbid:AADXK_Gkez5UYe0VK2ee1yNTSHNoC0-_pbI"",""folderurl"":""https%3A%2F%2Fwww.dropbox.com%2Fhome%2F503c7c0f36c4dedafb454f883df4d54b+%28%29%2Fbok+2""},""id:loEeJpHBAnAAAAAAAAEehw"":{""hash"":""id:loEeJpHBAnAAAAAAAAEehw"",""name"":""I de djupaste stunder.rtf"",""description"":"""",""type"":""text/rtf"",""path"":""/Bok 2/I de djupaste stunder.rtf"",""size"":""7 KB"",""link"":""https://www.dropbox.com/home/503c7c0f36c4dedafb454f883df4d54b ()/bok 2/i de djupaste stunder.rtf"",""account_id"":""dbid:AADXK_Gkez5UYe0VK2ee1yNTSHNoC0-_pbI"",""folderurl"":""https%3A%2F%2Fwww.dropbox.com%2Fhome%2F503c7c0f36c4dedafb454f883df4d54b+%28%29%2Fbok+2""},""id:loEeJpHBAnAAAAAAAAEeiA"":{""hash"":""id:loEeJpHBAnAAAAAAAAEeiA"",""name"":""Hur kan jag hjälpa.rtf"",""description"":"""",""type"":""text/rtf"",""path"":""/Bok 2/Hur kan jag hjälpa.rtf"",""size"":""10 KB"",""link"":""https://www.dropbox.com/home/503c7c0f36c4dedafb454f883df4d54b ()/bok 2/hur kan jag hjälpa.rtf"",""account_id"":""dbid:AADXK_Gkez5UYe0VK2ee1yNTSHNoC0-_pbI"",""folderurl"":""https%3A%2F%2Fwww.dropbox.com%2Fhome%2F503c7c0f36c4dedafb454f883df4d54b+%28%29%2Fbok+2""},""id:loEeJpHBAnAAAAAAAAEeiQ"":{""hash"":""id:loEeJpHBAnAAAAAAAAEeiQ"",""name"":""Jag kan ännu höra dina andetag.rtf"",""description"":"""",""type"":""text/rtf"",""path"":""/Bok 2/Jag kan ännu höra dina andetag.rtf"",""size"":""8 KB"",""link"":""https://www.dropbox.com/home/503c7c0f36c4dedafb454f883df4d54b ()/bok 2/jag kan ännu höra dina andetag.rtf"",""account_id"":""dbid:AADXK_Gkez5UYe0VK2ee1yNTSHNoC0-_pbI"",""folderurl"":""https%3A%2F%2Fwww.dropbox.com%2Fhome%2F503c7c0f36c4dedafb454f883df4d54b+%28%29%2Fbok+2""},""id:loEeJpHBAnAAAAAAAAEeig"":{""hash"":""id:loEeJpHBAnAAAAAAAAEeig"",""name"":""Havet mellan oss är mörkt och kallt.rtf"",""description"":"""",""type"":""text/rtf"",""path"":""/Bok 2/Havet mellan oss är mörkt och kallt.rtf"",""size"":""7 KB"",""link"":""https://www.dropbox.com/home/503c7c0f36c4dedafb454f883df4d54b ()/bok 2/havet mellan oss är mörkt och kallt.rtf"",""account_id"":""dbid:AADXK_Gkez5UYe0VK2ee1yNTSHNoC0-_pbI"",""folderurl"":""https%3A%2F%2Fwww.dropbox.com%2Fhome%2F503c7c0f36c4dedafb454f883df4d54b+%28%29%2Fbok+2""},""id:loEeJpHBAnAAAAAAAAEeiw"":{""hash"":""id:loEeJpHBAnAAAAAAAAEeiw"",""name"":""Jag har mött dem alla.rtf"",""description"":"""",""type"":""text/rtf"",""path"":""/Bok 2/Jag har mött dem alla.rtf"",""size"":""10 KB"",""link"":""https://www.dropbox.com/home/503c7c0f36c4dedafb454f883df4d54b ()/bok 2/jag har mött dem alla.rtf"",""account_id"":""dbid:AADXK_Gkez5UYe0VK2ee1yNTSHNoC0-_pbI"",""folderurl"":""https%3A%2F%2Fwww.dropbox.com%2Fhome%2F503c7c0f36c4dedafb454f883df4d54b+%28%29%2Fbok+2""},""id:loEeJpHBAnAAAAAAAAEejA"":{""hash"":""id:loEeJpHBAnAAAAAAAAEejA"",""name"":""I varje barns öga.rtf"",""description"":"""",""type"":""text/rtf"",""path"":""/Bok 2/I varje barns öga.rtf"",""size"":""8 KB"",""link"":""https://www.dropbox.com/home/503c7c0f36c4dedafb454f883df4d54b ()/bok 2/i varje barns öga.rtf"",""account_id"":""dbid:AADXK_Gkez5UYe0VK2ee1yNTSHNoC0-_pbI"",""folderurl"":""https%3A%2F%2Fwww.dropbox.com%2Fhome%2F503c7c0f36c4dedafb454f883df4d54b+%28%29%2Fbok+2""},""id:loEeJpHBAnAAAAAAAAEejQ"":{""hash"":""id:loEeJpHBAnAAAAAAAAEejQ"",""name"":""En liten man så stark och grann.rtf"",""description"":"""",""type"":""text/rtf"",""path"":""/Bok 2/En liten man så stark och grann.rtf"",""size"":""8 KB"",""link"":""https://www.dropbox.com/home/503c7c0f36c4dedafb454f883df4d54b ()/bok 2/en liten man så stark och grann.rtf"",""account_id"":""dbid:AADXK_Gkez5UYe0VK2ee1yNTSHNoC0-_pbI"",""folderurl"":""https%3A%2F%2Fwww.dropbox.com%2Fhome%2F503c7c0f36c4dedafb454f883df4d54b+%28%29%2Fbok+2""},""id:loEeJpHBAnAAAAAAAAEejg"":{""hash"":""id:loEeJpHBAnAAAAAAAAEejg"",""name"":""Gå in i din egen lustgård.rtf"",""description"":"""",""type"":""text/rtf"",""path"":""/Bok 2/Gå in i din egen lustgård.rtf"",""size"":""9 KB"",""link"":""https://www.dropbox.com/home/503c7c0f36c4dedafb454f883df4d54b ()/bok 2/gå in i din egen lustgård.rtf"",""account_id"":""dbid:AADXK_Gkez5UYe0VK2ee1yNTSHNoC0-_pbI"",""folderurl"":""https%3A%2F%2Fwww.dropbox.com%2Fhome%2F503c7c0f36c4dedafb454f883df4d54b+%28%29%2Fbok+2""},""id:loEeJpHBAnAAAAAAAAEejw"":{""hash"":""id:loEeJpHBAnAAAAAAAAEejw"",""name"":""Humlan surrar.rtf"",""description"":"""",""type"":""text/rtf"",""path"":""/Bok 2/Humlan surrar.rtf"",""size"":""9 KB"",""link"":""https://www.dropbox.com/home/503c7c0f36c4dedafb454f883df4d54b ()/bok 2/humlan surrar.rtf"",""account_id"":""dbid:AADXK_Gkez5UYe0VK2ee1yNTSHNoC0-_pbI"",""folderurl"":""https%3A%2F%2Fwww.dropbox.com%2Fhome%2F503c7c0f36c4dedafb454f883df4d54b+%28%29%2Fbok+2""},""id:loEeJpHBAnAAAAAAAAEekA"":{""hash"":""id:loEeJpHBAnAAAAAAAAEekA"",""name"":""Jag nuddade vid dig.rtf"",""description"":"""",""type"":""text/rtf"",""path"":""/Bok 2/Jag nuddade vid dig.rtf"",""size"":""7 KB"",""link"":""https://www.dropbox.com/home/503c7c0f36c4dedafb454f883df4d54b ()/bok 2/jag nuddade vid dig.rtf"",""account_id"":""dbid:AADXK_Gkez5UYe0VK2ee1yNTSHNoC0-_pbI"",""folderurl"":""https%3A%2F%2Fwww.dropbox.com%2Fhome%2F503c7c0f36c4dedafb454f883df4d54b+%28%29%2Fbok+2""},""id:loEeJpHBAnAAAAAAAAEekQ"":{""hash"":""id:loEeJpHBAnAAAAAAAAEekQ"",""name"":""En osynlig hand.rtf"",""description"":"""",""type"":""text/rtf"",""path"":""/Bok 2/En osynlig hand.rtf"",""size"":""9 KB"",""link"":""https://www.dropbox.com/home/503c7c0f36c4dedafb454f883df4d54b ()/bok 2/en osynlig hand.rtf"",""account_id"":""dbid:AADXK_Gkez5UYe0VK2ee1yNTSHNoC0-_pbI"",""folderurl"":""https%3A%2F%2Fwww.dropbox.com%2Fhome%2F503c7c0f36c4dedafb454f883df4d54b+%28%29%2Fbok+2""},""id:loEeJpHBAnAAAAAAAAEekg"":{""hash"":""id:loEeJpHBAnAAAAAAAAEekg"",""name"":""Jag hade stängt en dörr.rtf"",""description"":"""",""type"":""text/rtf"",""path"":""/Bok 2/Jag hade stängt en dörr.rtf"",""size"":""8 KB"",""link"":""https://www.dropbox.com/home/503c7c0f36c4dedafb454f883df4d54b ()/bok 2/jag hade stängt en dörr.rtf"",""account_id"":""dbid:AADXK_Gkez5UYe0VK2ee1yNTSHNoC0-_pbI"",""folderurl"":""https%3A%2F%2Fwww.dropbox.com%2Fhome%2F503c7c0f36c4dedafb454f883df4d54b+%28%29%2Fbok+2""},""id:loEeJpHBAnAAAAAAAAEekw"":{""hash"":""id:loEeJpHBAnAAAAAAAAEekw"",""name"":""Ibland tänker jag att jag ska gå och knacka på din dörr.rtf"",""description"":"""",""type"":""text/rtf"",""path"":""/Bok 2/Ibland tänker jag att jag ska gå och knacka på din dörr.rtf"",""size"":""10 KB"",""link"":""https://www.dropbox.com/home/503c7c0f36c4dedafb454f883df4d54b ()/bok 2/ibland tänker jag att jag ska gå och knacka på din dörr.rtf"",""account_id"":""dbid:AADXK_Gkez5UYe0VK2ee1yNTSHNoC0-_pbI"",""folderurl"":""https%3A%2F%2Fwww.dropbox.com%2Fhome%2F503c7c0f36c4dedafb454f883df4d54b+%28%29%2Fbok+2""},""id:loEeJpHBAnAAAAAAAAEelA"":{""hash"":""id:loEeJpHBAnAAAAAAAAEelA"",""name"":""En liten kort stund.rtf"",""description"":"""",""type"":""text/rtf"",""path"":""/Bok 2/En liten kort stund.rtf"",""size"":""9 KB"",""link"":""https://www.dropbox.com/home/503c7c0f36c4dedafb454f883df4d54b ()/bok 2/en liten kort stund.rtf"",""account_id"":""dbid:AADXK_Gkez5UYe0VK2ee1yNTSHNoC0-_pbI"",""folderurl"":""https%3A%2F%2Fwww.dropbox.com%2Fhome%2F503c7c0f36c4dedafb454f883df4d54b+%28%29%2Fbok+2""},""id:loEeJpHBAnAAAAAAAAEelQ"":{""hash"":""id:loEeJpHBAnAAAAAAAAEelQ"",""name"":""Jag lämnar min själ.rtf"",""description"":"""",""type"":""text/rtf"",""path"":""/Bok 2/Jag lämnar min själ.rtf"",""size"":""13 KB"",""link"":""https://www.dropbox.com/home/503c7c0f36c4dedafb454f883df4d54b ()/bok 2/jag lämnar min själ.rtf"",""account_id"":""dbid:AADXK_Gkez5UYe0VK2ee1yNTSHNoC0-_pbI"",""folderurl"":""https%3A%2F%2Fwww.dropbox.com%2Fhome%2F503c7c0f36c4dedafb454f883df4d54b+%28%29%2Fbok+2""},""id:loEeJpHBAnAAAAAAAAEelg"":{""hash"":""id:loEeJpHBAnAAAAAAAAEelg"",""name"":""Fortsätter att vandra.rtf"",""description"":"""",""type"":""text/rtf"",""path"":""/Bok 2/Fortsätter att vandra.rtf"",""size"":""10 KB"",""link"":""https://www.dropbox.com/home/503c7c0f36c4dedafb454f883df4d54b ()/bok 2/fortsätter att vandra.rtf"",""account_id"":""dbid:AADXK_Gkez5UYe0VK2ee1yNTSHNoC0-_pbI"",""folderurl"":""https%3A%2F%2Fwww.dropbox.com%2Fhome%2F503c7c0f36c4dedafb454f883df4d54b+%28%29%2Fbok+2""},""id:loEeJpHBAnAAAAAAAAEelw"":{""hash"":""id:loEeJpHBAnAAAAAAAAEelw"",""name"":""Hur många hjärtan.rtf"",""description"":"""",""type"":""text/rtf"",""path"":""/Bok 2/Hur många hjärtan.rtf"",""size"":""8 KB"",""link"":""https://www.dropbox.com/home/503c7c0f36c4dedafb454f883df4d54b ()/bok 2/hur många hjärtan.rtf"",""account_id"":""dbid:AADXK_Gkez5UYe0VK2ee1yNTSHNoC0-_pbI"",""folderurl"":""https%3A%2F%2Fwww.dropbox.com%2Fhome%2F503c7c0f36c4dedafb454f883df4d54b+%28%29%2Fbok+2""},""id:loEeJpHBAnAAAAAAAAEemA"":{""hash"":""id:loEeJpHBAnAAAAAAAAEemA"",""name"":""Jag har vandrat på stigar.rtf"",""description"":"""",""type"":""text/rtf"",""path"":""/Bok 2/Jag har vandrat på stigar.rtf"",""size"":""13 KB"",""link"":""https://www.dropbox.com/home/503c7c0f36c4dedafb454f883df4d54b ()/bok 2/jag har vandrat på stigar.rtf"",""account_id"":""dbid:AADXK_Gkez5UYe0VK2ee1yNTSHNoC0-_pbI"",""folderurl"":""https%3A%2F%2Fwww.dropbox.com%2Fhome%2F503c7c0f36c4dedafb454f883df4d54b+%28%29%2Fbok+2""},""id:loEeJpHBAnAAAAAAAAEemQ"":{""hash"":""id:loEeJpHBAnAAAAAAAAEemQ"",""name"":""En sommar har gått.rtf"",""description"":"""",""type"":""text/rtf"",""path"":""/Bok 2/En sommar har gått.rtf"",""size"":""14 KB"",""link"":""https://www.dropbox.com/home/503c7c0f36c4dedafb454f883df4d54b ()/bok 2/en sommar har gått.rtf"",""account_id"":""dbid:AADXK_Gkez5UYe0VK2ee1yNTSHNoC0-_pbI"",""folderurl"":""https%3A%2F%2Fwww.dropbox.com%2Fhome%2F503c7c0f36c4dedafb454f883df4d54b+%28%29%2Fbok+2""},""id:loEeJpHBAnAAAAAAAAEemg"":{""hash"":""id:loEeJpHBAnAAAAAAAAEemg"",""name"":""I denna för mig ganska kyliga värld.rtf"",""description"":"""",""type"":""text/rtf"",""path"":""/Bok 2/I denna för mig ganska kyliga värld.rtf"",""size"":""7 KB"",""link"":""https://www.dropbox.com/home/503c7c0f36c4dedafb454f883df4d54b ()/bok 2/i denna för mig ganska kyliga värld.rtf"",""account_id"":""dbid:AADXK_Gkez5UYe0VK2ee1yNTSHNoC0-_pbI"",""folderurl"":""https%3A%2F%2Fwww.dropbox.com%2Fhome%2F503c7c0f36c4dedafb454f883df4d54b+%28%29%2Fbok+2""},""id:loEeJpHBAnAAAAAAAAEemw"":{""hash"":""id:loEeJpHBAnAAAAAAAAEemw"",""name"":""En liten vacker kråka.rtf"",""description"":"""",""type"":""text/rtf"",""path"":""/Bok 2/En liten vacker kråka.rtf"",""size"":""7 KB"",""link"":""https://www.dropbox.com/home/503c7c0f36c4dedafb454f883df4d54b ()/bok 2/en liten vacker kråka.rtf"",""account_id"":""dbid:AADXK_Gkez5UYe0VK2ee1yNTSHNoC0-_pbI"",""folderurl"":""https%3A%2F%2Fwww.dropbox.com%2Fhome%2F503c7c0f36c4dedafb454f883df4d54b+%28%29%2Fbok+2""},""id:loEeJpHBAnAAAAAAAAEenA"":{""hash"":""id:loEeJpHBAnAAAAAAAAEenA"",""name"":""En stilla natt.rtf"",""description"":"""",""type"":""text/rtf"",""path"":""/Bok 2/En stilla natt.rtf"",""size"":""6 KB"",""link"":""https://www.dropbox.com/home/503c7c0f36c4dedafb454f883df4d54b ()/bok 2/en stilla natt.rtf"",""account_id"":""dbid:AADXK_Gkez5UYe0VK2ee1yNTSHNoC0-_pbI"",""folderurl"":""https%3A%2F%2Fwww.dropbox.com%2Fhome%2F503c7c0f36c4dedafb454f883df4d54b+%28%29%2Fbok+2""},""id:loEeJpHBAnAAAAAAAAEenQ"":{""hash"":""id:loEeJpHBAnAAAAAAAAEenQ"",""name"":""Jag flyger med en ängel.rtf"",""description"":"""",""type"":""text/rtf"",""path"":""/Bok 2/Jag flyger med en ängel.rtf"",""size"":""10 KB"",""link"":""https://www.dropbox.com/home/503c7c0f36c4dedafb454f883df4d54b ()/bok 2/jag flyger med en ängel.rtf"",""account_id"":""dbid:AADXK_Gkez5UYe0VK2ee1yNTSHNoC0-_pbI"",""folderurl"":""https%3A%2F%2Fwww.dropbox.com%2Fhome%2F503c7c0f36c4dedafb454f883df4d54b+%28%29%2Fbok+2""},""id:loEeJpHBAnAAAAAAAAEeng"":{""hash"":""id:loEeJpHBAnAAAAAAAAEeng"",""name"":""Flingor faller långsamt och ljudlöst.rtf"",""description"":"""",""type"":""text/rtf"",""path"":""/Bok 2/Flingor faller långsamt och ljudlöst.rtf"",""size"":""7 KB"",""link"":""https://www.dropbox.com/home/503c7c0f36c4dedafb454f883df4d54b ()/bok 2/flingor faller långsamt och ljudlöst.rtf"",""account_id"":""dbid:AADXK_Gkez5UYe0VK2ee1yNTSHNoC0-_pbI"",""folderurl"":""https%3A%2F%2Fwww.dropbox.com%2Fhome%2F503c7c0f36c4dedafb454f883df4d54b+%28%29%2Fbok+2""},""id:loEeJpHBAnAAAAAAAAEenw"":{""hash"":""id:loEeJpHBAnAAAAAAAAEenw"",""name"":""Jag lägger mitt öra.rtf"",""description"":"""",""type"":""text/rtf"",""path"":""/Bok 2/Jag lägger mitt öra.rtf"",""size"":""7 KB"",""link"":""https://www.dropbox.com/home/503c7c0f36c4dedafb454f883df4d54b ()/bok 2/jag lägger mitt öra.rtf"",""account_id"":""dbid:AADXK_Gkez5UYe0VK2ee1yNTSHNoC0-_pbI"",""folderurl"":""https%3A%2F%2Fwww.dropbox.com%2Fhome%2F503c7c0f36c4dedafb454f883df4d54b+%28%29%2Fbok+2""},""id:loEeJpHBAnAAAAAAAAEeoA"":{""hash"":""id:loEeJpHBAnAAAAAAAAEeoA"",""name"":""Ett samtal alldeles nyss.rtf"",""description"":"""",""type"":""text/rtf"",""path"":""/Bok 2/Ett samtal alldeles nyss.rtf"",""size"":""8 KB"",""link"":""https://www.dropbox.com/home/503c7c0f36c4dedafb454f883df4d54b ()/bok 2/ett samtal alldeles nyss.rtf"",""account_id"":""dbid:AADXK_Gkez5UYe0VK2ee1yNTSHNoC0-_pbI"",""folderurl"":""https%3A%2F%2Fwww.dropbox.com%2Fhome%2F503c7c0f36c4dedafb454f883df4d54b+%28%29%2Fbok+2""},""id:loEeJpHBAnAAAAAAAAEeoQ"":{""hash"":""id:loEeJpHBAnAAAAAAAAEeoQ"",""name"":""Hösten kom.rtf"",""description"":"""",""type"":""text/rtf"",""path"":""/Bok 2/Hösten kom.rtf"",""size"":""5 KB"",""link"":""https://www.dropbox.com/home/503c7c0f36c4dedafb454f883df4d54b ()/bok 2/hösten kom.rtf"",""account_id"":""dbid:AADXK_Gkez5UYe0VK2ee1yNTSHNoC0-_pbI"",""folderurl"":""https%3A%2F%2Fwww.dropbox.com%2Fhome%2F503c7c0f36c4dedafb454f883df4d54b+%28%29%2Fbok+2""},""id:loEeJpHBAnAAAAAAAAEeog"":{""hash"":""id:loEeJpHBAnAAAAAAAAEeog"",""name"":""Ibland är livet upp och ner.rtf"",""description"":"""",""type"":""text/rtf"",""path"":""/Bok 2/Ibland är livet upp och ner.rtf"",""size"":""9 KB"",""link"":""https://www.dropbox.com/home/503c7c0f36c4dedafb454f883df4d54b ()/bok 2/ibland är livet upp och ner.rtf"",""account_id"":""dbid:AADXK_Gkez5UYe0VK2ee1yNTSHNoC0-_pbI"",""folderurl"":""https%3A%2F%2Fwww.dropbox.com%2Fhome%2F503c7c0f36c4dedafb454f883df4d54b+%28%29%2Fbok+2""},""id:loEeJpHBAnAAAAAAAAEeow"":{""hash"":""id:loEeJpHBAnAAAAAAAAEeow"",""name"":""Jag dansar i regnet.rtf"",""description"":"""",""type"":""text/rtf"",""path"":""/Bok 2/Jag dansar i regnet.rtf"",""size"":""8 KB"",""link"":""https://www.dropbox.com/home/503c7c0f36c4dedafb454f883df4d54b ()/bok 2/jag dansar i regnet.rtf"",""account_id"":""dbid:AADXK_Gkez5UYe0VK2ee1yNTSHNoC0-_pbI"",""folderurl"":""https%3A%2F%2Fwww.dropbox.com%2Fhome%2F503c7c0f36c4dedafb454f883df4d54b+%28%29%2Fbok+2""},""id:loEeJpHBAnAAAAAAAAEepA"":{""hash"":""id:loEeJpHBAnAAAAAAAAEepA"",""name"":""Frågan som innehåller så mycket.rtf"",""description"":"""",""type"":""text/rtf"",""path"":""/Bok 2/Frågan som innehåller så mycket.rtf"",""size"":""8 KB"",""link"":""https://www.dropbox.com/home/503c7c0f36c4dedafb454f883df4d54b ()/bok 2/frågan som innehåller så mycket.rtf"",""account_id"":""dbid:AADXK_Gkez5UYe0VK2ee1yNTSHNoC0-_pbI"",""folderurl"":""https%3A%2F%2Fwww.dropbox.com%2Fhome%2F503c7c0f36c4dedafb454f883df4d54b+%28%29%2Fbok+2""},""id:loEeJpHBAnAAAAAAAAEepQ"":{""hash"":""id:loEeJpHBAnAAAAAAAAEepQ"",""name"":""Jag gjorde en resa så lång.rtf"",""description"":"""",""type"":""text/rtf"",""path"":""/Bok 2/Jag gjorde en resa så lång.rtf"",""size"":""10 KB"",""link"":""https://www.dropbox.com/home/503c7c0f36c4dedafb454f883df4d54b ()/bok 2/jag gjorde en resa så lång.rtf"",""account_id"":""dbid:AADXK_Gkez5UYe0VK2ee1yNTSHNoC0-_pbI"",""folderurl"":""https%3A%2F%2Fwww.dropbox.com%2Fhome%2F503c7c0f36c4dedafb454f883df4d54b+%28%29%2Fbok+2""},""id:loEeJpHBAnAAAAAAAAEepg"":{""hash"":""id:loEeJpHBAnAAAAAAAAEepg"",""name"":""Jag plockar ner en stjäna.rtf"",""description"":"""",""type"":""text/rtf"",""path"":""/Bok 2/Jag plockar ner en stjäna.rtf"",""size"":""7 KB"",""link"":""https://www.dropbox.com/home/503c7c0f36c4dedafb454f883df4d54b ()/bok 2/jag plockar ner en stjäna.rtf"",""account_id"":""dbid:AADXK_Gkez5UYe0VK2ee1yNTSHNoC0-_pbI"",""folderurl"":""https%3A%2F%2Fwww.dropbox.com%2Fhome%2F503c7c0f36c4dedafb454f883df4d54b+%28%29%2Fbok+2""},""id:loEeJpHBAnAAAAAAAAEepw"":{""hash"":""id:loEeJpHBAnAAAAAAAAEepw"",""name"":""Jag läser ditt brev.rtf"",""description"":"""",""type"":""text/rtf"",""path"":""/Bok 2/Jag läser ditt brev.rtf"",""size"":""8 KB"",""link"":""https://www.dropbox.com/home/503c7c0f36c4dedafb454f883df4d54b ()/bok 2/jag läser ditt brev.rtf"",""account_id"":""dbid:AADXK_Gkez5UYe0VK2ee1yNTSHNoC0-_pbI"",""folderurl"":""https%3A%2F%2Fwww.dropbox.com%2Fhome%2F503c7c0f36c4dedafb454f883df4d54b+%28%29%2Fbok+2""},""id:loEeJpHBAnAAAAAAAAEeqA"":{""hash"":""id:loEeJpHBAnAAAAAAAAEeqA"",""name"":""En äng så vacker.rtf"",""description"":"""",""type"":""text/rtf"",""path"":""/Bok 2/En äng så vacker.rtf"",""size"":""8 KB"",""link"":""https://www.dropbox.com/home/503c7c0f36c4dedafb454f883df4d54b ()/bok 2/en äng så vacker.rtf"",""account_id"":""dbid:AADXK_Gkez5UYe0VK2ee1yNTSHNoC0-_pbI"",""folderurl"":""https%3A%2F%2Fwww.dropbox.com%2Fhome%2F503c7c0f36c4dedafb454f883df4d54b+%28%29%2Fbok+2""},""id:loEeJpHBAnAAAAAAAAEeqQ"":{""hash"":""id:loEeJpHBAnAAAAAAAAEeqQ"",""name"":""En liten mun en liten hand.rtf"",""description"":"""",""type"":""text/rtf"",""path"":""/Bok 2/En liten mun en liten hand.rtf"",""size"":""6 KB"",""link"":""https://www.dropbox.com/home/503c7c0f36c4dedafb454f883df4d54b ()/bok 2/en liten mun en liten hand.rtf"",""account_id"":""dbid:AADXK_Gkez5UYe0VK2ee1yNTSHNoC0-_pbI"",""folderurl"":""https%3A%2F%2Fwww.dropbox.com%2Fhome%2F503c7c0f36c4dedafb454f883df4d54b+%28%29%2Fbok+2""},""id:loEeJpHBAnAAAAAAAAEeqg"":{""hash"":""id:loEeJpHBAnAAAAAAAAEeqg"",""name"":""En liten stund  en liten tid.rtf"",""description"":"""",""type"":""text/rtf"",""path"":""/Bok 2/En liten stund  en liten tid.rtf"",""size"":""6 KB"",""link"":""https://www.dropbox.com/home/503c7c0f36c4dedafb454f883df4d54b ()/bok 2/en liten stund  en liten tid.rtf"",""account_id"":""dbid:AADXK_Gkez5UYe0VK2ee1yNTSHNoC0-_pbI"",""folderurl"":""https%3A%2F%2Fwww.dropbox.com%2Fhome%2F503c7c0f36c4dedafb454f883df4d54b+%28%29%2Fbok+2""},""id:loEeJpHBAnAAAAAAAAEeqw"":{""hash"":""id:loEeJpHBAnAAAAAAAAEeqw"",""name"":""Hålet i mitt hjärta.rtf"",""description"":"""",""type"":""text/rtf"",""path"":""/Bok 2/Hålet i mitt hjärta.rtf"",""size"":""14 KB"",""link"":""https://www.dropbox.com/home/503c7c0f36c4dedafb454f883df4d54b ()/bok 2/hålet i mitt hjärta.rtf"",""account_id"":""dbid:AADXK_Gkez5UYe0VK2ee1yNTSHNoC0-_pbI"",""folderurl"":""https%3A%2F%2Fwww.dropbox.com%2Fhome%2F503c7c0f36c4dedafb454f883df4d54b+%28%29%2Fbok+2""},""id:loEeJpHBAnAAAAAAAAEerA"":{""hash"":""id:loEeJpHBAnAAAAAAAAEerA"",""name"":""Jag lyssnar på tystnaden i det vackra rummet.rtf"",""description"":"""",""type"":""text/rtf"",""path"":""/Bok 2/Jag lyssnar på tystnaden i det vackra rummet.rtf"",""size"":""10 KB"",""link"":""https://www.dropbox.com/home/503c7c0f36c4dedafb454f883df4d54b ()/bok 2/jag lyssnar på tystnaden i det vackra rummet.rtf"",""account_id"":""dbid:AADXK_Gkez5UYe0VK2ee1yNTSHNoC0-_pbI"",""folderurl"":""https%3A%2F%2Fwww.dropbox.com%2Fhome%2F503c7c0f36c4dedafb454f883df4d54b+%28%29%2Fbok+2""},""id:loEeJpHBAnAAAAAAAAEerQ"":{""hash"":""id:loEeJpHBAnAAAAAAAAEerQ"",""name"":""Ibland är livet  som en flod.rtf"",""description"":"""",""type"":""text/rtf"",""path"":""/Bok 2/Ibland är livet  som en flod.rtf"",""size"":""8 KB"",""link"":""https://www.dropbox.com/home/503c7c0f36c4dedafb454f883df4d54b ()/bok 2/ibland är livet  som en flod.rtf"",""account_id"":""dbid:AADXK_Gkez5UYe0VK2ee1yNTSHNoC0-_pbI"",""folderurl"":""https%3A%2F%2Fwww.dropbox.com%2Fhome%2F503c7c0f36c4dedafb454f883df4d54b+%28%29%2Fbok+2""},""id:loEeJpHBAnAAAAAAAAEerg"":{""hash"":""id:loEeJpHBAnAAAAAAAAEerg"",""name"":""En skön känsla av äventyr.rtf"",""description"":"""",""type"":""text/rtf"",""path"":""/Bok 2/En skön känsla av äventyr.rtf"",""size"":""6 KB"",""link"":""https://www.dropbox.com/home/503c7c0f36c4dedafb454f883df4d54b ()/bok 2/en skön känsla av äventyr.rtf"",""account_id"":""dbid:AADXK_Gkez5UYe0VK2ee1yNTSHNoC0-_pbI"",""folderurl"":""https%3A%2F%2Fwww.dropbox.com%2Fhome%2F503c7c0f36c4dedafb454f883df4d54b+%28%29%2Fbok+2""},""id:loEeJpHBAnAAAAAAAAEerw"":{""hash"":""id:loEeJpHBAnAAAAAAAAEerw"",""name"":""Göm din skugga.rtf"",""description"":"""",""type"":""text/rtf"",""path"":""/Bok 2/Göm din skugga.rtf"",""size"":""7 KB"",""link"":""https://www.dropbox.com/home/503c7c0f36c4dedafb454f883df4d54b ()/bok 2/göm din skugga.rtf"",""account_id"":""dbid:AADXK_Gkez5UYe0VK2ee1yNTSHNoC0-_pbI"",""folderurl"":""https%3A%2F%2Fwww.dropbox.com%2Fhome%2F503c7c0f36c4dedafb454f883df4d54b+%28%29%2Fbok+2""},""id:loEeJpHBAnAAAAAAAAEesA"":{""hash"":""id:loEeJpHBAnAAAAAAAAEesA"",""name"":""Ett samtal och ett samförstånd.rtf"",""description"":"""",""type"":""text/rtf"",""path"":""/Bok 2/Ett samtal och ett samförstånd.rtf"",""size"":""9 KB"",""link"":""https://www.dropbox.com/home/503c7c0f36c4dedafb454f883df4d54b ()/bok 2/ett samtal och ett samförstånd.rtf"",""account_id"":""dbid:AADXK_Gkez5UYe0VK2ee1yNTSHNoC0-_pbI"",""folderurl"":""https%3A%2F%2Fwww.dropbox.com%2Fhome%2F503c7c0f36c4dedafb454f883df4d54b+%28%29%2Fbok+2""},""id:loEeJpHBAnAAAAAAAAEesQ"":{""hash"":""id:loEeJpHBAnAAAAAAAAEesQ"",""name"":""I mitt hjärta jag bar.rtf"",""description"":"""",""type"":""text/rtf"",""path"":""/Bok 2/I mitt hjärta jag bar.rtf"",""size"":""8 KB"",""link"":""https://www.dropbox.com/home/503c7c0f36c4dedafb454f883df4d54b ()/bok 2/i mitt hjärta jag bar.rtf"",""account_id"":""dbid:AADXK_Gkez5UYe0VK2ee1yNTSHNoC0-_pbI"",""folderurl"":""https%3A%2F%2Fwww.dropbox.com%2Fhome%2F503c7c0f36c4dedafb454f883df4d54b+%28%29%2Fbok+2""},""id:loEeJpHBAnAAAAAAAAEesg"":{""hash"":""id:loEeJpHBAnAAAAAAAAEesg"",""name"":""Jag hör musik.rtf"",""description"":"""",""type"":""text/rtf"",""path"":""/Bok 2/Jag hör musik.rtf"",""size"":""6 KB"",""link"":""https://www.dropbox.com/home/503c7c0f36c4dedafb454f883df4d54b ()/bok 2/jag hör musik.rtf"",""account_id"":""dbid:AADXK_Gkez5UYe0VK2ee1yNTSHNoC0-_pbI"",""folderurl"":""https%3A%2F%2Fwww.dropbox.com%2Fhome%2F503c7c0f36c4dedafb454f883df4d54b+%28%29%2Fbok+2""},""id:loEeJpHBAnAAAAAAAAEesw"":{""hash"":""id:loEeJpHBAnAAAAAAAAEesw"",""name"":""Jag har vandrat.rtf"",""description"":"""",""type"":""text/rtf"",""path"":""/Bok 2/Jag har vandrat.rtf"",""size"":""10 KB"",""link"":""https://www.dropbox.com/home/503c7c0f36c4dedafb454f883df4d54b ()/bok 2/jag har vandrat.rtf"",""account_id"":""dbid:AADXK_Gkez5UYe0VK2ee1yNTSHNoC0-_pbI"",""folderurl"":""https%3A%2F%2Fwww.dropbox.com%2Fhome%2F503c7c0f36c4dedafb454f883df4d54b+%28%29%2Fbok+2""},""id:loEeJpHBAnAAAAAAAAEetA"":{""hash"":""id:loEeJpHBAnAAAAAAAAEetA"",""name"":""Jag har älskat.rtf"",""description"":"""",""type"":""text/rtf"",""path"":""/Bok 2/Jag har älskat.rtf"",""size"":""7 KB"",""link"":""https://www.dropbox.com/home/503c7c0f36c4dedafb454f883df4d54b ()/bok 2/jag har älskat.rtf"",""account_id"":""dbid:AADXK_Gkez5UYe0VK2ee1yNTSHNoC0-_pbI"",""folderurl"":""https%3A%2F%2Fwww.dropbox.com%2Fhome%2F503c7c0f36c4dedafb454f883df4d54b+%28%29%2Fbok+2""},""id:loEeJpHBAnAAAAAAAAEetQ"":{""hash"":""id:loEeJpHBAnAAAAAAAAEetQ"",""name"":""Här en stund i sängen.rtf"",""description"":"""",""type"":""text/rtf"",""path"":""/Bok 2/Här en stund i sängen.rtf"",""size"":""6 KB"",""link"":""https://www.dropbox.com/home/503c7c0f36c4dedafb454f883df4d54b ()/bok 2/här en stund i sängen.rtf"",""account_id"":""dbid:AADXK_Gkez5UYe0VK2ee1yNTSHNoC0-_pbI"",""folderurl"":""https%3A%2F%2Fwww.dropbox.com%2Fhome%2F503c7c0f36c4dedafb454f883df4d54b+%28%29%2Fbok+2""},""id:loEeJpHBAnAAAAAAAAEetg"":{""hash"":""id:loEeJpHBAnAAAAAAAAEetg"",""name"":""Jag har sett din trasiga själ.rtf"",""description"":"""",""type"":""text/rtf"",""path"":""/Bok 2/Jag har sett din trasiga själ.rtf"",""size"":""12 KB"",""link"":""https://www.dropbox.com/home/503c7c0f36c4dedafb454f883df4d54b ()/bok 2/jag har sett din trasiga själ.rtf"",""account_id"":""dbid:AADXK_Gkez5UYe0VK2ee1yNTSHNoC0-_pbI"",""folderurl"":""https%3A%2F%2Fwww.dropbox.com%2Fhome%2F503c7c0f36c4dedafb454f883df4d54b+%28%29%2Fbok+2""},""id:loEeJpHBAnAAAAAAAAEetw"":{""hash"":""id:loEeJpHBAnAAAAAAAAEetw"",""name"":""Ett möte som flera andra.rtf"",""description"":"""",""type"":""text/rtf"",""path"":""/Bok 2/Ett möte som flera andra.rtf"",""size"":""8 KB"",""link"":""https://www.dropbox.com/home/503c7c0f36c4dedafb454f883df4d54b ()/bok 2/ett möte som flera andra.rtf"",""account_id"":""dbid:AADXK_Gkez5UYe0VK2ee1yNTSHNoC0-_pbI"",""folderurl"":""https%3A%2F%2Fwww.dropbox.com%2Fhome%2F503c7c0f36c4dedafb454f883df4d54b+%28%29%2Fbok+2""},""id:loEeJpHBAnAAAAAAAAEeuA"":{""hash"":""id:loEeJpHBAnAAAAAAAAEeuA"",""name"":""En man en bok.rtf"",""description"":"""",""type"":""text/rtf"",""path"":""/Bok 2/En man en bok.rtf"",""size"":""5 KB"",""link"":""https://www.dropbox.com/home/503c7c0f36c4dedafb454f883df4d54b ()/bok 2/en man en bok.rtf"",""account_id"":""dbid:AADXK_Gkez5UYe0VK2ee1yNTSHNoC0-_pbI"",""folderurl"":""https%3A%2F%2Fwww.dropbox.com%2Fhome%2F503c7c0f36c4dedafb454f883df4d54b+%28%29%2Fbok+2""},""id:loEeJpHBAnAAAAAAAAEeuQ"":{""hash"":""id:loEeJpHBAnAAAAAAAAEeuQ"",""name"":""Ibland är livet så härligt.rtf"",""description"":"""",""type"":""text/rtf"",""path"":""/Bok 2/Ibland är livet så härligt.rtf"",""size"":""9 KB"",""link"":""https://www.dropbox.com/home/503c7c0f36c4dedafb454f883df4d54b ()/bok 2/ibland är livet så härligt.rtf"",""account_id"":""dbid:AADXK_Gkez5UYe0VK2ee1yNTSHNoC0-_pbI"",""folderurl"":""https%3A%2F%2Fwww.dropbox.com%2Fhome%2F503c7c0f36c4dedafb454f883df4d54b+%28%29%2Fbok+2""},""id:loEeJpHBAnAAAAAAAAEeug"":{""hash"":""id:loEeJpHBAnAAAAAAAAEeug"",""name"":""En söt liten groda.rtf"",""description"":"""",""type"":""text/rtf"",""path"":""/Bok 2/En söt liten groda.rtf"",""size"":""8 KB"",""link"":""https://www.dropbox.com/home/503c7c0f36c4dedafb454f883df4d54b ()/bok 2/en söt liten groda.rtf"",""account_id"":""dbid:AADXK_Gkez5UYe0VK2ee1yNTSHNoC0-_pbI"",""folderurl"":""https%3A%2F%2Fwww.dropbox.com%2Fhome%2F503c7c0f36c4dedafb454f883df4d54b+%28%29%2Fbok+2""},""id:loEeJpHBAnAAAAAAAAEeuw"":{""hash"":""id:loEeJpHBAnAAAAAAAAEeuw"",""name"":""Ett av de vackraste ord.rtf"",""description"":"""",""type"":""text/rtf"",""path"":""/Bok 2/Ett av de vackraste ord.rtf"",""size"":""8 KB"",""link"":""https://www.dropbox.com/home/503c7c0f36c4dedafb454f883df4d54b ()/bok 2/ett av de vackraste ord.rtf"",""account_id"":""dbid:AADXK_Gkez5UYe0VK2ee1yNTSHNoC0-_pbI"",""folderurl"":""https%3A%2F%2Fwww.dropbox.com%2Fhome%2F503c7c0f36c4dedafb454f883df4d54b+%28%29%2Fbok+2""},""id:loEeJpHBAnAAAAAAAAEevA"":{""hash"":""id:loEeJpHBAnAAAAAAAAEevA"",""name"":""En vacker hand i min.rtf"",""description"":"""",""type"":""text/rtf"",""path"":""/Bok 2/En vacker hand i min.rtf"",""size"":""9 KB"",""link"":""https://www.dropbox.com/home/503c7c0f36c4dedafb454f883df4d54b ()/bok 2/en vacker hand i min.rtf"",""account_id"":""dbid:AADXK_Gkez5UYe0VK2ee1yNTSHNoC0-_pbI"",""folderurl"":""https%3A%2F%2Fwww.dropbox.com%2Fhome%2F503c7c0f36c4dedafb454f883df4d54b+%28%29%2Fbok+2""}}","Lat/Long: 59.3241, 18.0517
Map: https://maps.google.com/maps?q=Stockholm,Stockholm County&ll=59.3241,18.0517&z=6&output=embed
Location: Stockholm, Stockholm County
Postal: 116 40
Country: SE
","oktober 4, 2023
- 10:40 - Digibook – Publicering av digitala böcker - https://www.digibook.se/
- 10:40 - Skapa Wordfil – Digibook - 13 sekunder - https://www.digibook.se/skapa-wordfil/
- 10:47 - Digibook – Publicering av digitala böcker - 7 minuter - https://www.digibook.se/
"
Checked,Ella,S,,"Jag vill ge ut min bok under pseudonym",,,,Helena,Bergman,"Sveagatan 26B",,58232,Linköping,,,,bergman_helena@hotmail.com,,,"Naket äventyr Del 2 Att låna en fru","Se tidigare beskrivning av Del 2",,Ljudbok,,Tilde,Adeberg,,,,,"17-25 kr (t.ex. kortare novell)",,,,,,,,,,,,,Erotik,,,,,,,,,,,,,,,,,,,,,,,,,,,,,,,,,,,,,,,,,,,,,,,,,,,,,,,,,,,,,,,,,,,,,,,,,,,,,,,,,,,,,,,,,,,,,,,,,,,,,,,,,,,,,,,,,,,,,"Vill bara dubbelkolla: skrev jag rätt vid uppladdningen av Del 1? 
Titlarna är de samma som titlarna på publicerade e-publikationer //Helena","299,00 Kr",,,,"299,00 Kr","Helena Bergman
xxxx xxxx xxxx 6255
Mastercard",834,"oktober 3, 2023 10:35",,Completed,Yes,No,"Mozilla/5.0 (Windows NT 10.0; Win64; x64) AppleWebKit/537.36 (KHTML, like Gecko) Chrome/117.0.0.0 Safari/537.36 Edg/117.0.2045.47",2a02:aa1:1608:230b:542b:a0f2:2b24:a84e,4e6d2e86-fb03-44f5-949e-b168a24c7bd9,Processed,"Total: 299,00
Currency: SEK
Gateway: Stripe
Type: En gång
Mode: live
Transaction: pi_3Nx510LgKhr8jxDX3qaznA9D
",,,"{""id:loEeJpHBAnAAAAAAAAEeUw"":{""hash"":""id:loEeJpHBAnAAAAAAAAEeUw"",""name"":""Del 2 - Att låna en fru.wav"",""description"":"""",""type"":""audio/x-wav"",""path"":""/Del 2 - Att låna en fru.wav"",""size"":""120 MB"",""link"":""https://www.dropbox.com/home/ac53bab38957286837ac05cc6b016b94 ()/del 2 - att låna en fru.wav"",""account_id"":""dbid:AADXK_Gkez5UYe0VK2ee1yNTSHNoC0-_pbI"",""folderurl"":""https%3A%2F%2Fwww.dropbox.com%2Fhome%2Fac53bab38957286837ac05cc6b016b94+%28%29""}}","Lat/Long: 59.3287, 18.0717
Map: https://maps.google.com/maps?q=Stockholm,Stockholm County&ll=59.3287,18.0717&z=6&output=embed
Location: Stockholm, Stockholm County
Postal: 101 54
Country: SE
","september 20, 2023
- 08:58 - Digibook – Publicering av digitala böcker - https://www.digibook.se/
oktober 1, 2023
- 11:45 - Digibook – Publicering av digitala böcker - 2 veckor - https://www.digibook.se/
- 11:45 - Skapa ljudbok – Digibook - 9 sekunder - https://www.digibook.se/skapa-ljudbok/
- 11:45 - Digibook – Publicering av digitala böcker - 12 sekunder - https://www.digibook.se/
oktober 3, 2023
- 10:28 - Skapa ljudbok – Digibook - 2 dagar - https://www.digibook.se/skapa-ljudbok/
- 10:28 - Marknadsföringstips – Digibook - 18 sekunder - https://www.digibook.se/marknadsforingstips/
- 10:29 - Digibook – Publicering av digitala böcker - 27 sekunder - https://www.digibook.se/
"
Checked,Solkarina,Sinnligkunskap,,,,,,,,"Viggens väg 8",,90365,Umeå,,,"Sinnligkunskap AB",info@sinnligkunskap.com,"8420-2704 876 641-9",Swedbank,"13 healingmetoder i en bok - OBS! EJ I STREAMING/BIBLIOTEK = ENBART ÅF!","""Healing är en självhjälp som alla kan lära sig, Solkarina""

Detta är den mest unika healingboken du kan hitta i Sverige. Den innehåller nämligen en rad olika healingtekniker som vem som helst kan lära sig. Kunskapen om healing blir större och större. Det gör också att människor vill lära sig fler tekniker. Kan du Reiki eller någon liknande healingmetod är det bara att börja kombinera dem. Healing av alla slag ökar din energimedvetenhet och vi lever i en värld av energi.


Du får lära dig mer om:
-Ama Deus Shamansk healing steg 1 och 2
-Kristushealing och Kristusmedvetandet
-Änglaljushealing
-Telos healing system
-Guld triangeln healing
-Solljus healing
-Silver violetta flamman
-Lama Fera steg 1
-Lemurian MU-KI healing
-Meridian Slush
-Moder Marias nåd steg 1-3
-Quan yin esoterisk healing steg 1 och 2
-Kundalini Reiki 1-9

Boken innehåller initieringstekniker, symboler, och healingmetoder som du kan börja använda på en gång.

Solkarina är en av Sveriges mest erfarna healinglärare och arbetar idag främst med klassisk japansk Reiki och Nefertiti kosmisk healing. Hon har produktutvecklat inte mindre än 16 healingmetoder och arbetat med Reiki sedan 1990. Solkarina har skrivit mer än 27 böcker och utbildar som andlig lärare människor i personlig och andlig utveckling i Sverige och internationellt.","October 1, 2023",,,,,,,,,,"Annat pris - ange pris nedan",200,,,,,,,,,,,,,"Familj och hälsa",,Filosofi,,,,,,,,,,,,,,,,,,,"Medicin och omvårdnad",,,,,,,,,,,,,,,,,,,,,,,,,,,,,,,,,,,,,,,,,,,,,,,,,,,,,,,,,,,,,,,,,,,,,,,,,,,,,,,,,,,,,,,,,,,,,,"Inte på streamingtjänsterna endast för försäljning","299,00 Kr",,,,"299,00 Kr","Sinnligkunskap AB
xxxx xxxx xxxx 5977
Mastercard",830,"oktober 1, 2023 20:37",,Completed,Yes,No,"Mozilla/5.0 (Windows NT 10.0; Win64; x64) AppleWebKit/537.36 (KHTML, like Gecko) Chrome/116.0.0.0 Safari/537.36",82.117.99.26,933cbb6b-6872-4c42-b2c5-61b8e1088120,Processed,"Total: 299,00
Currency: SEK
Gateway: Stripe
Type: En gång
Mode: live
Transaction: pi_3NwVRpLgKhr8jxDX0LHAJ58L
",,,"{""id:loEeJpHBAnAAAAAAAAEePw"":{""hash"":""id:loEeJpHBAnAAAAAAAAEePw"",""name"":""13-healingmetoder.pdf"",""description"":"""",""type"":""application/pdf"",""path"":""/13-healingmetoder.pdf"",""size"":""2 MB"",""link"":""https://www.dropbox.com/home/c85e897ffeae245e9c88e3f65c52d09e ()/13-healingmetoder.pdf"",""account_id"":""dbid:AADXK_Gkez5UYe0VK2ee1yNTSHNoC0-_pbI"",""folderurl"":""https%3A%2F%2Fwww.dropbox.com%2Fhome%2Fc85e897ffeae245e9c88e3f65c52d09e+%28%29""},""id:loEeJpHBAnAAAAAAAAEeQA"":{""hash"":""id:loEeJpHBAnAAAAAAAAEeQA"",""name"":""baksida-13healingmetoder.pdf"",""description"":"""",""type"":""application/pdf"",""path"":""/baksida-13healingmetoder.pdf"",""size"":""81 KB"",""link"":""https://www.dropbox.com/home/c85e897ffeae245e9c88e3f65c52d09e ()/baksida-13healingmetoder.pdf"",""account_id"":""dbid:AADXK_Gkez5UYe0VK2ee1yNTSHNoC0-_pbI"",""folderurl"":""https%3A%2F%2Fwww.dropbox.com%2Fhome%2Fc85e897ffeae245e9c88e3f65c52d09e+%28%29""},""id:loEeJpHBAnAAAAAAAAEeQQ"":{""hash"":""id:loEeJpHBAnAAAAAAAAEeQQ"",""name"":""framsida-13healingmetoder.pdf"",""description"":"""",""type"":""application/pdf"",""path"":""/framsida-13healingmetoder.pdf"",""size"":""433 KB"",""link"":""https://www.dropbox.com/home/c85e897ffeae245e9c88e3f65c52d09e ()/framsida-13healingmetoder.pdf"",""account_id"":""dbid:AADXK_Gkez5UYe0VK2ee1yNTSHNoC0-_pbI"",""folderurl"":""https%3A%2F%2Fwww.dropbox.com%2Fhome%2Fc85e897ffeae245e9c88e3f65c52d09e+%28%29""}}","Lat/Long: 63.8247, 20.2559
Map: https://maps.google.com/maps?q=Umeå,Västerbotten County&ll=63.8247,20.2559&z=6&output=embed
Location: Umeå, Västerbotten County
Postal: 903 64
Country: SE
","oktober 1, 2023
- 20:13 - Digibook – Publicering av digitala böcker - https://www.digibook.se/
"
Checked,Solkarina,Sinnligkunskap,,,,,,,,"Viggens väg 8",,90365,Umeå,,,"Sinnligkunskap AB",info@sinnligkunskap.com,"8420-2704 876 641-9",Swedbank,"Munay ki, andiska traditioner och shamanism - OBS! EJ I STREAMING/BIBLIOTEK = ENBART ÅF!","I den här boken har du en komplett manual för att utföra de tio Munay ki-riterna. Du kan tillsammans med vänner eller i en studiecirkel använda dem som meditation, personlig utveckling och energiöverföring. Munay ki, andiska traditioner och shamanism går hand i hand men det är olika tekniker från olika tidsåldrar och världsdelar.

Författaren väver samman den gamla shamanska traditionen med den nya tidens shamanism. Skillnaden på nawis och chakran som båda är energicenter från olika traditioner i öst och väst. 

Hur du arbetar med ditt tredje öga för att öka din medialitet och varseblivning genom övningar som är flera hundra år gamla i olika traditioner. Boken tar upp den shamanska drömkonsten, själsåtervinning, hur du hämtar ett kraftdjur eller en lärare, hur du dansar, sjunger och blir ditt kraftdjur.

Du kan prova på att göra shamanska resor tillsammans med naturens olika väsen. Lära dig bygga ett eget kraftpaket, en mesa, som blir din medicinpåse. Övningar för födelsen och konsten att dö medvetet. Boken väver samman de olika teknikerna till en modern shamans nivå där det inte längre finns negativ energi. Det är shamanism i den nya tiden.

Solkarinas egna upplevelser från magiska ögonblick då den shamanska botekonsten utfört mirakel. Läsaren tas också med ut i naturen för att väva samman naturens flöde med det kosmiska flödet som vi alla tillhör. Flera övningar för att lära sig att känna igen naturens rytmer och fysiskt se naturväsen. Övningar för att hitta dig själv och ditt sanna jag genom ditt Inka-frö
Hemsida: www.solkarina.se
Instagram: solkarina.se
Youtube: Sinnligkunskap","October 1, 2023",,E-bok,,,,,,,,"Annat pris - ange pris nedan",350,,,,,,,"Ande, kropp och själ",,,,,,,,Filosofi,,,,,,,,,,,,,,,,,,,,,,,,,,,,,,,,,,,,,,,,,,,,,,,,,,,,,,,,,,,,,,,,,,,,,,,,,,,,,,,,,,,,,,,,,,,,,,,,,,,,,,,,,"Biografier, sanna berättelser, essäer etc.",,,,,,,,"Den här ska enbart säljas och INTE streamas ;)","299,00 Kr",,,,"299,00 Kr","Sinnligkunskap AB
xxxx xxxx xxxx 5977
Mastercard",829,"oktober 1, 2023 20:12",,Completed,Yes,No,"Mozilla/5.0 (Windows NT 10.0; Win64; x64) AppleWebKit/537.36 (KHTML, like Gecko) Chrome/116.0.0.0 Safari/537.36",82.117.99.26,933cbb6b-6872-4c42-b2c5-61b8e1088120,Processed,"Total: 299,00
Currency: SEK
Gateway: Stripe
Type: En gång
Mode: live
Transaction: pi_3NwV3jLgKhr8jxDX0s8MEslx
",,,"{""id:loEeJpHBAnAAAAAAAAEePA"":{""hash"":""id:loEeJpHBAnAAAAAAAAEePA"",""name"":""23juli_munakiandiskainkatraditioner_helaboken.pdf"",""description"":"""",""type"":""application/pdf"",""path"":""/23juli_munakiandiskainkatraditioner_helaboken.pdf"",""size"":""1 MB"",""link"":""https://www.dropbox.com/home/c85e897ffeae245e9c88e3f65c52d09e ()/23juli_munakiandiskainkatraditioner_helaboken.pdf"",""account_id"":""dbid:AADXK_Gkez5UYe0VK2ee1yNTSHNoC0-_pbI"",""folderurl"":""https%3A%2F%2Fwww.dropbox.com%2Fhome%2Fc85e897ffeae245e9c88e3f65c52d09e+%28%29""},""id:loEeJpHBAnAAAAAAAAEePQ"":{""hash"":""id:loEeJpHBAnAAAAAAAAEePQ"",""name"":""bak_shamanskatraditioner.pdf"",""description"":"""",""type"":""application/pdf"",""path"":""/bak_shamanskatraditioner.pdf"",""size"":""80 KB"",""link"":""https://www.dropbox.com/home/c85e897ffeae245e9c88e3f65c52d09e ()/bak_shamanskatraditioner.pdf"",""account_id"":""dbid:AADXK_Gkez5UYe0VK2ee1yNTSHNoC0-_pbI"",""folderurl"":""https%3A%2F%2Fwww.dropbox.com%2Fhome%2Fc85e897ffeae245e9c88e3f65c52d09e+%28%29""},""id:loEeJpHBAnAAAAAAAAEePg"":{""hash"":""id:loEeJpHBAnAAAAAAAAEePg"",""name"":""fram_shamanism.pdf"",""description"":"""",""type"":""application/pdf"",""path"":""/fram_shamanism.pdf"",""size"":""238 KB"",""link"":""https://www.dropbox.com/home/c85e897ffeae245e9c88e3f65c52d09e ()/fram_shamanism.pdf"",""account_id"":""dbid:AADXK_Gkez5UYe0VK2ee1yNTSHNoC0-_pbI"",""folderurl"":""https%3A%2F%2Fwww.dropbox.com%2Fhome%2Fc85e897ffeae245e9c88e3f65c52d09e+%28%29""}}","Lat/Long: 63.8247, 20.2559
Map: https://maps.google.com/maps?q=Umeå,Västerbotten County&ll=63.8247,20.2559&z=6&output=embed
Location: Umeå, Västerbotten County
Postal: 903 64
Country: SE
","oktober 1, 2023
- 19:49 - DuckDuckGo — Privacy, simplified. - https://duckduckgo.com/
- 19:49 - Digibook – Publicering av digitala böcker - 2 sekunder - https://www.digibook.se/
"
Checked,Solkarina,Hammare,,,,,,,,"Viggens väg 8",,90365,Umeå,,,"Sinnligkunskap AB",info@sinnligkunskap.com,"8420-2704 876 641-9",Swedbank,"En dold verklighet utomjordisk närvaro - OBS! EJ I STREAMING/BIBLIOTEK = ENBART ÅF!","Solkarina och David är två vänner som tillsammans delar sina erfarenheter av dimensionella världar.

Boken är främst informativ där den beskriver närkontakt av olika slag som dem och andra haft. Många tror de har kontakt med vänliga andliga väsen och förstår inte att dem blir kontrollerade och manipulerade.

Hur vet man då skillnad på dem som är goda och dem som är manipulativa? I boken får du lära dig mer om fas 1, fas 2 och fas 3 varelser (alien) som alla har olika agendor i sin relation till människor. Vilka är de tekniska? Flyger tefat och vilka är det som förflyttar sig med intention. Vill dem verkligen ""rädda"" jorden eller används det för att göda egot hos människor och skapa rädslor?

Solkarina och David delar sina erfarenheter av bortförande och implantat.

Precis som i boken ""En dold verklighet, demoners närvaro och agenda"" vill dem visa att det är viktigt att det är viktigt att ha en dimensionell förståelse. För att navigera sina möten med det okända. Vilken agenda de har och vad det kan innebära för dig som människa. Deras erfarenhet är att när människor vet skillnaden kan de börja göra medvetna val, använda sin viljekraft och inte låta sig styras av känslor och manipulativa tankar.

Tillsammans har de podcasten ""Kosmiska samtal"" där de delar sina erfarenheter och svarar på frågor från lyssnarna.

Hemsida: www.solkarina.se
Instagram: solkarina.se
Youtube: Solkarina","October 1, 2023",,E-bok,,,,,,,,"Annat pris - ange pris nedan",250,,,,,,,"Ande, kropp och själ",,,,,,,,,,,,,,,,,,,,,,,,,,,,,,,"Religion och tro",,,,,,,,,,,,,,,,,,,,,,,,,,,,,,,,,,,,,,,,,,,,,,,,,,,,,,,,,,,,,,,,,,,,,,,,,,,,,,,,,"Science fiction",,,,,,,,,"Denna bok ska endast säljas ej ligga på streamingtjänsterna","299,00 Kr",,,,"299,00 Kr","Sinnligkunskap AB
xxxx xxxx xxxx 5977
Mastercard",828,"oktober 1, 2023 19:29",,Completed,Yes,No,"Mozilla/5.0 (Windows NT 10.0; Win64; x64) AppleWebKit/537.36 (KHTML, like Gecko) Chrome/116.0.0.0 Safari/537.36",82.117.99.26,933cbb6b-6872-4c42-b2c5-61b8e1088120,Processed,"Total: 299,00
Currency: SEK
Gateway: Stripe
Type: En gång
Mode: live
Transaction: pi_3NwUOuLgKhr8jxDX0BKDxnvi
",,,"{""id:loEeJpHBAnAAAAAAAAEeOQ"":{""hash"":""id:loEeJpHBAnAAAAAAAAEeOQ"",""name"":""Framsida UFObolk.pdf"",""description"":"""",""type"":""application/pdf"",""path"":""/Framsida UFObolk.pdf"",""size"":""187 KB"",""link"":""https://www.dropbox.com/home/c85e897ffeae245e9c88e3f65c52d09e ()/framsida ufobolk.pdf"",""account_id"":""dbid:AADXK_Gkez5UYe0VK2ee1yNTSHNoC0-_pbI"",""folderurl"":""https%3A%2F%2Fwww.dropbox.com%2Fhome%2Fc85e897ffeae245e9c88e3f65c52d09e+%28%29""},""id:loEeJpHBAnAAAAAAAAEeOg"":{""hash"":""id:loEeJpHBAnAAAAAAAAEeOg"",""name"":""KLAR20230929-index.pdf"",""description"":"""",""type"":""application/pdf"",""path"":""/KLAR20230929-index.pdf"",""size"":""1 MB"",""link"":""https://www.dropbox.com/home/c85e897ffeae245e9c88e3f65c52d09e ()/klar20230929-index.pdf"",""account_id"":""dbid:AADXK_Gkez5UYe0VK2ee1yNTSHNoC0-_pbI"",""folderurl"":""https%3A%2F%2Fwww.dropbox.com%2Fhome%2Fc85e897ffeae245e9c88e3f65c52d09e+%28%29""},""id:loEeJpHBAnAAAAAAAAEeOw"":{""hash"":""id:loEeJpHBAnAAAAAAAAEeOw"",""name"":""Baksida UFObok.pdf"",""description"":"""",""type"":""application/pdf"",""path"":""/Baksida UFObok.pdf"",""size"":""151 KB"",""link"":""https://www.dropbox.com/home/c85e897ffeae245e9c88e3f65c52d09e ()/baksida ufobok.pdf"",""account_id"":""dbid:AADXK_Gkez5UYe0VK2ee1yNTSHNoC0-_pbI"",""folderurl"":""https%3A%2F%2Fwww.dropbox.com%2Fhome%2Fc85e897ffeae245e9c88e3f65c52d09e+%28%29""}}","Lat/Long: 63.8247, 20.2559
Map: https://maps.google.com/maps?q=Umeå,Västerbotten County&ll=63.8247,20.2559&z=6&output=embed
Location: Umeå, Västerbotten County
Postal: 903 64
Country: SE
","september 30, 2023
- 17:54 - DuckDuckGo — Privacy, simplified. - https://duckduckgo.com/
- 17:54 - Digibook – Publicering av digitala böcker - 2 sekunder - https://www.digibook.se/
- 18:09 - Skapa Wordfil – Digibook - 15 minuter - https://www.digibook.se/skapa-wordfil/
- 18:09 - Portfolio – Digibook - 23 sekunder - https://www.digibook.se/portfolio/
- 18:10 - Beställ författarsida – Digibook - 44 sekunder - https://www.digibook.se/bestall-forfattarsida/
- 18:10 - Författarsida: Sven Svensson – Digibook - 4 sekunder - https://www.digibook.se/forfattarsida-sven-svensson/
- 18:10 - Kontakta oss – Digibook - 12 sekunder - https://www.digibook.se/kontakta-oss/
- 18:10 - AI inläsning – Digibook - 8 sekunder - https://www.digibook.se/ai-inlasning/
- 18:13 - Beställ författarsida – Digibook - 3 minuter - https://www.digibook.se/bestall-forfattarsida/
- 18:13 - Kontakta oss – Digibook - 14 sekunder - https://www.digibook.se/kontakta-oss/
- 18:13 - Digibook – Publicering av digitala böcker - 7 sekunder - https://www.digibook.se/
oktober 1, 2023
- 13:43 - Skapa Wordfil – Digibook - 19 timmar - https://www.digibook.se/skapa-wordfil/
- 19:01 - Digibook – Publicering av digitala böcker - 5 timmar - https://www.digibook.se/
"
Checked,Forntida,Astronauter,,"Jag vill ge ut min bok under pseudonym",,,,Mikael,Blixt,"Arvidsgatan 4A",,"774 33",AVESTA,,,,forntidaastronauter@gmail.com,"5101 01 87597",SEB,"Forntida Astronauter - I Gudarnas Fotspår","Detta är den andra boken i serien Forntida Astronauter. Den första heter Gudarna Måste Vara Tokiga.
I den första boken hävdar författaren att de så kallade gudarna landade på jorden och hjälpte människan att bygga en lång rad olika civilisationer över hela världen.

Den här boken presenterar några av de platser som hör till denna teori.

Varje plats skulle med lätthet kunna fylla en egen bok. Ambitionen är att kortfattat presentera några av dessa platser.

Förhoppningen är att du läser de summeringar som presenteras för dig och själv börjar sätta dig in i de platser som väcker din nyfikenhet.

Samtidigt är förhoppningen att denna bok ska ge dig helt nya perspektiv och sätt att se på mänsklighetens historia.

Det är väldigt mycket i den som inte stämmer.

Se denna bok som ett bra andra steg in i ett magiskt och mystiskt förflutet.","October 6, 2023",Ljudbok,E-bok,Forntida,Astronauter,"119-129 kr",,,,,,,,,,,,,,,,,,,,,,,,,,,"Historia och arkeologi",,,,,,,,,,,,,,,,,"Religion och tro",,,,,,,,,,,,,,,,,,,,,,,,,,,,,,,,,,,,,,,,,,,,,,,,,,,,,,,,,,,,,,,,,,,,,,,,,,,,"Från 14 år",,,,,,,,,,,,"Markera detta val så vi kan matcha ditt formulär med filerna från Sprend. Ange titelns namn i Sprends meddelanderuta. ",,"På ljudboksplattformar kan man välja att detta är en del av en serie.

Denna bok är del 2 iserien ""Forntida Astronauter""","299,00 Kr",,,,"299,00 Kr","Mikael Blixt
xxxx xxxx xxxx 7992
Mastercard",823,"september 28, 2023 13:38",,Completed,Yes,No,"Mozilla/5.0 (Macintosh; Intel Mac OS X 10_15_7) AppleWebKit/537.36 (KHTML, like Gecko) Chrome/116.0.0.0 Safari/537.36",2001:2043:b80e:bb00:a530:c899:b251:c58d,af97b929-a1ee-461f-8644-d5c63e553de4,Processed,"Total: 299,00
Currency: SEK
Gateway: Stripe
Type: En gång
Mode: live
Transaction: pi_3NvJUSLgKhr8jxDX1HMHpvyG
",,,,"Lat/Long: 59.6146, 16.5528
Map: https://maps.google.com/maps?q=Västerås,Västmanland County&ll=59.6146,16.5528&z=6&output=embed
Location: Västerås, Västmanland County
Postal: 724 68
Country: SE
","september 28, 2023
- 13:31 - Digibook – Publicering av digitala böcker - https://www.digibook.se/
"
Checked,Kristine,Lindgren,,"Jag vill ge ut min bok under pseudonym",,,,Lexi,Andersen,"Tallholmsvägen 177",,58937,Linköping,,,,kristine.lindgren76@gmail.com,"8480 924 039 480 0",Swedbank,"Sommarflört del 1 - Midsommar","Sommarflört del 1 - Midsommar 

Klara ser framemot en lugn återhämtningshelg efter en slitsam vår. Men helgen blir inte som hon tänkt sig, utan den blir mer njutbar än hon kunde ana.","October 5, 2023",,E-bok,,,,,,,"17-25 kr (t.ex. kortare novell)",,,,,,,,,,,,,Erotik,,,,,,,,,,,,,,,,,,,,,,,,,,,,,,,,,,,,,,,,,,,,,,,,,,,,,,,,,,,,,,,,,,,,,,,,,,,,,,,,,,,,,,,,,,,,,,,,,,,,,,,,,,,,,,,,,,,,,"Hej, 
Första gången jag släpper en e-bok via Digibook. 
Så jag hoppas att jag fyllt i rätt, att jag skickat rätt format och inte missat något😃
Vet ej om jag fixat rätt format på bilden, eller vill ni att jag gör om de i appen Pixlr?
Jag har tänkt mig en serie, detta är första delen av två.
Serien heter Sommarflört och denna del heter Midsommar.
Del 2 - Njutning, funderar jag på att släppa ca en månad efter del 1.","299,00 Kr","Digibook skapar e-boks-fil (EPUB) - 399,00 Kr",,,"698,00 Kr","Kristine Lindgren
xxxx xxxx xxxx 2598
Mastercard",817,"september 26, 2023 20:41",,Completed,Yes,No,"Mozilla/5.0 (Linux; Android 10; K) AppleWebKit/537.36 (KHTML, like Gecko) Chrome/117.0.0.0 Mobile Safari/537.36",78.70.3.3,d272868a-2857-4782-8b33-8167d8cc80fd,Processed,"Total: 698,00
Currency: SEK
Gateway: Stripe
Type: En gång
Mode: live
Transaction: pi_3Nuh82LgKhr8jxDX3lOWGFVs
",,,"{""id:loEeJpHBAnAAAAAAAAEd3Q"":{""hash"":""id:loEeJpHBAnAAAAAAAAEd3Q"",""name"":""Sommarflört del 1.docx"",""description"":"""",""type"":""application/vnd.openxmlformats-officedocument.wordprocessingml.document"",""path"":""/Sommarflört del 1.docx"",""size"":""39 KB"",""link"":""https://www.dropbox.com/home/1261e16ae1cd45e33e83f14b4ab67115 ()/sommarflört del 1.docx"",""account_id"":""dbid:AADXK_Gkez5UYe0VK2ee1yNTSHNoC0-_pbI"",""folderurl"":""https%3A%2F%2Fwww.dropbox.com%2Fhome%2F1261e16ae1cd45e33e83f14b4ab67115+%28%29""},""id:loEeJpHBAnAAAAAAAAEd3g"":{""hash"":""id:loEeJpHBAnAAAAAAAAEd3g"",""name"":""few-3393904.jpg"",""description"":"""",""type"":""image/jpeg"",""path"":""/few-3393904.jpg"",""size"":""809 KB"",""link"":""https://www.dropbox.com/home/1261e16ae1cd45e33e83f14b4ab67115 ()/few-3393904.jpg"",""account_id"":""dbid:AADXK_Gkez5UYe0VK2ee1yNTSHNoC0-_pbI"",""folderurl"":""https%3A%2F%2Fwww.dropbox.com%2Fhome%2F1261e16ae1cd45e33e83f14b4ab67115+%28%29""}}","Lat/Long: 57.7065, 11.967
Map: https://maps.google.com/maps?q=Gothenburg,Västra Götaland County&ll=57.7065,11.967&z=6&output=embed
Location: Gothenburg, Västra Götaland County
Postal: 417 29
Country: SE
","september 25, 2023
- 14:44 - Referrer - https://www.google.com/
- 14:44 - Digibook – Publicering av digitala böcker - 2 sekunder - https://www.digibook.se/
- 14:46 - Beställ författarsida – Digibook - 2 minuter - https://www.digibook.se/bestall-forfattarsida/
- 14:46 - Mastring av ljudfiler – Digibook - 26 sekunder - https://www.digibook.se/mastring-av-ljudfiler/
- 14:46 - Skapa Wordfil – Digibook - 17 sekunder - https://www.digibook.se/skapa-wordfil/
- 14:48 - Portfolio – Digibook - 1 minut - https://www.digibook.se/portfolio/
september 26, 2023
- 19:58 - Digibook – Publicering av digitala böcker - 1 dag - https://www.digibook.se/
- 19:58 - Skapa Wordfil – Digibook - 23 sekunder - https://www.digibook.se/skapa-wordfil/
- 20:02 - Registrera dig som författare – Digibook - 4 minuter - https://www.digibook.se/registrera-dig-som-forfattare/
- 20:06 - Kontakta oss – Digibook - 4 minuter - https://www.digibook.se/kontakta-oss/
- 20:07 - Digibook – Publicering av digitala böcker - 7 sekunder - https://www.digibook.se/
"
Checked,Sanna,Salo,,"Jag vill ge ut min bok under pseudonym",,,,Charlotta,Dahlstedt,"Zakrisvägen 12B",,91335,Holmsund,,,,dahlstedtcharlotta@gmail.com,"3040 03 53512",Nordea,"Skimrande pärlor","Minna bävar för den stundande kvällen. Hennes man har bjudit hem sin äldsta vän Anton på middag och hon vill helst slippa vara med. Minna är övertygad om att mannen som kommer avskyr henne. Han brukar knappt hälsa, och när hon försöker föra någon slags konversation med honom så svarar han ytterst fåordigt innan han drar sig undan. Det har alltid varit så och hon kan inte förstå varför.

När maken förklarar att Anton i själva verket åtrår henne blir hon chockerad. Men överraskningarna är inte slut där. Minna får ett uppdrag av sin man. Ett sexigt uppdrag.

Bakom pseudonymen Sanna Salo finns en författare som med fingertoppskänsla och finess skildrar heta möten i lättläst novellformat. Författaren har en stark önskan att fler läsare ska hitta erotikens underbara värld och unna sig själv att njuta av den fantasieggande mångfald som finns.",,Ljudbok,,Tilde,Adeberg,,,,,"17-25 kr (t.ex. kortare novell)",,,,,,,,,,,,,Erotik,,,,,,,,,,,,,,,,,,,,,,,,,,,,,,,,,,,,,,,,,,,,,,,,,,,,,,,,,,,,,,,,,,,,,,,,,,,,,,,,,,,,,,,,,,,,,,,,,,,,,,,,,,,,,,,,,,,,,"Samma framsida som e-boken som ni publicerat tidigare, tack.","299,00 Kr",,,,"299,00 Kr","Charlotta Dahlstedt
xxxx xxxx xxxx 7291
Visa",812,"september 23, 2023 20:57",,Completed,Yes,No,"Mozilla/5.0 (iPhone; CPU iPhone OS 15_2 like Mac OS X) AppleWebKit/605.1.15 (KHTML, like Gecko) Version/15.2 Mobile/15E148 Safari/604.1",212.181.140.4,5e2c2369-cf9c-45c9-acff-f51c82fbbb79,Processed,"Total: 299,00
Currency: SEK
Gateway: Stripe
Type: En gång
Mode: live
Transaction: pi_3NtbwpLgKhr8jxDX0QNP0TAA
",,,"{""id:loEeJpHBAnAAAAAAAAEdIw"":{""hash"":""id:loEeJpHBAnAAAAAAAAEdIw"",""name"":""Skimrande Pärlor av Sanna Salo.wav"",""description"":"""",""type"":""audio/x-wav"",""path"":""/Skimrande Pärlor av Sanna Salo.wav"",""size"":""270 MB"",""link"":""https://www.dropbox.com/home/0303a4bb946c2655669e8745b8fbc8ea ()/skimrande pärlor av sanna salo.wav"",""account_id"":""dbid:AADXK_Gkez5UYe0VK2ee1yNTSHNoC0-_pbI"",""folderurl"":""https%3A%2F%2Fwww.dropbox.com%2Fhome%2F0303a4bb946c2655669e8745b8fbc8ea+%28%29""}}","Lat/Long: 63.7032, 20.37
Map: https://maps.google.com/maps?q=Holmsund,Västerbotten County&ll=63.7032,20.37&z=6&output=embed
Location: Holmsund, Västerbotten County
Postal: 913 35
Country: SE
","september 23, 2023
- 19:15 - Referrer - https://www.google.se/
- 19:15 - Digibook – Publicering av digitala böcker - 2 sekunder - https://www.digibook.se/
"
Checked,Kjell,Ekborg,,,,,,,,"Tornfalksgatan 30",,25449,Helsingborg,,,,kjellekborg@yahoo.se,"8214-9 9330875734",Swedbank,"Större vattensalamandern kämpar för sin Nyckelbiotop","Nystad med drygt 20 000 invånare genomgår en kris. Politikerna vill
använda Nyckelbiotopen på 7 hektar, strax utanför staden, till ett industricentrum.
Miljövännerna vrålar, här finns den fridlysta större vattensalamandern.
Nyckelbiotopen, en själ för kroppen.

Större vattensalamandern fick namnet  Kvadraten av en 17-årig tjej med ett fladdrande rågblont hårsvall. 
Ugglan, och Falken som ryttlar, samlar in miljöuppgifter, och håller Kvadraten välinformerad. Företaget Grobke AB vill bygga ett fabrikskomplex, och därmed radera ut Lövskogen och Kvadratens lekdammar för sina parningslekarna. 
De flesta i Nystad värnar sin Nyckelbiotop, och bildar ett stort protesttåg! Det blir en folkomröstning, och 91 % röstar för att behålla biotopen. Kvadraten 17 cm blir 18 år.

Vår miljö och klimat hotas. Golfströmmen kan kollapsa om 2 år!!",,,E-bok,,,,"79-89 kr",,,,,,,,,,,,,,,,,,,,,,,,,,,,,,,,,,,,,,,,,Miljön,,,,,,,,,,,,,,,,,,,,,,,,,,,,,,,,,,,,,,,,,,,,,,,,,,,,,,,,,,,,,,,,,,,,,,,,,,,,,,,,,,,,,,,,,,,,,"299,00 Kr","Digibook skapar e-boks-fil (EPUB) - 399,00 Kr",,,"698,00 Kr","Ikano bank
xxxx xxxx xxxx 1577
Visa",808,"september 22, 2023 06:55",,Completed,Yes,No,"Mozilla/5.0 (Windows NT 10.0; Win64; x64) AppleWebKit/537.36 (KHTML, like Gecko) Chrome/117.0.0.0 Safari/537.36 Edg/117.0.2045.36",83.250.90.86,3d21f2cf-007b-4c42-8de7-fc9f4ce4624d,Processed,"Total: 698,00
Currency: SEK
Gateway: Stripe
Type: En gång
Mode: live
Transaction: pi_3Nt2KpLgKhr8jxDX0kzLzVst
",,,"{""id:loEeJpHBAnAAAAAAAAEc8w"":{""hash"":""id:loEeJpHBAnAAAAAAAAEc8w"",""name"":""Större salamander -- Unga Vuxna  15+ Digibook sept 2023 - kopia.docx"",""description"":"""",""type"":""application/vnd.openxmlformats-officedocument.wordprocessingml.document"",""path"":""/Större salamander -- Unga Vuxna  15+ Digibook sept 2023 - kopia.docx"",""size"":""2 MB"",""link"":""https://www.dropbox.com/home/0c98c42c612053e6575179943eddc89e ()/större salamander -- unga vuxna  15+ digibook sept 2023 - kopia.docx"",""account_id"":""dbid:AADXK_Gkez5UYe0VK2ee1yNTSHNoC0-_pbI"",""folderurl"":""https%3A%2F%2Fwww.dropbox.com%2Fhome%2F0c98c42c612053e6575179943eddc89e+%28%29""}}","Lat/Long: 56.0449, 12.692
Map: https://maps.google.com/maps?q=Helsingborg,Skåne County&ll=56.0449,12.692&z=6&output=embed
Location: Helsingborg, Skåne County
Postal: 252 28
Country: SE
","september 21, 2023
- 22:35 - Bing - https://www.bing.com/
- 22:35 - Digibook – Publicering av digitala böcker - 2 sekunder - https://www.digibook.se/
"
Checked,Viola,Varg,,"Jag vill ge ut min bok under pseudonym",,,,Li,Nolin,"Kalixälvsvägen 69",,98594,Vettasjärvi,,,"Nolins böcker",lisano2001@hotmail.se,"6259 - 608 696 668",Handelsbanken,"Chefens favorit","Alice har trånat efter hennes chef Leo ända sedan hon började på jobbet. En dag tar hon mod till sig och frågar om hon vill följa med henne hem på middag. När han tackar ja känner hon en spirande förväntan byggas upp. Förhoppningsvis hinner de göra annat än bara äta...","October 20, 2023",,E-bok,,,,,,,"17-25 kr (t.ex. kortare novell)",,,,,,,,,,,,,Erotik,,,,,,,,,,,,,,,,,,,,,,,,,,,,,,,,,,,,,,,,,,,,,,,,,,,,,,,,,,,,,,,,,,,,,,,,,,,,,,,,,,,,,,,,,,,,,,,,,,,,,,,,,,,,,,,,,,,,,,"299,00 Kr","Digibook skapar e-boks-fil (EPUB) - 399,00 Kr","Digibook skapar bokframsida - 299,00 Kr",,"997,00 Kr","Li Nolin
xxxx xxxx xxxx 2336
Mastercard",801,"september 17, 2023 09:40",,Completed,Yes,No,"Mozilla/5.0 (Windows NT 10.0; Win64; x64) AppleWebKit/537.36 (KHTML, like Gecko) Chrome/116.0.0.0 Safari/537.36",78.77.209.15,f376b00d-c1ee-4d65-ad54-18e617b938f3,Processed,"Total: 997,00
Currency: SEK
Gateway: Stripe
Type: En gång
Mode: live
Transaction: pi_3NrGWvLgKhr8jxDX3BMI4wn1
",,,"{""id:loEeJpHBAnAAAAAAAAEcFw"":{""hash"":""id:loEeJpHBAnAAAAAAAAEcFw"",""name"":""Chefens favorit av Viola Varg.docx"",""description"":"""",""type"":""application/vnd.openxmlformats-officedocument.wordprocessingml.document"",""path"":""/Chefens favorit av Viola Varg.docx"",""size"":""24 KB"",""link"":""https://www.dropbox.com/home/099d3d52381574f5600cfebe8fef1292 ()/chefens favorit av viola varg.docx"",""account_id"":""dbid:AADXK_Gkez5UYe0VK2ee1yNTSHNoC0-_pbI"",""folderurl"":""https%3A%2F%2Fwww.dropbox.com%2Fhome%2F099d3d52381574f5600cfebe8fef1292+%28%29""}}","Lat/Long: 63.826, 20.2431
Map: https://maps.google.com/maps?q=Västerbotten County&ll=63.826,20.2431&z=6&output=embed
Location: Västerbotten County
Country: SE
","september 17, 2023
- 08:57 - Referrer - https://www.google.com/
- 08:57 - Digibook – Publicering av digitala böcker - 2 sekunder - https://www.digibook.se/
"
Checked,Åsa,Wessand,,,,,,,,"Furulundsgatan 18",,"504 60",Borås,,,,wessand.asa@gmail.com,"9252 52 49127",SBAB,"Åren flyger förbi men dagarna går långsamt","När Julia blev anställd som lärare på stadens anstalt visste hon inte hur vanligt det jobbet skulle kännas. Och samtidigt så ovanligt. 
Undervisningen och kurserna var likadant men det ovanliga var hur säkerheten satte ramarna för vardagen på insidan. 

Grå dagar blandades med färgstarka individer. En av de mest färgstarka är Pino och Julia inser snart att han är mer än det brott han sitter inne för. 

I Åren flyger fram med dagarna går långsamt får man följa hur vardagslivet på en anstalt kan se ut ur en lärares perspektiv.",,Ljudbok,,Malin,Wahlstedt,,,"59-69 kr (t.ex. barnbok 0-3 år)",,,,,,,,,,,,,,,,,,,,,,,,,,,,,,,,,,,,,,,,,,,,,,,,,,,,,,,,,,,,,,,,,,,,,,,,,,,,,,,,,,,,,,,,,,,,,,,,,,,,,,,,,,,,,,,,,,,,"Skönlitteratur: allmänt",,,Dramatik,,,,,,,,,,,,,,"299,00 Kr",,,,"299,00 Kr","Åsa Wessand
xxxx xxxx xxxx 4505
Mastercard",789,"september 8, 2023 07:19",,Completed,Yes,No,"Mozilla/5.0 (Macintosh; Intel Mac OS X 10_15_7) AppleWebKit/537.36 (KHTML, like Gecko) Chrome/116.0.0.0 Safari/537.36",148.160.240.14,7547104f-3010-45ba-8b48-4db2ff3f14b5,Processed,"Total: 299,00
Currency: SEK
Gateway: Stripe
Type: En gång
Mode: live
Transaction: pi_3Nny2PLgKhr8jxDX14q8B4vr
",,,,"Lat/Long: 57.7132, 12.9025
Map: https://maps.google.com/maps?q=Borås,Västra Götaland County&ll=57.7132,12.9025&z=6&output=embed
Location: Borås, Västra Götaland County
Postal: 507 40
Country: SE
",
Checked,Agnes,Ek,,"Jag vill ge ut min bok under pseudonym",,,,Ingrid,Lindquist,"Åsögatan 148",,11632,Stockholm,,,,ingridjosefinskriver@gmail.com,"5231 11 086 70 (eller bankgiro 5132-6346 Mobil ekonomi)",SEB,"Hennes begär - erotisk novell","”Är han bra älskling? Har du det skönt? Om du inte är nöjd kastar jag honom i sjön”, säger Zoran till sin hustru Marie. 

Anton brukar sola på grannens brygga. Huset står ändå öde. När han tillfredsställer sig själv på bryggan blir han avbruten av den nya grannen Zoran som kräver att Anton ska ha sex med hans fru. Hon är med på noterna … och mer än så.",,,E-bok,,,,,,,"17-25 kr (t.ex. kortare novell)",,,,,,,,,,,,,Erotik,,,,,,,,,,,,,,,,,,,,,,,,,,,,,,,,,,,,,,,,,,,,,,,,,,,,,,,,,,,,,,,,,,,,,,,,,,,,,,,,,,,,,,,,,,,,,,,,,,,,,,,,,,,,,,,,,,,,,,"299,00 Kr",,,,"299,00 Kr","Ingrid Lindquist f:a Mobil ekonomi
xxxx xxxx xxxx 3790
Mastercard",787,"september 6, 2023 18:18",,Completed,Yes,No,"Mozilla/5.0 (Windows NT 10.0; Win64; x64) AppleWebKit/537.36 (KHTML, like Gecko) Chrome/116.0.0.0 Safari/537.36",81.229.141.159,3c29f89f-cff7-4e1c-b9da-232793bfa4c7,Processed,"Total: 299,00
Currency: SEK
Gateway: Stripe
Type: En gång
Mode: live
Transaction: pi_3NnPN9LgKhr8jxDX1lzruW9e
",,,"{""id:loEeJpHBAnAAAAAAAAEamg"":{""hash"":""id:loEeJpHBAnAAAAAAAAEamg"",""name"":""Hennes begär omslag ebok.jpg"",""description"":"""",""type"":""image/jpeg"",""path"":""/Hennes begär omslag ebok.jpg"",""size"":""194 KB"",""link"":""https://www.dropbox.com/home/c2b34394980b0dc9fe0c89214c3e8fd6 ()/hennes begär omslag ebok.jpg"",""account_id"":""dbid:AADXK_Gkez5UYe0VK2ee1yNTSHNoC0-_pbI"",""folderurl"":""https%3A%2F%2Fwww.dropbox.com%2Fhome%2Fc2b34394980b0dc9fe0c89214c3e8fd6+%28%29""},""id:loEeJpHBAnAAAAAAAAEamw"":{""hash"":""id:loEeJpHBAnAAAAAAAAEamw"",""name"":""Hennes begär för ebok_Epub3.epub"",""description"":"""",""type"":""application/epub+zip"",""path"":""/Hennes begär för ebok_Epub3.epub"",""size"":""1 MB"",""link"":""https://www.dropbox.com/home/c2b34394980b0dc9fe0c89214c3e8fd6 ()/hennes begär för ebok_epub3.epub"",""account_id"":""dbid:AADXK_Gkez5UYe0VK2ee1yNTSHNoC0-_pbI"",""folderurl"":""https%3A%2F%2Fwww.dropbox.com%2Fhome%2Fc2b34394980b0dc9fe0c89214c3e8fd6+%28%29""}}","Lat/Long: 59.3241, 18.0517
Map: https://maps.google.com/maps?q=Stockholm,Stockholm County&ll=59.3241,18.0517&z=6&output=embed
Location: Stockholm, Stockholm County
Postal: 125 81
Country: SE
",
Checked,Helene,Carlind,,,,,,,,"Arrendegången 11",,61933,Trosa,,,,carlindhelene@gmail.com,"83279,924 315 4904",,"Ufologi II: ett svenskt perspektiv på vilka Aliens vi har haft kontakt med","Det finns ingen brist på ufoentusiaster som är upptagna av att bevisa eller motbevisa ufons existens. Färre ger sig in i frågan om vem som flyger dem. Det blir för abstrakt, för flummigt, att öppna dialogen om vem som sitter bakom spakarna på de farkoster vi antar inte härstammar från vår egen planet. Det behövs vidare inte förklaras att om du har en hög position inom politik eller militär gör du nog rätt i att inte yttra dig om frågan. Du kan komma undan med att berätta om att du sett oidentifierade flygande objekt i luftrummet. Men öppnar du en dialog om rymdvarelser är chansen stor att du blir förlöjligad, även i demokratiska länder. Ändå hävdar före detta försvarsministrar, astronauter och presidenter att vi är besökta av Aliens. 

Reptiler, Ebens, Greys, Nordics, Insectoids, Agarthans, samt hominider från Alpha Centauri och Plejaderna är endast några av de utomjordingar kontaktpersoner menar att vi har en dialog med. Läs, begrunda och skapa dig en egen uppfattning om fenomenet.","October 1, 2023",,E-bok,,,,"79-89 kr",,,,,,,,,,,,"Ande, kropp och själ",,,,,,,,,,,,,,,,,,,,,,,,,,,,,,,"Religion och tro",,,,,,,,,,,,,,,,,,,,,,,,,,,,,,,,,,,,,,,,,,,,,,,,,,,,,,,,,,,,,,,,,,,,,,,,,,,,,,,,,,,,,,,,,,"Ni har fixat mycket fina omslag till mina andra två e-böcker; vilket jag har fått höra många gånger av andra som har sett dem. Basfärgen på de omslagen var blå, så om det är möjligt - går det att ha blå bakgrund i någon form? Om inte så litar jag till 100% att det blir bra ändå :-)","299,00 Kr",,"Digibook skapar bokframsida - 299,00 Kr",,"598,00 Kr","Helene Carlind
xxxx xxxx xxxx 3989
Mastercard",783,"september 3, 2023 10:06",,Completed,Yes,No,"Mozilla/5.0 (Windows NT 10.0; Win64; x64) AppleWebKit/537.36 (KHTML, like Gecko) Chrome/116.0.0.0 Safari/537.36",213.113.238.231,fba0b931-6431-48e9-b2e7-38737a2e3996,Processed,"Total: 598,00
Currency: SEK
Gateway: Stripe
Type: En gång
Mode: live
Transaction: pi_3NmCFlLgKhr8jxDX0xc1PCBe
",,,"{""id:loEeJpHBAnAAAAAAAAEZ1w"":{""hash"":""id:loEeJpHBAnAAAAAAAAEZ1w"",""name"":""Ufologi II.epubl.docx"",""description"":"""",""type"":""application/vnd.openxmlformats-officedocument.wordprocessingml.document"",""path"":""/Ufologi II.epubl.docx"",""size"":""1 MB"",""link"":""https://www.dropbox.com/home/dc94f3c586c142e3ff7da288ecfe4806 ()/ufologi ii.epubl.docx"",""account_id"":""dbid:AADXK_Gkez5UYe0VK2ee1yNTSHNoC0-_pbI"",""folderurl"":""https%3A%2F%2Fwww.dropbox.com%2Fhome%2Fdc94f3c586c142e3ff7da288ecfe4806+%28%29""}}","Lat/Long: 55.4259, 13.8224
Map: https://maps.google.com/maps?q=Ystad,Skåne County&ll=55.4259,13.8224&z=6&output=embed
Location: Ystad, Skåne County
Postal: 271 92
Country: SE
",
Checked,Giakou,Silverfall,,"Jag vill ge ut min bok under pseudonym",,,,Sofia,Larsson,"Rosengatan 14",,44171,Sollebrunn,,,,giakou_silverfall@hotmail.com,"8351-9 038052163","Tanum Sparbank","Tigerns alla ränder","Efter första gången de träffades var deras liv förändrade för alltid.
Efter första gången de pratade fanns det ingen återvändo. 
Den ena var en tiger i en lammunges skepnad, den andra var en person fruktad av alla. 
Vad för händelser hade format tigerns ränder, och var den fruktade personen så hemsk som ryktena påstod? 
Endast tiden kan ge dem svaren.",,,E-bok,,,,,,,,"Annat pris - ange pris nedan",229,,,,,,,,,,,Erotik,,,,,,,,,,,,,,,,,,,,,,,,,,,,,,,,,,,,,,,,,,,,,,,,,,,,,,,,,,,,,,,,,,,,,,,,,,,,,,,,,,,,,,,,,,,,,,,,,,,,,,,"Från 14 år",Dramatik,,,Romantik,,,,,,,,,,,"299,00 Kr",,,,"299,00 Kr","Sofia Larsson
xxxx xxxx xxxx 7828
Mastercard",775,"augusti 25, 2023 13:07",,Completed,Yes,No,"Mozilla/5.0 (Windows NT 10.0; Win64; x64; rv:109.0) Gecko/20100101 Firefox/116.0",83.233.139.160,a49399ac-826a-44b1-8c2a-384e4da69270,Processed,"Total: 299,00
Currency: SEK
Gateway: Stripe
Type: En gång
Mode: live
Transaction: pi_3NiynGLgKhr8jxDX1quVEBzo
",,,"{""id:loEeJpHBAnAAAAAAAAEXxg"":{""hash"":""id:loEeJpHBAnAAAAAAAAEXxg"",""name"":""Tigerns alla ränder.docx"",""description"":"""",""type"":""application/vnd.openxmlformats-officedocument.wordprocessingml.document"",""path"":""/Tigerns alla ränder.docx"",""size"":""1 MB"",""link"":""https://www.dropbox.com/home/149c3ebd7f3f042ad71bc85bf942cf61 ()/tigerns alla ränder.docx"",""account_id"":""dbid:AADXK_Gkez5UYe0VK2ee1yNTSHNoC0-_pbI"",""folderurl"":""https%3A%2F%2Fwww.dropbox.com%2Fhome%2F149c3ebd7f3f042ad71bc85bf942cf61+%28%29""},""id:loEeJpHBAnAAAAAAAAEXxw"":{""hash"":""id:loEeJpHBAnAAAAAAAAEXxw"",""name"":""Tigerns alla ränder Framsidan Bild 7.jpg"",""description"":"""",""type"":""image/jpeg"",""path"":""/Tigerns alla ränder Framsidan Bild 7.jpg"",""size"":""1 MB"",""link"":""https://www.dropbox.com/home/149c3ebd7f3f042ad71bc85bf942cf61 ()/tigerns alla ränder framsidan bild 7.jpg"",""account_id"":""dbid:AADXK_Gkez5UYe0VK2ee1yNTSHNoC0-_pbI"",""folderurl"":""https%3A%2F%2Fwww.dropbox.com%2Fhome%2F149c3ebd7f3f042ad71bc85bf942cf61+%28%29""}}","Lat/Long: 59.3241, 18.0517
Map: https://maps.google.com/maps?q=Stockholm,Stockholm County&ll=59.3241,18.0517&z=6&output=embed
Location: Stockholm, Stockholm County
Postal: 125 81
Country: SE
",
Checked,Agnes,Ek,,"Jag vill ge ut min bok under pseudonym",,,,Ingrid,Lindquist,"Åsögatan 148",,"116 32",Stockholm,,,,ingridjosefinskriver@gmail.com,"5231 11 086 70 (eller bankgiro 5132-6346 Mobil ekonomi)",SEB,"Hennes begär - erotisk novell","”Är han bra älskling? Har du det skönt? Om du inte är nöjd kastar jag honom i sjön”, säger Zoran till sin hustru Marie.

Anton brukar sola på grannens brygga. Huset står ändå öde. När han tillfredsställer sig själv på bryggan blir han avbruten av den nya grannen Zoran som kräver att Anton ska ha sex med hans fru. Hon är med på noterna … och mer än så.",,Ljudbok,,Frans,Liljenroth,,,,,"17-25 kr (t.ex. kortare novell)",,,,,,,,,,,,,Erotik,,,,,,,,,,,,,,,,,,,,,,,,,,,,,,,,,,,,,,,,,,,,,,,,,,,,,,,,,,,,,,,,,,,,,,,,,,,,,,,,,,,,,,,,,,,,,,,,,,,,,,,,,,,,,,,,,,,,,,"299,00 Kr",,,,"299,00 Kr","Ingrid Lindquist f:a Mobil ekonomi
xxxx xxxx xxxx 3790
Mastercard",774,"augusti 25, 2023 06:51",,Completed,Yes,No,"Mozilla/5.0 (Windows NT 10.0; Win64; x64) AppleWebKit/537.36 (KHTML, like Gecko) Chrome/116.0.0.0 Safari/537.36",81.229.141.159,3c29f89f-cff7-4e1c-b9da-232793bfa4c7,Processed,"Total: 299,00
Currency: SEK
Gateway: Stripe
Type: En gång
Mode: live
Transaction: pi_3Nisv7LgKhr8jxDX0UbsWonV
",,,"{""id:loEeJpHBAnAAAAAAAAEXsg"":{""hash"":""id:loEeJpHBAnAAAAAAAAEXsg"",""name"":""Hennes begär jpg.jpg"",""description"":"""",""type"":""image/jpeg"",""path"":""/Hennes begär jpg.jpg"",""size"":""247 KB"",""link"":""https://www.dropbox.com/home/e769d928fde1a62164c18de0a0771153 ()/hennes begär jpg.jpg"",""account_id"":""dbid:AADXK_Gkez5UYe0VK2ee1yNTSHNoC0-_pbI"",""folderurl"":""https%3A%2F%2Fwww.dropbox.com%2Fhome%2Fe769d928fde1a62164c18de0a0771153+%28%29""},""id:loEeJpHBAnAAAAAAAAEXsw"":{""hash"":""id:loEeJpHBAnAAAAAAAAEXsw"",""name"":""001_hennesbegar (1).wav"",""description"":"""",""type"":""audio/x-wav"",""path"":""/001_hennesbegar (1).wav"",""size"":""184 MB"",""link"":""https://www.dropbox.com/home/e769d928fde1a62164c18de0a0771153 ()/001_hennesbegar (1).wav"",""account_id"":""dbid:AADXK_Gkez5UYe0VK2ee1yNTSHNoC0-_pbI"",""folderurl"":""https%3A%2F%2Fwww.dropbox.com%2Fhome%2Fe769d928fde1a62164c18de0a0771153+%28%29""}}","Lat/Long: 59.3241, 18.0517
Map: https://maps.google.com/maps?q=Stockholm,Stockholm County&ll=59.3241,18.0517&z=6&output=embed
Location: Stockholm, Stockholm County
Postal: 125 81
Country: SE
",
Checked,Holger,Wästlund,,,,,,,,"Gandviksvägen 3",,"182 60",Djursholm,,,Tipsförlaget,holger.wastlund@gmail.com,5261-0042841,SE-banken,"AI för mindre företag","När man startar ett nytt företag eller har ett företag som man vill ska växa går man ofta igenom följande steg:
- Att översiktligt välja den produkt som man vill satsa på
- Genomföra en översiktlig marknadsanalys
- Starta företaget
- Skapa en framgångsrik affärsmodell
- Skapa en testprodukt
- Skapa en unik webbplats
- Komma i gång med marknadsföringen och skaffa leads
- Ordna med en enkel ekonomisk planering för företaget
- Anställa medarbetare
- Få företaget att växa

Kapitelindelningen i denna bok följer i huvudsak dessa etapper och jag beskriver hur jag successivt använt mig av AI i samtliga dessa steg. När du läser boken rekommenderar jag att du successivt testar de olika stegen med något eller några AI-program.

För att visa så tydligt som möjligt hur jag använt mig av AI utgår jag från ett praktiskt exempel som alla kan förhålla sig till. Jag använder mig av samma exempel genom hela boken för att illustrera hur en enkel affärsidé kan förändras och successivt byggas ut under arbetets gång med hjälp av AI.

Denna bok handlar om hur du, som är företagare eller på väg att bli företagare, använder dig av AI, speciellt ChatGPT.

Häng med i den snabba utvecklingen och kom före dina konkurrenter. Lyssna på ljudboken idag!",,Ljudbok,,Erik,AI-röst,,,,,,"Annat pris - ange pris nedan",114,,,,,,,,,,"Ekonomi, finansväsen, näringsliv och management",,,,,,,,"Företagsekonomi och management",,,,,,,,,,Informationsteknik,,,,,,,,,,,,,,,,,,,,,,,,,,,,,,,,,,,,,,,,,,,,,,,,,,,,,,,,,,,,,,,,,,,,,,,,,,,,,,,,,,,,,,,,,,,,,,,,,,"Markera detta val så vi kan matcha ditt formulär med filerna från Sprend. Ange titelns namn i Sprends meddelanderuta. ",,"Hej, här kommer två filer för ""AI för mindre företag""; ljudfilen som wav och en bildfil. Hälsningar från Holger på Tispförlaget  och Jerker på Podverkstan.","299,00 Kr",,,,"299,00 Kr","Wästlund Holger
xxxx xxxx xxxx 9738
Mastercard",772,"augusti 24, 2023 13:12",,Completed,Yes,No,"Mozilla/5.0 (X11; Linux x86_64) AppleWebKit/537.36 (KHTML, like Gecko) Chrome/116.0.0.0 Safari/537.36",81.230.226.122,4500906a-e136-4de6-b218-dd5abdd29583,Processed,"Total: 299,00
Currency: SEK
Gateway: Stripe
Type: En gång
Mode: live
Transaction: pi_3NicPDLgKhr8jxDX2lLpCBPO
",,,,"Lat/Long: 59.2328, 18.2924
Map: https://maps.google.com/maps?q=Stockholm,Stockholm County&ll=59.2328,18.2924&z=6&output=embed
Location: Stockholm, Stockholm County
Postal: 135 45
Country: SE
",
Checked,Anna,Höök,,,,,,,,"Tingstugatan 43B, 1203",,64534,Strängnäs,,,"Utfall förlag",anna_hook@hotmail.com,3469-2060875,Nordea,"Hon reste sig ur askan","Stina är en städerska som bor i Åkers styckebruk. Hennes liv kan nog beskrivas som rätt trist, men en dag träffar hon Märta och då förändras allt. Länge har Stina bittert gnetat på. Sparat pengar till framtidskontot och drömmen. Nu börjar de två istället prata om allt skit de ser i samhället. Äldreboendet med chefen som bara pratar om att dra ner på kostnaderna, kommunalrådet som helt verkar ha tappat sin ideologi, styrelseordföranden i bostadsrättsföreningen som höjer hyran utan hänsyn till Märta som är sjukpensionär, gympaläraren som är en mobbare och tyrann, Gunnar och andra fula fiskar...
Snart blir de fler och nu börjar de fundera på vad de kan göra själva för att få till en förändring. Stärkt av änglarnas budskap och beskydd går Stina till handling. Ängeln Chamuel visar henne vägen och förlåter henne när saker går överstyr. 
För överstyr går det på ett ögonblick och våra hjältar befinner sig strax i en galopperande händelsekedja.
Även om de andra inte förstår Stinas snack om änglar, så följer de henne oc tillsammans gör de skillnad. Om skillnaden är bra eller dålig håller jag för osagt. 
""Alltså, var inte så jäkla pk"", som Stina själv skulle ha sagt. 

Hon som reste sig ur askan är en rolig och brutal bok. Den utspelar sig i en småstad och vi får följa dem som hamnat utanför. Vi följer dem i deras mission att rätta orätt. 

Genre: Splatterbuskis.",,,E-bok,,,,"79-89 kr",,,,,,,,,,,,,,,,,,,,,,,,,,,,,,"Humoristiska romaner",,,,,,,,,,,,,,,,,,,,,,,,,,,,,,,,,,,,,,,,,,,,,,,,,,,,,,,,,,,,,,,,,,,,,,,,,,,,,,,,,,,,,,,"Skönlitteratur: allmänt",,,,,,,,,,,,,,,,Hej!,"299,00 Kr",,,,"299,00 Kr","Anna Höök
xxxx xxxx xxxx 8982
Visa",771,"augusti 23, 2023 19:18",,Completed,Yes,No,"Mozilla/5.0 (Windows NT 10.0; Win64; x64) AppleWebKit/537.36 (KHTML, like Gecko) Chrome/116.0.0.0 Safari/537.36 Edg/116.0.1938.54",92.32.4.182,d24dacd5-ef0b-471c-8949-a225402b5c07,Processed,"Total: 299,00
Currency: SEK
Gateway: Stripe
Type: En gång
Mode: live
Transaction: pi_3NiLcmLgKhr8jxDX2uOqOjIO
",,,"{""id:loEeJpHBAnAAAAAAAAEXrw"":{""hash"":""id:loEeJpHBAnAAAAAAAAEXrw"",""name"":""eomslagstina1epub.jpg"",""description"":"""",""type"":""image/jpeg"",""path"":""/eomslagstina1epub.jpg"",""size"":""196 KB"",""link"":""https://www.dropbox.com/home/9fe88bd94a915e84d70716324df4d26c ()/eomslagstina1epub.jpg"",""account_id"":""dbid:AADXK_Gkez5UYe0VK2ee1yNTSHNoC0-_pbI"",""folderurl"":""https%3A%2F%2Fwww.dropbox.com%2Fhome%2F9fe88bd94a915e84d70716324df4d26c+%28%29""},""id:loEeJpHBAnAAAAAAAAEXsA"":{""hash"":""id:loEeJpHBAnAAAAAAAAEXsA"",""name"":""inlagastina1digibookepub.epub"",""description"":"""",""type"":""application/epub+zip"",""path"":""/inlagastina1digibookepub.epub"",""size"":""2 MB"",""link"":""https://www.dropbox.com/home/9fe88bd94a915e84d70716324df4d26c ()/inlagastina1digibookepub.epub"",""account_id"":""dbid:AADXK_Gkez5UYe0VK2ee1yNTSHNoC0-_pbI"",""folderurl"":""https%3A%2F%2Fwww.dropbox.com%2Fhome%2F9fe88bd94a915e84d70716324df4d26c+%28%29""}}","Lat/Long: 59.3798, 17.0344
Map: https://maps.google.com/maps?q=Straengnaes,Södermanland County&ll=59.3798,17.0344&z=6&output=embed
Location: Straengnaes, Södermanland County
Postal: 645 33
Country: SE
",
Checked,Anna,Höök,,,,,,,,"Tingstugatan 43B, 1203",,64534,Strängnäs,,,"Utfall förlag",anna_hook@hotmail.com,3469-2060875,Nordea,"Havet, sanden, kärleken - Det eviga","Det här är en novell som är inspirerad av två dikter av Sapfo. Fragment 1 och Fragment 31.
Den här tolkningen är trogen originalet i stämning och rytm. Det är vacker läsning om erotik och kärlek, tid och längtan.

""Jag reste mig ur rädslan. Jag reste mellan tider. Jag dog, blev räddad av en vacker själ och jag fann livet.""",,Ljudbok,,Anna,Höök,,,,,"17-25 kr (t.ex. kortare novell)",,,,,,,,,,,,,,,,,,,,,,,,"Historiska romaner",,,,,,,,,,,,,,,,,,,,,,,,Poesi,,,,,,,,,,,,,,,,,,,,,,,,,,,,,,,,,,,,,,,,,,,,,,,,,,,,,,,,,,,,,,,,,,"Skönlitteratur: allmänt",,,,,,,,,,,,,,,,,"299,00 Kr",,,,"299,00 Kr","Anna Höök
xxxx xxxx xxxx 8982
Visa",766,"augusti 21, 2023 08:19",,Completed,Yes,No,"Mozilla/5.0 (Windows NT 10.0; Win64; x64) AppleWebKit/537.36 (KHTML, like Gecko) Chrome/115.0.0.0 Safari/537.36 Edg/115.0.1901.203",92.32.4.182,d24dacd5-ef0b-471c-8949-a225402b5c07,Processed,"Total: 299,00
Currency: SEK
Gateway: Stripe
Type: En gång
Mode: live
Transaction: pi_3NhSNbLgKhr8jxDX0Ju6ewtJ
",,,"{""id:loEeJpHBAnAAAAAAAAEXnQ"":{""hash"":""id:loEeJpHBAnAAAAAAAAEXnQ"",""name"":""ljudbokhavetomslag.jpg"",""description"":"""",""type"":""image/jpeg"",""path"":""/ljudbokhavetomslag.jpg"",""size"":""344 KB"",""link"":""https://www.dropbox.com/home/9fe88bd94a915e84d70716324df4d26c ()/ljudbokhavetomslag.jpg"",""account_id"":""dbid:AADXK_Gkez5UYe0VK2ee1yNTSHNoC0-_pbI"",""folderurl"":""https%3A%2F%2Fwww.dropbox.com%2Fhome%2F9fe88bd94a915e84d70716324df4d26c+%28%29""},""id:loEeJpHBAnAAAAAAAAEXng"":{""hash"":""id:loEeJpHBAnAAAAAAAAEXng"",""name"":""havetljudbok.wav"",""description"":"""",""type"":""audio/x-wav"",""path"":""/havetljudbok.wav"",""size"":""201 MB"",""link"":""https://www.dropbox.com/home/9fe88bd94a915e84d70716324df4d26c ()/havetljudbok.wav"",""account_id"":""dbid:AADXK_Gkez5UYe0VK2ee1yNTSHNoC0-_pbI"",""folderurl"":""https%3A%2F%2Fwww.dropbox.com%2Fhome%2F9fe88bd94a915e84d70716324df4d26c+%28%29""}}","Lat/Long: 59.3798, 17.0344
Map: https://maps.google.com/maps?q=Straengnaes,Södermanland County&ll=59.3798,17.0344&z=6&output=embed
Location: Straengnaes, Södermanland County
Postal: 645 33
Country: SE
",
Checked,Marcus,Forsman,,,,,,,,"Mandolingatan 9",,"421 40","Västra Frölunda",,,,marcus.forsman@protonmail.com,"5003 00 280 86",SEB,"Rätten att missakta - en uppgörelse med lagen om hets mot folkgrupp och Identitetspolitik, inherens och idéinnehav. Två essäer av Marcus Forsman","Efter den senaste tidens koranbränningar har samhällsdebatten präglats av diskussioner om gränserna för vår yttrandefrihet. Inte minst har diskussionerna handlat om vad som bör falla under hets mot folkgrupp. Men hur rimligt utformad är den lagen i sin formulering? Och hur ska lagstiftningen och samhället behandla skillnaden mellan medfödda och förvärvade egenskaper? I två essäer fördjupas resonemangen i dessa frågor.",,Ljudbok,E-bok,Marcus,Forsman,,,,,"17-25 kr (t.ex. kortare novell)",,,,,,,,,,,,,,,,,,,,,,,,,,,,,,,,,,,,,,,,,,,,,,,,,,,,,,,,,,,,,,,,,,,,,,,,,,,,,,,,,,,,,,,,,,,,,,,,,,,,,,,,,,,,,,,,,,,"Samhälle och samhällsvetenskap",,,,,,,,,,Essäer,,,"Markera detta val så vi kan matcha ditt formulär med filerna från Sprend. Ange titelns namn i Sprends meddelanderuta. ",,"Detta är första gången jag skickar in för publicering. Ljudfilen är en (ihopklippt) wav-fil och kan möjligen behöva bearbetas. Texten är i EPUB-format, och den ser okej ut i två läsare jag granskat den i. Jag bifogar också en skiss för omslag (Obs! endast en skiss, jag har inte upphovsrätt för bilderna). Men jag är öppen för andra utformningar av omslaget.","299,00 Kr",,"Digibook skapar bokframsida - 299,00 Kr",,"598,00 Kr","Marcus Forsman
xxxx xxxx xxxx 0250
Mastercard",765,"augusti 20, 2023 21:22",,Completed,Yes,No,"Mozilla/5.0 (Windows NT 10.0; Win64; x64) AppleWebKit/537.36 (KHTML, like Gecko) Chrome/115.0.0.0 Safari/537.36 Edg/115.0.1901.203",78.82.45.178,1ef31955-3a4b-4c87-9f47-48fa3625bebe,Processed,"Total: 598,00
Currency: SEK
Gateway: Stripe
Type: En gång
Mode: live
Transaction: pi_3NhI8kLgKhr8jxDX0yQgF7cB
","Jag vill få ett prisförslag för mastring av mina ljudfiler. - 0,00 Kr",,"{""id:loEeJpHBAnAAAAAAAAEXmg"":{""hash"":""id:loEeJpHBAnAAAAAAAAEXmg"",""name"":""Två-essäer.epub"",""description"":"""",""type"":""application/epub+zip"",""path"":""/Två-essäer.epub"",""size"":""23 KB"",""link"":""https://www.dropbox.com/home/0042fc4c428769458235eb971a34b57a ()/två-essäer.epub"",""account_id"":""dbid:AADXK_Gkez5UYe0VK2ee1yNTSHNoC0-_pbI"",""folderurl"":""https%3A%2F%2Fwww.dropbox.com%2Fhome%2F0042fc4c428769458235eb971a34b57a+%28%29""},""id:loEeJpHBAnAAAAAAAAEXmw"":{""hash"":""id:loEeJpHBAnAAAAAAAAEXmw"",""name"":""omslag-skiss.jpg"",""description"":"""",""type"":""image/jpeg"",""path"":""/omslag-skiss.jpg"",""size"":""137 KB"",""link"":""https://www.dropbox.com/home/0042fc4c428769458235eb971a34b57a ()/omslag-skiss.jpg"",""account_id"":""dbid:AADXK_Gkez5UYe0VK2ee1yNTSHNoC0-_pbI"",""folderurl"":""https%3A%2F%2Fwww.dropbox.com%2Fhome%2F0042fc4c428769458235eb971a34b57a+%28%29""}}","Lat/Long: 57.6442, 11.9332
Map: https://maps.google.com/maps?q=Vaestra Froelunda,Västra Götaland County&ll=57.6442,11.9332&z=6&output=embed
Location: Vaestra Froelunda, Västra Götaland County
Postal: 426 00
Country: SE
",
Checked,Anna,Höök,,,,,,,,"Tingstugatan 43B,",,64534,Strängnäs,,,"Utfall förlag",anna_hook@hotmail.com,3469-2060875,Nordea,"HÄR - Skogsbadsmeditationer och några andra naturliga texter","Vi har alla en relation till naturen. Våra minnen, vårt välbefinnande, våra liv. Detta är en hyllning till naturen.
I den här boken finns tjugo olika guidade skogsbadsmeditationer. De är framtagna och skrivna för att fungera som inspiration för nyfikna och arbetsmaterial för skogsbadsinstruktörer.
Den vackra poetiska texten lockar fram den inre kraften som finns i oss alla. 
""Mina utövare brukar uppskatta att höra dikter, så jag kommer låna av dig.""
""Extremt välarbetat måste jag säga. Jag avgudade dikterna.""
""Jättefin meditationstext. Känns som att den ger kraft och energi! Bra!""
""Fick sån lust att gå ut i skogen och meditera.""
""Det är så poetiskt. Jättefint.""","September 14, 2023",,E-bok,,,,,"59-69 kr (t.ex. barnbok 0-3 år)",,,,,,,,,,,"Ande, kropp och själ",,,,,,,,,,,,,,,,,,,,,,,,,,,,,,,,,,,,,,,Poesi,,,,,,,,,,,,,,,,,,,,,,,,,,,,,,,,,,,,,,,,,,,,,,,,,,,,,,,,,,,,,,,,,,"Skönlitteratur: allmänt",,,,,,,,,,,,,,,,"Om det går så skulle jag vilja ha ett lägre pris till biblioteken. 39-49:-, annars samma pris.","299,00 Kr",,,,"299,00 Kr","Anna Höök
xxxx xxxx xxxx 8982
Visa",755,"augusti 12, 2023 18:50",,Completed,No,No,"Mozilla/5.0 (Windows NT 10.0; Win64; x64) AppleWebKit/537.36 (KHTML, like Gecko) Chrome/115.0.0.0 Safari/537.36 Edg/115.0.1901.203",92.32.4.182,d24dacd5-ef0b-471c-8949-a225402b5c07,Processed,"Total: 299,00
Currency: SEK
Gateway: Stripe
Type: En gång
Mode: live
Transaction: pi_3NeLveLgKhr8jxDX3btlbj4z
",,,"{""id:loEeJpHBAnAAAAAAAAEXZQ"":{""hash"":""id:loEeJpHBAnAAAAAAAAEXZQ"",""name"":""omslagebokskogsbad.jpg"",""description"":"""",""type"":""image/jpeg"",""path"":""/omslagebokskogsbad.jpg"",""size"":""29 MB"",""link"":""https://www.dropbox.com/home/a82e9a633b23733f4f36874aed80275f ()/omslagebokskogsbad.jpg"",""account_id"":""dbid:AADXK_Gkez5UYe0VK2ee1yNTSHNoC0-_pbI"",""folderurl"":""https%3A%2F%2Fwww.dropbox.com%2Fhome%2Fa82e9a633b23733f4f36874aed80275f+%28%29""},""id:loEeJpHBAnAAAAAAAAEXZg"":{""hash"":""id:loEeJpHBAnAAAAAAAAEXZg"",""name"":""skogsbadepub3.epub"",""description"":"""",""type"":""application/epub+zip"",""path"":""/skogsbadepub3.epub"",""size"":""63 MB"",""link"":""https://www.dropbox.com/home/a82e9a633b23733f4f36874aed80275f ()/skogsbadepub3.epub"",""account_id"":""dbid:AADXK_Gkez5UYe0VK2ee1yNTSHNoC0-_pbI"",""folderurl"":""https%3A%2F%2Fwww.dropbox.com%2Fhome%2Fa82e9a633b23733f4f36874aed80275f+%28%29""}}","Lat/Long: 59.3798, 17.0344
Map: https://maps.google.com/maps?q=Straengnaes,Södermanland County&ll=59.3798,17.0344&z=6&output=embed
Location: Straengnaes, Södermanland County
Postal: 645 33
Country: SE
",
Checked,Anna,Höök,,,,,,,,"Tingstugatan 43B, 1203",,64235,Strängnäs,,,"Utfall förlag",anna_hook@hotmail.com,3469-2060875,Nordea,"Havet, sanden, kärleken - Det eviga","Det här är en novell som är inspirerad av två dikter av Sapfo. Fragment 1 och 31.
Den här tolkningen är trogen originalet i stämning och rytm. Det är vacker läsning om erotik och kärlek, tid och längtan. 

""Jag reste mig ur rädslan. Jag reste mellan tider. Jag dog, blev räddad av en vacker själ och jag fann livet.""",,,E-bok,,,,,,,"17-25 kr (t.ex. kortare novell)",,,,,,,,,,,,,,,,,,,,,,,,"Historiska romaner",,,,,,,,,,,,,,,,,,,,,,,,Poesi,,,,,,,,,,,,,,,,,,,,,,,,,,,,,,,,,,,,,,,,,,,,,,,,,,,,,,,,,,,,,,,,,,"Skönlitteratur: allmänt",,,,,,Romantik,,,,,,,,,,"Hejsan! Novellen är publicerad tidigare genom publit och finns där igenom på bokus, adlibris, osv, samt min egen webbshop hos publit. Om det är ett problem kan jag ta bort den från dem- men jag vill ha kvar den i min egen webbshop. Att jag vill byta hit är för att jag vill nå biblioteken och så ska jag även göra den till ljudbok. samt att jag har fler manus på gång, om detta fungerar bra. MVH Anna. tel:070-7732395","299,00 Kr",,,,"299,00 Kr","Anna Höök
xxxx xxxx xxxx 8982
Visa",752,"augusti 10, 2023 14:05",,Completed,Yes,No,"Mozilla/5.0 (Windows NT 10.0; Win64; x64) AppleWebKit/537.36 (KHTML, like Gecko) Chrome/115.0.0.0 Safari/537.36 Edg/115.0.1901.188",92.32.4.182,d24dacd5-ef0b-471c-8949-a225402b5c07,Processed,"Total: 299,00
Currency: SEK
Gateway: Stripe
Type: En gång
Mode: live
Transaction: pi_3NdYXHLgKhr8jxDX1y7FSGNw
",,,"{""id:loEeJpHBAnAAAAAAAAEXYw"":{""hash"":""id:loEeJpHBAnAAAAAAAAEXYw"",""name"":""Havet, sanden, kärleken - Det eviga.epub"",""description"":"""",""type"":""application/epub+zip"",""path"":""/Havet, sanden, kärleken - Det eviga.epub"",""size"":""7 KB"",""link"":""https://www.dropbox.com/home/a82e9a633b23733f4f36874aed80275f ()/havet, sanden, kärleken - det eviga.epub"",""account_id"":""dbid:AADXK_Gkez5UYe0VK2ee1yNTSHNoC0-_pbI"",""folderurl"":""https%3A%2F%2Fwww.dropbox.com%2Fhome%2Fa82e9a633b23733f4f36874aed80275f+%28%29""},""id:loEeJpHBAnAAAAAAAAEXZA"":{""hash"":""id:loEeJpHBAnAAAAAAAAEXZA"",""name"":""omslaghavetsista.jpg"",""description"":"""",""type"":""image/jpeg"",""path"":""/omslaghavetsista.jpg"",""size"":""2 MB"",""link"":""https://www.dropbox.com/home/a82e9a633b23733f4f36874aed80275f ()/omslaghavetsista.jpg"",""account_id"":""dbid:AADXK_Gkez5UYe0VK2ee1yNTSHNoC0-_pbI"",""folderurl"":""https%3A%2F%2Fwww.dropbox.com%2Fhome%2Fa82e9a633b23733f4f36874aed80275f+%28%29""}}","Lat/Long: 59.3798, 17.0344
Map: https://maps.google.com/maps?q=Straengnaes,Södermanland County&ll=59.3798,17.0344&z=6&output=embed
Location: Straengnaes, Södermanland County
Postal: 645 33
Country: SE
",
Checked,Gunilla,Eddeborn,,,,,,,,"Södermannagatan 57 F",,11666,Stockholm,,,,mollygumma@outlook.com,"6118 136309798",Handelsbanken,"Hjärtats sånger: En resa genom livet","""Hjärtats Sånger"" är en samling dikter av författaren Gunilla Eddeborn. I detta djupt personliga verk bjuds du med på en resa genom ett liv: en värld av de tankar, känslor och relationer som format en människa. Det är en öppen bok om kärlek, smärta, hopp och drömmar. 

Gunilla skriver direkt från hjärtat. Varje dikt är en sång som erbjuder tröst, insikt och en möjlighet att reflektera. En vän du delar dina mest privata tankar med. En spegel av livets skiftande nyanser. En kraftfull påminnelse om vår egen mänsklighet. Detta är en bok som du kan återvända till om och om igen för att upptäcka nya saker om dig själv och världen omkring dig.","September 1, 2023",,E-bok,,,,,"59-69 kr (t.ex. barnbok 0-3 år)",,,,,,,,,,,"Ande, kropp och själ",,,,,,,,,,,,,,,,,,,,,,,,,,,,,,,,,,,,,,,Poesi,,,,,,,,,,,,,,,,,,,,,,,,,,,,,,,,,,,,,,,,,,,,,,,,,,,,,,,,,,,,,,,,,,,,,,,,,,,,,,,,"Markera detta val så vi kan matcha ditt formulär med filerna från Sprend. Ange titelns namn i Sprends meddelanderuta. ",,"Hej Det blev fel i en fil och undrar om ni kan byta ut den. Skickade den nya också 
Hälsningar Gunilla","299,00 Kr",,,,"299,00 Kr","Gunilla Eddeborn
xxxx xxxx xxxx 8015
Mastercard",749,"augusti 9, 2023 17:37",,Completed,Yes,No,"Mozilla/5.0 (Windows NT 10.0; Win64; x64) AppleWebKit/537.36 (KHTML, like Gecko) Chrome/115.0.0.0 Safari/537.36",188.151.109.208,0ffe5e80-5531-4205-8566-1a10b53390a1,Processed,"Total: 299,00
Currency: SEK
Gateway: Stripe
Type: En gång
Mode: live
Transaction: pi_3NdFOELgKhr8jxDX0lof6542
",,,"{""id:loEeJpHBAnAAAAAAAAEXTw"":{""hash"":""id:loEeJpHBAnAAAAAAAAEXTw"",""name"":""Det är längesedan och du har inte glömt.rtf"",""description"":"""",""type"":""text/rtf"",""path"":""/Det är längesedan och du har inte glömt.rtf"",""size"":""16 KB"",""link"":""https://www.dropbox.com/home/cb310e5bc9b6bf5570b8d1db6004271e ()/det är längesedan och du har inte glömt.rtf"",""account_id"":""dbid:AADXK_Gkez5UYe0VK2ee1yNTSHNoC0-_pbI"",""folderurl"":""https%3A%2F%2Fwww.dropbox.com%2Fhome%2Fcb310e5bc9b6bf5570b8d1db6004271e+%28%29""},""id:loEeJpHBAnAAAAAAAAEXUA"":{""hash"":""id:loEeJpHBAnAAAAAAAAEXUA"",""name"":""Alla-dikter-i-en-fil (1).pdf"",""description"":"""",""type"":""application/pdf"",""path"":""/Alla-dikter-i-en-fil (1).pdf"",""size"":""526 KB"",""link"":""https://www.dropbox.com/home/cb310e5bc9b6bf5570b8d1db6004271e ()/alla-dikter-i-en-fil (1).pdf"",""account_id"":""dbid:AADXK_Gkez5UYe0VK2ee1yNTSHNoC0-_pbI"",""folderurl"":""https%3A%2F%2Fwww.dropbox.com%2Fhome%2Fcb310e5bc9b6bf5570b8d1db6004271e+%28%29""}}","Lat/Long: 59.3274, 18.0653
Map: https://maps.google.com/maps?q=Stockholm,Stockholm County&ll=59.3274,18.0653&z=6&output=embed
Location: Stockholm, Stockholm County
Postal: 116 64
Country: SE
",
Checked,Ella,S,,"Jag vill ge ut min bok under pseudonym",,,,Helena,Bergman,"Sveagatan 26B",,58232,Linköping,,,,bergman_helena@hotmail.com,"5319 01 635 88",SEB,"Naket äventyr Att låna en fru","Återkommer med detta",,,E-bok,,,,,,,,"Annat pris - ange pris nedan",0,,,,,,,,,,,Erotik,,,,,,,,,,,,,,,,,,,,,,,,,,,,,,,,,,,,,,,,,,,,,,,,,,,,,,,,,,,,,,,,,,,,,,,,,,,,,,,,,,,,,,,,,,,,,,,,,,,,,,,,,,,,,,,,,,,,,,"299,00 Kr","Digibook skapar e-boks-fil (EPUB) - 399,00 Kr",,,"698,00 Kr","Bergman Helena
xxxx xxxx xxxx 6255
Mastercard",746,"augusti 7, 2023 09:34",,Completed,Yes,No,"Mozilla/5.0 (Windows NT 10.0; Win64; x64) AppleWebKit/537.36 (KHTML, like Gecko) Chrome/115.0.0.0 Safari/537.36 Edg/115.0.1901.188",2a02:aa1:1020:c51e:1cbd:6bc4:47e:65be,4e6d2e86-fb03-44f5-949e-b168a24c7bd9,Processed,"Total: 698,00
Currency: SEK
Gateway: Stripe
Type: En gång
Mode: live
Transaction: pi_3NcOtgLgKhr8jxDX3GM2aSgG
",,,"{""id:loEeJpHBAnAAAAAAAAEWyg"":{""hash"":""id:loEeJpHBAnAAAAAAAAEWyg"",""name"":""_Del 2 Jessica Naket äventyr Del 2 Att låna en fru.docx"",""description"":"""",""type"":""application/vnd.openxmlformats-officedocument.wordprocessingml.document"",""path"":""/_Del 2 Jessica Naket äventyr Del 2 Att låna en fru.docx"",""size"":""64 KB"",""link"":""https://www.dropbox.com/home/1cdacea37d004a9ea44ce7bc3704a75a ()/_del 2 jessica naket äventyr del 2 att låna en fru.docx"",""account_id"":""dbid:AADXK_Gkez5UYe0VK2ee1yNTSHNoC0-_pbI"",""folderurl"":""https%3A%2F%2Fwww.dropbox.com%2Fhome%2F1cdacea37d004a9ea44ce7bc3704a75a+%28%29""}}","Lat/Long: 57.7165, 11.9708
Map: https://maps.google.com/maps?q=Västra Götaland County&ll=57.7165,11.9708&z=6&output=embed
Location: Västra Götaland County
Country: SE
",
Checked,Bobby,Brandt,,"Jag vill ge ut min bok under pseudonym",,,,Andreas,Ziegler,"Stuartsgatan 8",,41260,Göteborg,,,"Ziegler Utveckling AB",zieglerutveckling@gmail.com,50110087852,SEB,"Kondomtestet, Sexbloggerskans assistent del 2","Efter en het natt tillsammans blir Bobby instruerad att hålla på sig tills de möts igen. Hans sexuella frustration byggs upp. Den här gången ska de testa kondomer, som ska betygsättas för Cillas blogg. Det blir dock allt svårare att sätta ”ärliga” betyg när deras möte blir hetare och hetare. Cilla har dessutom sparat en överraskning till slutet av kvällen.

Kondomtestet är tredje delen i Bobby Brandts serie Sexbloggerskans assistent, i vilken bloggaren Cilla utforskar sin sexualitet tillsammans med sin assistent. Det genomgående temat för dessa noveller är samförstånd, nyfikenhet och, så klart, lust.","September 1, 2023",,E-bok,,,,,,,"17-25 kr (t.ex. kortare novell)",,,,,,,,,,,,,Erotik,,,,,,,,,,,,,,,,,,,,,,,,,,,,,,,,,,,,,,,,,,,,,,,,,,,,,,,,,,,,,,,,,,,,,,,,,,,,,,,,,,,,,,,,,,,,,,,,,,,,,,,,,,,,,,,,,,,,,"Kom ihåg att använda samma färger, typsnitt och liknande som för de andra delarna i novellserien. Jag har dessvärre inga förslag rörande vad som ska vara med på omslaget den här gången.","299,00 Kr","Digibook skapar e-boks-fil (EPUB) - 399,00 Kr","Digibook skapar bokframsida - 299,00 Kr",,"997,00 Kr","Andreas Ziegler
xxxx xxxx xxxx 4381
Mastercard",737,"juli 25, 2023 10:44",,Completed,Yes,No,"Mozilla/5.0 (Windows NT 10.0; Win64; x64) AppleWebKit/537.36 (KHTML, like Gecko) Chrome/115.0.0.0 Safari/537.36 Edg/115.0.1901.183",83.248.102.190,5f9ff326-5883-415b-8d0c-aff9e4815be2,Processed,"Total: 997,00
Currency: SEK
Gateway: Stripe
Type: En gång
Mode: live
Transaction: pi_3NXhnHLgKhr8jxDX3wxCjkoW
",,,"{""id:loEeJpHBAnAAAAAAAAEWtw"":{""hash"":""id:loEeJpHBAnAAAAAAAAEWtw"",""name"":""Bobby Brandt Kondomtestet - Sexbloggerskans assistent, del 3.docx"",""description"":"""",""type"":""application/vnd.openxmlformats-officedocument.wordprocessingml.document"",""path"":""/Bobby Brandt Kondomtestet - Sexbloggerskans assistent, del 3.docx"",""size"":""35 KB"",""link"":""https://www.dropbox.com/home/32f0af12937b6a497cb55dbfaea4b167 ()/bobby brandt kondomtestet - sexbloggerskans assistent, del 3.docx"",""account_id"":""dbid:AADXK_Gkez5UYe0VK2ee1yNTSHNoC0-_pbI"",""folderurl"":""https%3A%2F%2Fwww.dropbox.com%2Fhome%2F32f0af12937b6a497cb55dbfaea4b167+%28%29""}}","Lat/Long: 57.7065, 11.967
Map: https://maps.google.com/maps?q=Gothenburg,Västra Götaland County&ll=57.7065,11.967&z=6&output=embed
Location: Gothenburg, Västra Götaland County
Postal: 413 11
Country: SE
",
Checked,Sanna,Salo,,"Jag vill ge ut min bok under pseudonym",,,,Charlotta,Dahlstedt,"Zakrisvägen 12B",,91335,Holmsund,,,,dahlstedtcharlotta@gmail.com,30402750861,Nordea,"Skimrande pärlor","Minna bävar för den stundande kvällen. Hennes man har bjudit hem sin äldsta vän Anton på middag och Minna vill helst slippa vara med. Hon är övertygad om att mannen som kommer avskyr henne. Han brukar knappt hälsa, och när hon försöker föra någon slags konversation med honom svarar han ytterst fåordigt innan han drar sig undan. Det har alltid varit så och hon kan inte förstå varför. 
När maken berättar att Anton i själva verket åtrår henne blir hon chockad. Men överraskningarna är inte slut där. Minna får ett uppdrag för kvällen. Hennes man vill att hon funderar på hon vill ha sex med Anton medan han ser på.",,,E-bok,,,,,,,"17-25 kr (t.ex. kortare novell)",,,,,,,,,,,,,Erotik,,,,,,,,,,,,,,,,,,,,,,,,,,,,,,,,,,,,,,,,,,,,,,,,,,,,,,,,,,,,,,,,,,,,,,,,,,,,,,,,,,,,,,,,,,,,,,,,,,,,,,,,,,,,,,,,,,,,,,"299,00 Kr","Digibook skapar e-boks-fil (EPUB) - 399,00 Kr","Digibook skapar bokframsida - 299,00 Kr",,"997,00 Kr","Charlotta Dahlstedt
xxxx xxxx xxxx 7291
Visa",710,"juli 11, 2023 20:49",,Completed,Yes,No,"Mozilla/5.0 (Windows NT 10.0; Win64; x64) AppleWebKit/537.36 (KHTML, like Gecko) Chrome/114.0.0.0 Safari/537.36 Edg/114.0.1823.58",217.213.133.12,24d9a8d5-85e0-4502-86fc-0ceaa3e6824b,Processed,"Total: 997,00
Currency: SEK
Gateway: Stripe
Type: En gång
Mode: live
Transaction: pi_3NSmY0LgKhr8jxDX1ONfkcoM
",,,"{""id:loEeJpHBAnAAAAAAAAEV7w"":{""hash"":""id:loEeJpHBAnAAAAAAAAEV7w"",""name"":""Skimrande pärlor.docx"",""description"":"""",""type"":""application/vnd.openxmlformats-officedocument.wordprocessingml.document"",""path"":""/Skimrande pärlor.docx"",""size"":""48 KB"",""link"":""https://www.dropbox.com/home/5f686baab37a9197563e39c4b2f93465 ()/skimrande pärlor.docx"",""account_id"":""dbid:AADXK_Gkez5UYe0VK2ee1yNTSHNoC0-_pbI"",""folderurl"":""https%3A%2F%2Fwww.dropbox.com%2Fhome%2F5f686baab37a9197563e39c4b2f93465+%28%29""}}","Lat/Long: 59.3287, 18.0717
Map: https://maps.google.com/maps?q=Stockholm,Stockholm County&ll=59.3287,18.0717&z=6&output=embed
Location: Stockholm, Stockholm County
Postal: 164 92
Country: SE
",
Checked,Majvi,Åkerlind,,"Jag vill ge ut min bok under pseudonym",,,,Jenny,Wickberg,"Brunnshögsgatan 2",,22471,Lund,,,SandhöMedia,jenny.wickberg@gmail.com,"22 76 10-3",Nordea,"Augustinatt - erotisk novell","Det är värmebölja. Beata, som driver matbutiken på en skärgårdsö, har det stressigt när alla badgäster strömmar till. Hon ska samtidigt för första gången på länge bo ihop med sin tonårsdotter.
  Ett mystiskt dödsfall på ön, där dottern tycks vara inblandad, oroar henne. Till det kommer den buffliga polisen Rolf, som oinbjuden flyttar in i hennes gäststuga. För Beata, som har valt bort män ur sitt liv, kommer passionen lika plötsligt som oväntat. 
    ”Augustinatt” är en långnovell om en het sommar när lusten vaknar till liv, och när en ovälkommen bekantskap blir till en spännande ny vän.

Majvi Åkerlind är pseudonym för en svensk författarinna som skriver erotiska noveller på ett ärligt men lekfullt sätt. Det är hett och sensuellt med glimten i ögat, där den mogna kvinnans lust är i fokus.


Taggar: Erotik, sommar, skärgård.","August 20, 2023",,,,,,,,"39-49 kr (t.ex. längre novell eller kortare roman)",,,,,,,,,,,,,,Erotik,,,,,,,,,,,,,,,,,,,,,,,,,,,,,,,,,,,,,,,,,,,,,,,,,,,,,,,,,,,,,,,,,,,,,,,,,,,,,,,,,,,,,,,,,,,,,,,,,,,,,,,,,,,,,,,,,,,,,,"299,00 Kr","Digibook skapar e-boks-fil (EPUB) - 399,00 Kr",,,"698,00 Kr","Jenny Wickberg
xxxx xxxx xxxx 1763
Visa",697,"juli 6, 2023 08:08",,Completed,Yes,No,"Mozilla/5.0 (Macintosh; Intel Mac OS X 10_15_7) AppleWebKit/605.1.15 (KHTML, like Gecko) Version/16.5.1 Safari/605.1.15",217.213.81.28,01797d8f-cef6-4a02-8fcb-382d6f08d6d4,Processed,"Total: 698,00
Currency: SEK
Gateway: Stripe
Type: En gång
Mode: live
Transaction: pi_3NQmIbLgKhr8jxDX3VI8Ea1K
",,,"{""id:loEeJpHBAnAAAAAAAAET-Q"":{""hash"":""id:loEeJpHBAnAAAAAAAAET-Q"",""name"":""Augustinatt5.jpg"",""description"":"""",""type"":""image/jpeg"",""path"":""/Augustinatt5.jpg"",""size"":""156 KB"",""link"":""https://www.dropbox.com/home/3cc158ca2cb56d4e70dfc39ef7fb509b ()/augustinatt5.jpg"",""account_id"":""dbid:AADXK_Gkez5UYe0VK2ee1yNTSHNoC0-_pbI"",""folderurl"":""https%3A%2F%2Fwww.dropbox.com%2Fhome%2F3cc158ca2cb56d4e70dfc39ef7fb509b+%28%29""},""id:loEeJpHBAnAAAAAAAAET-g"":{""hash"":""id:loEeJpHBAnAAAAAAAAET-g"",""name"":""Augustinatt - erotisk novell.docx"",""description"":"""",""type"":""application/vnd.openxmlformats-officedocument.wordprocessingml.document"",""path"":""/Augustinatt - erotisk novell.docx"",""size"":""57 KB"",""link"":""https://www.dropbox.com/home/3cc158ca2cb56d4e70dfc39ef7fb509b ()/augustinatt - erotisk novell.docx"",""account_id"":""dbid:AADXK_Gkez5UYe0VK2ee1yNTSHNoC0-_pbI"",""folderurl"":""https%3A%2F%2Fwww.dropbox.com%2Fhome%2F3cc158ca2cb56d4e70dfc39ef7fb509b+%28%29""}}","Lat/Long: 59.3287, 18.0717
Map: https://maps.google.com/maps?q=Stockholm,Stockholm County&ll=59.3287,18.0717&z=6&output=embed
Location: Stockholm, Stockholm County
Postal: 164 92
Country: SE
",
Checked,Gun-Christine,Ström,,,,,,,,"Hagtornsvägen 7",,29159,Kristianstad,,,,gunkistrom@gmail.com,Kontonummer:56900716210,SEB,"Mitt liv med hund","En minnesruna över författarens hundar där ögonblicksbilderna ger plats för både tårar och skratt.",,,E-bok,,,,,,,"17-25 kr (t.ex. kortare novell)",,,,,,,,,,,,,,,,,,,,,,,,,,,,,Husdjur,,,,,,,,,,,,,,,,,,,,,,,,,,,,,,,,,,,,,,,,,,,,,,,,,,,,,,,,,,,,,,,,,,,,,,,,,,,,,,,,,,,,,"Skönlitteratur: allmänt",,,,,,,,"Biografier, sanna berättelser, essäer etc.",,,,,,,,"Önskar en framsida med bild på hund på ena sidan av ""regnbågsbron"" och en människa i andra änden. Hunden skall vara i ""hundhimlen"". Ganska vanlig bild i sociala medier. 

Går tyvärr inte att spara som wordfil eftersom det inte blir det som man skriver i dokumentet och allt flyttas huller om buller när man konverterar det.
Pdf liknande problem med nedflyttningar och dylikt. Men den bästa varianten och skickar därför det.","299,00 Kr","Digibook skapar e-boks-fil (EPUB) - 399,00 Kr","Digibook skapar bokframsida - 299,00 Kr",,"997,00 Kr","A E G Christine Strom
xxxx xxxx xxxx 5743
Mastercard",692,"juli 3, 2023 19:39",,Completed,Yes,No,"Mozilla/5.0 (X11; CrOS x86_64 14541.0.0) AppleWebKit/537.36 (KHTML, like Gecko) Chrome/114.0.0.0 Safari/537.36",2a02:920:1fc8:c998:f03e:7afa:1a1d:4ced,8050daa1-e5e5-4ded-9506-c28e5e16c910,Processed,"Total: 997,00
Currency: SEK
Gateway: Stripe
Type: En gång
Mode: live
Transaction: pi_3NPreGLgKhr8jxDX0y0VPB77
",,,"{""id:loEeJpHBAnAAAAAAAAET1g"":{""hash"":""id:loEeJpHBAnAAAAAAAAET1g"",""name"":""Mitt liv med hund (1).pdf"",""description"":"""",""type"":""application/pdf"",""path"":""/Mitt liv med hund (1).pdf"",""size"":""1 MB"",""link"":""https://www.dropbox.com/home/abc89bcd702561a312a617c4aba51d6a ()/mitt liv med hund (1).pdf"",""account_id"":""dbid:AADXK_Gkez5UYe0VK2ee1yNTSHNoC0-_pbI"",""folderurl"":""https%3A%2F%2Fwww.dropbox.com%2Fhome%2Fabc89bcd702561a312a617c4aba51d6a+%28%29""}}","Lat/Long: 55.3641, 13.1751
Map: https://maps.google.com/maps?q=Trelleborg,Skåne County&ll=55.3641,13.1751&z=6&output=embed
Location: Trelleborg, Skåne County
Postal: 231 92
Country: SE
",
Checked,Agnes,Ek,,"Jag vill ge ut min bok under pseudonym",,,,Ingrid,Lindquist,"ÅSÖGATAN 148",,"116 32",Stockholm,,,,ingridjosefinskriver@gmail.com,"5231 11 086 70 (eller bankgiro 5132-6346 Mobil ekonomi)",SEB,"Sommarlust - erotisk novell","Emelie är ensam i sommartorpet när två vandrare frågar om de får tälta nära huset. Efter tvekan svarar hon ja. De unga männen är farligt sexiga och snart börjar hon fantisera om en trekant. Från fönstret ser hon hur de badar nakna i sjön. När de klänger på varandra tror hon att de har ett förhållande och är ointresserade av henne.

Men varför vill den ena mannen måla av henne naken? Och varför kan den andra mannen inte slita blicken från henne när hon ligger som modell på divanen? Utan en tråd på kroppen spelar hon dem ett spratt. Men vem är det egentligen som busar med vem?","July 10, 2023",Ljudbok,,Tilde,Adeberg,,,,,"17-25 kr (t.ex. kortare novell)",,,,,,,,,,,,,Erotik,,,,,,,,,,,,,,,,,,,,,,,,,,,,,,,,,,,,,,,,,,,,,,,,,,,,,,,,,,,,,,,,,,,,,,,,,,,,,,,,,,,,,,,,,,,,,,,,,,,,,,,,,,,,,,,,,,,,,,"299,00 Kr",,,,"299,00 Kr","Ingrid Lindquist f:a Mobil ekonomi
xxxx xxxx xxxx 3790
Mastercard",691,"juli 3, 2023 09:36",,Completed,Yes,No,"Mozilla/5.0 (Windows NT 10.0; Win64; x64) AppleWebKit/537.36 (KHTML, like Gecko) Chrome/114.0.0.0 Safari/537.36",81.229.141.159,790c7915-3c3f-4078-8d68-a7bfa087cca6,Processed,"Total: 299,00
Currency: SEK
Gateway: Stripe
Type: En gång
Mode: live
Transaction: pi_3NPiFALgKhr8jxDX1AoJYxpl
",,,"{""id:loEeJpHBAnAAAAAAAAETww"":{""hash"":""id:loEeJpHBAnAAAAAAAAETww"",""name"":""Sommarlust jpg.jpg"",""description"":"""",""type"":""image/jpeg"",""path"":""/Sommarlust jpg.jpg"",""size"":""266 KB"",""link"":""https://www.dropbox.com/home/e1380cccf0eb1f50fd8891995e593cb2 ()/sommarlust jpg.jpg"",""account_id"":""dbid:AADXK_Gkez5UYe0VK2ee1yNTSHNoC0-_pbI"",""folderurl"":""https%3A%2F%2Fwww.dropbox.com%2Fhome%2Fe1380cccf0eb1f50fd8891995e593cb2+%28%29""},""id:loEeJpHBAnAAAAAAAAETxA"":{""hash"":""id:loEeJpHBAnAAAAAAAAETxA"",""name"":""Sommarlust av Agnes Ek (2).wav"",""description"":"""",""type"":""audio/x-wav"",""path"":""/Sommarlust av Agnes Ek (2).wav"",""size"":""186 MB"",""link"":""https://www.dropbox.com/home/e1380cccf0eb1f50fd8891995e593cb2 ()/sommarlust av agnes ek (2).wav"",""account_id"":""dbid:AADXK_Gkez5UYe0VK2ee1yNTSHNoC0-_pbI"",""folderurl"":""https%3A%2F%2Fwww.dropbox.com%2Fhome%2Fe1380cccf0eb1f50fd8891995e593cb2+%28%29""}}","Lat/Long: 59.3274, 18.0653
Map: https://maps.google.com/maps?q=Stockholm,Stockholm County&ll=59.3274,18.0653&z=6&output=embed
Location: Stockholm, Stockholm County
Postal: 116 64
Country: SE
",
Checked,Pierre,Hayek,,,,,,,,"Tulegatan 2",,17278,Sundbyberg,,,,morgrona7@gmail.com,6153-598024298,Handelsbanken,"Den O Helige Fadern","Under kalla krigets 1970-tal befinner sig Bryssel likt övriga världen i förändringens vind. Men inte långt ifrån huvudstaden finns en idyllisk by där tiden stått still sedan andra världskriget. I det lilla samhället bor en medelåldersman med sin fru och två barn. Med ett mörkt förflutet är platsen ett medvetet val. När äktenskapet krackelerar och de vuxna barnen tar mer och mer avstånd från sin far, väljer den sistnämnde att en dag bara lämna familjen och byn för att hitta sig själv. Vad han inte räknat med, är att världen utanför inte är sig lik. Kontrasterna från en harmonisk tillvaro på en sömnig ort till ett hektiskt och modernt Bryssel blir för mycket och trasslar in denna vilsna själ i knipor. Han tvingas på flykt tvärs över tre kontinenter. Bland annat till inbördeskrigets Beirut och diktaturens Argentina, där det minglas med militärjuntans mest hårdnackade figurer. En återförening med familjen blir mer avlägsen ju mer problemen hopar sig. Kan den gamla clownen i honom ta till ett sista trolleritrick för att rädda sitt eget skinn?","July 10, 2023",,E-bok,,,,"79-89 kr",,,,,,,,,,,,,,,,,,,,,,,,,,,,,Humor,"Humoristiska romaner",,,,,,,,,,,,,,,,,,,,,,,,,,,,,,,,,,,,,,,,,,,,,,,,,,,,,,,,,,,,,,,,,,,,,,,,,,,,,,,,,,,,,,,"Skönlitteratur: allmänt",,"Från 14 år",,,Thrillers,,,,,,Essäer,,,,,,"299,00 Kr","Digibook skapar e-boks-fil (EPUB) - 399,00 Kr",,,"698,00 Kr","Pierre Hayek
xxxx xxxx xxxx 9161
Mastercard",689,"juli 2, 2023 20:26",,Completed,Yes,No,"Mozilla/5.0 (Windows NT 10.0; Win64; x64) AppleWebKit/537.36 (KHTML, like Gecko) Chrome/114.0.0.0 Safari/537.36",213.185.10.156,2ad009b3-3c92-46e6-9e72-2a2be379adcb,Processed,"Total: 698,00
Currency: SEK
Gateway: Stripe
Type: En gång
Mode: live
Transaction: pi_3NPVuALgKhr8jxDX0DszhEbX
",,,"{""id:loEeJpHBAnAAAAAAAAETwA"":{""hash"":""id:loEeJpHBAnAAAAAAAAETwA"",""name"":""Den O helige Fadern.docx"",""description"":"""",""type"":""application/vnd.openxmlformats-officedocument.wordprocessingml.document"",""path"":""/Den O helige Fadern.docx"",""size"":""194 KB"",""link"":""https://www.dropbox.com/home/91e910cbb0ca825eb53b6ab2739baec9 ()/den o helige fadern.docx"",""account_id"":""dbid:AADXK_Gkez5UYe0VK2ee1yNTSHNoC0-_pbI"",""folderurl"":""https%3A%2F%2Fwww.dropbox.com%2Fhome%2F91e910cbb0ca825eb53b6ab2739baec9+%28%29""},""id:loEeJpHBAnAAAAAAAAETwQ"":{""hash"":""id:loEeJpHBAnAAAAAAAAETwQ"",""name"":""Framsidan.jpg"",""description"":"""",""type"":""image/jpeg"",""path"":""/Framsidan.jpg"",""size"":""435 KB"",""link"":""https://www.dropbox.com/home/91e910cbb0ca825eb53b6ab2739baec9 ()/framsidan.jpg"",""account_id"":""dbid:AADXK_Gkez5UYe0VK2ee1yNTSHNoC0-_pbI"",""folderurl"":""https%3A%2F%2Fwww.dropbox.com%2Fhome%2F91e910cbb0ca825eb53b6ab2739baec9+%28%29""}}","Lat/Long: 59.3565, 17.9651
Map: https://maps.google.com/maps?q=Sundbyberg,Stockholm County&ll=59.3565,17.9651&z=6&output=embed
Location: Sundbyberg, Stockholm County
Postal: 174 53
Country: SE
",
Checked,Kai,Cravelin,,,,,,,,"Jönåkersvägen 30",,Enskede,Stockholm,,,VIANEO,cravelin@vianeo.se,6156-255141408,"Handelsbanken Globen","När festen är över: Stoisk kognitiv beteendeträning vid alkoholbrukssyndrom (SKBT)","Har du en önskan om att sluta dricka alkohol men inte lyckats hitta vägen ut ur ditt beroende?

Att vara galet förälskad är det mest underbara som finns. Men när din största kärlek är en destruktiv kemisk livspartner som successivt bryter ner hela din tillvaro är det hög tid att gå skilda vägar. För dig som är beroende av alkohol och vill sluta dricka är det en ständig kamp att göra slut med flaskan. Kanske har du försökt att sluta dricka på egen hand eller genomgått olika terapier och behandlingar men ingenting hjälper. Du har inte hittat tillräckligt verkningsfulla redskap för att stå emot när din kemiska vän kallar och törsten sätter in. Tyvärr är det alltför ofta som du kapitulerar och ger upp ditt sökande efter nykterheten till förmån för berusningen. Du upplever att du inte har något annat val än att leva kvar i den dysfunktionella kärleksrelationen som leder till  en etisk och moralisk upplösning.


Det finns en väg ut ur dina svårigheter!

Det du med ett alkoholberoende behöver förstå är att det inte räcker med att bara sluta dricka. Du behöver undanröja anledningarna till att du dricker och hitta en ny kärlek som ersätter det som alkoholen ger dig. I den här boken möter du olika beroendepersonligheter och får lära dig varför det är så svårt att permanent sluta dricka, och framför allt vad du kan göra åt det. Här presenteras den grekisk-romerska stoiska filosofin och hur den kan vara till hjälp för dig att avhålla dig från att dricka när längtan efter alkoholen blir för stark. Men framför allt ger den stoiska mentala inställningen dig möjligheten att bygga upp och leva det liv som du vill ha. När du väl har byggt upp en tillvaro som ersätter kärleken till alkoholen finns det ingenting som kan få dig att falla tillbaka i armarna på din kemiska kärlek.


Kai Cravelin är Legitimerad psykoterapeut med kognitiv beteendeterapeutisk inriktning (KBT). Efter att själv tagit sig ur sina egna svårigheter med beroende har han sedan början av 2000-talet arbetat med behandling av psykisk ohälsa. Kai har förutom sitt kliniska patientarbete varit verksam som chef och behandlingsansvarig på olika behandlingshem. Under åren har han även utvecklat modeller för behandling och parallellt utbildat och handlett vårdpersonal.",,,E-bok,,,"119-129 kr",,,,,,,,,,,,,,,,,,,,,Filosofi,,,,,,,,,,,,,,,,,,,,,,,,,"Självhjälp och praktiska råd",,,,,,,,,,,,,,,,,,,,,,,,,,,,,,,,,,,,,,,,,,,,,,,,,,,,,,,,,,,,,,,,,,,,,,,,,,,,Psykologi,,,,,,,,,,,,,"299,00 Kr","Digibook skapar e-boks-fil (EPUB) - 399,00 Kr","Digibook skapar bokframsida - 299,00 Kr",,"997,00 Kr","Kai Cravelin
xxxx xxxx xxxx 7979
Mastercard",687,"juli 2, 2023 09:30",,Completed,Yes,No,"Mozilla/5.0 (Windows NT 10.0; Win64; x64) AppleWebKit/537.36 (KHTML, like Gecko) Chrome/114.0.0.0 Safari/537.36 Edg/114.0.1823.58",2a02:1406:9:c2c8:9ce7:9f64:f31e:adcf,5a027c02-f65e-4eec-a9b6-2fdafe500306,Processed,"Total: 997,00
Currency: SEK
Gateway: Stripe
Type: En gång
Mode: live
Transaction: pi_3NPLfWLgKhr8jxDX0w6NQS8T
",,,"{""id:loEeJpHBAnAAAAAAAAETqw"":{""hash"":""id:loEeJpHBAnAAAAAAAAETqw"",""name"":""När festen är över  färdig för publicering till digibook 20230630.docx"",""description"":"""",""type"":""application/vnd.openxmlformats-officedocument.wordprocessingml.document"",""path"":""/När festen är över  färdig för publicering till digibook 20230630.docx"",""size"":""4 MB"",""link"":""https://www.dropbox.com/home/694a0ba9732d66546565f513056ea8fe ()/när festen är över  färdig för publicering till digibook 20230630.docx"",""account_id"":""dbid:AADXK_Gkez5UYe0VK2ee1yNTSHNoC0-_pbI"",""folderurl"":""https%3A%2F%2Fwww.dropbox.com%2Fhome%2F694a0ba9732d66546565f513056ea8fe+%28%29""}}","Lat/Long: 59.3287, 18.0717
Map: https://maps.google.com/maps?q=Stockholm,Stockholm County&ll=59.3287,18.0717&z=6&output=embed
Location: Stockholm, Stockholm County
Postal: 164 92
Country: SE
",
Checked,Birger,Nicklasson,,,,,,,,"Garnviksvägen 34",,"461 91 Trollhättan","Västra Götaland",,,"B&B Books",birger_nicklasson@yahoo.se,"9060 2143683","Länsförsäkringar Bank","Exterminii Del 1 Återuppbyggnaden","De 30-40% som överlevt pandemin, kämpar nu för att bygga upp ett fungerande samhälle igen.
De grupper som redan före pandemin levde utanför samhället, men av det, fortsätter att försöka ta för sig av det som inte är deras och detta problem måste nu åtgärdas. En gång för alla.
Ensamma övergivna barn, många bara ett par år gamla, går en osäker framtid till mötes då vuxna runt dom dör.
Hot och våld tvingar många att plocka fram sidor hos sig själva som de inte ens visste att de hade, för att överleva och för att rädda andra.","July 13, 2023",Ljudbok,,Birger,Nicklasson,,"79-89 kr",,,,,,,,,,,,,,,,,,,,,,,,,,,,,,,,,,,,,,,,,,,,,,,,,,,,,,,,,,,,,,,,,,,,,,,,,,,,,,,,,,,,,,,,,,,,,,,,,,,,,,,,,,,,,,,,,,,,,,,"Från 14 år",,,,,,,,,,,,,,"Ljudfilen är redan inskickad ( Marino )
E-boken ligger fortfarande på det ursprungliga förlaget, men ska u oktober
flyttas och då kaske hamna hos er.
Jag återkommer.","299,00 Kr",,,,"299,00 Kr","Birger Niklasson
xxxx xxxx xxxx 7536
Mastercard",685,"juni 29, 2023 11:07",,Completed,Yes,No,"Mozilla/5.0 (Windows NT 10.0; Win64; x64) AppleWebKit/537.36 (KHTML, like Gecko) Chrome/114.0.0.0 Safari/537.36",90.226.128.85,ffc84f2a-8de1-4351-8755-dec21c8b70a2,Processed,"Total: 299,00
Currency: SEK
Gateway: Stripe
Type: En gång
Mode: live
Transaction: pi_3NOHkFLgKhr8jxDX0gsj86xk
","Jag vill få ett prisförslag för mastring av mina ljudfiler. - 0,00 Kr",,,"Lat/Long: 58.2854, 12.2816
Map: https://maps.google.com/maps?q=Trollhättan,Västra Götaland County&ll=58.2854,12.2816&z=6&output=embed
Location: Trollhättan, Västra Götaland County
Postal: 461 58
Country: SE
",
Checked,Kai,Cravelin,,,,,,,,"Jönåkersvägen 30",,12248,Enskede,,,VIANEO,cravelin@vianeo.se,6156-255141408,"Handelsbanken Globen","Fri från beroende och psykisk ohälsa: Nykterhet och välmående genom personlig utveckling","Har du tappat kontrollen över ditt liv på grund av alkohol och andra droger?

När du har är kemiskt beroende är livet ohanterligt. Eftersom tillvaron inte fungerar är det lätt att ständigt fly till drogerna som skänker förutsägbar och omedelbar lättnad från det som smärtar. Men när du är kemiskt bedövad är du som förlamad utan förmåga att göra något åt det som felar. Så fort du nyktrat till upptäcker du att du är kvar i dina gamla bekymmer och att ingenting har förändrats. Tankar, känslor och livet fortsätter att plåga dig. Du sitter fast i en virvlande negativ spiral som obönhörligt bryter ner alla delar av din tillvaro.

Lär dig hur du kan leva nykter och göra bestående förändringar i ditt liv

Nyckeln till en meningsfull och nykter tillvaro är din förmåga att kunna ha dina tankar, känslor och handlingar i harmoni. När du har förmågan att balansera den här trion av beteenden börjar ditt liv att bli som du önskar och suget efter alkohol och droger  kommer att försvinna. I den här boken får du tillgång till flera praktiska övningar där du kan undersöka dina värderingar och sätta upp livsmål. När dessa är tydliga kan du med hjälp av de strategier för personlig utveckling som här presenteras förändra din tillvaro. När du jobbar med dig själv en dag i taget kommer du att sätta ett större värde på din personliga utveckling och det nya liv du bygger upp, än på alkoholen och drogerna.

Kai Cravelin är Legitimerad psykoterapeut med kognitiv beteendeterapeutisk inriktning (KBT). Efter att själv tagit sig ur sina egna svårigheter med beroende har han sedan början av 2000-talet arbetat med behandling av psykisk ohälsa. Kai har förutom sitt kliniska patientarbete varit verksam som chef och behandlingsansvarig på olika behandlingshem. Under åren har han även utvecklat modeller för behandling och parallellt utbildat och handlett vårdpersonal.",,,E-bok,,,"119-129 kr",,,,,,,,,,,,,,,,,,,,,Filosofi,,,,,,,,,,,,,,,,,,,,,,,,,"Självhjälp och praktiska råd",,,,,,,,,,,,,,,,,,,,,,,,,,,,,,,,,,,,,,,,,,,,,,,,,,,,,,,,,,,,,,,,,,,,,,,,,,,,Psykologi,,,,,,Pedagogik,,,,,,,"299,00 Kr","Digibook skapar e-boks-fil (EPUB) - 399,00 Kr","Digibook skapar bokframsida - 299,00 Kr",,"997,00 Kr","Kai Cravelin
xxxx xxxx xxxx 7979
Mastercard",684,"juni 29, 2023 04:21",,Completed,Yes,No,"Mozilla/5.0 (Windows NT 10.0; Win64; x64) AppleWebKit/537.36 (KHTML, like Gecko) Chrome/114.0.0.0 Safari/537.36 Edg/114.0.1823.58",2a02:1406:49:e337:4c1a:7943:228e:abab,5a027c02-f65e-4eec-a9b6-2fdafe500306,Processed,"Total: 997,00
Currency: SEK
Gateway: Stripe
Type: En gång
Mode: live
Transaction: pi_3NOBQILgKhr8jxDX0U1mMqVp
",,,"{""id:loEeJpHBAnAAAAAAAAESow"":{""hash"":""id:loEeJpHBAnAAAAAAAAESow"",""name"":""Fri från kemiskt beroende och psykisk ohälsa 2023-06-28 till Digibook publicering.docx"",""description"":"""",""type"":""application/vnd.openxmlformats-officedocument.wordprocessingml.document"",""path"":""/Fri från kemiskt beroende och psykisk ohälsa 2023-06-28 till Digibook publicering.docx"",""size"":""21 MB"",""link"":""https://www.dropbox.com/home/694a0ba9732d66546565f513056ea8fe ()/fri från kemiskt beroende och psykisk ohälsa 2023-06-28 till digibook publicering.docx"",""account_id"":""dbid:AADXK_Gkez5UYe0VK2ee1yNTSHNoC0-_pbI"",""folderurl"":""https%3A%2F%2Fwww.dropbox.com%2Fhome%2F694a0ba9732d66546565f513056ea8fe+%28%29""}}","Lat/Long: 59.3287, 18.0717
Map: https://maps.google.com/maps?q=Stockholm,Stockholm County&ll=59.3287,18.0717&z=6&output=embed
Location: Stockholm, Stockholm County
Postal: 164 92
Country: SE
",
Checked,Sandra,Lagerstrand,,,,,,,,"Trädgårdsgatan 3A",,OXELÖSUND,Sverige,,,,sandralag96@gmail.com,"93 229 998-5",Sparbankerna,"Att slåss mot livet","Att slåss mot livet.
Den här boken är skriven för dig som har slagits mot livet.
Den är till för dig som vaknar varje morgon och redan önskar att dagen vore slut. 
Den är till för dig som omedvetet eller medvetet kämpar emot dig själv. 
Jag har skrivit för dig som tänker att du inte förtjänar att vara lycklig. 
Jag har skrivit för dig som vaknar på nätterna och plågas av mörka tankar om dig själv och andra. 
Den här boken är din.
Den är också till för dig som är vetgirig. Den är till för dig som vill veta mer om hur det är att leva med diagnoser och psykisk ohälsa för att du bättre ska kunna bemöta och förstå oss som tvingas leva med det. 
Jag kommer berätta för dig om min kamp mot en diagnos. Det är en diagnos som vi sällan hör folk prata om. Du har troligtvis inte hört mycket om den i media. Jag vill berätta för dig hur det är att leva med kromosomavvikelsen Turner Syndrom.

En berättelse om livet med psykisk ohälsa och diagnoser. En berättelse om att våga se det vackra i livet. En berättelse om att sluta slåss.","July 1, 2023",Ljudbok,,Kristina,Dowling,"119-129 kr",,,,,,,,,,,,,"Ande, kropp och själ",,,,,,"Familj och hälsa",,,,,,,,,,,,,,,,,,,,,,,,"Personliga och sociala frågor barn och ungdom",,,"Självhjälp och praktiska råd",,,,,,,,,,,,,,,,,,,,,,,,,,,,,,,,,,,,,,,,,,,,,,,,,,,,,,,,,,,,,,,,,,,,,,,,"Skönlitteratur: allmänt",,"Från 14 år",,,,,,"Biografier, sanna berättelser, essäer etc.",,,,,,"Markera detta val så vi kan matcha ditt formulär med filerna från Sprend. Ange titelns namn i Sprends meddelanderuta. ",,"Har skickat via Sprend","299,00 Kr",,,,"299,00 Kr","Sandra L
xxxx xxxx xxxx 8773
Mastercard",682,"juni 28, 2023 16:03",,Completed,Yes,No,"Mozilla/5.0 (Windows NT 10.0; Win64; x64) AppleWebKit/537.36 (KHTML, like Gecko) Chrome/114.0.0.0 Safari/537.36",188.149.88.227,ba4d370c-e53e-4ba0-a51f-421f81365fa5,Processed,"Total: 299,00
Currency: SEK
Gateway: Stripe
Type: En gång
Mode: live
Transaction: pi_3NNztnLgKhr8jxDX0ODGgzG4
",,,,"Lat/Long: 58.756, 17.0095
Map: https://maps.google.com/maps?q=Nyköping,Södermanland County&ll=58.756,17.0095&z=6&output=embed
Location: Nyköping, Södermanland County
Postal: 611 65
Country: SE
",
Checked,Hans,Oreheim,,,,,,,,"Seminariegatan 2",,"413 13",Göteborg,,,Ankhenergy.se,hassehem@gmail.com,"3300 600418-0292",Nordea,"Den Fördolda Kunskapen","""Det räker inte längre med krukor med källvatten. För oss ner till floden""
                                                      Rumi

Den här boken är en ovanlig äventyrsroman som startar i Sverige och sedan tar dig med ut på en resa i flera länder, i jakten på den fördolda kunskapen . En kunskap som faktiskt kan få dig att ändra din bild av dig själv och din historia. Boken är den tredje fristående Boken i en trilogi. De två tidigare heter Den Förbjudna Kunskapen och Den Förlorade Kunskapen. 

Hans Oreheim: Till yrket Arkeolog. Har under många år arbetat med olika arkeologiska projekt, både i Sverige och utomlands. Hans har studerat Nordisk och Klassisk arkeologi, Egyptologi, Geovetenskap och astronomi på Göteborgs universitet.","June 30, 2023",Ljudbok,,Hans,Oreheim,"119-129 kr",,,,,,,,,,,"Från 12 år",,,,,,,,,,,,,,,,"Historia och arkeologi","Historiska romaner",,,,,,,,,,,,,,,,,,,,,,,,,,,,,,,,,,,,,,,,,,,,,,,,,,,,,,,,,,,,,,,,,,,,,,,,,,,,,,,,,,,,,,,,,,,,,,,Thrillers,,,,,,,,,,,"Har varit i kontakt med Marino och skickat ljudfiler samt bokbildsomslag.","299,00 Kr",,,,"299,00 Kr","Hans Oreheim
xxxx xxxx xxxx 6901
Visa",681,"juni 26, 2023 15:13",,Completed,Yes,No,"Mozilla/5.0 (Linux; Android 12; SAMSUNG SM-A536B) AppleWebKit/537.36 (KHTML, like Gecko) SamsungBrowser/21.0 Chrome/110.0.5481.154 Mobile Safari/537.36",188.151.48.212,e1f724c5-6b09-41f4-97b1-d1c08a418244,Processed,"Total: 299,00
Currency: SEK
Gateway: Stripe
Type: En gång
Mode: live
Transaction: pi_3NNG9PLgKhr8jxDX0HoPGENZ
",,,,"Lat/Long: 57.7065, 11.967
Map: https://maps.google.com/maps?q=Gothenburg,Västra Götaland County&ll=57.7065,11.967&z=6&output=embed
Location: Gothenburg, Västra Götaland County
Postal: 417 53
Country: SE
",
Checked,Arne,Weinz,,,,,,,,"Skärviksvägen 24",,18261,Djursholm,,,"Global Village AB",arne.weinz@gmail.com,"SEB 5202 1013669",SEB,"Perfekt storm","Lördagen den 17 juli 2027 bryter kriget ut som en blixt från klar himmel. Via vanliga kryssningsfartyg lyckas Muslimska Brödraskapet landsätta tusentals välutrustade elitsoldater utan att möta motstånd. Samtidigt släpps hundratusentals svenska gudskrigare loss. Muslimernas kraft är förfärande och de tar snabbt kontroll över stora delar av Sverige
Först efter tre dagar lyckas en stympad och chockad svensk ledning samla sig till motstånd. Kaoset är totalt och svenskarna saknar en fungerande organisation eftersom muslimska agenter mördat ledande svenskar i sina hem natten innan krigsutbrottet. 
Svenska patrioter inleder en kapplöpning med gudskrigarna om att hinna först till de militära vapenförråden och fristående motståndsgrupper uppstår där de hinner först.
Det står snabbt klart muslimerna inte kan besegras militärt. Den svenska exilregeringen vädjar om internationell hjälp och blir hörsammade i Moskva.
För civilbefolkningen råder svåra tider med svält, kalla bostäder samt brist på mediciner och drivmedel. Elförsörjningen är utslagen, liksom mobilnäten, TV och Internet. Hämningslösa profitörer gör sig rika genom att utnyttja de förtvivlade människornas trångmål.
Svenskarnas kampvilja låter sig inte knäckas och efter fem månaders strider tar allt plötsligt en oväntad utveckling.","June 21, 2023",Ljudbok,E-bok,Viktor,Eriksson,"119-129 kr",,,,,,,,,,,,,,Deckare,,,,,,,,,,,,,,,,,,,,,,,"Krig och försvar",,,,,,,,,,,,,,,,,,,,,,,,,,,,,,,,,,,,,,,,,,,,,,,,,,,,,,,,,,,,,,,,,,,,,,,,,,,,,,,,,"Skönlitteratur: allmänt",,,Dramatik,,Thrillers,,,,,,,,,"Markera detta val så vi kan matcha ditt formulär med filerna från Sprend. Ange titelns namn i Sprends meddelanderuta. ",,https://sprend.com/download?C=834559ff878e4b92832c17ece01ac94b,"299,00 Kr",,,"Digibook konverterar dina MP3-filer till WAV-filer - 199,00 Kr","498,00 Kr","Arne Weinz
xxxx xxxx xxxx 8418
Mastercard",670,"juni 20, 2023 13:19",,Completed,Yes,No,"Mozilla/5.0 (Windows NT 10.0; Win64; x64) AppleWebKit/537.36 (KHTML, like Gecko) Chrome/113.0.0.0 Safari/537.36 OPR/99.0.0.0",81.229.187.116,9c1a95b9-2266-47c8-842c-80fe18e75a00,Processed,"Total: 498,00
Currency: SEK
Gateway: Stripe
Type: En gång
Mode: live
Transaction: pi_3NL3WLLgKhr8jxDX2USuPbaT
",,,"{""id:loEeJpHBAnAAAAAAAAEQmw"":{""hash"":""id:loEeJpHBAnAAAAAAAAEQmw"",""name"":""ANDRA UPPLAGAN FRAMSIDAN PerfektStorm.jpg"",""description"":"""",""type"":""image/jpeg"",""path"":""/ANDRA UPPLAGAN FRAMSIDAN PerfektStorm.jpg"",""size"":""2 MB"",""link"":""https://www.dropbox.com/home//ANDRA UPPLAGAN FRAMSIDAN PerfektStorm.jpg"",""account_id"":""dbid:AADXK_Gkez5UYe0VK2ee1yNTSHNoC0-_pbI"",""folderurl"":""https%3A%2F%2Fwww.dropbox.com%2Fhome%2F4b6b9c45e27e03884d5ed5a3d81c6719+%28%29""},""id:loEeJpHBAnAAAAAAAAEQnA"":{""hash"":""id:loEeJpHBAnAAAAAAAAEQnA"",""name"":""Andra upplagan mindre modifieringar.docx"",""description"":"""",""type"":""application/vnd.openxmlformats-officedocument.wordprocessingml.document"",""path"":""/Andra upplagan mindre modifieringar.docx"",""size"":""495 KB"",""link"":""https://www.dropbox.com/home//Andra upplagan mindre modifieringar.docx"",""account_id"":""dbid:AADXK_Gkez5UYe0VK2ee1yNTSHNoC0-_pbI"",""folderurl"":""https%3A%2F%2Fwww.dropbox.com%2Fhome%2F4b6b9c45e27e03884d5ed5a3d81c6719+%28%29""}}","Lat/Long: 59.4022, 18.0619
Map: https://maps.google.com/maps?q=Djursholm,Stockholm County&ll=59.4022,18.0619&z=6&output=embed
Location: Djursholm, Stockholm County
Postal: 182 61
Country: SE
",
Checked,Bobby,Brandt,,"Jag vill ge ut min bok under pseudonym",,,,Andreas,Ziegler,"Stuartsgatan 8",,41260,Göteborg,,,"Ziegler Utveckling AB",zieglerutveckling@gmail.com,50110087852,SEB,"Kladdiga trosor, Sexbloggerskans assistent del 2","Första gången Bobby ”hjälpte” Cilla med sexbloggen var riktigt het. Han kan inte sluta tänka på henne och kan knappt vänta tills nästa gång de ska ses. De stöter på varandra under en utekväll. Ett skafferi blir skådeplatsen för deras andra sexuella äventyr tillsammans. Den här gången slutar det med att Cilla får riktigt kladdiga trosor.

Kladdiga trosor är andra delen i Bobby Brandts serie Sexbloggerskans assistent, i vilken bloggaren Cilla utforskar sin sexualitet tillsammans med sin assistent. Det genomgående temat för dessa noveller är samförstånd, nyfikenhet och, så klart, lust.","July 21, 2023",,E-bok,,,,,,,"17-25 kr (t.ex. kortare novell)",,,,,,,,,,,,,Erotik,,,,,,,,,,,,,,,,,,,,,,,,,,,,,,,,,,,,,,,,,,,,,,,,,,,,,,,,,,,,,,,,,,,,,,,,,,,,,,,,,,,,,,,,,,,,,,,,,,,,,,,,,,,,,,,,,,,,,"När det gäller omslagsbilden, kom ihåg att använda samma färger och typsnitt som för första novellen. Om ni vill ha lite riktlinjer för omslagsbilden, tror jag att en bild som liknar omslagsbilden till ""Delad hetta"" hade funkat bra. Fast den här gången ska bilden vara i färg, för att vara konsekvent med första delen i ""Sexbloggerskans assistent""","299,00 Kr","Digibook skapar e-boks-fil (EPUB) - 399,00 Kr","Digibook skapar bokframsida - 299,00 Kr",,"997,00 Kr","Andreas Ziegler
xxxx xxxx xxxx 4381
Mastercard",662,"juni 16, 2023 09:00",,Completed,Yes,No,"Mozilla/5.0 (Windows NT 10.0; Win64; x64) AppleWebKit/537.36 (KHTML, like Gecko) Chrome/114.0.0.0 Safari/537.36 Edg/114.0.1823.43",83.248.102.190,5f9ff326-5883-415b-8d0c-aff9e4815be2,Processed,"Total: 997,00
Currency: SEK
Gateway: Stripe
Type: En gång
Mode: live
Transaction: pi_3NJXaFLgKhr8jxDX14HTKFZt
",,,"{""id:loEeJpHBAnAAAAAAAAEQRA"":{""hash"":""id:loEeJpHBAnAAAAAAAAEQRA"",""name"":""Bobby Brandt Kladdiga trosor - Sexbloggerskans assistent, del 2.docx"",""description"":"""",""type"":""application/vnd.openxmlformats-officedocument.wordprocessingml.document"",""path"":""/Bobby Brandt Kladdiga trosor - Sexbloggerskans assistent, del 2.docx"",""size"":""30 KB"",""link"":""https://www.dropbox.com/home//Bobby Brandt Kladdiga trosor - Sexbloggerskans assistent, del 2.docx"",""account_id"":""dbid:AADXK_Gkez5UYe0VK2ee1yNTSHNoC0-_pbI"",""folderurl"":""https%3A%2F%2Fwww.dropbox.com%2Fhome%2F481d73a8a894c30f12fa7b57771cfb93+%28%29""}}","Lat/Long: 57.7065, 11.967
Map: https://maps.google.com/maps?q=Gothenburg,Västra Götaland County&ll=57.7065,11.967&z=6&output=embed
Location: Gothenburg, Västra Götaland County
Postal: 400 16
Country: SE
",
Checked,Detta,Prada,,,,,,,,"Nytorgsgatan 21 A",,11622,Stockholm,,,"Running Cloud",detta.prada@gmail.com,55371015868,SEB,Frihetslöfte,"Ledarskapskonsulten Hanna längtar tillbaka till den nyfikenhet på livet hon kände som ung. En inbjudan till en erotisk fest och ett ärligt samtal med hennes man öppnar en dörr för nya tankegångar och mer flytande ramar. Inspirerad av filosofi och positiv psykologi utforskar hon Sartres frihetsdilemma och sexualitetens betydelse för självbestämmandet, känslan av tillhörighet och möjligheten att utvecklas som människa. Hanna förverkligar sina fantasier och formar relationer med personer som bidrar med annorlunda perspektiv. Hon tar sin strävan mot ett mer meningsfullt liv på allvar. Berikad av erfarenheterna slår hon in på en helt ny väg.
Frihetslöfte är en underhållande, sinnlig och tankeväckande roman om att vara fri och höra till i nära relationer. Det är en skildring av de invanda föreställningar och ideal som kan göra en ofri att vara fullt ut autentisk i sina relationer och i sin sexualitet.","June 14, 2023",,E-bok,,,"119-129 kr",,,,,,,,,,,,,,,,,,,,,,,,,,,,,,,,,,,,,,,,,,,,,,,,,,,,,,,,,,,,,,,,,,,,,,,,,,,,,,,,,,,,,,,,,,,,,,,,,,,,,,,,,,,,,,,,,,,,,,"Skönlitteratur: allmänt",,,,,,,,,"Samtida livsstilsromaner",,,,,,,,"299,00 Kr",,,,"299,00 Kr","Elisabeth Prada
XXXXXXXXXXXX9444
Mastercard",658,"juni 13, 2023 13:46",,Completed,Yes,No,"Mozilla/5.0 (Windows NT 10.0; Win64; x64) AppleWebKit/537.36 (KHTML, like Gecko) Chrome/109.0.0.0 Safari/537.36",31.208.187.227,badae017-a832-49de-ad35-505614f2d33c,Processed,"Total: 299,00
Currency: SEK
Gateway: Stripe
Type: En gång
Mode: live
Transaction: pi_3NIWcLLgKhr8jxDX2Dwdjih5
",,,,"Lat/Long: 59.4284, 17.9653
Map: https://maps.google.com/maps?q=Sollentuna,Stockholm County&ll=59.4284,17.9653&z=6&output=embed
Location: Sollentuna, Stockholm County
Postal: 191 39
Country: SE
",
Checked,Gunilla,Kare,,,,,,,,"Aggarpsvägen 73",,"266 94",Munka-Ljungby,,,"Stall Axtorp",stallaxtorp@live.se,"banggiro nr 837-7822",Handelsbanken,Tränaren,"Handen dröjde sig kvar på låret en sekund för länge när han rättade till positionen på skänkeln. Blicken sög sig fast istället för att vika undan. Ett halvt leende som var omöjligt att tolka och det fladdrade till i magen på ett sätt som gjorde mig matt. Paralyserad.
Jag väntade på en förklaring som inte kom. Jag förstod inte vad han höll på med eftersom han fortsatte att instruera som om han inte alls tog på mig på ett märkligt sätt. Vad var meningen? Jag blev alltmer förvirrad. Jag visste inte vad jag skulle säga så jag var tyst. Hade jag varit för naiv? Hade Olivia haft rätt? 

Felicia har fått ett drömjobb som hästskötare till en känd tävlingsryttare som också ska hjälpa henne med träningen. Till en början är allt frid och fröjd men ganska snart ändras villkoren.",,Ljudbok,,Gunilla,Kare,,"79-89 kr",,,,,,,,,,,,,,,,,,,,,,,,,,,,,,,,,,,,,,,,,,,,,,"Sport, idrott och friluftsliv",,,,,,,,,,,,,,,,,,,,,,,,,,,,,,,,,,,,,,,,,,,,,,,,,,,,,,,,,,,,,,,,,,,,,,,"Skönlitteratur: allmänt",,,,,Thrillers,,,,,,,,,"Markera detta val så vi kan matcha ditt formulär med filerna från Sprend. Ange titelns namn i Sprends meddelanderuta. ",,,"299,00 Kr",,,,"299,00 Kr","mastercard
XXXXXXXXXXXX7989
Mastercard",650,"juni 12, 2023 16:10",,Completed,Yes,No,"Mozilla/5.0 (Windows NT 10.0; Win64; x64; rv:109.0) Gecko/20100101 Firefox/114.0",2a02:aa1:1023:55bd:d829:18ed:59fe:ac3c,8c7cb1e6-815f-4ef0-8d18-25eece387acc,Processed,"Total: 299,00
Currency: SEK
Gateway: Stripe
Type: En gång
Mode: live
Transaction: pi_3NICNWLgKhr8jxDX3j39mAGW
",,,,"Lat/Long: 59.3217, 17.8918
Map: https://maps.google.com/maps?q=Drottningholm,Stockholm County&ll=59.3217,17.8918&z=6&output=embed
Location: Drottningholm, Stockholm County
Postal: 178 93
Country: SE
",
Checked,Sven,Nilsson,,,,,,,,"Hyacintgatan 37 lgh 1303",,"215 26",Malmö,,,"KREATIV BILD & TEXT PRODUKTION",sven.e.nilsson@gmail.com,"432 96 58-1",Nordea,"Vilse i livet","Vilse i livet är en satirisk och humoristisk berättelse om virrpannorna Sune och Rune som har tröttnat på sin livssituation och bestämmer sig därför att fly från verkligheten. De ger sig ut på en annorlunda och innehållsrik bilresa som går mot Tönteberg. 

Resan börjar med att Sune tvingas göra ett meningslöst besök på Arbetsförmedlingen för att han har blivit kallad av sin handläggare. Sen går resan vidare och de kör vilse. Med kartboken ""Rånarnas guide till de bästa genvägarna"" kommer de snabbt på rätt väg. Men plötsligt tar bensinen slut. Eftersom de saknar reservdunk ställer det till med problem på bensinstationen som de löser på sitt speciella och unika sätt. De kör sedan vidare och Sune sätter på radion. De lyssnar på nyhetssändningen som har precis börjat. Lite senare blir de stoppade av polisen och hamnar i en jobbig diskussion. 

Väl framme i Tönteberg går de in och lyssnar på föredrag anordnat av AI (Anonyma Idioter) där de medverkande ska försöka ta reda på var våra skattepengar tar vägen. 

Efter föredraget går de ut för att hitta något att äta. Lite senare börjar presskonferensen med statsministern och Sune får möjlighet att ställa några frågor till honom.

När Sune och Rune har blivit klara med inspelningen av Vilse i livet avslöjar Sune att han har börjat skriva manus till en ny historia som handlar om virtuell släktforskning. Rune vill gärna höra. De tror att de har stängt av mikrofonen men det har de inte så du kan lyssna på det här.

Spellista
01	Introduktionssång............0.55
02	Följ med!....................2.22
03	Nu drar vi till Tönteberg....2.32
04	Du, vi måste köra förbi AF...4.38
05	Var är vi nånstans?..........9.12
06	Vi glömde reservdunken.......2.44
07	Över till nyheterna..........3.32
08	Stå på, vi kommer från höger.2.11
09	Århundradets experiment......8.21
10	Det var allt från oss........4.26
11	Är den här micken avstängd?..9.29
Total speltid...................50.39",,Ljudbok,,,,,,,"39-49 kr (t.ex. längre novell eller kortare roman)",,,,,,,,,,,,,,,,,Fantasy,,,,,,,,,,Humor,,,,,,,,,,,,,,,,,,,,,,,,,,,,,,,,,,,,,,,,,,,,,,,,,,,,,,,,,,,,,,,,,,,,,,,,,,,,,,,,,,,,,,,,,,,,,,,,,,,,,,"Markera detta val så vi kan matcha ditt formulär med filerna från Sprend. Ange titelns namn i Sprends meddelanderuta. ",,"Detta är ljudfilen Vilse i livet","299,00 Kr",,,,"299,00 Kr","Sven Nilsson
XXXXXXXXXXXX4462
Mastercard",649,"juni 12, 2023 09:50",,Completed,Yes,No,"Mozilla/5.0 (Windows NT 10.0; Win64; x64; rv:109.0) Gecko/20100101 Firefox/114.0",158.174.166.241,d8d2caf6-57a0-4a8b-be44-045dc86de07b,Processed,"Total: 299,00
Currency: SEK
Gateway: Stripe
Type: En gång
Mode: live
Transaction: pi_3NI6S5LgKhr8jxDX1ARemPEu
",,,"{""id:loEeJpHBAnAAAAAAAAEP0Q"":{""hash"":""id:loEeJpHBAnAAAAAAAAEP0Q"",""name"":""OMSLAG - VILSE I LIVET -CD 1400x1400px.jpg"",""description"":"""",""type"":""image/jpeg"",""path"":""/OMSLAG - VILSE I LIVET -CD 1400x1400px.jpg"",""size"":""1 MB"",""link"":""https://www.dropbox.com/home//OMSLAG - VILSE I LIVET -CD 1400x1400px.jpg"",""account_id"":""dbid:AADXK_Gkez5UYe0VK2ee1yNTSHNoC0-_pbI"",""folderurl"":""https%3A%2F%2Fwww.dropbox.com%2Fhome%2F960f7b0e701cea1935bda7cb40e6cae7+%28%29""}}","Lat/Long: 55.6078, 12.9982
Map: https://maps.google.com/maps?q=Malmo,Skåne County&ll=55.6078,12.9982&z=6&output=embed
Location: Malmo, Skåne County
Postal: 217 43
Country: SE
",
Checked,Hans,Oreheim,,,,,,,,"Norra Klöverstigen 20",,44932,Nödinge,,,Ankhenergy.se,hassehem@gmail.com,3300-600418,Nordea,"DEN FÖRLORADE KUNSKAPEN","Denna ovanliga faktaspäckade äventyrsroman startar i Peru och tar dig sen vidare till andra länder i jakten på den förlorade kunskapen. En kunskap som faktiskt kan få dig att ändra din bild av mänsklighetens historia och vem du egentligen är. Boken är en fristående fortsättning på Den Förbjudna Kunskapen.","June 16, 2023",Ljudbok,,Hans,Oreheim,"119-129 kr",,,,,,,,,,,"Från 12 år",,"Ande, kropp och själ",Deckare,,,,,,Fantasy,Filosofi,,,,,,"Historia och arkeologi","Historiska romaner",,,,,,,,,,,,,,,,"Religion och tro",,,,,,,,,,,,,,,,,,,,,,,,,,,,,,,,,,,,,,,,,,,,,,,,,,,,,,,,,,,,,,,,,,,,,,,,,,,,,,,,,"Science fiction",,,,,,,,,"Har varit i kontakt med Marino, skickat samtliga ljudfiler samt bokbild.","299,00 Kr",,,,"299,00 Kr","Hans Oreheim
XXXXXXXXXXXX6901
Visa",643,"juni 9, 2023 16:15",,Completed,Yes,No,"Mozilla/5.0 (Windows NT 10.0; Win64; x64) AppleWebKit/537.36 (KHTML, like Gecko) Chrome/114.0.0.0 Safari/537.36",188.151.48.212,dcfbc52d-93da-4fb8-909e-27c9d058fffe,Processed,"Total: 299,00
Currency: SEK
Gateway: Stripe
Type: En gång
Mode: live
Transaction: pi_3NH71pLgKhr8jxDX0qpw98VQ
",,,,"Lat/Long: 57.7065, 11.967
Map: https://maps.google.com/maps?q=Gothenburg,Västra Götaland County&ll=57.7065,11.967&z=6&output=embed
Location: Gothenburg, Västra Götaland County
Postal: 400 16
Country: SE
",
Checked,Hans,Oreheim,,,,,,,,"Norra Klöverstigen 20",,44932,Nödinge,,,Ankhenergy.se,hassehem@gmail.com,3300-600418,Nordea,"DEN FÖRBJUDNA KUNSKAPEN","""De som invigts i mysterierna kan av goda skäl känna sig optimistiska inför döden"" Sokrates

Denna ovanliga bok är en faktaspäckad äventyrsroman som startat i Egypten och tar dig sedan vidare på en resa till andra länder i jakten på den förbjudna kunskapen. En kunskap som faktiskt kan få dig att ändra din bild av mänsklighetens historia och vem du egentligen är.

Hans Oreheim. Till yrket arkeolog och författare. Har under många år arbetat med olika arkeologiska projekt, både i Sverige och utomlands. Hans har studerat antikens kulturer, egyptologi och astronomi på Göteborgs Universitet.","June 1, 2023",Ljudbok,,Hans,Oreheim,"119-129 kr",,,,,,,,,,,,,,,,,,,,,Filosofi,,,,,,"Historia och arkeologi","Historiska romaner",,,,,,,,,,,,,,,,"Religion och tro",,,,,,,,,,,,,,,,,,,,,,,,,,,,,,,,,,,,,,,,,,,,,,,,,,,,,,,,,,,,,,,,,,,,,,,,,,,,,,,Thrillers,,,,,,,,,,,"Hej. Enligt samtal med Marino är allt klart då han fått foto och ljudfiler skickat till sig.","299,00 Kr",,,,"299,00 Kr","Hans Oreheim
XXXXXXXXXXXX6901
Visa",634,"maj 31, 2023 15:41",,Completed,Yes,No,"Mozilla/5.0 (Windows NT 10.0; Win64; x64) AppleWebKit/537.36 (KHTML, like Gecko) Chrome/113.0.0.0 Safari/537.36",188.151.48.212,dcfbc52d-93da-4fb8-909e-27c9d058fffe,Processed,"Total: 299,00
Currency: SEK
Gateway: Stripe
Type: En gång
Mode: live
Transaction: pi_3NDqCoLgKhr8jxDX3v4v7RDb
",,,,"Lat/Long: 57.7065, 11.967
Map: https://maps.google.com/maps?q=Gothenburg,Västra Götaland County&ll=57.7065,11.967&z=6&output=embed
Location: Gothenburg, Västra Götaland County
Postal: 400 16
Country: SE
",
Checked,Majvi,Åkerlind,,"Jag vill ge ut min bok under pseudonym",,,,Jenny,Wickberg,"Brunnshögsgatan 2",,22471,Lund,,,,jenny.wickberg@gmail.com,227610-3,Nordea,"Gonella och de tre älskarna","Gunilla hittar kärleken hos Hussein, mannen med sammetsrösten som ger henne smeknamnet Gonella. Men lusten får henne att också falla för rörmokaren Pontus och den erotiskt begåvade professorn Adam. De tre älskarna tar henne med på svindlande stunder och heta äventyr. Gunilla är näst intill blind, men njuter desto mer av sina andra sinnen.
    ”Gonella och de tre älskarna” är en novellserie i tre delar om kärlek, erotik och om konsten att hitta rätt i en relation där fyra ska få plats.

Majvi Åkerlind är pseudonym för en svensk författarinna som skriver erotiska noveller på ett ärligt men lekfullt sätt. Det är hett och sensuellt med glimten i ögat, där den mogna kvinnans lust är i fokus.

Taggar: Åtrå, sinnlighet, polyamorös, kärlek, erotik","August 7, 2023",,E-bok,,,,,,"39-49 kr (t.ex. längre novell eller kortare roman)",,,,,,,,,,,,,,Erotik,,,,,,,,,,,,,,,,,,,,,,,,,,,,,,,,,,,,,,,,,,,,,,,,,,,,,,,,,,,,,,,,,,,,,,,,,,,,,,,,,,,,,,,,,,,,,,,,,,,,,,,,,,,,,,,,,,,,,,"299,00 Kr","Digibook skapar e-boks-fil (EPUB) - 399,00 Kr",,,"698,00 Kr","Jenny Wickberg
XXXXXXXXXXXX1763
Visa",632,"maj 31, 2023 07:18",,Completed,Yes,No,"Mozilla/5.0 (Macintosh; Intel Mac OS X 10_15_7) AppleWebKit/605.1.15 (KHTML, like Gecko) Version/16.5 Safari/605.1.15",81.235.197.216,3987c180-3bbb-4edc-9228-cfb185d66a3c,Processed,"Total: 698,00
Currency: SEK
Gateway: Stripe
Type: En gång
Mode: live
Transaction: pi_3NDiLyLgKhr8jxDX1Sa8frfZ
",,,"{""id:loEeJpHBAnAAAAAAAAELLA"":{""hash"":""id:loEeJpHBAnAAAAAAAAELLA"",""name"":""Gonella och de tre älskarna.docx"",""description"":"""",""type"":""application/vnd.openxmlformats-officedocument.wordprocessingml.document"",""path"":""/Gonella och de tre älskarna.docx"",""size"":""74 KB"",""link"":""https://www.dropbox.com/home//Gonella och de tre älskarna.docx"",""account_id"":""dbid:AADXK_Gkez5UYe0VK2ee1yNTSHNoC0-_pbI"",""folderurl"":""https%3A%2F%2Fwww.dropbox.com%2Fhome%2F9989a0fd5cffb29f2f71bc4814aa0664+%28%29""},""id:loEeJpHBAnAAAAAAAAELLQ"":{""hash"":""id:loEeJpHBAnAAAAAAAAELLQ"",""name"":""Gonella jpgfil.jpg"",""description"":"""",""type"":""image/jpeg"",""path"":""/Gonella jpgfil.jpg"",""size"":""866 KB"",""link"":""https://www.dropbox.com/home//Gonella jpgfil.jpg"",""account_id"":""dbid:AADXK_Gkez5UYe0VK2ee1yNTSHNoC0-_pbI"",""folderurl"":""https%3A%2F%2Fwww.dropbox.com%2Fhome%2F9989a0fd5cffb29f2f71bc4814aa0664+%28%29""}}","Lat/Long: 55.7037, 13.1946
Map: https://maps.google.com/maps?q=Lund,Skåne County&ll=55.7037,13.1946&z=6&output=embed
Location: Lund, Skåne County
Postal: 224 71
Country: SE
",
Checked,Anders,Larson,,,,,,,,"Lavendelvägen 5",,22738,Lund,,,,larson.anders@yahoo.se,55010248549,SE-banken,"Psykosocial spilltid - ett sätt att mäta effektivitet i organisationer","Varför skriver man en bok om hur man kan mäta effektivitet i organisationer som bygger på mjuka värden? Ämnet som sådant torde vara omöjligt att mäta då det bygger på mätningar utifrån bland annat organisationskultur, ledarskap och arbetsmiljö. 

Jag har sedan i början av 2000-talet funderat på hur dessa faktorer påverkar och vilka konsekvenser det får för organisationer.  Dessa dolda faktorer redovisas normalt aldrig i årsredovisningar men de har en avgörande inverkan på verksamheters resultat. 2003 skapade jag ett begrepp för att sätta en etikett på detta dolda spill, något som jag benämnde psykosocial spilltid. Begreppet blev känt för många genom att det publicerades 2008 i dagstidningar, facktidningar, radio och i TV.

Boken vill ge dig som läsare en ökad förståelse för att det finns andra dimensioner som påverkar en verksamhets resultat och inte bara de uppenbara direkta mätbara processerna. 

Anders Larson har under många år arbetat strategiskt och operativt med att utveckla privata och offentliga verksamheter. Han är marknadsekonom och har en fil.mag. i beteendevetenskap och psykologi. Under sina 20 år som chefscoach, organisations- och ledarskapskonsult har han samlat material från många offentliga och privata verksamheter. 

Anders Larson har tidigare skrivit böckerna, Från ledarskap till vinst med ett förbättrat humankapital 2005, Från ledarskap till vinst 2012 och Tilliten och ledarskapet 2021.","June 1, 2023",,E-bok,,,,,,,,"Annat pris - ange pris nedan",139,,,,,,,,,,"Ekonomi, finansväsen, näringsliv och management",,,,,,,,"Företagsekonomi och management",,,,,,,,,,,,,,,,,,,,,,,,,,,,,,,,,,,,,,,,,,,,,,,,,,,,,,,,,,,,,,,,,,,,,,,,,,,,,,,,,,,,,,,,,,,,,,,,,,Psykologi,,,,,,,,,,,,,"299,00 Kr",,,,"299,00 Kr","Anders Larson
XXXXXXXXXXXX4092
Mastercard",629,"maj 29, 2023 11:43",,Completed,Yes,No,"Mozilla/5.0 (Macintosh; Intel Mac OS X 10_14_6) AppleWebKit/605.1.15 (KHTML, like Gecko) Version/14.1.2 Safari/605.1.15",2a02:aa1:1611:7b98:ad25:2ba6:b779:ab68,6d887f98-8107-4382-b154-0bdd67d71a9b,Processed,"Total: 299,00
Currency: SEK
Gateway: Stripe
Type: En gång
Mode: live
Transaction: pi_3ND3XrLgKhr8jxDX0jRqA7en
",,,"{""id:loEeJpHBAnAAAAAAAAEK6g"":{""hash"":""id:loEeJpHBAnAAAAAAAAEK6g"",""name"":""Boken om psykosocial spilltid ebup 230529.epub"",""description"":"""",""type"":""application/epub+zip"",""path"":""/Boken om psykosocial spilltid ebup 230529.epub"",""size"":""1 MB"",""link"":""https://www.dropbox.com/home//Boken om psykosocial spilltid ebup 230529.epub"",""account_id"":""dbid:AADXK_Gkez5UYe0VK2ee1yNTSHNoC0-_pbI"",""folderurl"":""https%3A%2F%2Fwww.dropbox.com%2Fhome%2F6b8133a8afe65b25e707f6f872165974+%28%29""}}","Lat/Long: 57.7165, 11.9708
Map: https://maps.google.com/maps?q=Västra Götaland County&ll=57.7165,11.9708&z=6&output=embed
Location: Västra Götaland County
Country: SE
",
Checked,Ella,S,,"Jag vill ge ut min bok under pseudonym",,,,Helena,Bergman,"Sveagatan 26B",,58232,Linköping,,,,bergman_helena@hotmail.com,"5319 01 635 88",SEB,"Jessica - vårens första resa","Ej klart än, beror på korrektur/testläsare",,,E-bok,,,,,,,,"Annat pris - ange pris nedan",0,,,,,,,,,,,Erotik,,,,,,,,,,,,,,,,,,,,,,,,,,,,,,,,,,,,,,,,,,,,,,,,,,,,,,,,,,,,,,,,,,,,,,,,,,,,,,,,,,,,,,,,,,,,,,,,,,,,,,,,,,,,,,,,,,,,,"Hej! Önskar inleda samarbete med utgivning av mina noveller. Bifogar den första i en serie. Vore tacksam för samarbete kring korrektur och eventuell testläsning och konstruktiv feedback. Mvh Helena Bergman","299,00 Kr","Digibook skapar e-boks-fil (EPUB) - 399,00 Kr",,,"698,00 Kr","Helena Bergman
XXXXXXXXXXXX6255
Mastercard",628,"maj 29, 2023 09:10",,Completed,Yes,No,"Mozilla/5.0 (Windows NT 10.0; Win64; x64) AppleWebKit/537.36 (KHTML, like Gecko) Chrome/113.0.0.0 Safari/537.36 Edg/113.0.1774.57",2a02:aa1:1615:8381:5c9d:32aa:72d:efad,4e6d2e86-fb03-44f5-949e-b168a24c7bd9,Processed,"Total: 698,00
Currency: SEK
Gateway: Stripe
Type: En gång
Mode: live
Transaction: pi_3ND1A4LgKhr8jxDX3wuEG12X
",,,"{""id:loEeJpHBAnAAAAAAAAEK1w"":{""hash"":""id:loEeJpHBAnAAAAAAAAEK1w"",""name"":""23 05 Jessica Vårens första resa.docx"",""description"":"""",""type"":""application/vnd.openxmlformats-officedocument.wordprocessingml.document"",""path"":""/23 05 Jessica Vårens första resa.docx"",""size"":""29 KB"",""link"":""https://www.dropbox.com/home//23 05 Jessica Vårens första resa.docx"",""account_id"":""dbid:AADXK_Gkez5UYe0VK2ee1yNTSHNoC0-_pbI"",""folderurl"":""https%3A%2F%2Fwww.dropbox.com%2Fhome%2F894f561fbe98d03971269412555b30a6+%28%29""}}","Lat/Long: 58.3461, 11.9479
Map: https://maps.google.com/maps?q=Uddevalla,Västra Götaland County&ll=58.3461,11.9479&z=6&output=embed
Location: Uddevalla, Västra Götaland County
Postal: 451 05
Country: SE
",
Checked,Hans,Claesson,,,,,,,,"Stjärnvägen 7",,"175 67",Järfälla,,,"FöretagsHantverkarn Hans Claesson",hans.claesson@ebokforlaggullestad.se,"6170 431 499 438",Handelsbanken,"Nordsjödykaren - Roman om en yrkesresa från dröm till verklighet","Yrke: Djuphavsdykare

Det har skrivits många böcker om dykare. Denna bok är skriven av en nordsjödykare. Det är en roman om en yrkesresa. Den beskriver en arbetsmiljö som är helt okänd för de flesta.

Berättelserna utgår från författarens upplevelser, erfarenheter och iakttagelser som djuphavsdykare under 70-talet i den norska oljeindustrin. 

Upplevelser av långa djupa dyk, orkaner med monstervågor, gasexplosioner ombord, möten med många av pionjärerna som gjorde oljeutvinningen möjlig.

'Pionerdykker' är nu det norska namnet för de män som då satsade allt ute på de stormpiskade oljefältens djup i Nordsjön. Boken finns även som e-bok och rikt illustrerad i tryckt format.",,Ljudbok,,Hans,Claesson,"119-129 kr",,,,,,,,,,,,,,,,,,,,,,,,,,,,,,,,,,,,,,,,,,,,,,,,,,,,,,,,,,,,,,,,,,,,,,,,,,,,,,,,,,,,,,,,,,,,,,,,,,,,,,,,,,,,,,,,,,,,,,"Skönlitteratur: allmänt",,,,,,,,"Biografier, sanna berättelser, essäer etc.",,,,,,"Markera detta val så vi kan matcha ditt formulär med filerna från Sprend. Ange titelns namn i Sprends meddelanderuta. ",,"Sprend tar bara 2 GB så Nordsjödykarens 13 ljudboksfiler kommer i två omgångar. Först del 1-7 sedan del 8-13. Hälsar Hans Claesson","299,00 Kr",,,,"299,00 Kr","Hans Claesson
XXXXXXXXXXXX9907
Mastercard",622,"maj 22, 2023 08:59",,Completed,Yes,No,"Mozilla/5.0 (Windows NT 10.0; Win64; x64) AppleWebKit/537.36 (KHTML, like Gecko) Chrome/113.0.0.0 Safari/537.36",213.64.181.196,b2cb48ee-e888-4f02-8d7d-f869005b5969,Processed,"Total: 299,00
Currency: SEK
Gateway: Stripe
Type: En gång
Mode: live
Transaction: pi_3NATdYLgKhr8jxDX3Kk1Z6iE
",,,"{""id:loEeJpHBAnAAAAAAAAEJzg"":{""hash"":""id:loEeJpHBAnAAAAAAAAEJzg"",""name"":""Framsida.jpg"",""description"":"""",""type"":""image/jpeg"",""path"":""/Framsida.jpg"",""size"":""3 MB"",""link"":""https://www.dropbox.com/home//Framsida.jpg"",""account_id"":""dbid:AADXK_Gkez5UYe0VK2ee1yNTSHNoC0-_pbI"",""folderurl"":""https%3A%2F%2Fwww.dropbox.com%2Fhome%2Fc20de7a820b04f5bf86149f1c16eab59+%28%29""}}","Lat/Long: 59.3779, 17.9155
Map: https://maps.google.com/maps?q=Spanga,Stockholm County&ll=59.3779,17.9155&z=6&output=embed
Location: Spanga, Stockholm County
Postal: 163 44
Country: SE
",
Checked,Timo,Gillblad,,,,,,,,"Inedalsgatan 13 A",,"112 33",Stockholm,,,,timo.gillblad@gmail.com,769-6628,"Skandinaviska Enskilda Banken SEB","Personrån och dess Konsekvenser","Detta projekt började med en djup längtan efter att hjälpa de unga människor som nu i accelererande fart drabbas av personrån. Det som jag själv har utsatts för. Tidigt så förstod jag dock att ett rånoffer förmodligen inte är mottaglig för att läsa om detta. De ägnar nog större delen av sin vakna tid till att fly från de sinnesbundna minnen som lamslår och torterar dem. 
Jag vill nu tro att deras anhöriga lever i en skitstorm av precis allt som Inte skulle drabba deras avkomma. I de flesta fall, ett barn som blev till genom passion och en djup längtan till att med guds nåd få axla rollen av att bli förälder till ett människobarn.
Jag fick tänka om. Nu har jag skrivit denna bok som ett diskussionsunderlag där jag framställer mina tankar i kring personrån och kriminalitet över lag. På sätt och vis så är vi ju alla offer genom den kollektiva rädsla och den avsky detta framkallar. Samt den vrede som väcks genom politikernas och polisens beredning som skapat problemen, och deras påtagliga oförmåga att lösa detsamma. Vi sviker barnen, dem som vi har till uppgift att skydda.
Den här boken har som mål att få dig som läsare att vidga tolkningsföreträdet gällande personrån och kriminalitet i stort. Helt enkelt tänka nytt. Mycket av informationen kan säkert vara provocerande. Jag kommer att belysa brustet föräldraansvar. Jag kommer att berätta om de konsekvenser som vi redan nu ser. Samt hur dessa konsekvenser kommer att straffa oss för lång tid framåt. För de flesta av oss; minst under det som återstår av vår livsresa. Sedan så kommer jag ge dig en helt ny bild av gärningsmannen. Vitt skild ifrån den bild vi får av vår statliga media.
 I Sverige har vi fostrats till ickevåld. Våld är ju något som sjuka och defekta människor ägnar sig åt. Vi är ju mer civiliserade. Det fungerar tyvärr väldigt dåligt när man möter en galen idiot som angriper någon just för att chansen att möta ett motangrepp är minimalt. Här vill jag gärna också poängtera den spännande företeelsen att gärningsmannen i processen för att råna en medmänniska på en mobiltelefon Aldrig själv saknar en mobiltelefon. Nej, gärningsmännens egna mobiltelefoner används tvärtom som ett vapen i själva personråns situationen. Anledningen till att detta inte belyses vill jag gärna höra någon ansvarig politiker försöka förklara. 
Det krävs ändå en djupare form av inre konflikt för att välja att bli kriminell och behandla människor på sätt som man inte accepterar att bli behandlad själv. Det är nu uppenbart att vissa förövare har så låg kontakt med konsekvenserna av deras handlingar att de med all tydlighet visar tecken på djup psykisk sjukdom. Detta är dock en sjukdom som på intet sätt friskriver dem ifrån skuld. I min värld så har man då gjort ett aktivt val som utesluter rätten att vistas i det offentliga rummet. Man behöver låsas in på obestämd tid tills man har kommit till insikt.
Den här bokens innehåll bygger på flertal års erfarenhet som Kriminalvårdstjänsteman samt vårdare inom Psykiatrin. Till detta flera års erfarenhet inom arbetsrehabilitering med människor som fått hjärnskador av våld samt rena skottskador mot huvudet.
Till detta så räknas otaliga års studier av psykologi, sociologi, kriminologi samt coaching.","June 22, 2023",,E-bok,,,,"79-89 kr",,,,,,,,,,,,,,,,,,,,,,,,,,,,,,,,,,,,,,,,,,"Personliga och sociala frågor barn och ungdom",,,,,,,,,,,,,,,,,,,,,,,,,,,,,,,,,,,,,,,,,,,,,,,,,,,,,,,,,,,,,,,,,,,,,,,,,,,,"Samhälle och samhällsvetenskap",,,Psykologi,,,,,,,,,,,,,"299,00 Kr","Digibook skapar e-boks-fil (EPUB) - 399,00 Kr",,,"698,00 Kr","Timo Gillblad
XXXXXXXXXXXX2511
Mastercard",615,"maj 17, 2023 10:10",,Completed,Yes,No,"Mozilla/5.0 (Macintosh; Intel Mac OS X 10_15_7) AppleWebKit/605.1.15 (KHTML, like Gecko) Version/16.3 Safari/605.1.15",2a02:aa1:162f:5081:a1d4:25d0:bd83:a15b,8e122113-ac55-472d-8e1b-3cba56214761,Processed,"Total: 698,00
Currency: SEK
Gateway: Stripe
Type: En gång
Mode: live
Transaction: pi_3N8gN8LgKhr8jxDX26sjyZLX
",,,"{""id:loEeJpHBAnAAAAAAAAEJDQ"":{""hash"":""id:loEeJpHBAnAAAAAAAAEJDQ"",""name"":""Baksides text.docx"",""description"":"""",""type"":""application/vnd.openxmlformats-officedocument.wordprocessingml.document"",""path"":""/Baksides text.docx"",""size"":""14 KB"",""link"":""https://www.dropbox.com/home//Baksides text.docx"",""account_id"":""dbid:AADXK_Gkez5UYe0VK2ee1yNTSHNoC0-_pbI"",""folderurl"":""https%3A%2F%2Fwww.dropbox.com%2Fhome%2Faf86799574cfc49ee68b5eb9bc65a932+%28%29""},""id:loEeJpHBAnAAAAAAAAEJDg"":{""hash"":""id:loEeJpHBAnAAAAAAAAEJDg"",""name"":""Personrån och dess konsekvenser. Manus.docx"",""description"":"""",""type"":""application/vnd.openxmlformats-officedocument.wordprocessingml.document"",""path"":""/Personrån och dess konsekvenser. Manus.docx"",""size"":""93 KB"",""link"":""https://www.dropbox.com/home//Personrån och dess konsekvenser. Manus.docx"",""account_id"":""dbid:AADXK_Gkez5UYe0VK2ee1yNTSHNoC0-_pbI"",""folderurl"":""https%3A%2F%2Fwww.dropbox.com%2Fhome%2Faf86799574cfc49ee68b5eb9bc65a932+%28%29""},""id:loEeJpHBAnAAAAAAAAEJDw"":{""hash"":""id:loEeJpHBAnAAAAAAAAEJDw"",""name"":""Personrån Framsida.png"",""description"":"""",""type"":""image/png"",""path"":""/Personrån Framsida.png"",""size"":""387 KB"",""link"":""https://www.dropbox.com/home//Personrån Framsida.png"",""account_id"":""dbid:AADXK_Gkez5UYe0VK2ee1yNTSHNoC0-_pbI"",""folderurl"":""https%3A%2F%2Fwww.dropbox.com%2Fhome%2Faf86799574cfc49ee68b5eb9bc65a932+%28%29""}}","Lat/Long: 59.3247, 18.056
Map: https://maps.google.com/maps?ll=59.3247,18.056&z=6&output=embed
Country: SE
",
Checked,Stig,Simonsson,,,,,,,,"Röds Saturnusstig 6",,42334,TORSLANDA,,,,stig.simonsson96@gmail.com,17392013130,Nordea,Skelettet,"2:a fristående boken om kriminalkommissarie Yvonne Baaz.

Återigen har Björlanda GK 
drabbats av ondskan

Vem är personen bakom skelettet och varför är 
det begravt på Björlanda GK?
Ingen har hört eller sett något, men det finns 
ledtrådar i samband med uppgrävningen som
förbryllar kriminalkommissarie Yvonne Baaz. 
Vad har mordbrand, droghandel och mygel med 
skelettet att göra ?
Yvonnes lilla team har många små detaljer och
hemligheter att utreda. Spåren löper samman och
avslöjar den  grymma biologiska  sanningen.

-----------------------------------------------------------------

      ”Skelettet” är den andra fristående boken om den
      erfarna kriminalkommissarien Yvonne Baaz.

      ”Skelettet” utspelar sig i Torslanda, Göteborg 
      och Strömstad. 
      Det är en polis deckare med  fokus på detaljer 
      och  utredningsarbete, för att få ett uppklarande 
      av flera bisarra brott.",,Ljudbok,E-bok,Stig,Simonsson,,,,"39-49 kr (t.ex. längre novell eller kortare roman)",,,,,,,,,,,Deckare,,,,,,,,,,,,,,,,,,,,,,,,,,,,,,,,,,,,,,,,,,,,,,,,,,,,,,,,,,,,,,,,,,,,,,,,,,,,,,,,,,,,,,,,,,,,,,,,,,,,,,,,,,,,,,,,,,,,,,,"Jag behöver ladda upp filer som är större än 300 MB, tilldela därför en dropbox-mapp till mig (aviseras till ovan angivna epost-adress)","Vill ha det publicerat så fort som möjligt. Har wav filer klara men behöver en dropbox länk.
.odt är openoffice och epub applikationerna kan konvertera dessa filer till .epub.","299,00 Kr","Digibook skapar e-boks-fil (EPUB) - 399,00 Kr",,,"698,00 Kr","Stig Simonsson
XXXXXXXXXXXX3035
Visa",614,"maj 16, 2023 17:44",,Completed,Yes,No,"Mozilla/5.0 (Windows NT 10.0; Win64; x64) AppleWebKit/537.36 (KHTML, like Gecko) Chrome/113.0.0.0 Safari/537.36",2001:2042:7b24:1b00:2879:77d0:34e0:3cb6,04d4d748-8bf0-4def-b251-76038766f738,Processed,"Total: 698,00
Currency: SEK
Gateway: Stripe
Type: En gång
Mode: live
Transaction: pi_3N8QzYLgKhr8jxDX3TD3pxaZ
",,,"{""id:loEeJpHBAnAAAAAAAAEJBw"":{""hash"":""id:loEeJpHBAnAAAAAAAAEJBw"",""name"":""Framsida_1.pdf"",""description"":"""",""type"":""application/pdf"",""path"":""/Framsida_1.pdf"",""size"":""93 KB"",""link"":""https://www.dropbox.com/home//Framsida_1.pdf"",""account_id"":""dbid:AADXK_Gkez5UYe0VK2ee1yNTSHNoC0-_pbI"",""folderurl"":""https%3A%2F%2Fwww.dropbox.com%2Fhome%2F2458a6aff8c277b1c69a24487ebcf6b4+%28%29""},""id:loEeJpHBAnAAAAAAAAEJCA"":{""hash"":""id:loEeJpHBAnAAAAAAAAEJCA"",""name"":""skelettet_till_epub.odt"",""description"":"""",""type"":""application/vnd.oasis.opendocument.text"",""path"":""/skelettet_till_epub.odt"",""size"":""147 KB"",""link"":""https://www.dropbox.com/home//skelettet_till_epub.odt"",""account_id"":""dbid:AADXK_Gkez5UYe0VK2ee1yNTSHNoC0-_pbI"",""folderurl"":""https%3A%2F%2Fwww.dropbox.com%2Fhome%2F2458a6aff8c277b1c69a24487ebcf6b4+%28%29""}}","Lat/Long: 59.3247, 18.056
Map: https://maps.google.com/maps?ll=59.3247,18.056&z=6&output=embed
Country: SE
",
Checked,Hedda,"Ng - Ehn",,"Jag vill ge ut min bok under pseudonym",,,,Patrik,Johansson,"Tellusgatan 16",,41568,Göteborg,,,,flaneurdebeurre@gmail.com,50110319753,SEB,"Ömt blå","Tor gör av misstag illa sin femåriga dotter och flyr. Tjugo år senare återvänder han för att försöka göra en sista sak för sin dotter.",,Ljudbok,,Thomas,Irgard,,"79-89 kr",,,,,,,,,,,,,,,,,,,,,,,,,,,,,,,,,,,,,,,,,,,,,,,,,,,,,,,,,,,,,,,,,,,,,,,,,,,,,,,,,,,,,,,,,,,,,,,,,,,,,,,,,,,,,,,,,,,,,,,,,,Thrillers,,,,,,,,,,"Jag behöver ladda upp filer som är större än 300 MB, tilldela därför en dropbox-mapp till mig (aviseras till ovan angivna epost-adress)",,"299,00 Kr",,,,"299,00 Kr","Patrik Johansson
XXXXXXXXXXXX9653
Mastercard",611,"maj 15, 2023 14:41",,Completed,Yes,No,"Mozilla/5.0 (Windows NT 10.0; Win64; x64) AppleWebKit/537.36 (KHTML, like Gecko) Chrome/113.0.0.0 Safari/537.36",213.113.70.136,3344dcd4-d3c6-4727-88b8-34da2b837fc5,Processed,"Total: 299,00
Currency: SEK
Gateway: Stripe
Type: En gång
Mode: live
Transaction: pi_3N81dVLgKhr8jxDX0YaApwnM
",,,"{""id:loEeJpHBAnAAAAAAAAEIUA"":{""hash"":""id:loEeJpHBAnAAAAAAAAEIUA"",""name"":""omtblahedda3 copy.jpg"",""description"":"""",""type"":""image/jpeg"",""path"":""/omtblahedda3 copy.jpg"",""size"":""1 MB"",""link"":""https://www.dropbox.com/home//omtblahedda3 copy.jpg"",""account_id"":""dbid:AADXK_Gkez5UYe0VK2ee1yNTSHNoC0-_pbI"",""folderurl"":""https%3A%2F%2Fwww.dropbox.com%2Fhome%2F3c4e2cdb222ff4b85f106d77992d8ff7+%28%29""}}","Lat/Long: 56.8746, 14.8124
Map: https://maps.google.com/maps?q=Vaxjo,Kronoberg County&ll=56.8746,14.8124&z=6&output=embed
Location: Vaxjo, Kronoberg County
Postal: 352 47
Country: SE
",
Checked,Gun-Christine,Ström,,,,,,,,"Hagtornsvägen 7",,29159,Kristianstad,,,,gunkistrom@gmail.com,56900716210,"Skandinaviska Enskilda Banken (SEB)",Murmeldjuren,"En fiktiv berättelse som börjar i 1980-talets Frankrike och fortsätter en bit in på 2030-talet . En storyline fylld med intriger och action, men som även tar upp existensiella frågor. Läsaren ges utrymme för egna funderingar och fantasi i denna ""psyfi, psykologisk sciencefiction som även innehåller samhällskritik i form av de frågor som ställs.",,,E-bok,,,,,,"39-49 kr (t.ex. längre novell eller kortare roman)",,,,,,,,,,,,,,,,,,,,,,,,,,,,,,,,,,,,,,,,,,,,,,,,,,,,,,,,,,,,,,,,,,,,,,,,,,,,,,,,,,,,,,,,,,,,,,,,,,,,,,,,,,,,,,,,,,,,,,,,,,"Science fiction",,,,,,,,,"Önskar framsida med bild av ett murmeldjur och en ailien i bakgrunden/på sidan. 
(Jag har en bild själv, men den är från pixabay så jag tror inte man får använda den även om den är gratis nedladdad.)

Murmeldjuren bor i Alperna så till nöds en bild på Alperna, gärna tunnelbanan i Paris (metroskylt) och Costa Brava (nordöstra Spanien) - det är de miljöerna där handlingen utspelas.","299,00 Kr","Digibook skapar e-boks-fil (EPUB) - 399,00 Kr","Digibook skapar bokframsida - 299,00 Kr",,"997,00 Kr","Gun-Christine Ström
XXXXXXXXXXXX3206
Mastercard",606,"maj 13, 2023 19:45",,Completed,Yes,No,"Mozilla/5.0 (X11; CrOS x86_64 14541.0.0) AppleWebKit/537.36 (KHTML, like Gecko) Chrome/113.0.0.0 Safari/537.36",2a02:920:1fc6:e9bd:41b8:1c33:b839:b31b,8050daa1-e5e5-4ded-9506-c28e5e16c910,Processed,"Total: 997,00
Currency: SEK
Gateway: Stripe
Type: En gång
Mode: live
Transaction: pi_3N7NQdLgKhr8jxDX1cL32WGj
",,,"{""id:loEeJpHBAnAAAAAAAAEF3g"":{""hash"":""id:loEeJpHBAnAAAAAAAAEF3g"",""name"":""Annecy 1987 (1).pdf"",""description"":"""",""type"":""application/pdf"",""path"":""/Annecy 1987 (1).pdf"",""size"":""352 KB"",""link"":""https://www.dropbox.com/home//Annecy 1987 (1).pdf"",""account_id"":""dbid:AADXK_Gkez5UYe0VK2ee1yNTSHNoC0-_pbI"",""folderurl"":""https%3A%2F%2Fwww.dropbox.com%2Fhome%2Ffe8ac170715f028bc321965588d8db3c+%28%29""}}","Lat/Long: 59.3333, 18.05
Map: https://maps.google.com/maps?q=Stockholm County&ll=59.3333,18.05&z=6&output=embed
Location: Stockholm County
Country: SE
",
Checked,Agnes,Ek,,"Jag vill ge ut min bok under pseudonym",,,,Ingrid,Lindquist,"Åsögatan 148",,11632,Stockholm,,,,ingridjosefinskriver@gmail.com,"5231 11 086 70 (eller bankgiro 5132-6346 Mobil ekonomi)",SEB,"Het motion - erotisk novell","Viktor bryr sig mer om sin cykel än om sambon Bella. Han tittar med avsky på hennes extrakilon. I ett försök att vara honom till lags går hon till gymmet i huset trots att hon avskyr att motionera. Där träffar hon busschauffören Robin som avskyr lycracyklister men älskar hennes fylliga kropp. De hittar en gemensam träningsform som förenar nytta med nöje.

På Instagram är författaren agnesek.writer.

Nyckelord: Lycracyklist, Erotik, Massage, Åtrå, Eggande, Njutning, Goda grannar.",,Ljudbok,,Malin,Wahlstedt,,,,,"17-25 kr (t.ex. kortare novell)",,,,,,,,,,,,,Erotik,,,,,,,,,,,,,,,,,,,,,,,,,,,,,,,,,,,,,,,,,,,,,,,,,,,,,,,,,,,,,,,,,,,,,,,,,,,,,,,,,,,,,,,,,,,,,,,,,,,,,,,,,,,,,,,,,,,,,,"299,00 Kr",,,,"299,00 Kr","Ingrid Lindquist f:a Mobil ekonomi
XXXXXXXXXXXX3790
Mastercard",597,"maj 10, 2023 18:21",,Completed,Yes,No,"Mozilla/5.0 (Windows NT 10.0; Win64; x64) AppleWebKit/537.36 (KHTML, like Gecko) Chrome/113.0.0.0 Safari/537.36",81.229.141.159,790c7915-3c3f-4078-8d68-a7bfa087cca6,Processed,"Total: 299,00
Currency: SEK
Gateway: Stripe
Type: En gång
Mode: live
Transaction: pi_3N6Gh7LgKhr8jxDX3pFNf4bE
",,,"{""id:loEeJpHBAnAAAAAAAAEEug"":{""hash"":""id:loEeJpHBAnAAAAAAAAEEug"",""name"":""Het motion.jpg"",""description"":"""",""type"":""image/jpeg"",""path"":""/Het motion.jpg"",""size"":""169 KB"",""link"":""https://www.dropbox.com/home//Het motion.jpg"",""account_id"":""dbid:AADXK_Gkez5UYe0VK2ee1yNTSHNoC0-_pbI"",""folderurl"":""https%3A%2F%2Fwww.dropbox.com%2Fhome%2Fed0c654acd1bc85892a2d23d51b79dd3+%28%29""},""id:loEeJpHBAnAAAAAAAAEEuw"":{""hash"":""id:loEeJpHBAnAAAAAAAAEEuw"",""name"":""Het motion (2).wav"",""description"":"""",""type"":""audio/x-wav"",""path"":""/Het motion (2).wav"",""size"":""185 MB"",""link"":""https://www.dropbox.com/home//Het motion (2).wav"",""account_id"":""dbid:AADXK_Gkez5UYe0VK2ee1yNTSHNoC0-_pbI"",""folderurl"":""https%3A%2F%2Fwww.dropbox.com%2Fhome%2Fed0c654acd1bc85892a2d23d51b79dd3+%28%29""}}","Lat/Long: 59.3274, 18.0653
Map: https://maps.google.com/maps?q=Stockholm,Stockholm County&ll=59.3274,18.0653&z=6&output=embed
Location: Stockholm, Stockholm County
Postal: 109 58
Country: SE
",
Checked,Pierre,Hayek,,,,,,,,"Tulegatan 2",,17278,Sundbyberg,,,,morgrona7@gmail.com,6153-598024298,Handelsbanken,"Sjusovaren i Paris","En man i trettioårsåldern från den franska överklassen, bestämmer sig en dag för att gå sin egen väg. Han trotsar aristokratins alla oskrivna regler och driver restauranger, umgås med arbetarklassen och tjänstgör i Mali som gruppbefäl. Från ett liv som festprisse med bortskämda fester i föräldrarnas undervåning i Bordeaux samt korta impulsresor till Franska Rivieran, kommer han på andra tankar och drar sig undan. Flytten går till en lägenhet i hjärtat av Paris. Där finner han lugnet som eftersträvats. Ett vilande som utmynnar i långa promenader och sovstunder. Sömnen blir bästa vännen och en besatthet av utforskande. Med drömmarna kommer även tecken av det som väntar honom...Livet i storstaden blir dock inte som han hade tänkt sig. Den ro han finner i början, förbytts under loppets gång till oro, ångest och ängslan. I Paris dyker nämligen gamla bekantskaper upp. Det leder till intriger, lögner och svartsjuka. Dolken i ryggen som omkullkastar tillvaron, är en ouppklarad kvinnoaffär. Sedermera avlöser tragedierna varandra, inte minst av ett terrordåd. Är Paris räddningen? Eller staden som berövar honom livet.","June 1, 2023",,E-bok,,,,"79-89 kr",,,,,,,,,,,,,,,,Erotik,,,Fantasy,Filosofi,,,,,,,,,,,,,,,,,,,,,,,,,,,,,,,,,,,,,,,,,,,,,,,,,,,,,,,,,,,,,,,,,,,,,,,,,,,,,,,,,,,,,,,,,,,,,,,,,"Skönlitteratur: allmänt",,"Från 14 år",,Psykologi,,,,,,,,,,,,,"299,00 Kr","Digibook skapar e-boks-fil (EPUB) - 399,00 Kr",,,"698,00 Kr","Pierre Hayek
XXXXXXXXXXXX9161
Mastercard",593,"maj 7, 2023 12:02",,Completed,Yes,No,"Mozilla/5.0 (Windows NT 10.0; Win64; x64) AppleWebKit/537.36 (KHTML, like Gecko) Chrome/112.0.0.0 Safari/537.36",213.185.10.156,5ea54cea-20ba-46d0-8d63-99c3c1d71456,Processed,"Total: 698,00
Currency: SEK
Gateway: Stripe
Type: En gång
Mode: live
Transaction: pi_3N55LuLgKhr8jxDX2xKZRlF7
",,,"{""id:loEeJpHBAnAAAAAAAAEDhA"":{""hash"":""id:loEeJpHBAnAAAAAAAAEDhA"",""name"":""Sjusovaren i Paris - Pierre Hayek.docx"",""description"":"""",""type"":""application/vnd.openxmlformats-officedocument.wordprocessingml.document"",""path"":""/Sjusovaren i Paris - Pierre Hayek.docx"",""size"":""397 KB"",""link"":""https://www.dropbox.com/home//Sjusovaren i Paris - Pierre Hayek.docx"",""account_id"":""dbid:AADXK_Gkez5UYe0VK2ee1yNTSHNoC0-_pbI"",""folderurl"":""https%3A%2F%2Fwww.dropbox.com%2Fhome%2F9b4600af369edcca3fcef0a3b17059b5+%28%29""},""id:loEeJpHBAnAAAAAAAAEDhQ"":{""hash"":""id:loEeJpHBAnAAAAAAAAEDhQ"",""name"":""Framsidan.bmp"",""description"":"""",""type"":""image/x-ms-bmp"",""path"":""/Framsidan.bmp"",""size"":""10 MB"",""link"":""https://www.dropbox.com/home//Framsidan.bmp"",""account_id"":""dbid:AADXK_Gkez5UYe0VK2ee1yNTSHNoC0-_pbI"",""folderurl"":""https%3A%2F%2Fwww.dropbox.com%2Fhome%2F9b4600af369edcca3fcef0a3b17059b5+%28%29""}}","Lat/Long: 59.3565, 17.9651
Map: https://maps.google.com/maps?q=Sundbyberg,Stockholm County&ll=59.3565,17.9651&z=6&output=embed
Location: Sundbyberg, Stockholm County
Postal: 172 78
Country: SE
",
Checked,Bobby,Brandt,,"Jag vill ge ut min bok under pseudonym",,,,Andreas,Ziegler,"Stuartsgatan 8",,41260,Göteborg,,,"Ziegler Utveckling AB",zieglerutveckling@gmail.com,50110087852,SEB,"Bloggens första creampie, Sexbloggerskans assistent del 1","När Bobby läser första året på högskolan i Halmstad träffar han Cilla, en snygg, smart och varm tjej som driver en sexblogg tillsammans med sin pojkvän. När relationen med pojkvännen tar slut vänder sig Cilla till Bobby och frågar om han kan tänka sig ställa upp och vara hennes assistent. Inför sitt första inlägg med den nya assistenten får Cilla möjlighet att skriva om något hon aldrig har skrivit om förut.

Bloggens första creampie är första delen i Bobby Brandts nya serie, Sexbloggerskans assistent, i vilken bloggaren Cilla utforskar sin sexualitet tillsammans med sin assistent. Det genomgående temat för dessa noveller är samförstånd, nyfikenhet och, så klart, lust.",,,E-bok,,,,,,,"17-25 kr (t.ex. kortare novell)",,,,,,,,,,,,,Erotik,,,,,,,,,,,,,,,,,,,,,,,,,,,,,,,,,,,,,,,,,,,,,,,,,,,,,,,,,,,,,,,,,,,,,,,,,,,,,,,,,,,,,,,,,,,,,,,,,,,,,,,,,,,,,,,,,,,,,"Publicering önskas så snart som möjligt.

Detta är alltså första delen i en planerad serie. Seriens namn är ""Sexbloggerskans assistent"". Huvudtiteln för denna novell är ""Bloggens första creampie"". Huvudtiteln kan tyckas vara en aning vulgär, men det finns ju erotiska noveller, utgivna av andra författare, som har titlar som ""Med stjärten i vädret"", Trekant under solen"" och ""Domedagsknullet"".

För omslaget kan det kanske vara bra att veta att killen är en atletiskt byggd kille med blont hår medan tjejen är en kurvig brunett.","299,00 Kr","Digibook skapar e-boks-fil (EPUB) - 399,00 Kr","Digibook skapar bokframsida - 299,00 Kr",,"997,00 Kr","Andreas Ziegler
XXXXXXXXXXXX4381
Mastercard",592,"maj 7, 2023 10:03",,Completed,Yes,No,"Mozilla/5.0 (Windows NT 10.0; Win64; x64) AppleWebKit/537.36 (KHTML, like Gecko) Chrome/112.0.0.0 Safari/537.36 Edg/112.0.1722.68",83.248.102.190,5f9ff326-5883-415b-8d0c-aff9e4815be2,Processed,"Total: 997,00
Currency: SEK
Gateway: Stripe
Type: En gång
Mode: live
Transaction: pi_3N53UeLgKhr8jxDX1iywxiQJ
",,,"{""id:loEeJpHBAnAAAAAAAAEDgg"":{""hash"":""id:loEeJpHBAnAAAAAAAAEDgg"",""name"":""Bobby Brandt Bloggens första creampie - Sexbloggerskans assistent, del 1.docx"",""description"":"""",""type"":""application/vnd.openxmlformats-officedocument.wordprocessingml.document"",""path"":""/Bobby Brandt Bloggens första creampie - Sexbloggerskans assistent, del 1.docx"",""size"":""40 KB"",""link"":""https://www.dropbox.com/home//Bobby Brandt Bloggens första creampie - Sexbloggerskans assistent, del 1.docx"",""account_id"":""dbid:AADXK_Gkez5UYe0VK2ee1yNTSHNoC0-_pbI"",""folderurl"":""https%3A%2F%2Fwww.dropbox.com%2Fhome%2F3668bd07f793294674559c7ea17a3ce1+%28%29""}}","Lat/Long: 57.7065, 11.967
Map: https://maps.google.com/maps?q=Gothenburg,Västra Götaland County&ll=57.7065,11.967&z=6&output=embed
Location: Gothenburg, Västra Götaland County
Postal: 400 16
Country: SE
",
Checked,Agnes,Ek,,"Jag vill ge ut min bok under pseudonym",,,,Ingrid,Lindquist,"Åsögatan 148",,11632,Stockholm,,,,ingridjosefinskriver@gmail.com,"5231 11 086 70 (eller bankgiro 5132-6346 Mobil ekonomi)",SEB,"Bang bang - erotisk novell","”Jag känner ett starkt begär efter kyckling Bang bang. Min kropp signalerar att det är precis det som behövs”, säger Hedda.
Dessvärre saknas sichuanpeppar men det har Hedda beställt från livsmedelsbutiken. Sofie tycker synd om det sexiga varubudet William. Han blir alldeles genomblöt av regnet. Tillsammans gör de allt för att få honom torr och varm igen. William måste förstå att de är omtänksamma kvinnor med ett starkt behov av Bang bang.

På Instagram är författaren agnesek.writer.

Nyckelord: Trekant, Eggande, Åtrå, Bangbang.",,Ljudbok,,Tilde,Adeberg,,,,,"17-25 kr (t.ex. kortare novell)",,,,,,,,,,,,,Erotik,,,,,,,,,,,,,,,,,,,,,,,,,,,,,,,,,,,,,,,,,,,,,,,,,,,,,,,,,,,,,,,,,,,,,,,,,,,,,,,,,,,,,,,,,,,,,,,,,,,,,,,,,,,,,,,,,,,,,"Toppen om du kan lägga denna snabbt ut på streaming :)","299,00 Kr",,,,"299,00 Kr","Ingrid Lindquist f:a Mobil ekonomi
XXXXXXXXXXXX3790
Mastercard",588,"april 28, 2023 13:42",,Completed,Yes,No,"Mozilla/5.0 (Windows NT 10.0; Win64; x64) AppleWebKit/537.36 (KHTML, like Gecko) Chrome/112.0.0.0 Safari/537.36",81.229.141.159,790c7915-3c3f-4078-8d68-a7bfa087cca6,Processed,"Total: 299,00
Currency: SEK
Gateway: Stripe
Type: En gång
Mode: live
Transaction: pi_3N1qdQLgKhr8jxDX3uISd2zG
",,,"{""id:loEeJpHBAnAAAAAAAAEC_g"":{""hash"":""id:loEeJpHBAnAAAAAAAAEC_g"",""name"":""Bang bang till db.jpg"",""description"":"""",""type"":""image/jpeg"",""path"":""/Bang bang till db.jpg"",""size"":""222 KB"",""link"":""https://www.dropbox.com/home//Bang bang till db.jpg"",""account_id"":""dbid:AADXK_Gkez5UYe0VK2ee1yNTSHNoC0-_pbI"",""folderurl"":""https%3A%2F%2Fwww.dropbox.com%2Fhome%2Fd529ef3b4f5ce538595bbb18b960aa1b+%28%29""},""id:loEeJpHBAnAAAAAAAAEC_w"":{""hash"":""id:loEeJpHBAnAAAAAAAAEC_w"",""name"":""Bang Bang - med presentation.wav"",""description"":"""",""type"":""audio/x-wav"",""path"":""/Bang Bang - med presentation.wav"",""size"":""168 MB"",""link"":""https://www.dropbox.com/home//Bang Bang - med presentation.wav"",""account_id"":""dbid:AADXK_Gkez5UYe0VK2ee1yNTSHNoC0-_pbI"",""folderurl"":""https%3A%2F%2Fwww.dropbox.com%2Fhome%2Fd529ef3b4f5ce538595bbb18b960aa1b+%28%29""}}","Lat/Long: 59.3287, 18.0717
Map: https://maps.google.com/maps?q=Stockholm,Stockholm County&ll=59.3287,18.0717&z=6&output=embed
Location: Stockholm, Stockholm County
Postal: 102 22
Country: SE
",
Checked,"Tommy & Andreas","Andersson & Ziegler",,,,,,,,"Stuartsgatan 8",,41260,Göteborg,,,,zieglerutveckling@gmail.com,50110087852,SEB,"Vägen till ordern - En enkel säljbok","Många som är nya inom försäljning blir mer eller mindre utkastade på möten efter en kort och otillräcklig utbildning. Det är ungefär som att kastas ner i djupt vatten efter att ha fått instruktioner om simrörelser på torra land i ett par minuter. Det är därför inte konstigt att många säljare upplever att det är svårt att komma till avslut.

 Många kämpande säljare får ofta höra att försäljning är ett ”numbers game”, att det bara handlar om att göra fler möten. Men det är ju inte riktigt så enkelt.

Vägen till ordern – En enkel säljbok går igenom många av grunderna inom försäljning.
För försäljning handlar även mycket om inställning, attityd, kunskap om produkten och behovsanalyser. Det är först efter att ha lärt sig alla dessa olika aspekter som man kan gå på avslut och få den där ordern påskriven.

Denna bok ger önskvärda tips genom hela försäljningsprocessen för både nyblivna och erfarna säljare. Boken är skriven för att vara lättläst och är på under 25 000 ord, vilket motsvarar drygt 70 vanliga boksidor. För tanken är ju att detta ska vara en enkel säljbok.","June 2, 2023",,E-bok,,,,"79-89 kr",,,,,,,,,,,,,,,,,,,,,,,,,,,,,,,,,,,,,,,,,,,,,"Självhjälp och praktiska råd",,,,,,,,,,,,,,,,,,,,,,,,,,,,,,,,,,,,,,,,,,,,,,,,,,,,,,,,,,,,,,,,,,,,,,,,,,,,,,,,,,,,,,,,"Vi är alltså två författare som har skrivit boken, Tommy Andersson och Andreas Ziegler. Den mailadress som är angiven går till Andreas. Tommy ska läggas in som kopia i all korrespondens. Hans mail: toyan85@hotmail.com

Fråga: Kommer det bli några problem med innehållsförteckningen i och med att det är en e-bok?

Omslaget får gärna reflektera det faktum att de flesta säljsamtal är mellan två personer, en säljare och en kund. Säljaren ska vara klädd i business casual. Omslaget ska helst inte vara i svartvitt.","299,00 Kr","Digibook skapar e-boks-fil (EPUB) - 399,00 Kr","Digibook skapar bokframsida - 299,00 Kr",,"997,00 Kr","Andreas Ziegler
XXXXXXXXXXXX4381
Mastercard",581,"april 15, 2023 12:10",,Completed,Yes,No,"Mozilla/5.0 (Windows NT 10.0; Win64; x64) AppleWebKit/537.36 (KHTML, like Gecko) Chrome/112.0.0.0 Safari/537.36 Edg/112.0.1722.39",83.248.102.190,5f9ff326-5883-415b-8d0c-aff9e4815be2,Processed,"Total: 997,00
Currency: SEK
Gateway: Stripe
Type: En gång
Mode: live
Transaction: pi_3Mx6zzLgKhr8jxDX1aEYm6G7
",,,"{""id:loEeJpHBAnAAAAAAAAEBlg"":{""hash"":""id:loEeJpHBAnAAAAAAAAEBlg"",""name"":""VÄGEN TILL ORDERN - EN ENKEL SÄLJBOK DIGIBOOK.docx"",""description"":"""",""type"":""application/vnd.openxmlformats-officedocument.wordprocessingml.document"",""path"":""/VÄGEN TILL ORDERN - EN ENKEL SÄLJBOK DIGIBOOK.docx"",""size"":""119 KB"",""link"":""https://www.dropbox.com/home//VÄGEN TILL ORDERN - EN ENKEL SÄLJBOK DIGIBOOK.docx"",""account_id"":""dbid:AADXK_Gkez5UYe0VK2ee1yNTSHNoC0-_pbI"",""folderurl"":""https%3A%2F%2Fwww.dropbox.com%2Fhome%2F5a30aeb5404ad61beda356ed47ab7981+%28%29""}}","Lat/Long: 57.7065, 11.967
Map: https://maps.google.com/maps?q=Gothenburg,Västra Götaland County&ll=57.7065,11.967&z=6&output=embed
Location: Gothenburg, Västra Götaland County
Postal: 400 16
Country: SE
",
Checked,Agnes,Ek,,"Jag vill ge ut min bok under pseudonym",,,,Ingrid,Lindquist,"ÅSÖGATAN 148, LGH 1104",,"116 32",Stockholm,,,,ingridjosefinskriver@gmail.com,"5231 11 086 70 (eller bankgiro 5132-6346 Mobil ekonomi)",SEB,"Kättja med kedja - erotisk novell","Anna miste sin oskuld som trettiosjuåring och har mycket att ta igen. I Sjöstugan släpper hon alla hämningar tillsammans med sin hemliga älskare. Det går att göra mycket med en kedja i ett läderhalsband …

På Instagram är författaren agnesek.writer.

Nyckelord: Choker, Erotik, Åtrå, Eggande, Njutning, Erotiska möten.",,Ljudbok,,Malin,Wahlstedt,,,,,"17-25 kr (t.ex. kortare novell)",,,,,,,,,,,,,Erotik,,,,,,,,,,,,,,,,,,,,,,,,,,,,,,,,,,,,,,,,,,,,,,,,,,,,,,,,,,,,,,,,,,,,,,,,,,,,,,,,,,,,,,,,,,,,,,,,,,,,,,,,,,,,,,,,,,,,,"Ingen marknadsföring behövs :)","299,00 Kr",,,,"299,00 Kr","Ingrid Lindquist f:a Mobil ekonomi
XXXXXXXXXXXX3790
Mastercard",569,"april 10, 2023 17:58",,Completed,Yes,No,"Mozilla/5.0 (Windows NT 10.0; Win64; x64) AppleWebKit/537.36 (KHTML, like Gecko) Chrome/111.0.0.0 Safari/537.36",81.229.141.159,790c7915-3c3f-4078-8d68-a7bfa087cca6,Processed,"Total: 299,00
Currency: SEK
Gateway: Stripe
Type: En gång
Mode: live
Transaction: pi_3MvO3CLgKhr8jxDX3k0rXuwh
",,,"{""id:loEeJpHBAnAAAAAAAAEBkw"":{""hash"":""id:loEeJpHBAnAAAAAAAAEBkw"",""name"":""Kättja med kedja audio omslag.jpg"",""description"":"""",""type"":""image/jpeg"",""path"":""/Kättja med kedja audio omslag.jpg"",""size"":""251 KB"",""link"":""https://www.dropbox.com/home//Kättja med kedja audio omslag.jpg"",""account_id"":""dbid:AADXK_Gkez5UYe0VK2ee1yNTSHNoC0-_pbI"",""folderurl"":""https%3A%2F%2Fwww.dropbox.com%2Fhome%2F4ec76315765733c29867215fa8c82424+%28%29""},""id:loEeJpHBAnAAAAAAAAEBlA"":{""hash"":""id:loEeJpHBAnAAAAAAAAEBlA"",""name"":""Kattja (1).wav"",""description"":"""",""type"":""audio/x-wav"",""path"":""/Kattja (1).wav"",""size"":""172 MB"",""link"":""https://www.dropbox.com/home//Kattja (1).wav"",""account_id"":""dbid:AADXK_Gkez5UYe0VK2ee1yNTSHNoC0-_pbI"",""folderurl"":""https%3A%2F%2Fwww.dropbox.com%2Fhome%2F4ec76315765733c29867215fa8c82424+%28%29""}}","Lat/Long: 59.3287, 18.0717
Map: https://maps.google.com/maps?q=Stockholm,Stockholm County&ll=59.3287,18.0717&z=6&output=embed
Location: Stockholm, Stockholm County
Postal: 118 26
Country: SE
",
Checked,Gun-Christine,Ström,,,,,,,,"Hagtornsvägen 7",,29159,Kristianstad,,,,gunkistrom@gmail.com,56900716210,SEB,"Kvinnor som hatar män","Ett triangeldrama som tar sin början i sextiotalets Paris och som får följder långt in i framtiden. Två äldre kvinnor träffas av en slump på Spanska Solkusten i början av tvåtusentalet och upptäcker att de har ett gemensamt förflutet. En historia fylld av passion, kärlek, intriger, hämnd och mord, kryddad med tragikomiska inslag.","May 17, 2023",,E-bok,,,,,,"39-49 kr (t.ex. längre novell eller kortare roman)",,,,,,,,,,,Deckare,,,,,,,,,,,,,,,,,,,,,,,,,,,,,,,,,,,,,,,,,,,,,,,,,,,,,,,,,,,,,,,,,,,,,,,,,,,,,,,,,,,,,,,,,,,,,,,,,,,,,,,,,,,Dramatik,,Thrillers,,,,,,,,,,,"Vid utformningen av bokframsidan skulle jag önska en bild på en Skorpion eftersom en del i berättelsen heter Skorpionhonan. Det skulle vara en utmärkt illustration till innehållet.","299,00 Kr","Digibook skapar e-boks-fil (EPUB) - 399,00 Kr","Digibook skapar bokframsida - 299,00 Kr",,"997,00 Kr","Gun-Christine Ström
XXXXXXXXXXXX3206
Mastercard",566,"april 2, 2023 10:14",,Completed,Yes,No,"Mozilla/5.0 (X11; CrOS x86_64 14541.0.0) AppleWebKit/537.36 (KHTML, like Gecko) Chrome/110.0.0.0 Safari/537.36",2a02:920:1fbb:fd75:89ff:74d6:f69:aeb,8050daa1-e5e5-4ded-9506-c28e5e16c910,Processed,"Total: 997,00
Currency: SEK
Gateway: Stripe
Type: En gång
Mode: live
Transaction: pi_3MsMzXLgKhr8jxDX2iULunkd
",,,"{""id:loEeJpHBAnAAAAAAAAEAew"":{""hash"":""id:loEeJpHBAnAAAAAAAAEAew"",""name"":""Kvinnor som hatar män (7).pdf"",""description"":"""",""type"":""application/pdf"",""path"":""/Kvinnor som hatar män (7).pdf"",""size"":""529 KB"",""link"":""https://www.dropbox.com/home//Kvinnor som hatar män (7).pdf"",""account_id"":""dbid:AADXK_Gkez5UYe0VK2ee1yNTSHNoC0-_pbI"",""folderurl"":""https%3A%2F%2Fwww.dropbox.com%2Fhome%2F797d949a020f892c26c58fe8dc209dc8+%28%29""}}","Lat/Long: 59.3247, 18.056
Map: https://maps.google.com/maps?ll=59.3247,18.056&z=6&output=embed
Country: SE
",
Checked,"Paul JHM","van Doorn",,,,,,,,"Slånbacka 5",,"741 91",Knivsta,,,,paul_van_doorn@hotmail.com,"1748 35 53340",Nordea,"The Big Day - A deadline thriller","In this short story, we follow Mac, a retired Army man from Scotland, who now runs a farm in the Arctic part of Sweden. But he still runs another business on the side, an international service to make wishes come true. This totally anonymous business is a lucrative one but the wishes he fulfills are of a deadly nature.

One day, Mac is approached on his dark web website with a request that would make a wish come true for tenths of parents of murdered children. Accepting the request will also solve a decades-long dilemma for the Norwegian government and Norwegian society.

While as a rule always working alone, this unusual request poses impossible difficulties for Mac. He is about to reject the request. But then inside help is offered. Can the informant be trusted? How good is his or her information? Can Mac accept the request? If so, should he accept?

With Mac’s business conducted in total anonymity, what is the catch? Will Mac be able to do what he is asked to do?

Listen and follow in Mac's trail to quite an unexpected conclusion.",,Ljudbok,,Ronald,"AI voice",,,"59-69 kr (t.ex. barnbok 0-3 år)",,,,,,,,,,,,Deckare,,,,,,,,,,,,,,,,,,,,,,,,,,,,,,,,,,,,,,,,,,,,,,,,,,,,,,,,,,,,,,,,,,,,,,,,,,,,,,,,,,,,,,,,,,,,,,,,,,,,,,,,,"Samhälle och samhällsvetenskap",,,,Thrillers,,,,,,,,,,"Jag behöver ladda upp filer som är större än 300 MB, tilldela därför en dropbox-mapp till mig (aviseras till ovan angivna epost-adress)",,"299,00 Kr",,,,"299,00 Kr","Paul van Doorn
XXXXXXXXXXXX6031
Mastercard",560,"mars 22, 2023 17:41",,Completed,Yes,No,"Mozilla/5.0 (Windows NT 10.0; Win64; x64) AppleWebKit/537.36 (KHTML, like Gecko) Chrome/111.0.0.0 Safari/537.36",85.224.37.184,8fccfd07-c746-4edb-8c50-87ca2f337f84,Processed,"Total: 299,00
Currency: SEK
Gateway: Stripe
Type: En gång
Mode: live
Transaction: pi_3MoUiZLgKhr8jxDX1AdoMdk4
",,,"{""id:loEeJpHBAnAAAAAAAAD-3A"":{""hash"":""id:loEeJpHBAnAAAAAAAAD-3A"",""name"":""The Big Day - Cover 2.png"",""description"":"""",""type"":""image/png"",""path"":""/The Big Day - Cover 2.png"",""size"":""24 KB"",""link"":""https://www.dropbox.com/home//The Big Day - Cover 2.png"",""account_id"":""dbid:AADXK_Gkez5UYe0VK2ee1yNTSHNoC0-_pbI"",""folderurl"":""https%3A%2F%2Fwww.dropbox.com%2Fhome%2F86464b78ba8afd73ed245652d269eec9+%28%29""}}","Lat/Long: 59.7285, 17.7834
Map: https://maps.google.com/maps?q=Knivsta,Uppsala County&ll=59.7285,17.7834&z=6&output=embed
Location: Knivsta, Uppsala County
Postal: 741 30
Country: SE
",
Checked,Bobby,Brandt,,"Jag vill ge ut min bok under pseudonym",,,,Andreas,Ziegler,"Stuartsgatan 8",,41260,Göteborg,,,"Ziegler Utveckling AB",zieglerutveckling@gmail.com,50110087852,SEB,"Delad hetta","Bobby Brandt är en författare från Västkusten som slog igenom med sina erotiska noveller under 2022. Sedan dess har flera av hans noveller legat på topplistorna över mest lästa noveller i erotik-genren.

Med ”Delad hetta”, som är under 1500 ord lång, har Bobby experimenterat med ett kortare format. Det är lite mer avskalat, men det går lika hett till som i hans andra noveller.

Två bekanta åker till Sälen med gemensamma vänner för att åka skidor. När de kommer fram till stugan är det iskallt i det lilla huset. Detta löser de genom att dela varandras värme. Snart är de inte bara varma, de är heta.","April 7, 2023",,E-bok,,,,,,,,"Annat pris - ange pris nedan",8,,,,,,,,,,,Erotik,,,,,,,,,,,,,,,,,,,,,,,,,,,,,,,,,,,,,,,,,,,,,,,,,,,,,,,,,,,,,,,,,,,,,,,,,,,,,,,,,,,,,,,,,,,,,,,,,,,,,,,,,,,,,,,,,,,,,"Var god meddela om epub-filen behöver ett försättsblad med titeln eller om ni behöver en sida där jag skriver ut copyright, ISBN-nummer eller liknande.","299,00 Kr",,"Digibook skapar bokframsida - 299,00 Kr",,"598,00 Kr","Andreas Ziegler
XXXXXXXXXXXX4381
Mastercard",555,"mars 18, 2023 13:22",,Completed,Yes,No,"Mozilla/5.0 (Windows NT 10.0; Win64; x64) AppleWebKit/537.36 (KHTML, like Gecko) Chrome/111.0.0.0 Safari/537.36 Edg/111.0.1661.41",83.248.102.190,54f00c0f-5ba4-4200-b4a1-ab35533ebf37,Processed,"Total: 598,00
Currency: SEK
Gateway: Stripe
Type: En gång
Mode: live
Transaction: pi_3MmymMLgKhr8jxDX1FF5Wqbo
",,,"{""id:loEeJpHBAnAAAAAAAAD-iA"":{""hash"":""id:loEeJpHBAnAAAAAAAAD-iA"",""name"":""Bobby Brandt - Delad hetta.epub"",""description"":"""",""type"":""application/epub+zip"",""path"":""/Bobby Brandt - Delad hetta.epub"",""size"":""5 KB"",""link"":""https://www.dropbox.com/home//Bobby Brandt - Delad hetta.epub"",""account_id"":""dbid:AADXK_Gkez5UYe0VK2ee1yNTSHNoC0-_pbI"",""folderurl"":""https%3A%2F%2Fwww.dropbox.com%2Fhome%2F32f27045f9838ab572073a63b6477a2d+%28%29""}}","Lat/Long: 57.7065, 11.967
Map: https://maps.google.com/maps?q=Gothenburg,Västra Götaland County&ll=57.7065,11.967&z=6&output=embed
Location: Gothenburg, Västra Götaland County
Postal: 400 16
Country: SE
",
Checked,Sussi,Calås-Jonsson,,,,,,,,"Rågatan 30",,60336,Norrköping,,,"Sussi Calås Jonsson AB",sussi@scajo.se,13200148764,"Danske Bank","Hotet mot Trådlösa","Kusinerna Leo och Sara älskar att rida på sina hästvänner Sule och Bing och tillbringar mycket tid tillsammans i skogen. Där hittar de också en skatt. En sten med magiska krafter. Men när stenen mystiskt försvinner, rider de iväg mot ett äventyr som kräver både deras mod, tankeförmåga och samarbete. Ett äventyr där de upptäcker ett stort hot mot deras land, Trådlösa. Ska de klara alla prov de utsätts för så att de kan hitta sin magiska sten och stoppa hotet? Följ deras spännande upplevelser och utmaningar i Frusna Gläntan, Regnbågspasset, Tomhetens Torn och Önskeberget.","March 28, 2023",Ljudbok,,Sussi,Calås-Jonsson,,,"59-69 kr (t.ex. barnbok 0-3 år)",,,,,,,"Från 6 år",,,,,,,,,,,,,,,,,,,,,,,,,,,,,,,,,,,,,,,,,,,,,,,,,,,,,,,,,,,,,,,,,,,,,,,,,,,,,,,,,,,,,,,,,,,,,,,,,,,,,,,,,,,,,,,,,,,,,,,,,,,,"Jag behöver ladda upp filer som är större än 300 MB, tilldela därför en dropbox-mapp till mig (aviseras till ovan angivna epost-adress)","Min bok finns redan utgiven i bokform och som E-bok på bl a Bokus, Adlibris och Akademibokhandelns webb.","299,00 Kr",,,,"299,00 Kr","Susanne Calås Jonsson
XXXXXXXXXXXX2212
Mastercard",553,"mars 14, 2023 10:20",,Completed,Yes,No,"Mozilla/5.0 (Macintosh; Intel Mac OS X 10_15_7) AppleWebKit/605.1.15 (KHTML, like Gecko) Version/16.3 Safari/605.1.15",81.231.191.133,09593e50-1eb2-499a-8474-8d1292ee69cc,Processed,"Total: 299,00
Currency: SEK
Gateway: Stripe
Type: En gång
Mode: live
Transaction: pi_3MlU1lLgKhr8jxDX1j723Dsi
",,,"{""id:loEeJpHBAnAAAAAAAAD-Ow"":{""hash"":""id:loEeJpHBAnAAAAAAAAD-Ow"",""name"":""hotet mot tradlosa_omslag.jpg"",""description"":"""",""type"":""image/jpeg"",""path"":""/hotet mot tradlosa_omslag.jpg"",""size"":""336 KB"",""link"":""https://www.dropbox.com/home//hotet mot tradlosa_omslag.jpg"",""account_id"":""dbid:AADXK_Gkez5UYe0VK2ee1yNTSHNoC0-_pbI"",""folderurl"":""https%3A%2F%2Fwww.dropbox.com%2Fhome%2Fa401b7345df6038e421c398a24e7856c+%28%29""}}","Lat/Long: 58.594, 16.1889
Map: https://maps.google.com/maps?q=Norrköping,Östergötland County&ll=58.594,16.1889&z=6&output=embed
Location: Norrköping, Östergötland County
Postal: 603 54
Country: SE
",
Checked,Pierre,Hayek,,,,,,,,"Tulegatan 2",,17278,Sundbyberg,,,,morgrona7@gmail.com,"6153 676 212 832",Handelsbanken,"Sjusovaren i Paris","En man i trettioårsåldern från den franska överklassen, bestämmer sig en dag för att gå sin egen väg. Han trotsar aristokratins alla oskrivna regler och driver restauranger, umgås med arbetarklassen och tjänstgör i Mali som gruppbefäl. Från ett liv som festprisse med bortskämda fester i föräldrarnas undervåning i Bordeaux, samt korta impulsresor till Franska Rivieran, kommer han på andra tankar och drar sig undan. Flytten går till en lägenhet i hjärtat av Paris. Där finner han lugnet som eftersträvats. Ett vilande som utmynnar i långa promenader och sovstunder. Sömnen blir bästa vännen och en besatthet av utforskande. Med drömmarna kommer även tecken av det som väntar honom...Livet i storstaden blir dock inte som han hade tänkt sig. Den ro han finner i början, förbytts under loppets gång till oro, ångest och ängslan. I Paris dyker nämligen gamla bekantskaper upp. Det leder till intriger, lögner och svartsjuka. Dolken i ryggen som omkullkastar tillvaron, är en ouppklarad kvinnoaffär. Sedermera avlöser tragedierna varandra, inte minst sagt av ett terrordåd. Är Paris räddningen? Eller staden som berövar honom livet.","March 2, 2023",Ljudbok,,Benjamin,Hagberg,,"79-89 kr",,,,,,,,,,,,,,,,Erotik,,,Fantasy,Filosofi,,,,,,,,,,,,,,,,,,,,,,,,,,,,,,,,,,,,,,,,,,,,,,,,,,,,,,,,,,,,,,,,,,,,,,,,,,,,,,,,,,,,,,,,,,,,,,,,,"Skönlitteratur: allmänt",,"Från 14 år",Dramatik,Psykologi,Thrillers,Romantik,,,,,,,,,"Jag behöver ladda upp filer som är större än 300 MB, tilldela därför en dropbox-mapp till mig (aviseras till ovan angivna epost-adress)","Jag behöver en dropbox. filerna skall laddas upp i nummerordning. I det här fallet 1-19. Jag vet inte om jag har dubbelbatalt till er. Kan dubbelchecka det.","299,00 Kr",,,,"299,00 Kr","Pierre Hayek
XXXXXXXXXXXX9161
Mastercard",537,"mars 1, 2023 12:00",,Completed,Yes,No,"Mozilla/5.0 (Windows NT 10.0; Win64; x64) AppleWebKit/537.36 (KHTML, like Gecko) Chrome/110.0.0.0 Safari/537.36",213.185.10.156,f005e9a2-c183-417a-9257-20bdb0d10920,Processed,"Total: 299,00
Currency: SEK
Gateway: Stripe
Type: En gång
Mode: live
Transaction: pi_3MgnOBLgKhr8jxDX08VlshU9
",,,"{""id:loEeJpHBAnAAAAAAAAD7Bw"":{""hash"":""id:loEeJpHBAnAAAAAAAAD7Bw"",""name"":""Sjusovaren i Paris Posters.jpg"",""description"":"""",""type"":""image/jpeg"",""path"":""/Sjusovaren i Paris Posters.jpg"",""size"":""2 MB"",""link"":""https://www.dropbox.com/home//Sjusovaren i Paris Posters.jpg"",""account_id"":""dbid:AADXK_Gkez5UYe0VK2ee1yNTSHNoC0-_pbI"",""folderurl"":""https%3A%2F%2Fwww.dropbox.com%2Fhome%2F538379c6f0ed53d51000c4fa2d9bfa76+%28%29""}}","Lat/Long: 59.3565, 17.9651
Map: https://maps.google.com/maps?q=Sundbyberg,Stockholm County&ll=59.3565,17.9651&z=6&output=embed
Location: Sundbyberg, Stockholm County
Postal: 172 72
Country: SE
",
Checked,Holger,Wästlund,,,,,,,,"Gandviksvägen 3",,"182 60",Djursholm,,,Tipsförlaget,holger.wastlund@gmail.com,52610042841,SEB,"25 sätt att tjäna pengar när du sover – så skaffar du dig passiva inkomster","Begreppet passiva inkomster används för de former där man inte i första hand behöver investera pengar utan snarare egen tid, energi och fantasi. Det går ut på att under en koncentrerad tid skapa en produkt som sedan säljs gång på gång och därmed ger en löpande passiv inkomst. På det sättet kan du gå från att sälja din tid där du får betalt antingen per timme eller med en månadslön och gå mot att skapa passiva intäkter genom att du först skapar en produkt som därefter säljs under lång tid framåt. I den här ljudboken ger jag dig 25 sätt!",,Ljudbok,,Erik,AI-röst,,"79-89 kr",,,,,,,,,,,,,,,"Ekonomi, finansväsen, näringsliv och management",,,,,,,,"Företagsekonomi och management",,,,,,,,,,,,,,,,,,,,,,"Självhjälp och praktiska råd",,,,,,,,,,,,,,,,,,,,,,,,,,,,,,,,,,,,,,,,,,,,,,,,,,,,,,,,,,,,,,,,,,,,,,,,,,,,,,,,,,,,,,,,"Hej Marino, kul att få kontakt och ljudfilen ska du ha fått med Sprend redan. Jag provar fomruläret igen -denna gång utan att bifoga omslagsbilden./Jerker","299,00 Kr",,,,"299,00 Kr","Holger Wästlund
XXXXXXXXXXXX9738
Mastercard",531,"februari 27, 2023 19:54",,Completed,Yes,No,"Mozilla/5.0 (X11; Linux x86_64) AppleWebKit/537.36 (KHTML, like Gecko) Chrome/109.0.0.0 Safari/537.36",81.230.226.122,f3bf72f0-f7b9-42d2-8ad1-4b19e2b005e3,Processed,"Total: 299,00
Currency: SEK
Gateway: Stripe
Type: En gång
Mode: live
Transaction: pi_3MgBppLgKhr8jxDX3jTj7wr7
",,,,"Lat/Long: 59.2328, 18.2924
Map: https://maps.google.com/maps?q=Stockholm,Stockholm County&ll=59.2328,18.2924&z=6&output=embed
Location: Stockholm, Stockholm County
Postal: 135 37
Country: SE
",
Checked,Agnes,Ek,,"Jag vill ge ut min bok under pseudonym",,,,Ingrid,Lindquist,"ÅSÖGATAN 148 LGH 1104",,11632,Stockholm,,,,ingridjosefinskriver@gmail.com,"5231 11 086 70 (eller bankgiro 5132-6346 Mobil ekonomi)",SEB,"En smak av vår - erotisk novell","Biancas grå vardag förvandlas till en livsbejakande orgie när hon besöker sin granne, massören och tomatodlaren Mattias, samt hans sambo, den mörkhyade semmelbagaren Danny.

Efter Mattias massage duschar trion tillsammans. Erotiken fortsätter i en dubbelmassage med smak av semla. Djuriskt het är leken när alla tre förenas i extas.

Nyckelord: Vårkänsla, Semla, Trekant, Vaniljgrädde, Bisexualitet.","April 3, 2023",,E-bok,,,,,,,"17-25 kr (t.ex. kortare novell)",,,,,,,,,,,,,Erotik,,,,,,,,,,,,,,,,,,,,,,,,,,,,,,,,,,,,,,,,,,,,,,,,,,,,,,,,,,,,,,,,,,,,,,,,,,,,,,,,,,,,,,,,,,,,,,,,,,,,,,,,,,,,,,,,,,,,,"Om vi blir klara innan 3 april vill jag gärna att novellen läggs ut på streaming direkt så att den syns som ""Kommande"" med publiceringsdatum 3 april på deras hemsidor.","299,00 Kr","Digibook skapar e-boks-fil (EPUB) - 399,00 Kr",,,"698,00 Kr","Ingrid Lindquist f:a Mobil ekonomi
XXXXXXXXXXXX3790
Mastercard",527,"februari 20, 2023 07:37",,Completed,Yes,No,"Mozilla/5.0 (Windows NT 10.0; Win64; x64) AppleWebKit/537.36 (KHTML, like Gecko) Chrome/109.0.0.0 Safari/537.36",81.229.139.226,790c7915-3c3f-4078-8d68-a7bfa087cca6,Processed,"Total: 698,00
Currency: SEK
Gateway: Stripe
Type: En gång
Mode: live
Transaction: pi_3MdSzyLgKhr8jxDX3odAgPkn
",,,"{""id:loEeJpHBAnAAAAAAAAD2Sw"":{""hash"":""id:loEeJpHBAnAAAAAAAAD2Sw"",""name"":""En smak av vår.docx"",""description"":"""",""type"":""application/vnd.openxmlformats-officedocument.wordprocessingml.document"",""path"":""/En smak av vår.docx"",""size"":""55 KB"",""link"":""https://www.dropbox.com/home//En smak av vår.docx"",""account_id"":""dbid:AADXK_Gkez5UYe0VK2ee1yNTSHNoC0-_pbI"",""folderurl"":""https%3A%2F%2Fwww.dropbox.com%2Fhome%2Fd909afc71de5f1ee3a8355bdcdee24f2+%28%29""},""id:loEeJpHBAnAAAAAAAAD2TA"":{""hash"":""id:loEeJpHBAnAAAAAAAAD2TA"",""name"":""En smak av vår.jpg"",""description"":"""",""type"":""image/jpeg"",""path"":""/En smak av vår.jpg"",""size"":""1 MB"",""link"":""https://www.dropbox.com/home//En smak av vår.jpg"",""account_id"":""dbid:AADXK_Gkez5UYe0VK2ee1yNTSHNoC0-_pbI"",""folderurl"":""https%3A%2F%2Fwww.dropbox.com%2Fhome%2Fd909afc71de5f1ee3a8355bdcdee24f2+%28%29""}}","Lat/Long: 59.3274, 18.0653
Map: https://maps.google.com/maps?q=Stockholm,Stockholm County&ll=59.3274,18.0653&z=6&output=embed
Location: Stockholm, Stockholm County
Postal: 112 41
Country: SE
",
Checked,Simon,Häggblom,,,,,,,,"Vestersundsgatan 3 A5",,68620,Jakobstad,,,,simon.haggblom@hotmail.com,FI8355671040004659,"Pedersörenejdens Andelsbank","Kriget mot kommunismen","”Samhällen som sätter jämställdheten före friheten, förlorar först friheten och slutligen också jämställdheten”. Milton Friedman 

Boken Kriget mot kommunismen är en uppföljare till Sabotaget och psykosen som blev en försäljningssuccé. Finland är på väg att övergå i kommunism och det är två saker jag speciellt tänker på, kommunalvalet 2021 och mutor. Robbie Steel fick 510 000 röster i kommunalvalet i Helsingfors men i den officiella statistiken står det 16. Mutor har utdelats till höger och vänster och Robbie kan inte låta bli att skriva om det. Robbie Steel har blivit utsatt för sabotage och boken börjar med förord och motivering och sedan följer in beskrivning hur allt började. Därefter behandlas demokrati eftersom Finland håller på att glida åt vänster. Demokratins historia berättas om och sedan olika demokratiformer samt popularitet och demokrati idag. Domstolsväsendet i Finlands behandlas också. Nato behandlas eftersom Nato är en trygghetsfaktor samtidigt som Nato står för säkerheten i den senaste rättegången. Efter det behandlas EU eftersom EU är ett fredsprojekt. Ryssland och Kinas övergång till marknadsekonomi behandlas liksom Estlands en marknadsliberal framgångssaga.",,,E-bok,,,"119-129 kr",,,,,,,,,,,,,,,,,,,,,,,,,,,,,,,,,,,,,,,,,,,,,,,,,,,,,,,,,,,,,,,,,,,,,,,,,,,,,,,,,,,,,,,,,,,,,,,,,,,,,,,,,,,,,,,,,,,,,,,"Samhälle och samhällsvetenskap",,,,,,,,,,,,,,,,"299,00 Kr","Digibook skapar e-boks-fil (EPUB) - 399,00 Kr","Digibook skapar bokframsida - 299,00 Kr",,"997,00 Kr","Simon Häggblom
XXXXXXXXXXXX4099
Visa",524,"februari 16, 2023 07:25",,Completed,Yes,No,"Mozilla/5.0 (Windows NT 10.0; Win64; x64) AppleWebKit/537.36 (KHTML, like Gecko) Chrome/110.0.0.0 Safari/537.36",2001:14bb:674:188f:f054:5750:ebaf:c983,6d414da1-1139-4da9-878e-58842383bf04,Processed,"Total: 997,00
Currency: SEK
Gateway: Stripe
Type: En gång
Mode: live
Transaction: pi_3Mc0rhLgKhr8jxDX1Iz42lPu
",,,"{""id:loEeJpHBAnAAAAAAAAD0WQ"":{""hash"":""id:loEeJpHBAnAAAAAAAAD0WQ"",""name"":""Kriget mot kommunismen.docx"",""description"":"""",""type"":""application/vnd.openxmlformats-officedocument.wordprocessingml.document"",""path"":""/Kriget mot kommunismen.docx"",""size"":""143 KB"",""link"":""https://www.dropbox.com/home//Kriget mot kommunismen.docx"",""account_id"":""dbid:AADXK_Gkez5UYe0VK2ee1yNTSHNoC0-_pbI"",""folderurl"":""https%3A%2F%2Fwww.dropbox.com%2Fhome%2F773e059d8fdfb3c1b5a48c80406655d1+%28%29""}}","Lat/Long: 62.7958, 22.9102
Map: https://maps.google.com/maps?q=Hyllykallio,South Ostrobothnia&ll=62.7958,22.9102&z=6&output=embed
Location: Hyllykallio, South Ostrobothnia
Postal: 60510
Country: FI
",
Checked,Staffan,Öberg,,,,,,,,"Liljestigen 53",,19734,Bro,,,,staffan@anasys.se,"8305-5,4 318 137-9",Swedbank,"Hett studentliv","Se e-boken.",,Ljudbok,,Staffan,Öberg,,"79-89 kr",,,,,,,,,,,,,,,,,,,,,,,,,,,,,,,,,,,,,,,,,,,,,,,,,,,,,,,,,,,,,,,,,,,,,,,,,,,,,,,,,,,,,,,,,,,,,,,,,,,,,,,,,,,,,,,,,,,,,"Skönlitteratur: allmänt",,,,,,,,,,,,,,,"Jag behöver ladda upp filer som är större än 300 MB, tilldela därför en dropbox-mapp till mig (aviseras till ovan angivna epost-adress)","Mappen innehåller 24 wav-filer en för varje kapitel enligt samma mall som Axiell Media tar emot filerna..
Använd samma framsida som för e-boken.","299,00 Kr",,,,"299,00 Kr","Staffan Öberg
XXXXXXXXXXXX5870
Mastercard",521,"februari 14, 2023 16:07",,Completed,Yes,No,"Mozilla/5.0 (Windows NT 10.0; Win64; x64) AppleWebKit/537.36 (KHTML, like Gecko) Chrome/109.0.0.0 Safari/537.36 OPR/95.0.0.0",195.252.33.174,16bab52f-bd94-49ab-8aa9-a4405d5be3de,Processed,"Total: 299,00
Currency: SEK
Gateway: Stripe
Type: En gång
Mode: live
Transaction: pi_3MbQ6ELgKhr8jxDX2mvjLkRx
",,,,"Lat/Long: 59.408, 17.8678
Map: https://maps.google.com/maps?q=Järfälla Municipality,Stockholm County&ll=59.408,17.8678&z=6&output=embed
Location: Järfälla Municipality, Stockholm County
Postal: 163 80
Country: SE
",
